actual,predicted,error,pct_error
8176,8292,-116.3515625,-1.42
7692,8092,-400.4970703125,-5.21
9311,9015,295.744140625,3.18
8236,8417,-181.62890625,-2.21
7704,7564,139.12451171875,1.81
7739,7738,0.572265625,0.01
8153,8143,9.78076171875,0.12
8846,8787,58.5166015625,0.66
8426,8528,-102.544921875,-1.22
8881,8641,239.150390625,2.69
8735,8702,32.603515625,0.37
8113,8103,9.1162109375,0.11
7602,7532,69.32373046875,0.91
9018,9051,-33.685546875,-0.37
7756,7873,-117.4658203125,-1.51
8107,8063,43.81884765625,0.54
8648,8561,86.4619140625,1.0
8530,8444,85.4013671875,1.0
7780,7667,112.53564453125,1.45
6816,6939,-123.91064453125,-1.82
8932,8734,197.5322265625,2.21
8398,8507,-109.271484375,-1.3
8460,8610,-150.068359375,-1.77
8690,8514,175.916015625,2.02
8178,8167,10.0869140625,0.12
6954,7028,-74.265625,-1.07
7423,7576,-153.27880859375,-2.06
9360,9158,201.7685546875,2.16
9298,9231,66.927734375,0.72
8923,8841,81.7080078125,0.92
8281,8273,7.6787109375,0.09
7917,8116,-199.833984375,-2.52
7919,7921,-2.462890625,-0.03
7435,7590,-155.701171875,-2.09
9608,9383,224.99609375,2.34
8220,8115,104.826171875,1.28
8984,8834,149.4091796875,1.66
8527,8415,111.9541015625,1.31
7709,7867,-158.11083984375,-2.05
6962,6849,112.23681640625,1.61
6208,6485,-277.24658203125,-4.47
9388,8846,541.1494140625,5.76
8327,8440,-113.345703125,-1.36
8434,8306,127.716796875,1.51
9541,9376,164.212890625,1.72
9892,9905,-13.8310546875,-0.14
7512,7610,-98.22705078125,-1.31
6640,7261,-621.5517578125,-9.36
8604,8462,141.68359375,1.65
8551,8672,-121.763671875,-1.42
8229,8180,48.3984375,0.59
7898,7743,154.11572265625,1.95
8802,8343,458.9951171875,5.21
7126,7110,16.0,0.22
7310,7681,-371.51220703125,-5.08
9207,9122,84.09375,0.91
8557,8478,78.4951171875,0.92
8716,8656,59.2978515625,0.68
8162,8254,-92.02734375,-1.13
7969,7915,53.74560546875,0.67
7988,7933,54.80078125,0.69
7654,7725,-71.564453125,-0.93
8817,8612,204.111328125,2.31
7998,8028,-30.08203125,-0.38
8988,8861,126.1279296875,1.4
9035,9062,-27.853515625,-0.31
10567,10294,272.912109375,2.58
8992,8651,340.3916015625,3.79
8326,8810,-484.751953125,-5.82
10806,10557,248.935546875,2.3
9991,10211,-220.5810546875,-2.21
10013,10067,-54.2021484375,-0.54
10108,10231,-123.845703125,-1.23
10645,10495,149.5234375,1.4
8614,8551,62.1962890625,0.72
9237,9242,-5.7080078125,-0.06
10354,10157,196.09765625,1.89
9052,9371,-319.9365234375,-3.53
8612,8840,-228.767578125,-2.66
7960,8150,-190.908203125,-2.4
8471,8618,-147.21875,-1.74
7762,7919,-157.4638671875,-2.03
8245,8070,174.54931640625,2.12
8608,8494,113.1484375,1.31
8369,8318,50.4150390625,0.6
8453,8370,82.29296875,0.97
8424,8427,-3.7509765625,-0.04
8911,8826,84.142578125,0.94
7440,7300,139.47265625,1.87
7669,7616,52.6552734375,0.69
8770,8751,18.1689453125,0.21
8465,8456,8.13671875,0.1
7803,7849,-46.95947265625,-0.6
7840,7958,-118.390625,-1.51
8482,8255,226.1591796875,2.67
7784,7811,-27.78271484375,-0.36
7373,7265,107.50439453125,1.46
8050,7985,64.10302734375,0.8
8032,8030,1.0625,0.01
8984,8905,78.6376953125,0.88
8580,8631,-51.2158203125,-0.6
8203,8113,89.25146484375,1.09
6643,6787,-144.17724609375,-2.17
7275,7284,-9.2900390625,-0.13
8563,8503,59.357421875,0.69
8692,8526,165.4921875,1.9
7924,7849,74.37744140625,0.94
8932,8807,124.123046875,1.39
8778,8703,74.3740234375,0.85
7170,7608,-438.69921875,-6.12
7591,7570,20.64794921875,0.27
8094,8222,-128.3466796875,-1.59
8269,8234,34.0263671875,0.41
8290,8350,-60.083984375,-0.72
8011,8004,6.65234375,0.08
8627,8610,16.162109375,0.19
7811,7795,15.81005859375,0.2
7418,7361,56.1962890625,0.76
8125,8288,-163.095703125,-2.01
8262,8329,-67.267578125,-0.81
8432,8475,-43.45703125,-0.52
8577,8463,113.7021484375,1.33
8568,8635,-67.68359375,-0.79
7946,7778,167.25537109375,2.1
8740,8412,327.8916015625,3.75
9673,9451,221.171875,2.29
9945,9772,172.90234375,1.74
9696,9758,-62.310546875,-0.64
8180,8744,-564.2158203125,-6.9
11191,10778,412.1650390625,3.68
8345,8610,-265.18359375,-3.18
7666,7874,-208.91748046875,-2.72
8837,9208,-371.87890625,-4.21
8845,9113,-268.556640625,-3.04
8237,8197,39.3046875,0.48
11091,11056,34.0947265625,0.31
10226,10516,-290.0966796875,-2.84
8039,7931,107.42041015625,1.34
8401,8764,-363.5458984375,-4.33
9140,9691,-551.7509765625,-6.04
8160,8616,-456.6669921875,-5.6
10162,10200,-38.4912109375,-0.38
8002,8220,-218.4619140625,-2.73
10383,9880,502.259765625,4.84
8918,8958,-40.97265625,-0.46
8454,8520,-66.72265625,-0.79
9851,10044,-193.423828125,-1.96
9798,10170,-372.171875,-3.8
9537,9824,-287.6025390625,-3.02
10209,10297,-88.669921875,-0.87
9132,9257,-125.2822265625,-1.37
8212,8189,22.45361328125,0.27
9412,9417,-5.224609375,-0.06
9861,10098,-237.5244140625,-2.41
8133,8210,-77.5986328125,-0.95
9572,9651,-79.69140625,-0.83
8814,8857,-43.0869140625,-0.49
10228,10269,-41.708984375,-0.41
8158,8435,-277.0869140625,-3.4
8710,8595,114.0966796875,1.31
8759,8790,-31.2333984375,-0.36
9489,9675,-186.5361328125,-1.97
9353,9588,-235.5234375,-2.52
9820,10104,-284.8388671875,-2.9
8392,8487,-95.060546875,-1.13
7621,7827,-206.06884765625,-2.7
7798,7711,86.97216796875,1.12
9670,9675,-5.8642578125,-0.06
8952,8999,-47.7412109375,-0.53
10046,9823,222.6435546875,2.22
9277,9455,-178.517578125,-1.92
9344,9270,73.4208984375,0.79
9408,9575,-167.4833984375,-1.78
8509,8683,-174.595703125,-2.05
8808,8879,-71.3076171875,-0.81
8659,8927,-268.9638671875,-3.11
8820,8840,-20.1142578125,-0.23
9668,9557,110.62890625,1.14
9324,9464,-140.1923828125,-1.5
9131,8806,324.8212890625,3.56
7941,8142,-201.96044921875,-2.54
9251,9346,-95.123046875,-1.03
10734,10346,387.623046875,3.61
9533,9746,-213.994140625,-2.24
9572,9828,-256.9228515625,-2.68
9688,9892,-204.73828125,-2.11
7798,7820,-22.287109375,-0.29
8590,8649,-59.56640625,-0.69
9492,9731,-239.583984375,-2.52
8964,9015,-51.2001953125,-0.57
10547,10616,-69.5830078125,-0.66
9783,9869,-86.7734375,-0.89
8017,8255,-238.9365234375,-2.98
9085,9061,23.9609375,0.26
7924,8096,-172.08056640625,-2.17
10530,10594,-64.2421875,-0.61
8721,9180,-459.517578125,-5.27
9638,9789,-151.0400390625,-1.57
8844,9028,-184.55859375,-2.09
10500,10397,102.7060546875,0.98
8115,8154,-39.12060546875,-0.48
7128,7570,-442.439453125,-6.21
9667,9433,233.0283203125,2.41
9007,9143,-136.35546875,-1.51
10756,10669,86.9794921875,0.81
8766,9213,-447.189453125,-5.1
10216,10401,-185.1533203125,-1.81
8694,8721,-27.6484375,-0.32
7995,8627,-632.337890625,-7.91
9490,9509,-19.642578125,-0.21
9110,9527,-417.2802734375,-4.58
8377,8400,-23.45703125,-0.28
8741,8799,-58.875,-0.67
10606,10254,351.5712890625,3.31
7632,7699,-67.826171875,-0.89
9615,9494,120.6845703125,1.26
12873,12965,-92.263671875,-0.72
12749,12656,92.50390625,0.73
11973,12629,-656.8681640625,-5.49
11414,11531,-117.828125,-1.03
12756,12653,102.5771484375,0.8
12212,12547,-335.107421875,-2.74
11631,12175,-544.0302734375,-4.68
11229,11737,-508.931640625,-4.53
11943,12219,-276.8408203125,-2.32
10795,11414,-619.0087890625,-5.73
11613,11937,-324.328125,-2.79
9174,9757,-583.80859375,-6.36
7891,8095,-204.04248046875,-2.59
7674,7529,144.8583984375,1.89
9054,9224,-170.732421875,-1.89
9532,9598,-66.0263671875,-0.69
9002,9143,-141.7587890625,-1.57
9561,9478,82.0634765625,0.86
9893,9696,196.89453125,1.99
7712,7834,-122.43310546875,-1.59
9060,9111,-51.728515625,-0.57
9494,9693,-199.2666015625,-2.1
10509,10563,-54.3203125,-0.52
9264,9493,-229.3701171875,-2.48
8897,9242,-345.8212890625,-3.89
8887,9157,-270.3515625,-3.04
9533,9608,-75.4296875,-0.79
10532,10456,75.990234375,0.72
10497,10668,-171.5703125,-1.63
10994,10793,200.2041015625,1.82
10274,10508,-234.482421875,-2.28
9913,10177,-264.65234375,-2.67
9999,10424,-425.0009765625,-4.25
8823,8993,-170.671875,-1.93
9336,9146,189.736328125,2.03
9956,9833,122.82421875,1.23
9010,8869,140.658203125,1.56
8305,8465,-160.26953125,-1.93
9383,9434,-51.3662109375,-0.55
8827,8987,-160.0751953125,-1.81
7429,7634,-205.62548828125,-2.77
7468,7301,166.42041015625,2.23
9492,9194,297.8193359375,3.14
8456,8551,-95.8857421875,-1.13
8634,8646,-12.806640625,-0.15
8840,8742,97.771484375,1.11
8356,8286,69.2060546875,0.83
7792,7821,-29.4697265625,-0.38
7790,7860,-70.71435546875,-0.91
9018,8855,162.126953125,1.8
7515,7577,-62.8505859375,-0.84
7981,7964,16.30224609375,0.2
7893,7897,-4.068359375,-0.05
8528,8459,68.203125,0.8
8088,7955,132.8603515625,1.64
10456,10186,269.486328125,2.58
11220,10669,550.8369140625,4.91
11006,11231,-225.9501953125,-2.05
11664,11799,-135.591796875,-1.16
10930,11381,-451.8759765625,-4.13
11372,11461,-89.7939453125,-0.79
9263,9527,-264.703125,-2.86
10576,10509,66.18359375,0.63
12086,11842,243.265625,2.01
10573,10578,-5.5576171875,-0.05
10735,10562,172.4091796875,1.61
8295,8532,-237.9736328125,-2.87
8770,9155,-385.33984375,-4.39
8283,8386,-103.916015625,-1.25
7320,7194,125.4833984375,1.71
8614,8807,-193.8798828125,-2.25
8179,8369,-190.3193359375,-2.33
8769,8569,199.05859375,2.27
8380,8423,-43.8515625,-0.52
8410,8345,64.3857421875,0.77
8158,7803,354.53076171875,4.35
8236,8232,3.5390625,0.04
8523,8648,-125.6552734375,-1.47
8406,8430,-24.9951171875,-0.3
7827,7876,-49.81201171875,-0.64
8639,8661,-22.8681640625,-0.26
8033,8110,-77.4560546875,-0.96
7619,7507,111.4912109375,1.46
7847,7630,216.35302734375,2.76
8736,8661,74.8935546875,0.86
7568,7679,-111.9287109375,-1.48
8926,8884,41.0810546875,0.46
7826,7921,-95.0673828125,-1.21
8286,8258,27.3994140625,0.33
7421,7364,56.6865234375,0.76
7198,7174,23.66943359375,0.33
7648,7725,-77.87744140625,-1.02
7363,7568,-205.13232421875,-2.79
8598,8163,434.935546875,5.06
8187,8138,48.0615234375,0.59
8885,8609,275.701171875,3.1
7912,7850,61.12060546875,0.77
6752,7035,-283.283203125,-4.19
8701,8690,10.1318359375,0.12
8350,8639,-289.44140625,-3.47
8464,8504,-40.16015625,-0.47
9134,9032,101.5810546875,1.11
8656,8565,90.060546875,1.04
7897,7548,348.27490234375,4.41
7582,7825,-243.46533203125,-3.21
8906,8807,98.30859375,1.1
9410,9262,147.78125,1.57
8139,8252,-113.6123046875,-1.4
8473,8518,-45.412109375,-0.54
8641,8645,-4.12109375,-0.05
6974,7000,-26.9375,-0.39
6387,6638,-251.095703125,-3.93
8590,8303,286.646484375,3.34
8730,8514,215.1533203125,2.46
7886,7919,-33.8701171875,-0.43
9054,9005,48.9619140625,0.54
12813,12119,693.150390625,5.41
10500,11112,-612.50390625,-5.83
9425,10340,-915.966796875,-9.72
10820,10956,-136.8955078125,-1.27
11649,11380,268.974609375,2.31
12890,14326,-1436.423828125,-11.14
13793,14019,-226.26953125,-1.64
14005,13801,203.3984375,1.45
12149,12102,46.865234375,0.39
13186,13129,56.390625,0.43
15227,15215,11.486328125,0.08
11494,11117,376.1875,3.27
10982,11584,-602.0966796875,-5.48
11242,11314,-72.54296875,-0.65
12181,12098,82.552734375,0.68
10001,10242,-241.6484375,-2.42
9658,9769,-111.4443359375,-1.15
10611,10308,302.404296875,2.85
11638,11326,311.9296875,2.68
11712,11433,278.5615234375,2.38
12005,11721,283.6806640625,2.36
11676,11286,389.263671875,3.33
8738,9124,-386.408203125,-4.42
9936,9998,-62.1953125,-0.63
12122,11728,393.9345703125,3.25
12281,11921,359.9912109375,2.93
12663,12495,167.765625,1.32
11323,11326,-3.25,-0.03
10570,10984,-414.4833984375,-3.92
10718,10909,-191.142578125,-1.78
9187,9708,-521.0302734375,-5.67
10614,10687,-73.658203125,-0.69
12294,11855,438.9208984375,3.57
10051,10168,-117.60546875,-1.17
10673,10575,97.3369140625,0.91
12757,12421,335.091796875,2.63
10834,10075,758.3359375,7.0
10186,10133,52.4365234375,0.51
12519,12301,217.1796875,1.73
11608,11295,312.08984375,2.69
11459,11801,-342.25,-2.99
11949,12042,-93.98828125,-0.79
12573,12365,207.82421875,1.65
10486,10475,10.4697265625,0.1
9880,10212,-332.3134765625,-3.36
11810,11678,131.255859375,1.11
10629,10789,-160.4287109375,-1.51
12984,12936,47.21484375,0.36
11436,11361,74.384765625,0.65
12454,12156,297.4921875,2.39
9530,9881,-351.8056640625,-3.69
9614,10040,-426.9306640625,-4.44
12090,12194,-104.30078125,-0.86
11988,12272,-284.3740234375,-2.37
10167,10218,-51.142578125,-0.5
12807,12102,704.0126953125,5.5
12210,11965,244.373046875,2.0
10057,10478,-421.5263671875,-4.19
9865,10286,-421.6435546875,-4.27
12524,12351,172.580078125,1.38
11831,11814,16.9990234375,0.14
11928,12276,-348.216796875,-2.92
12210,12050,159.0107421875,1.3
11809,11875,-66.2275390625,-0.56
10971,11243,-272.5341796875,-2.48
10194,10556,-362.802734375,-3.56
13085,12692,392.1171875,3.0
11627,11479,147.486328125,1.27
11421,11502,-81.427734375,-0.71
11662,11713,-51.2197265625,-0.44
11894,11656,237.2353515625,1.99
10526,10247,278.5771484375,2.65
11017,10917,99.7431640625,0.91
11404,11318,85.634765625,0.75
11279,11364,-85.8134765625,-0.76
12855,12605,249.9443359375,1.94
12194,12254,-60.193359375,-0.49
10866,10967,-101.9814453125,-0.94
9738,9785,-47.9296875,-0.49
9580,9593,-13.9384765625,-0.15
12651,12468,182.625,1.44
11152,11315,-163.439453125,-1.47
10814,10843,-29.9375,-0.28
12604,12202,401.373046875,3.18
11137,11383,-246.857421875,-2.22
9412,9695,-283.53515625,-3.01
10937,10725,211.220703125,1.93
12827,12628,198.388671875,1.55
11518,11787,-269.6572265625,-2.34
14276,14028,247.2802734375,1.73
14710,14841,-131.015625,-0.89
14251,14555,-304.857421875,-2.14
12251,12411,-160.095703125,-1.31
11025,11257,-232.0458984375,-2.1
14717,14465,251.0126953125,1.71
216,408,-192.5115966796875,-88.72
230,276,-46.260772705078125,-20.03
219,241,-22.08050537109375,-10.04
197,207,-10.471878051757812,-5.29
228,272,-44.883575439453125,-19.6
202,241,-39.0157470703125,-19.22
197,166,30.59912109375,15.45
275,341,-66.93161010742188,-24.25
235,305,-70.0616455078125,-29.69
230,301,-71.92416381835938,-31.14
197,241,-44.54286193847656,-22.5
225,250,-25.324447631835938,-11.21
186,296,-110.96005249023438,-59.34
198,313,-115.17352294921875,-57.88
1124,1477,-353.0809326171875,-31.38
1109,1272,-163.0704345703125,-14.69
1105,1244,-139.974609375,-12.66
1161,1275,-114.7625732421875,-9.88
1105,1276,-171.42919921875,-15.5
1050,1295,-245.9959716796875,-23.41
1115,1279,-164.7698974609375,-14.76
1224,994,229.74481201171875,18.75
1210,970,239.9075927734375,19.81
1619,1483,135.819091796875,8.38
1301,1314,-13.138427734375,-1.01
1416,1532,-116.795166015625,-8.24
1007,971,35.62744140625,3.53
2271,2095,175.580810546875,7.73
2114,2012,101.3282470703125,4.79
2425,2189,235.017578125,9.69
2294,2228,65.1669921875,2.84
2058,2208,-150.639892578125,-7.32
2407,2212,194.639404296875,8.08
2231,2234,-3.140625,-0.14
2075,2054,20.2841796875,0.98
1791,1905,-114.28076171875,-6.38
2232,2092,139.049072265625,6.23
2302,2317,-15.4267578125,-0.67
2154,2235,-81.279541015625,-3.77
2335,2221,113.801025390625,4.87
2282,2320,-38.10107421875,-1.67
1918,2015,-97.557373046875,-5.08
2048,2101,-53.295166015625,-2.6
2215,2240,-25.142333984375,-1.13
2116,2167,-51.17236328125,-2.42
2211,2234,-23.59228515625,-1.07
2228,2221,6.653076171875,0.3
2156,2200,-44.21484375,-2.05
1931,2069,-138.98046875,-7.19
1843,1848,-5.5941162109375,-0.3
2177,2102,74.4189453125,3.42
2195,2307,-112.798828125,-5.14
2505,2427,77.341796875,3.09
2281,2378,-97.18798828125,-4.26
2206,2308,-102.8310546875,-4.66
1940,2065,-125.356689453125,-6.46
1893,1944,-51.827880859375,-2.74
2294,2224,69.955810546875,3.05
2163,2197,-34.5380859375,-1.6
2234,2132,101.76220703125,4.55
2308,2291,16.513916015625,0.72
2083,2187,-104.165771484375,-5.0
2205,2162,42.08837890625,1.91
1871,1970,-99.765380859375,-5.33
2305,2162,142.058837890625,6.16
2309,2444,-135.649169921875,-5.87
2525,2476,48.7236328125,1.93
2577,2526,50.027587890625,1.94
2123,2296,-173.3193359375,-8.16
1955,1872,82.2115478515625,4.2
2156,2102,53.671875,2.49
2561,2552,8.15087890625,0.32
2352,2441,-89.3193359375,-3.8
2238,2288,-50.9189453125,-2.27
2115,2111,3.295166015625,0.16
2378,2424,-46.92919921875,-1.97
2021,2095,-74.7373046875,-3.7
2152,2139,12.1953125,0.57
2420,2371,48.439208984375,2.0
2291,2346,-55.02685546875,-2.4
2401,2421,-20.132568359375,-0.84
2332,2440,-108.15771484375,-4.64
2417,2329,87.59375,3.62
2049,2121,-72.6611328125,-3.54
2008,2033,-25.765869140625,-1.28
2225,2241,-16.18115234375,-0.73
2273,2295,-22.342041015625,-0.98
2407,2360,46.62109375,1.94
2222,2279,-57.392333984375,-2.58
2234,2219,14.0673828125,0.63
2026,2061,-35.105224609375,-1.73
2131,2203,-72.108154296875,-3.38
2371,2349,21.887939453125,0.92
2444,2493,-49.35009765625,-2.02
2419,2400,18.285888671875,0.76
2397,2404,-7.970947265625,-0.33
2046,2077,-31.314697265625,-1.53
1940,1875,64.67529296875,3.33
2001,1951,49.6024169921875,2.48
2140,2188,-48.46240234375,-2.26
2430,2246,183.421630859375,7.55
2192,2160,31.34521484375,1.43
2395,2286,108.156005859375,4.51
2156,2292,-136.434814453125,-6.33
1890,2001,-111.0899658203125,-5.87
1845,1758,86.7193603515625,4.7
2218,2154,63.156005859375,2.85
2462,2338,123.3359375,5.01
2387,2480,-93.800537109375,-3.93
2342,2296,45.48779296875,1.94
2279,2310,-31.435546875,-1.38
1999,2084,-85.343017578125,-4.27
1943,2018,-75.025146484375,-3.86
2276,2188,87.8955078125,3.86
2241,2191,49.64111328125,2.21
2248,2239,8.8798828125,0.39
2058,2105,-47.876953125,-2.33
2873,2715,157.76123046875,5.49
2550,2627,-77.315673828125,-3.03
2481,2487,-6.764892578125,-0.27
2627,2665,-38.800048828125,-1.48
2670,2660,9.281982421875,0.35
2527,2659,-132.9931640625,-5.26
2528,2636,-108.333251953125,-4.28
2721,2666,54.20361328125,1.99
2325,2397,-72.189208984375,-3.1
2449,2467,-18.33154296875,-0.75
2867,2851,15.7353515625,0.55
2181,2481,-300.128173828125,-13.75
2177,2324,-147.034423828125,-6.75
2176,2193,-17.700927734375,-0.81
2615,2438,176.777099609375,6.76
1961,2011,-50.7005615234375,-2.58
2108,2141,-33.149169921875,-1.57
2319,2332,-13.920654296875,-0.6
2190,2297,-107.979248046875,-4.93
2240,2292,-52.276123046875,-2.33
2301,2324,-23.5634765625,-1.02
2243,2150,92.4375,4.12
1918,1943,-25.52099609375,-1.33
1861,1759,101.9180908203125,5.47
2374,2279,94.20703125,3.97
2299,2349,-50.11767578125,-2.18
2478,2467,10.909423828125,0.44
2415,2438,-23.226318359375,-0.96
2210,2244,-34.421875,-1.56
1951,2114,-163.941650390625,-8.4
1942,1899,42.0294189453125,2.16
2161,1959,201.7603759765625,9.33
2309,2230,78.20361328125,3.39
2133,2046,86.9862060546875,4.08
1968,1947,20.1473388671875,1.02
2359,2325,33.905517578125,1.44
1885,1938,-53.437255859375,-2.83
2045,1959,85.06591796875,4.16
2139,2170,-31.592529296875,-1.48
2421,2314,106.612060546875,4.4
2187,2250,-63.866943359375,-2.92
2167,2303,-136.06494140625,-6.28
2173,2169,3.945556640625,0.18
1895,2042,-147.8197021484375,-7.8
2128,1958,169.7210693359375,7.97
2234,2323,-89.883544921875,-4.02
1945,2024,-79.20556640625,-4.07
2353,2232,120.75390625,5.13
2410,2451,-41.520751953125,-1.72
2530,2498,31.83154296875,1.26
2265,2356,-91.11279296875,-4.02
2010,2088,-78.751220703125,-3.92
2289,2329,-40.843505859375,-1.78
2359,2474,-115.22705078125,-4.88
2220,2272,-52.0654296875,-2.34
2204,2183,20.9541015625,0.95
1990,1922,67.475830078125,3.39
2194,2016,177.67333984375,8.09
2441,2346,94.003173828125,3.85
2674,2692,-18.1767578125,-0.68
2330,2360,-30.34228515625,-1.3
2488,2493,-5.248046875,-0.21
2041,2174,-133.03662109375,-6.52
2484,2418,65.19091796875,2.62
2147,2245,-98.061279296875,-4.57
2223,2133,89.15869140625,4.01
2294,2369,-75.50341796875,-3.29
2261,2151,109.71337890625,4.85
2207,2200,6.528076171875,0.3
2441,2397,43.20458984375,1.77
2640,2595,44.231201171875,1.67
2268,2318,-50.40478515625,-2.22
2165,2213,-48.452392578125,-2.24
2676,2718,-42.500732421875,-1.59
2519,2582,-63.34033203125,-2.51
2446,2554,-108.55859375,-4.44
2344,2490,-146.77392578125,-6.26
2770,2630,139.48388671875,5.03
2340,2357,-17.723876953125,-0.76
2225,2291,-66.324951171875,-2.98
2151,2210,-59.591064453125,-2.77
2755,2627,127.075439453125,4.61
2507,2592,-85.784423828125,-3.42
2792,2773,18.80517578125,0.67
2545,2605,-60.11328125,-2.36
2638,2553,84.497314453125,3.2
2594,2775,-181.82763671875,-7.01
3271,3138,132.737548828125,4.06
2362,2530,-168.61572265625,-7.14
2396,2401,-5.0927734375,-0.21
2373,2510,-137.70556640625,-5.8
2797,2695,101.4189453125,3.62
2412,2554,-142.63671875,-5.91
2327,2393,-66.468017578125,-2.86
2223,2242,-19.4873046875,-0.88
2482,2388,93.41650390625,3.76
2564,2620,-56.11572265625,-2.19
2410,2505,-95.015625,-3.94
2434,2389,44.58740234375,1.83
2372,2317,54.129638671875,2.28
2108,2025,82.33740234375,3.9
2409,2411,-2.658203125,-0.11
2419,2384,34.3486328125,1.42
2390,2333,56.591552734375,2.37
2783,2674,108.7060546875,3.9
2519,2535,-16.176513671875,-0.64
2155,2252,-97.259765625,-4.51
2065,1998,66.992431640625,3.24
2188,2130,57.367919921875,2.62
2332,2220,111.94775390625,4.8
2543,2578,-35.150146484375,-1.38
2496,2432,63.1328125,2.53
2874,2709,164.258544921875,5.71
2229,2252,-23.166259765625,-1.04
2338,2344,-6.609619140625,-0.28
2495,2508,-13.967529296875,-0.56
2329,2356,-27.47900390625,-1.18
2721,2524,196.908935546875,7.23
2473,2561,-88.409423828125,-3.57
2690,2679,10.27978515625,0.38
2294,2380,-86.46923828125,-3.77
2422,2337,84.56103515625,3.49
2669,2618,50.430419921875,1.89
2193,2366,-173.7919921875,-7.92
2790,2697,92.21337890625,3.3
2283,2429,-146.472412109375,-6.41
2165,2116,48.77294921875,2.25
2197,2126,70.527099609375,3.21
2273,2209,63.177978515625,2.78
2836,2662,173.873291015625,6.13
2566,2716,-150.724609375,-5.87
2789,2681,107.252197265625,3.84
2160,2343,-183.521240234375,-8.49
2735,2696,38.251953125,1.4
2274,2318,-44.676513671875,-1.96
2080,2151,-71.6552734375,-3.44
2559,2520,38.7685546875,1.51
2499,2513,-14.4169921875,-0.58
2566,2602,-36.090576171875,-1.41
2397,2504,-107.67236328125,-4.49
2856,2716,139.77099609375,4.89
2436,2501,-65.717041015625,-2.7
2119,2151,-32.384033203125,-1.53
2143,2236,-93.84619140625,-4.38
2223,2200,22.44677734375,1.01
2396,2330,65.8828125,2.75
2075,2168,-93.87109375,-4.52
3058,2635,422.771728515625,13.82
1725,1796,-71.8106689453125,-4.16
2491,2140,350.58935546875,14.07
3292,3474,-182.793701171875,-5.55
2994,2989,4.7060546875,0.16
3727,3426,300.287841796875,8.05
3196,3411,-215.610595703125,-6.74
3336,3225,110.310302734375,3.31
2907,3112,-205.5615234375,-7.07
3173,2960,212.4775390625,6.69
3059,3072,-13.07470703125,-0.43
3118,3062,55.618896484375,1.78
3307,3046,260.759765625,7.88
2918,2945,-27.334228515625,-0.94
2527,2441,85.9658203125,3.4
2226,2400,-174.962890625,-7.86
2029,2057,-28.697998046875,-1.41
2304,2334,-30.787841796875,-1.34
2456,2471,-15.613037109375,-0.64
2504,2589,-85.92724609375,-3.43
2549,2509,39.97119140625,1.57
2653,2595,57.848388671875,2.18
2256,2316,-60.149658203125,-2.67
2028,2116,-88.365478515625,-4.36
2526,2473,52.332763671875,2.07
2730,2723,6.227783203125,0.23
2396,2513,-117.83447265625,-4.92
2475,2477,-2.30029296875,-0.09
2388,2416,-28.814208984375,-1.21
2393,2315,77.036865234375,3.22
2467,2527,-60.82763671875,-2.46
2669,2668,0.430419921875,0.02
2243,2420,-177.4833984375,-7.91
2391,2379,11.318603515625,0.47
2564,2458,105.30224609375,4.11
2675,2539,135.8583984375,5.08
2185,2169,15.5771484375,0.71
2580,2383,196.743896484375,7.62
2664,2589,74.10498046875,2.78
2547,2529,17.063232421875,0.67
2421,2532,-111.498046875,-4.6
2203,2270,-67.919189453125,-3.08
2336,2167,168.173583984375,7.2
1998,2044,-46.5723876953125,-2.33
2077,2015,61.1514892578125,2.94
2421,2345,75.374267578125,3.11
2263,2251,11.618896484375,0.51
2440,2373,66.8408203125,2.74
2130,2181,-51.468017578125,-2.42
2498,2401,96.197021484375,3.85
1838,1950,-112.3333740234375,-6.11
1973,1811,161.3623046875,8.17
2324,2247,76.127685546875,3.27
2223,2241,-18.360107421875,-0.83
2243,2180,62.04052734375,2.76
2171,2203,-32.4267578125,-1.49
2285,2165,119.241943359375,5.22
1990,2110,-120.736083984375,-6.06
2408,2528,-120.234130859375,-4.99
2804,2732,71.6943359375,2.56
3060,2928,131.159423828125,4.28
3356,3274,81.810791015625,2.44
2938,3103,-165.305419921875,-5.62
3004,3091,-87.4013671875,-2.91
2447,2508,-61.494140625,-2.51
2636,2751,-115.123779296875,-4.37
3279,3315,-36.93017578125,-1.13
3131,3091,39.03271484375,1.25
2876,2816,59.38134765625,2.06
2460,2679,-219.375,-8.91
2190,2331,-141.3779296875,-6.45
2027,2087,-60.79150390625,-3.0
2084,2124,-40.242431640625,-1.93
2106,2286,-180.08349609375,-8.55
2332,2142,189.8984375,8.14
2286,2211,74.269287109375,3.25
2111,2110,0.9853515625,0.05
2269,2261,7.9140625,0.35
2029,2112,-83.17724609375,-4.1
1740,1836,-96.7210693359375,-5.56
2357,2277,79.235107421875,3.36
2328,2292,35.10009765625,1.51
2396,2362,33.47802734375,1.4
2317,2425,-108.80078125,-4.69
2174,2201,-27.45166015625,-1.26
1961,2008,-47.043212890625,-2.4
2137,2230,-93.92919921875,-4.39
2470,2481,-11.1806640625,-0.45
1868,2074,-206.30224609375,-11.04
2325,2042,282.319091796875,12.14
2138,2106,31.64501953125,1.48
2344,2308,35.750244140625,1.52
1795,1913,-118.807861328125,-6.62
1967,1833,133.37646484375,6.78
2263,2173,89.154541015625,3.94
2383,2404,-21.813720703125,-0.92
2354,2279,74.04736328125,3.14
2088,2130,-42.793701171875,-2.05
2408,2250,157.83984375,6.55
2303,2353,-50.408447265625,-2.19
2120,2269,-149.4169921875,-7.04
2243,2257,-14.0927734375,-0.63
2258,2219,38.31884765625,1.7
2145,2218,-73.87646484375,-3.44
2292,2331,-39.828857421875,-1.74
2118,2113,4.445068359375,0.21
2022,1989,32.1116943359375,1.59
1967,1965,1.44140625,0.07
2426,2456,-30.91650390625,-1.27
2296,2409,-113.08056640625,-4.92
2235,2290,-55.810791015625,-2.5
2081,2133,-52.953125,-2.54
2298,2300,-2.072509765625,-0.09
1974,1983,-9.861083984375,-0.5
1923,2006,-83.5408935546875,-4.34
2321,2172,148.71484375,6.4
2433,2350,82.12646484375,3.37
2171,2224,-53.3515625,-2.46
2540,2579,-39.880615234375,-1.57
2947,2962,-15.207763671875,-0.52
2428,2567,-139.953125,-5.76
2486,2548,-62.65576171875,-2.52
2612,2644,-32.3046875,-1.24
2701,2635,65.958251953125,2.44
3883,3525,357.760009765625,9.21
3910,4321,-411.7783203125,-10.53
4185,4999,-814.931640625,-19.47
3135,4433,-1298.94775390625,-41.42
3856,3241,614.792724609375,15.94
4197,5349,-1152.76123046875,-27.46
3552,3417,134.683349609375,3.79
3052,3088,-36.811767578125,-1.21
3455,3040,414.7080078125,12.0
2941,3010,-69.71240234375,-2.37
2909,2761,147.46240234375,5.07
2811,2702,108.260009765625,3.85
2931,3135,-204.69140625,-6.98
3022,2912,109.360595703125,3.62
3048,3084,-36.690185546875,-1.2
3437,3122,314.83935546875,9.16
3232,3234,-2.43017578125,-0.08
2653,2688,-35.8046875,-1.35
2737,2730,6.76953125,0.25
2691,2915,-224.604736328125,-8.34
3104,2994,109.593017578125,3.53
3271,3163,107.646484375,3.29
3274,3140,133.621826171875,4.08
3110,3082,27.884033203125,0.9
2717,2811,-94.09716796875,-3.46
2733,2666,66.77294921875,2.44
2865,3040,-175.758056640625,-6.13
2983,3041,-58.818359375,-1.97
2980,2997,-17.694580078125,-0.59
3136,3067,68.444091796875,2.18
3381,3096,284.181396484375,8.4
2510,2597,-87.052978515625,-3.47
2806,2654,151.15576171875,5.38
2983,2982,0.877685546875,0.03
3014,2890,123.9326171875,4.11
3089,2930,158.394287109375,5.13
2908,2864,43.44677734375,1.49
3429,3160,268.1943359375,7.82
2305,2538,-233.832763671875,-10.14
2445,2409,35.974853515625,1.47
2994,2930,63.197509765625,2.11
3442,3210,231.07080078125,6.71
2829,2917,-88.2431640625,-3.12
3287,3165,121.021728515625,3.68
3222,3060,161.31689453125,5.01
2423,2650,-227.79296875,-9.4
3049,2861,187.2783203125,6.14
3076,3197,-121.49365234375,-3.95
3317,3169,147.966796875,4.46
2771,3022,-251.875732421875,-9.09
3033,2904,128.41064453125,4.23
3194,3057,136.848388671875,4.28
2682,2780,-98.861083984375,-3.68
2883,2689,193.2294921875,6.7
2729,2863,-134.94970703125,-4.94
3406,3101,304.06982421875,8.92
3397,3386,10.43408203125,0.31
3386,3336,49.325439453125,1.46
3225,3229,-4.9970703125,-0.15
2874,2853,20.500732421875,0.71
2839,2757,81.87060546875,2.88
3162,3352,-190.197021484375,-6.01
3110,3022,87.40087890625,2.81
3101,3022,78.786865234375,2.54
3402,3227,174.377197265625,5.12
3114,3141,-27.043212890625,-0.87
2713,2678,34.813232421875,1.28
2855,2713,141.066650390625,4.94
3088,3198,-110.107421875,-3.56
3599,3388,210.0576171875,5.83
3239,3376,-137.277587890625,-4.24
3024,2904,119.861083984375,3.96
2951,3025,-74.99609375,-2.54
2651,2574,76.431884765625,2.88
2897,2787,109.804443359375,3.79
3288,3346,-58.265625,-1.77
3046,2910,135.411865234375,4.44
2984,2951,32.75,1.1
3316,3137,178.073486328125,5.37
3110,3224,-114.02587890625,-3.67
2898,2857,40.237548828125,1.39
2850,2788,61.555908203125,2.16
2977,3044,-67.451171875,-2.26
3031,3011,19.8466796875,0.65
3461,3560,-99.68505859375,-2.88
3759,3438,320.56298828125,8.53
3700,3743,-43.019775390625,-1.16
3275,3299,-24.521484375,-0.75
2843,2816,26.048828125,0.92
3925,3562,362.1083984375,9.22
5120,5900,-780.6181640625,-15.24
3738,4076,-338.7138671875,-9.06
4930,4720,209.32177734375,4.25
4887,4931,-44.0283203125,-0.9
4226,4407,-181.3330078125,-4.29
4116,4174,-58.1064453125,-1.41
3913,4063,-150.5615234375,-3.85
4060,3786,273.9443359375,6.75
3708,3896,-188.907958984375,-5.09
4594,4320,273.28125,5.95
3966,3880,85.208251953125,2.15
4439,4241,197.04638671875,4.44
4570,4451,118.97509765625,2.6
4123,4154,-31.478515625,-0.76
3684,3641,42.7783203125,1.16
3792,3702,89.424560546875,2.36
4223,4018,204.16943359375,4.83
4245,4206,38.11767578125,0.9
4398,4244,153.29150390625,3.48
4220,4050,169.883056640625,4.02
3798,3917,-119.276123046875,-3.14
3483,3429,53.869873046875,1.55
3756,3372,383.09912109375,10.2
4708,4467,240.5048828125,5.11
4061,4088,-27.843017578125,-0.69
4127,4026,100.529296875,2.44
4069,4088,-19.505859375,-0.48
4030,4131,-101.9619140625,-2.53
3981,3969,11.430908203125,0.29
3715,3762,-47.462158203125,-1.28
4309,3918,390.61767578125,9.06
4508,4503,4.8505859375,0.11
4499,4353,145.73291015625,3.24
4064,4032,31.11328125,0.77
4674,4664,9.4365234375,0.2
3839,3865,-26.39111328125,-0.69
3917,4095,-178.455078125,-4.55
4438,4544,-106.57373046875,-2.4
4639,4726,-87.29150390625,-1.88
4456,4549,-93.08837890625,-2.09
4650,4883,-233.083984375,-5.01
4281,4327,-46.34619140625,-1.08
4111,4258,-147.083984375,-3.58
3957,4192,-235.94287109375,-5.96
4444,4606,-162.02294921875,-3.65
4320,4391,-71.25830078125,-1.65
4604,4687,-83.92041015625,-1.82
4496,4500,-4.69921875,-0.1
4561,4651,-90.28271484375,-1.98
4179,4305,-126.7138671875,-3.03
3916,4141,-225.58740234375,-5.76
4492,4652,-160.873046875,-3.58
4409,4562,-153.14892578125,-3.47
5155,5025,129.892578125,2.52
4274,4580,-306.359375,-7.17
4342,4389,-47.912109375,-1.1
3816,3948,-132.263671875,-3.47
3781,3881,-100.672607421875,-2.66
4431,4389,41.80126953125,0.94
4247,4450,-203.97119140625,-4.8
4594,4504,89.60546875,1.95
4887,4810,76.67138671875,1.57
4395,4581,-186.6884765625,-4.25
3630,3878,-248.090576171875,-6.83
4045,4063,-18.64794921875,-0.46
4237,4406,-169.3359375,-4.0
4477,4569,-92.45751953125,-2.06
4442,4458,-16.65771484375,-0.37
4210,4143,66.98583984375,1.59
4591,4423,167.34423828125,3.64
4166,4269,-103.439453125,-2.48
3528,3722,-194.671630859375,-5.52
4527,4136,390.0107421875,8.61
4570,4611,-41.92529296875,-0.92
4174,4250,-76.13232421875,-1.82
4592,4616,-24.5224609375,-0.53
4123,4137,-14.2919921875,-0.35
3372,3451,-79.065185546875,-2.34
3692,3347,344.291259765625,9.32
4695,4331,363.640625,7.74
4926,4719,206.24609375,4.19
4615,4730,-115.7705078125,-2.51
4162,4241,-79.82861328125,-1.92
4374,4221,152.31982421875,3.48
3669,4033,-364.061767578125,-9.92
4038,4080,-42.025390625,-1.04
4268,4341,-73.453125,-1.72
4413,4371,41.25390625,0.93
4218,4147,70.10693359375,1.66
4411,4304,106.74560546875,2.42
5438,5127,310.50927734375,5.71
4504,4679,-175.5908203125,-3.9
4293,4223,69.521484375,1.62
4688,4823,-135.14501953125,-2.88
5340,4965,374.6630859375,7.01
5325,5446,-121.36083984375,-2.28
4665,5037,-372.5556640625,-7.98
5123,4674,448.169921875,8.75
4663,4677,-14.08544921875,-0.3
4698,4603,94.29736328125,2.01
5885,5704,180.646484375,3.07
4499,4888,-389.9072265625,-8.66
4694,4558,135.33251953125,2.88
4264,4401,-137.048828125,-3.21
4532,4507,24.66748046875,0.54
3927,3835,91.60498046875,2.33
4210,4178,31.41357421875,0.75
3874,4268,-394.904296875,-10.19
4227,4245,-18.38671875,-0.43
4074,3993,80.95166015625,1.99
4639,4469,169.57861328125,3.65
5000,4766,233.33154296875,4.67
3564,3824,-260.79736328125,-7.32
3808,3456,351.467041015625,9.23
4181,4234,-53.30419921875,-1.27
4484,4436,47.4267578125,1.06
4264,4295,-31.17333984375,-0.73
4643,4594,48.01171875,1.03
4317,4270,46.740234375,1.08
3735,3847,-112.844970703125,-3.02
3285,3423,-138.82421875,-4.22
4750,4056,693.489501953125,14.6
4572,4501,70.7724609375,1.55
4265,4213,51.12744140625,1.2
4516,4235,280.83203125,6.22
4062,4025,36.723388671875,0.9
3790,3783,6.12744140625,0.16
3911,3918,-7.03759765625,-0.18
4667,4632,34.35986328125,0.74
4319,4123,195.42236328125,4.52
4661,4511,149.58740234375,3.21
4476,4461,14.47705078125,0.32
4354,4418,-64.88818359375,-1.49
3368,3604,-236.6337890625,-7.02
4202,3724,477.109375,11.35
4443,4535,-92.37060546875,-2.08
4667,4666,0.615234375,0.01
4088,4243,-155.83154296875,-3.81
4294,4255,38.69677734375,0.9
4705,4694,10.98583984375,0.23
3845,4072,-227.197509765625,-5.91
3751,3705,45.95947265625,1.22
4050,4125,-75.60205078125,-1.87
4000,4076,-76.489990234375,-1.91
4511,4353,157.8798828125,3.5
4249,4205,43.61083984375,1.03
4160,4055,104.047119140625,2.5
4097,3900,196.905517578125,4.8
4487,4458,28.162109375,0.63
4855,4996,-141.65576171875,-2.92
4450,4783,-333.0693359375,-7.48
4943,4781,161.90869140625,3.27
4524,4645,-121.67919921875,-2.69
4736,4760,-24.33447265625,-0.51
3970,3892,77.60595703125,1.95
4171,4143,27.89599609375,0.67
4312,4405,-93.39990234375,-2.17
4852,4877,-25.70263671875,-0.53
4475,4398,76.80029296875,1.72
4824,4782,41.2978515625,0.86
4264,4237,26.06787109375,0.61
4121,4085,35.35498046875,0.86
4261,4358,-97.33349609375,-2.28
4489,4815,-326.02734375,-7.26
4417,4315,101.04150390625,2.29
4533,4532,0.7978515625,0.02
4349,4225,123.6650390625,2.84
5067,5101,-34.3369140625,-0.68
3812,3938,-126.0849609375,-3.31
4065,3860,204.706787109375,5.03
4535,4621,-86.1220703125,-1.9
4859,4856,2.19970703125,0.05
4648,4684,-36.767578125,-0.79
4750,4834,-84.24658203125,-1.77
4695,4500,194.73486328125,4.15
3833,3953,-120.94189453125,-3.15
4235,4233,1.07470703125,0.03
4749,4733,15.35009765625,0.32
4353,4238,114.98291015625,2.64
4360,4226,133.39306640625,3.06
4424,4423,0.736328125,0.02
4769,4635,133.52587890625,2.8
4432,4462,-30.06005859375,-0.68
3765,3804,-39.57470703125,-1.05
3885,4036,-151.67333984375,-3.9
4573,4447,125.185546875,2.74
4642,4657,-15.61328125,-0.34
5075,4862,212.322265625,4.18
3973,4254,-281.4091796875,-7.08
4070,3835,234.553955078125,5.76
3937,4098,-161.63427734375,-4.1
4736,4731,4.91259765625,0.1
4696,4591,104.3134765625,2.22
4734,4624,109.4365234375,2.31
4809,4657,151.0478515625,3.14
4356,4524,-168.87841796875,-3.88
4586,4464,121.65673828125,2.65
3932,3918,13.316162109375,0.34
4916,4847,68.7529296875,1.4
4117,4266,-149.51025390625,-3.63
4593,4487,105.06884765625,2.29
4835,4692,142.94189453125,2.96
4269,4356,-87.4658203125,-2.05
3778,3572,205.649169921875,5.44
4218,4106,111.974609375,2.65
4596,4605,-9.08349609375,-0.2
4741,4680,60.92724609375,1.28
4378,4321,56.169921875,1.28
4736,4663,72.01708984375,1.52
4145,4428,-283.17138671875,-6.83
3701,3877,-176.15234375,-4.76
4276,4127,148.0390625,3.46
4645,4619,25.21875,0.54
4226,4299,-73.3125,-1.73
4620,4756,-136.9853515625,-2.96
4658,4493,164.58642578125,3.53
4579,4673,-94.6142578125,-2.07
4244,4240,3.6962890625,0.09
3933,4100,-167.29443359375,-4.25
4882,4851,30.27392578125,0.62
4360,4652,-292.5185546875,-6.71
4781,4602,178.88671875,3.74
5085,4956,128.5263671875,2.53
4559,4673,-114.05615234375,-2.5
3743,3656,86.664306640625,2.31
4048,4073,-25.46240234375,-0.63
4358,4369,-11.6982421875,-0.27
4596,4628,-32.04931640625,-0.7
4561,4380,180.41845703125,3.95
3792,3830,-38.3466796875,-1.01
4729,4294,434.3701171875,9.18
4428,4401,26.34423828125,0.59
3612,3747,-135.288818359375,-3.74
4741,4418,322.96533203125,6.81
4737,4658,78.02099609375,1.65
4409,4403,5.5205078125,0.13
4519,4671,-152.78564453125,-3.38
4908,4891,16.79345703125,0.34
3682,3734,-52.414794921875,-1.42
3958,4096,-138.865234375,-3.51
5933,5815,117.33642578125,1.98
5921,5574,346.4951171875,5.85
6916,6708,207.07421875,2.99
6746,6708,37.02587890625,0.55
6644,6791,-147.5078125,-2.22
5771,6024,-253.99609375,-4.4
5399,5774,-375.66943359375,-6.96
6156,6178,-22.56640625,-0.37
5582,5928,-346.61767578125,-6.21
5921,5641,279.5,4.72
5652,5337,314.98046875,5.57
4759,4513,245.2763671875,5.15
3974,3863,110.760009765625,2.79
3901,3885,15.258544921875,0.39
4307,4327,-20.06787109375,-0.47
4244,4248,-4.33642578125,-0.1
4775,4620,154.87646484375,3.24
4286,4159,126.5009765625,2.95
4854,4688,165.82421875,3.42
4384,4517,-133.755859375,-3.05
3978,4066,-88.597412109375,-2.23
4876,4782,93.158203125,1.91
4811,4955,-144.00048828125,-2.99
4460,4405,54.52978515625,1.22
4568,4591,-23.83837890625,-0.52
4508,4420,87.51416015625,1.94
4468,4244,223.0341796875,4.99
4840,4703,136.46435546875,2.82
5185,4921,263.55712890625,5.08
5185,5002,182.84521484375,3.53
5143,4918,224.2626953125,4.36
5345,5065,279.45263671875,5.23
5278,5302,-24.93310546875,-0.47
4328,4285,42.26220703125,0.98
5128,4761,366.3896484375,7.14
5301,5081,219.65673828125,4.14
5112,5087,24.07568359375,0.47
4555,4552,2.2109375,0.05
4310,4374,-64.2568359375,-1.49
3896,4082,-186.37744140625,-4.78
3887,3785,101.197265625,2.6
4421,4133,287.84814453125,6.51
4336,4390,-54.14111328125,-1.25
4427,4338,88.68701171875,2.0
4976,4933,42.70849609375,0.86
4300,4527,-227.61279296875,-5.29
4322,4442,-120.0400390625,-2.78
3712,3838,-126.589599609375,-3.41
3951,3711,239.984619140625,6.07
4268,4379,-111.47412109375,-2.61
4260,4420,-160.24365234375,-3.76
4218,4033,184.022216796875,4.36
4261,4119,141.40087890625,3.32
4277,4204,72.390625,1.69
3849,3838,10.734130859375,0.28
5525,5157,367.6416015625,6.65
5703,5842,-139.134765625,-2.44
5371,5344,26.39697265625,0.49
5960,5767,192.45361328125,3.23
5783,5857,-74.22216796875,-1.28
5362,5392,-30.07568359375,-0.56
5166,5269,-103.42724609375,-2.0
4807,4606,200.54833984375,4.17
5664,5507,156.89599609375,2.77
5454,5439,14.00439453125,0.26
5775,5564,210.8095703125,3.65
4805,5056,-251.96630859375,-5.24
4226,4272,-46.30419921875,-1.1
3759,3664,94.04833984375,2.5
3819,3809,9.700927734375,0.25
4482,4311,170.0771484375,3.79
4278,4146,131.1015625,3.06
4522,4467,54.77978515625,1.21
4652,4592,59.97119140625,1.29
4446,4324,121.21533203125,2.73
3937,4047,-110.048828125,-2.79
3765,3922,-157.862548828125,-4.19
4236,4287,-51.884765625,-1.22
4390,4525,-135.8984375,-3.09
3866,4067,-201.7080078125,-5.22
4257,4120,136.24609375,3.2
4390,4283,106.6025390625,2.43
3379,3477,-98.570556640625,-2.92
4009,3552,456.5009765625,11.38
4693,4670,22.62451171875,0.48
4044,3991,52.124755859375,1.29
4699,4373,325.708984375,6.93
4796,4604,191.9873046875,4.0
4600,4524,75.11376953125,1.63
4011,4263,-252.3134765625,-6.29
4285,4253,31.84326171875,0.74
4171,4226,-55.23388671875,-1.32
4457,4555,-98.5751953125,-2.21
4758,4579,178.64453125,3.75
4615,4438,176.02978515625,3.81
4440,4346,93.89404296875,2.11
4205,4226,-21.0029296875,-0.5
3902,3972,-70.891357421875,-1.82
4052,4336,-284.154296875,-7.01
4371,4478,-107.111328125,-2.45
4151,4147,3.75390625,0.09
4216,4157,58.2021484375,1.38
4095,4069,25.2998046875,0.62
3683,3578,104.26904296875,2.83
4158,3856,301.755126953125,7.26
3842,4123,-281.40234375,-7.32
4267,4069,197.1650390625,4.62
4260,4225,34.8212890625,0.82
4585,4460,124.24169921875,2.71
4504,4507,-3.91455078125,-0.09
3572,3755,-183.47021484375,-5.13
4371,3811,559.211181640625,12.79
4629,4921,-292.91357421875,-6.33
4101,4334,-233.29345703125,-5.69
4420,4476,-56.1162109375,-1.27
4582,4568,13.703125,0.3
6134,5829,304.572265625,4.96
4875,5116,-241.3173828125,-4.95
4726,4487,238.25048828125,5.04
5433,5131,301.556640625,5.55
5055,5302,-247.92236328125,-4.9
10626,11712,-1086.0244140625,-10.22
11175,10532,642.5712890625,5.75
11880,11264,615.8671875,5.18
10834,10626,207.1083984375,1.91
10496,10509,-13.2939453125,-0.13
12721,12432,288.8876953125,2.27
9631,10585,-954.818359375,-9.91
9282,9605,-323.2021484375,-3.48
9745,9831,-86.263671875,-0.89
9389,9638,-249.47265625,-2.66
9935,9306,628.6591796875,6.33
7908,8459,-551.7578125,-6.98
9744,9309,434.263671875,4.46
10197,10025,171.494140625,1.68
9245,9598,-353.9560546875,-3.83
9351,9485,-134.375,-1.44
8839,9288,-449.001953125,-5.08
8587,8257,329.9404296875,3.84
8454,8654,-200.4169921875,-2.37
9905,9738,166.5703125,1.68
11086,10485,600.75390625,5.42
10122,10277,-155.123046875,-1.53
9970,10022,-52.44140625,-0.53
9414,9845,-431.7265625,-4.59
7907,8149,-242.3525390625,-3.06
9232,9013,218.61328125,2.37
9279,9508,-229.8515625,-2.48
11168,10374,793.3671875,7.1
9551,9631,-80.068359375,-0.84
9788,9799,-11.9169921875,-0.12
10573,10511,61.3212890625,0.58
9407,9267,139.44921875,1.48
8696,8620,75.32421875,0.87
9566,9609,-43.9873046875,-0.46
10077,9665,411.9072265625,4.09
9761,9576,184.9814453125,1.89
9333,9369,-36.8515625,-0.39
9558,9670,-112.7626953125,-1.18
8038,7930,107.7490234375,1.34
8795,8549,245.9169921875,2.8
9650,9518,131.021484375,1.36
9073,9276,-203.1767578125,-2.24
10119,10173,-54.7314453125,-0.54
9846,9703,142.0908203125,1.44
10275,10259,15.685546875,0.15
7781,7941,-160.521484375,-2.06
8769,8612,156.37890625,1.78
9648,9649,-1.8154296875,-0.02
9145,9428,-283.2099609375,-3.1
10381,10223,157.107421875,1.51
10546,10266,279.939453125,2.65
9984,9847,136.1845703125,1.36
8478,8704,-226.568359375,-2.67
9076,8864,211.38671875,2.33
9236,9548,-312.3408203125,-3.38
9994,10070,-76.9833984375,-0.77
10609,10440,168.9228515625,1.59
8796,8891,-95.5224609375,-1.09
10290,10086,203.6298828125,1.98
8921,8698,222.68359375,2.5
9142,8973,168.1064453125,1.84
9176,9391,-215.8984375,-2.35
9365,9515,-150.505859375,-1.61
9634,9706,-72.96875,-0.76
8923,9228,-305.0009765625,-3.42
10202,10188,13.2802734375,0.13
8212,8149,62.7001953125,0.76
8491,8334,156.9521484375,1.85
10183,10128,54.7119140625,0.54
10299,10258,40.1416015625,0.39
9487,9608,-121.8046875,-1.28
9820,10045,-225.1533203125,-2.29
10319,10166,152.193359375,1.47
8260,8333,-73.740234375,-0.89
8487,8363,123.697265625,1.46
9792,9651,140.3935546875,1.43
10631,10409,221.7236328125,2.09
9861,9948,-87.91796875,-0.89
10360,10204,155.3232421875,1.5
9733,9646,86.267578125,0.89
7757,7976,-219.62158203125,-2.83
8554,8319,234.140625,2.74
10304,10012,291.6923828125,2.83
10262,10086,175.546875,1.71
12257,12000,256.1552734375,2.09
10968,10914,53.8837890625,0.49
11636,11337,298.9736328125,2.57
10185,10343,-158.779296875,-1.56
9975,9934,40.392578125,0.4
11851,11638,212.00390625,1.79
2979,2714,264.45556640625,8.87
2182,2116,65.0380859375,2.98
2687,2610,76.957275390625,2.86
2680,2685,-5.290283203125,-0.2
2472,2497,-25.22998046875,-1.02
2769,2666,102.770263671875,3.71
2672,2681,-9.740478515625,-0.36
2449,2314,134.744140625,5.5
2308,2444,-136.268310546875,-5.9
2788,2722,65.449951171875,2.35
2730,2722,7.875244140625,0.29
2526,2623,-97.212158203125,-3.85
2454,2466,-12.37744140625,-0.5
2728,2696,31.150146484375,1.14
2528,2466,61.76513671875,2.44
2383,2471,-88.071533203125,-3.69
2845,2717,127.79541015625,4.49
2446,2544,-98.35009765625,-4.02
2739,2742,-3.03271484375,-0.11
2831,2832,-1.9619140625,-0.07
2254,2427,-173.2021484375,-7.68
2592,2434,157.631591796875,6.08
2317,2388,-71.6064453125,-3.09
2823,2689,133.20263671875,4.72
2601,2751,-150.424560546875,-5.78
2693,2675,17.134765625,0.64
2513,2506,6.0263671875,0.24
2728,2757,-29.80615234375,-1.09
2457,2397,59.031494140625,2.4
2180,2271,-91.284912109375,-4.19
2494,2360,133.63623046875,5.36
2694,2693,0.01611328125,0.0
2745,2749,-4.25830078125,-0.16
2647,2719,-72.941162109375,-2.75
2615,2690,-75.42431640625,-2.88
2367,2327,39.72802734375,1.68
2650,2659,-9.12353515625,-0.34
2772,2864,-92.357421875,-3.33
2557,2610,-53.11572265625,-2.08
2619,2600,18.079833984375,0.69
2690,2711,-21.0185546875,-0.78
2732,2785,-53.76904296875,-1.97
2250,2390,-140.613525390625,-6.25
2559,2425,133.40625,5.21
2531,2611,-80.22119140625,-3.17
2564,2654,-90.4443359375,-3.53
2839,2777,61.538818359375,2.17
2524,2683,-159.39453125,-6.31
2913,2802,110.41845703125,3.79
2308,2422,-114.530517578125,-4.96
2422,2457,-35.844970703125,-1.48
2440,2570,-130.87353515625,-5.36
2474,2553,-79.71875,-3.22
2363,2386,-23.634765625,-1.0
2992,2812,179.0029296875,5.98
2745,2726,18.661376953125,0.68
2306,2398,-92.389404296875,-4.0
2544,2429,114.268310546875,4.49
2529,2712,-183.838623046875,-7.27
2382,2586,-204.02099609375,-8.56
2823,2821,1.704833984375,0.06
2764,2728,35.81689453125,1.3
2774,2758,15.786376953125,0.57
2308,2433,-125.330322265625,-5.43
2554,2501,52.781494140625,2.07
2636,2745,-109.396728515625,-4.15
3128,3050,77.290283203125,2.47
2942,2923,18.72509765625,0.64
2468,2622,-154.8994140625,-6.27
2722,2676,45.58837890625,1.67
2359,2437,-78.667236328125,-3.33
2447,2382,64.31982421875,2.63
2720,2816,-96.5,-3.55
2266,2291,-25.063720703125,-1.11
2810,2668,141.75537109375,5.04
2610,2759,-149.180419921875,-5.71
2617,2583,33.2001953125,1.27
2164,2248,-84.848876953125,-3.92
2165,2126,38.325927734375,1.77
2415,2331,83.833984375,3.47
2884,2723,160.27294921875,5.56
2892,3021,-129.765625,-4.49
2788,2910,-122.348876953125,-4.39
2973,3065,-92.400634765625,-3.11
2281,2430,-149.501708984375,-6.55
2303,2405,-102.091796875,-4.43
2454,2592,-138.4189453125,-5.64
2574,2536,37.3681640625,1.45
2351,2431,-80.70849609375,-3.43
2610,2555,54.642578125,2.09
3037,2872,164.6220703125,5.42
2744,2774,-30.5927734375,-1.11
2875,2731,143.406982421875,4.99
3425,3361,63.778564453125,1.86
3273,3229,43.34326171875,1.32
3265,3414,-149.63671875,-4.58
3265,3185,79.83642578125,2.44
3306,3241,64.216064453125,1.94
3026,2997,28.9140625,0.96
2951,2961,-10.489990234375,-0.36
3089,3053,35.68701171875,1.15
2896,2884,11.738037109375,0.41
2586,2723,-137.095703125,-5.3
2612,2738,-126.4169921875,-4.84
2674,2628,45.258056640625,1.69
2123,2140,-17.25537109375,-0.81
2382,2247,134.5537109375,5.65
2394,2436,-42.002197265625,-1.75
2776,2673,102.175048828125,3.68
2606,2713,-107.234375,-4.11
2678,2631,46.587646484375,1.74
2906,2795,110.1884765625,3.79
2420,2572,-152.773681640625,-6.31
2450,2426,23.47998046875,0.96
2786,2915,-129.577392578125,-4.65
2738,2726,11.525634765625,0.42
2536,2674,-138.10205078125,-5.44
2870,2828,41.85107421875,1.46
2823,2880,-57.64208984375,-2.04
2249,2346,-97.715576171875,-4.34
2273,2230,42.836669921875,1.88
2584,2529,54.53466796875,2.11
2606,2565,40.5693359375,1.56
2722,2683,38.553955078125,1.42
3029,2828,200.769775390625,6.63
2842,2759,82.50537109375,2.9
2484,2534,-50.960693359375,-2.05
2393,2427,-34.180908203125,-1.43
2679,2623,55.0048828125,2.05
2579,2579,-0.879638671875,-0.03
2808,2683,124.132568359375,4.42
2746,2679,66.109375,2.41
2614,2662,-48.35107421875,-1.85
2375,2404,-29.341796875,-1.23
2369,2365,3.030029296875,0.13
2753,2807,-54.282958984375,-1.97
2940,2879,60.000732421875,2.04
2720,2853,-133.011474609375,-4.89
2963,2877,85.507080078125,2.88
2535,2672,-137.90771484375,-5.44
2341,2379,-38.471435546875,-1.64
2331,2285,45.556640625,1.95
2624,2599,24.484130859375,0.93
2625,2593,31.4580078125,1.2
2648,2633,14.064208984375,0.53
2635,2582,52.454833984375,1.99
2920,2910,9.199951171875,0.31
2415,2476,-61.44091796875,-2.54
2378,2434,-56.21142578125,-2.36
2735,2790,-55.64501953125,-2.03
2873,2895,-22.97412109375,-0.8
3262,3208,53.995849609375,1.65
2816,2932,-116.128173828125,-4.12
2610,2675,-65.17919921875,-2.5
2346,2275,70.978759765625,3.02
2486,2396,89.9755859375,3.62
2794,2806,-12.078369140625,-0.43
2464,2565,-101.99365234375,-4.14
2634,2515,118.07373046875,4.48
2645,2689,-44.806396484375,-1.69
2653,2679,-26.616455078125,-1.0
2616,2549,66.754638671875,2.55
2390,2444,-54.1689453125,-2.27
2398,2527,-129.957763671875,-5.42
2462,2505,-43.66748046875,-1.77
2781,2739,41.92724609375,1.51
2584,2557,26.09716796875,1.01
3013,2874,138.43603515625,4.59
2686,2572,113.5986328125,4.23
2419,2557,-138.609130859375,-5.73
2784,2817,-33.022705078125,-1.19
3102,2995,106.0224609375,3.42
2962,3001,-39.675048828125,-1.34
2972,3090,-118.470947265625,-3.98
2766,2845,-79.81982421875,-2.88
2542,2571,-29.015625,-1.14
2433,2554,-121.43408203125,-4.99
2930,3009,-79.871337890625,-2.73
2679,2712,-33.474609375,-1.25
2825,2765,59.236083984375,2.1
2959,2897,61.963134765625,2.09
2926,2801,124.356201171875,4.25
2776,2710,65.145751953125,2.35
2425,2577,-152.014892578125,-6.27
2686,2663,22.151123046875,0.82
2933,2914,18.27880859375,0.62
2802,2894,-92.060302734375,-3.28
2839,2879,-40.448974609375,-1.42
2748,2755,-7.112548828125,-0.26
2473,2493,-20.052734375,-0.81
2455,2465,-10.305908203125,-0.42
2723,2724,-1.039794921875,-0.04
2970,2870,99.719970703125,3.36
3204,3195,8.786376953125,0.27
2914,3105,-191.28466796875,-6.56
2771,2846,-75.208251953125,-2.71
2671,2670,0.332275390625,0.01
2558,2575,-17.488525390625,-0.68
2794,2829,-35.13818359375,-1.26
2769,2765,3.83740234375,0.14
2736,2709,26.929443359375,0.98
3084,2919,164.315673828125,5.33
3130,3016,113.70703125,3.63
2421,2461,-40.78515625,-1.68
2416,2439,-23.109619140625,-0.96
2764,2777,-13.708740234375,-0.5
3098,2999,98.23046875,3.17
2869,2949,-80.70947265625,-2.81
2692,2727,-35.67626953125,-1.32
2786,2738,47.84619140625,1.72
2462,2462,-0.186279296875,-0.01
2407,2410,-3.31787109375,-0.14
2989,2839,149.977294921875,5.02
2570,2633,-63.099853515625,-2.45
2712,2706,5.591064453125,0.21
2965,2829,135.0244140625,4.55
2933,2907,25.565673828125,0.87
2717,2678,38.7626953125,1.43
2556,2620,-64.907470703125,-2.54
2416,2618,-202.537841796875,-8.38
2806,2792,13.25146484375,0.47
2878,2932,-54.35595703125,-1.89
2869,2797,71.573974609375,2.49
3144,2990,153.833740234375,4.89
2656,2551,104.47314453125,3.93
2375,2408,-33.583251953125,-1.41
2727,2781,-54.82470703125,-2.01
2880,2822,57.846435546875,2.01
2809,2897,-88.66845703125,-3.16
2869,2820,48.298828125,1.68
2735,2741,-6.77294921875,-0.25
2323,2244,78.888916015625,3.39
2207,2133,73.818359375,3.34
2951,2859,91.53076171875,3.1
2980,2918,61.843994140625,2.07
2766,2816,-50.5107421875,-1.83
2728,2605,122.5859375,4.49
2717,2751,-34.316650390625,-1.26
2215,2299,-84.96630859375,-3.83
2257,2394,-137.925537109375,-6.11
3742,3647,94.870361328125,2.53
3765,3702,62.078857421875,1.65
3730,3854,-124.650146484375,-3.34
4199,3958,240.685302734375,5.73
3707,4243,-536.873046875,-14.48
3305,3316,-11.966552734375,-0.36
3654,3397,256.672119140625,7.02
4230,4065,164.078125,3.88
3822,4092,-270.3330078125,-7.07
3679,3848,-169.950439453125,-4.62
3837,3666,170.650390625,4.45
2949,3218,-269.648193359375,-9.14
2328,2324,3.11279296875,0.13
2503,2298,204.67626953125,8.17
2789,2726,62.39111328125,2.24
2658,2656,1.957275390625,0.07
3036,2907,128.505126953125,4.23
2955,2907,47.827392578125,1.62
2939,2953,-14.2041015625,-0.48
2488,2592,-104.756591796875,-4.21
2508,2580,-72.282958984375,-2.88
2955,2964,-9.457763671875,-0.32
2654,2882,-228.6611328125,-8.61
3056,2939,116.523193359375,3.81
2933,2948,-15.66357421875,-0.53
2646,2757,-111.938720703125,-4.23
2573,2570,2.970703125,0.12
2958,2890,67.920654296875,2.3
3174,3096,77.94482421875,2.45
3040,3107,-67.83056640625,-2.23
3298,3087,210.915283203125,6.39
3360,3084,275.3974609375,8.19
3251,3199,51.71875,1.59
2544,2609,-65.535400390625,-2.58
2703,2673,29.795654296875,1.1
3346,3209,136.3916015625,4.08
2950,3010,-60.923095703125,-2.06
2589,2699,-110.749755859375,-4.28
2617,2561,55.607421875,2.12
2711,2627,83.95068359375,3.1
2050,2155,-105.05126953125,-5.12
2321,2220,100.359375,4.32
2753,2597,155.260009765625,5.64
2535,2577,-42.479248046875,-1.68
2813,2788,24.39111328125,0.87
2773,2808,-35.307861328125,-1.27
2629,2569,59.699462890625,2.27
2215,2414,-199.73974609375,-9.01
2048,2183,-135.79541015625,-6.63
2731,2571,159.79833984375,5.85
2785,2767,17.501220703125,0.63
3040,2943,96.628662109375,3.18
2319,2523,-204.721923828125,-8.82
2698,2542,155.851806640625,5.77
2454,2494,-40.00927734375,-1.63
3321,3233,87.132080078125,2.62
3673,3673,-0.68701171875,-0.02
3255,3497,-242.358154296875,-7.44
3404,3161,242.34912109375,7.12
3700,3599,100.7197265625,2.72
3432,3550,-118.33447265625,-3.45
3222,2923,298.162841796875,9.25
2915,2717,197.219482421875,6.76
4440,3892,547.80517578125,12.34
3607,4193,-586.583984375,-16.26
3783,3555,227.630859375,6.02
2578,2967,-389.906494140625,-15.12
2919,2842,76.329345703125,2.61
2428,2400,27.85986328125,1.15
2240,2308,-68.376953125,-3.05
2612,2775,-163.863525390625,-6.27
2767,2678,88.748779296875,3.21
2340,2458,-118.952392578125,-5.08
2691,2652,38.115478515625,1.42
2858,2734,123.0859375,4.31
2552,2533,18.792236328125,0.74
2469,2565,-96.146240234375,-3.89
2748,2873,-125.484375,-4.56
2685,2778,-93.0302734375,-3.46
2797,2846,-49.22705078125,-1.76
2559,2587,-28.84130859375,-1.13
2670,2528,141.926025390625,5.31
2225,2340,-115.2890625,-5.18
2289,2245,43.07666015625,1.88
2713,2646,66.534912109375,2.45
2636,2566,69.870361328125,2.65
2809,2686,122.92822265625,4.37
2912,2815,96.3134765625,3.31
2663,2680,-17.93359375,-0.67
2341,2434,-93.1064453125,-3.98
2419,2435,-16.474365234375,-0.68
2713,2571,141.10400390625,5.2
2813,2709,103.59716796875,3.68
2753,2681,71.801513671875,2.61
2553,2485,67.620361328125,2.65
2289,2405,-116.34033203125,-5.08
2446,2410,35.422607421875,1.45
2389,2380,8.204833984375,0.34
2788,2782,5.398193359375,0.19
2931,2880,50.959228515625,1.74
2896,2923,-27.363525390625,-0.94
2630,2738,-108.02685546875,-4.11
2871,2954,-83.047119140625,-2.89
2163,2271,-108.22607421875,-5.0
2600,2490,109.605224609375,4.21
2793,2784,8.255615234375,0.3
2925,2809,115.915283203125,3.96
2718,2727,-9.169189453125,-0.34
2740,2761,-21.406005859375,-0.78
2815,2721,93.60546875,3.32
2611,2764,-153.1748046875,-5.86
2513,2554,-41.18408203125,-1.64
2798,2868,-70.087646484375,-2.5
2780,2783,-3.739501953125,-0.13
2794,2799,-5.718994140625,-0.2
2675,2708,-33.38427734375,-1.25
3621,3431,189.955810546875,5.24
3079,3229,-150.363525390625,-4.88
2831,2930,-99.29248046875,-3.51
3153,3147,5.18798828125,0.16
3091,3108,-17.8681640625,-0.58
7843,6919,923.85595703125,11.78
7836,7747,88.6162109375,1.13
7128,7122,5.36474609375,0.08
6240,6282,-42.9189453125,-0.69
6047,6460,-413.134765625,-6.83
7854,7944,-90.03857421875,-1.15
5501,6441,-940.4091796875,-17.09
6111,5960,150.9482421875,2.47
5850,5932,-82.84619140625,-1.42
5697,5719,-22.36767578125,-0.39
5307,5163,143.65869140625,2.71
5333,5137,195.93505859375,3.67
6260,5939,320.53076171875,5.12
6355,6354,0.78076171875,0.01
5970,6023,-53.017578125,-0.89
5507,5664,-157.18994140625,-2.85
6120,5994,125.78955078125,2.06
5310,5367,-57.10400390625,-1.08
5225,5312,-87.78125,-1.68
5502,5572,-70.82763671875,-1.29
6096,5905,190.40283203125,3.12
6199,6064,134.8505859375,2.18
5841,6081,-240.14453125,-4.11
5681,5750,-69.744140625,-1.23
5922,5580,341.0966796875,5.76
5324,5601,-277.56396484375,-5.21
5842,6046,-204.3037109375,-3.5
6029,6035,-6.115234375,-0.1
6126,6072,53.625,0.88
5820,5968,-148.83984375,-2.56
5591,5698,-107.84033203125,-1.93
5083,4891,191.8701171875,3.77
5554,5137,416.46728515625,7.5
6190,6100,89.7724609375,1.45
5801,5890,-89.56591796875,-1.54
5070,5210,-140.60595703125,-2.77
5497,5260,236.59912109375,4.3
5469,5459,9.234375,0.17
5594,5365,228.26611328125,4.08
5746,5445,300.42626953125,5.23
5803,5873,-70.12109375,-1.21
5947,5860,86.708984375,1.46
6402,6211,190.66552734375,2.98
6537,6345,191.95654296875,2.94
6134,6265,-131.3974609375,-2.14
5317,5255,61.79736328125,1.16
5350,5214,135.416015625,2.53
5987,5992,-5.27392578125,-0.09
6377,6204,172.74267578125,2.71
5570,5636,-66.75341796875,-1.2
6116,5848,267.93994140625,4.38
6792,6321,470.32373046875,6.92
5552,5677,-125.74072265625,-2.26
4631,4892,-261.5654296875,-5.65
6168,5657,510.85595703125,8.28
5895,5787,107.390625,1.82
6239,6224,14.4052734375,0.23
6008,6054,-46.69873046875,-0.78
5676,5370,305.361328125,5.38
5197,5130,66.107421875,1.27
5360,5504,-144.1474609375,-2.69
6444,6274,169.19580078125,2.63
5855,5922,-67.85986328125,-1.16
5580,5489,90.2021484375,1.62
6066,5939,126.62646484375,2.09
4957,5416,-459.2421875,-9.26
5739,5275,463.02001953125,8.07
5207,5292,-85.69384765625,-1.65
5983,5705,277.9013671875,4.64
5228,5382,-154.3310546875,-2.95
6138,5796,341.5341796875,5.56
5816,5713,102.3115234375,1.76
5922,5985,-63.30810546875,-1.07
5754,5382,371.337890625,6.45
5188,5197,-9.40234375,-0.18
6098,5872,225.1142578125,3.69
5536,5921,-385.77099609375,-6.97
5865,5745,119.76318359375,2.04
6020,5928,91.75537109375,1.52
6611,6414,196.73681640625,2.98
5169,5182,-13.591796875,-0.26
5181,5068,112.84521484375,2.18
5775,5666,108.89453125,1.89
6253,6288,-35.6787109375,-0.57
7571,7201,369.900390625,4.89
6853,7003,-150.20947265625,-2.19
6951,6680,270.3857421875,3.89
6522,6760,-238.59912109375,-3.66
6010,6341,-331.26904296875,-5.51
7471,7945,-474.2607421875,-6.35
17930,18167,-237.16015625,-1.32
20072,19853,218.83984375,1.09
16222,16065,156.0263671875,0.96
18557,18471,85.751953125,0.46
21602,21402,199.05078125,0.92
18206,18425,-219.3359375,-1.2
11060,11215,-155.2333984375,-1.4
16526,16227,298.7431640625,1.81
17475,17015,459.912109375,2.63
16917,16821,95.64453125,0.57
18117,17493,623.06640625,3.44
16925,17694,-769.66796875,-4.55
15773,15697,75.966796875,0.48
17557,17657,-100.21875,-0.57
18323,18534,-211.560546875,-1.15
22169,21892,276.11328125,1.25
20338,20325,12.71484375,0.06
16632,16638,-6.013671875,-0.04
15599,15555,43.0126953125,0.28
14306,14885,-579.099609375,-4.05
15311,15185,125.501953125,0.82
17523,17581,-58.275390625,-0.33
19974,19230,743.13671875,3.72
20094,19373,720.43359375,3.59
20069,19457,611.87890625,3.05
18633,18875,-242.986328125,-1.3
16062,17576,-1514.34375,-9.43
19764,19295,468.478515625,2.37
20694,20626,67.24609375,0.32
20399,20213,185.46484375,0.91
26407,25808,598.625,2.27
20557,20564,-7.513671875,-0.04
26589,26005,583.041015625,2.19
15745,17451,-1706.224609375,-10.84
21674,21522,151.826171875,0.7
18396,18169,226.16796875,1.23
19889,20403,-514.859375,-2.59
20675,20692,-17.875,-0.09
18277,18737,-460.875,-2.52
19122,19003,118.98828125,0.62
20208,20191,16.814453125,0.08
17732,17565,166.453125,0.94
16312,16503,-191.5859375,-1.17
19467,19649,-182.357421875,-0.94
19681,19191,489.1640625,2.49
20598,20447,150.99609375,0.73
19071,18893,177.330078125,0.93
19281,19005,275.984375,1.43
17298,17223,74.59765625,0.43
16564,16946,-382.486328125,-2.31
18785,18810,-25.791015625,-0.14
21295,20965,329.24609375,1.55
19072,18981,90.814453125,0.48
20124,20079,44.041015625,0.22
20576,20343,232.931640625,1.13
17049,17163,-114.486328125,-0.67
17442,17695,-253.22265625,-1.45
18358,18602,-244.44140625,-1.33
18650,18566,83.0390625,0.45
21147,20947,199.861328125,0.95
18424,18471,-47.884765625,-0.26
18580,18484,95.236328125,0.51
16837,16704,132.8046875,0.79
15591,15951,-360.439453125,-2.31
17946,18251,-305.994140625,-1.7
19378,19110,267.455078125,1.38
19882,19601,280.26171875,1.41
20129,20179,-50.267578125,-0.25
21192,21016,175.283203125,0.83
17585,17644,-59.76171875,-0.34
16374,16628,-254.048828125,-1.55
20596,20688,-92.095703125,-0.45
18988,19078,-90.6015625,-0.48
20603,20648,-45.265625,-0.22
19609,19870,-261.033203125,-1.33
18645,18658,-13.55078125,-0.07
17706,17650,55.861328125,0.32
17565,17713,-148.859375,-0.85
20755,20764,-9.216796875,-0.04
22085,21757,327.810546875,1.48
19462,19300,161.6328125,0.83
19867,19929,-62.61328125,-0.32
18750,19130,-380.6953125,-2.03
14947,15096,-149.4072265625,-1.0
16772,16625,146.17578125,0.87
19896,19868,27.234375,0.14
18744,18450,293.916015625,1.57
18963,19130,-167.298828125,-0.88
17831,17842,-11.146484375,-0.06
21522,20870,651.703125,3.03
16477,16824,-347.85546875,-2.11
17248,17453,-205.037109375,-1.19
19354,19585,-231.6640625,-1.2
17469,17571,-102.236328125,-0.59
19637,19642,-5.494140625,-0.03
20558,20756,-198.9375,-0.97
19745,19709,35.68359375,0.18
18326,18207,118.62109375,0.65
18089,17965,123.75,0.68
19638,19798,-160.705078125,-0.82
18506,18839,-333.244140625,-1.8
18007,18148,-141.75,-0.79
21120,20997,122.6484375,0.58
20979,20700,278.74609375,1.33
19335,18822,512.236328125,2.65
17557,17391,165.478515625,0.94
16384,16554,-170.67578125,-1.04
19251,19341,-90.01171875,-0.47
18067,18523,-456.58984375,-2.53
20961,20357,603.060546875,2.88
19322,19248,73.416015625,0.38
17475,17126,348.69921875,2.0
17465,17373,91.26171875,0.52
17471,18423,-952.201171875,-5.45
20971,20678,292.318359375,1.39
21144,21019,124.1015625,0.59
18066,18048,17.65625,0.1
19478,19567,-89.0234375,-0.46
16361,16253,107.0908203125,0.65
15389,15390,-1.26171875,-0.01
19160,19579,-419.810546875,-2.19
18202,18054,147.34375,0.81
18614,18352,261.419921875,1.4
18856,18850,5.099609375,0.03
25592,24659,932.931640625,3.65
20778,20427,350.943359375,1.69
20657,20683,-26.12109375,-0.13
20578,21040,-462.603515625,-2.25
22273,22792,-519.71484375,-2.33
20799,21028,-229.73046875,-1.1
25237,25113,123.21484375,0.49
25478,24249,1228.974609375,4.82
19451,19425,25.244140625,0.13
20814,20770,43.419921875,0.21
24179,23901,277.20703125,1.15
19775,20313,-538.650390625,-2.72
19734,20198,-464.048828125,-2.35
19488,19273,214.07421875,1.1
20509,20221,287.158203125,1.4
17373,17628,-255.80078125,-1.47
16230,15958,271.7939453125,1.67
19065,18699,365.984375,1.92
18624,18546,77.021484375,0.41
19898,19991,-93.46875,-0.47
18695,18762,-67.55859375,-0.36
19072,19085,-13.638671875,-0.07
17080,16871,208.708984375,1.22
17026,17036,-10.533203125,-0.06
20001,19987,13.794921875,0.07
20150,20097,52.82421875,0.26
19119,19151,-32.017578125,-0.17
19753,19721,31.263671875,0.16
19063,19167,-104.72265625,-0.55
17622,17562,59.833984375,0.34
17025,16876,148.384765625,0.87
18342,18617,-275.115234375,-1.5
21770,21246,523.130859375,2.4
19994,19951,42.673828125,0.21
17748,17911,-163.98046875,-0.92
21120,20807,312.810546875,1.48
17656,17376,279.84765625,1.58
17789,17534,254.47265625,1.43
18995,19234,-239.439453125,-1.26
19495,19276,218.267578125,1.12
17535,17825,-290.541015625,-1.66
18686,18835,-149.248046875,-0.8
22512,22059,452.201171875,2.01
16742,16800,-58.8359375,-0.35
16497,16301,195.224609375,1.18
19672,19892,-220.87109375,-1.12
19771,19832,-61.876953125,-0.31
18522,19009,-487.111328125,-2.63
20635,20801,-166.326171875,-0.81
18791,18326,464.08203125,2.47
18906,18719,186.12890625,0.98
18506,18300,205.833984375,1.11
18952,18999,-47.095703125,-0.25
18873,18718,154.04296875,0.82
18198,18461,-263.91796875,-1.45
20419,20137,281.275390625,1.38
20897,20797,99.373046875,0.48
17500,17372,127.462890625,0.73
20792,20014,777.625,3.74
22763,22691,71.55078125,0.31
20709,20987,-278.99609375,-1.35
20177,20401,-224.69921875,-1.11
18337,18586,-249.77734375,-1.36
21290,21374,-84.611328125,-0.4
16486,16687,-201.00390625,-1.22
18266,17789,476.185546875,2.61
19147,18817,329.43359375,1.72
21421,20792,628.12890625,2.93
19117,19092,24.083984375,0.13
23570,23274,295.716796875,1.25
22902,22683,218.5078125,0.95
18910,19317,-407.498046875,-2.15
18621,18524,96.71484375,0.52
21795,22343,-548.990234375,-2.52
19621,20025,-404.783203125,-2.06
23963,24219,-256.2734375,-1.07
19640,19367,272.787109375,1.39
21090,21312,-222.25,-1.05
20328,20242,85.14453125,0.42
18988,19448,-460.349609375,-2.42
21715,21610,104.396484375,0.48
21289,21320,-31.388671875,-0.15
19189,19527,-338.498046875,-1.76
23877,24105,-228.16796875,-0.96
21352,21500,-148.296875,-0.69
21554,21135,418.279296875,1.94
19649,19486,162.357421875,0.83
26146,25493,652.220703125,2.49
20160,19996,163.46484375,0.81
20284,20621,-337.541015625,-1.66
21977,22007,-30.1484375,-0.14
20771,21072,-301.162109375,-1.45
21389,21049,339.41015625,1.59
20800,20872,-72.734375,-0.35
20062,20198,-136.4375,-0.68
22470,22210,259.521484375,1.15
22827,22821,5.283203125,0.02
22951,22935,15.107421875,0.07
19427,19598,-171.21484375,-0.88
18615,17963,651.708984375,3.5
17029,16865,163.21875,0.96
21417,21669,-252.732421875,-1.18
22936,22838,97.642578125,0.43
22115,21920,194.08203125,0.88
22872,22840,31.404296875,0.14
21692,21821,-129.115234375,-0.6
20284,20069,214.8828125,1.06
18161,18321,-160.9609375,-0.89
19320,19460,-140.875,-0.73
18693,18812,-119.814453125,-0.64
20667,20590,76.619140625,0.37
22324,22343,-19.359375,-0.09
21991,21931,59.734375,0.27
19127,18443,683.40625,3.57
19742,19260,481.9609375,2.44
23322,23326,-4.646484375,-0.02
22668,23098,-430.484375,-1.9
23208,22641,566.06640625,2.44
21034,21023,10.076171875,0.05
25578,25522,55.044921875,0.22
21690,21667,22.619140625,0.1
21314,21288,25.798828125,0.12
22268,22069,198.0234375,0.89
17916,18290,-374.388671875,-2.09
22721,23196,-475.3125,-2.09
19712,19642,69.451171875,0.35
19780,19051,728.357421875,3.68
19681,19413,267.359375,1.36
20178,20004,173.08984375,0.86
23588,23692,-104.697265625,-0.44
22299,22984,-685.3203125,-3.07
21292,21236,55.556640625,0.26
21886,21856,29.73046875,0.14
22760,22710,49.11328125,0.22
18831,18808,22.453125,0.12
17652,17583,68.578125,0.39
22549,22430,118.119140625,0.52
21972,22003,-31.912109375,-0.15
23171,22863,307.701171875,1.33
20932,21149,-217.86328125,-1.04
24154,24318,-164.193359375,-0.68
19709,19473,235.251953125,1.19
16810,17221,-411.548828125,-2.45
22563,22498,64.9296875,0.29
19533,20299,-766.484375,-3.92
23028,22544,483.1640625,2.1
19641,19786,-145.015625,-0.74
24860,24212,647.669921875,2.61
17789,18002,-213.21484375,-1.2
20410,20121,288.51171875,1.41
27324,27059,264.083984375,0.97
25755,25013,741.69140625,2.88
29740,28462,1277.677734375,4.3
29783,30143,-360.240234375,-1.21
27307,27953,-646.830078125,-2.37
21119,21799,-680.82421875,-3.22
25118,25139,-21.814453125,-0.09
27734,27486,247.326171875,0.89
29589,29345,243.87890625,0.82
23893,24988,-1095.439453125,-4.58
25582,25215,366.544921875,1.43
20597,20627,-30.87109375,-0.15
20251,20482,-231.931640625,-1.15
17880,17131,748.33203125,4.19
20377,20376,0.609375,0.0
22495,21621,873.4140625,3.88
21081,21056,24.009765625,0.11
21709,21191,517.986328125,2.39
22877,22945,-68.732421875,-0.3
18496,18795,-299.9375,-1.62
21794,21588,205.501953125,0.94
21118,21240,-122.935546875,-0.58
21540,21875,-335.7421875,-1.56
20930,20968,-38.15625,-0.18
24902,24763,138.79296875,0.56
19182,19160,21.45703125,0.11
19883,19998,-115.642578125,-0.58
21943,21005,937.865234375,4.27
22688,22904,-216.6796875,-0.95
23196,23639,-443.42578125,-1.91
23621,23658,-37.58203125,-0.16
24267,23413,853.30859375,3.52
24120,23878,241.33203125,1.0
20512,21010,-498.337890625,-2.43
20804,20746,57.537109375,0.28
22834,23013,-179.107421875,-0.78
24322,23981,340.32421875,1.4
20263,20046,216.78125,1.07
18437,18351,85.583984375,0.46
21973,21481,491.7265625,2.24
18522,18656,-134.8203125,-0.73
16689,16654,34.37109375,0.21
18774,18624,149.337890625,0.8
18922,18882,39.703125,0.21
18469,18559,-90.9140625,-0.49
17375,17711,-336.65625,-1.94
22208,21435,772.451171875,3.48
18119,18182,-63.42578125,-0.35
17208,17326,-118.66796875,-0.69
22149,21709,439.90234375,1.99
19210,19294,-84.828125,-0.44
20047,20172,-125.556640625,-0.63
19264,19477,-213.755859375,-1.11
19482,19619,-137.177734375,-0.7
16527,16459,67.107421875,0.41
25713,25666,46.216796875,0.18
29281,27870,1410.2265625,4.82
24889,25838,-949.86328125,-3.82
28739,28066,672.365234375,2.34
25320,26331,-1011.728515625,-4.0
24832,25109,-277.068359375,-1.12
23785,23641,143.345703125,0.6
21381,20648,732.634765625,3.43
24754,24384,369.349609375,1.49
24346,24789,-443.91796875,-1.82
25481,24029,1451.92578125,5.7
20892,20607,284.998046875,1.36
20211,20075,135.150390625,0.67
16466,16504,-38.365234375,-0.23
16741,16321,419.1455078125,2.5
20936,20531,404.88671875,1.93
17480,18334,-854.310546875,-4.89
19931,19681,249.484375,1.25
18796,18813,-17.029296875,-0.09
20864,20820,43.24609375,0.21
15995,16254,-259.7509765625,-1.62
18032,17758,273.279296875,1.52
18639,18577,61.95703125,0.33
20189,20283,-94.58203125,-0.47
19926,19763,162.828125,0.82
20452,20307,144.759765625,0.71
20331,20243,87.94921875,0.43
16811,16975,-164.353515625,-0.98
18150,18067,82.82421875,0.46
20019,20053,-34.75390625,-0.17
18499,18498,0.26953125,0.0
16717,16388,328.31640625,1.96
18287,18159,127.837890625,0.7
18171,18114,56.734375,0.31
17223,17148,74.58203125,0.43
17485,17310,174.84765625,1.0
20666,20281,384.5234375,1.86
19736,19503,232.794921875,1.18
20474,20332,141.298828125,0.69
19049,19231,-182.18359375,-0.96
19791,19778,12.142578125,0.06
17463,17528,-65.29296875,-0.37
17791,17856,-65.578125,-0.37
19946,19928,17.072265625,0.09
18219,18235,-16.16015625,-0.09
21558,20979,578.462890625,2.68
19351,19483,-132.146484375,-0.68
20210,20221,-11.158203125,-0.06
16888,16680,207.9765625,1.23
16110,16247,-137.0556640625,-0.85
18038,18369,-331.94921875,-1.84
21309,21014,294.9765625,1.38
19085,19105,-20.353515625,-0.11
20115,20068,46.232421875,0.23
20048,19879,168.494140625,0.84
19184,18868,315.083984375,1.64
15587,15806,-219.572265625,-1.41
20329,20209,119.896484375,0.59
18640,18492,147.84375,0.79
20656,20594,61.603515625,0.3
18237,18468,-231.62890625,-1.27
24945,24078,866.099609375,3.47
21443,20883,559.095703125,2.61
20012,20414,-402.8359375,-2.01
23598,23383,214.412109375,0.91
21861,21666,194.89453125,0.89
22238,21947,290.310546875,1.31
25474,25601,-127.0625,-0.5
27111,26040,1070.291015625,3.95
25167,24079,1087.212890625,4.32
22742,22781,-39.33203125,-0.17
28441,27469,971.421875,3.42
21281,22223,-942.892578125,-4.43
19760,20473,-713.76171875,-3.61
20963,20740,222.11328125,1.06
18738,19009,-271.142578125,-1.45
17836,17396,439.89453125,2.47
18633,18226,406.943359375,2.18
21318,21032,285.23046875,1.34
20312,20156,155.8359375,0.77
19495,19667,-172.7421875,-0.89
21522,21344,177.201171875,0.82
19275,19557,-282.537109375,-1.47
16608,16467,140.759765625,0.85
18516,18102,413.724609375,2.23
19823,19725,97.240234375,0.49
21358,21115,242.623046875,1.14
19989,20107,-118.6875,-0.59
18475,18593,-118.65625,-0.64
20828,20609,218.099609375,1.05
17473,17583,-110.03515625,-0.63
16958,16852,105.89453125,0.62
20944,21132,-188.78515625,-0.9
20757,20637,119.34765625,0.57
20210,20021,188.65234375,0.93
19587,19668,-81.78125,-0.42
19989,19840,148.37109375,0.74
17448,17435,12.12109375,0.07
18329,18195,133.220703125,0.73
19154,18959,194.7265625,1.02
21052,20830,221.111328125,1.05
18714,18662,51.400390625,0.27
19196,19330,-134.34765625,-0.7
21644,21370,273.4296875,1.26
18882,18742,139.05859375,0.74
17530,17384,145.494140625,0.83
21224,21362,-138.908203125,-0.65
20418,20337,80.578125,0.39
19610,19705,-95.546875,-0.49
21131,21493,-362.587890625,-1.72
20547,20585,-38.208984375,-0.19
18151,18184,-33.80078125,-0.19
15610,15689,-79.9013671875,-0.51
22383,21624,758.013671875,3.39
17496,17532,-36.0390625,-0.21
20019,20316,-297.859375,-1.49
20904,20656,247.005859375,1.18
18020,18189,-169.74609375,-0.94
17981,18032,-51.30859375,-0.29
13373,14407,-1034.736328125,-7.74
19001,18391,609.666015625,3.21
18787,18944,-157.353515625,-0.84
20983,20757,225.41796875,1.07
19467,19072,394.533203125,2.03
20572,20642,-70.421875,-0.34
17842,17496,345.4375,1.94
17361,18167,-806.119140625,-4.64
22729,22270,458.953125,2.02
18341,18954,-613.791015625,-3.35
18209,17947,261.634765625,1.44
20916,20828,87.068359375,0.42
20274,20322,-48.658203125,-0.24
19122,19033,88.26171875,0.46
17874,17817,56.869140625,0.32
19528,19301,226.232421875,1.16
20505,20119,385.234375,1.88
19177,19181,-4.861328125,-0.03
20422,20583,-161.9296875,-0.79
22099,21965,133.064453125,0.6
18398,18223,174.939453125,0.95
18438,18280,157.638671875,0.85
23071,22920,150.673828125,0.65
20846,21233,-387.4765625,-1.86
18262,18684,-422.349609375,-2.31
19329,19398,-69.150390625,-0.36
19431,19675,-244.6640625,-1.26
16611,16710,-99.8125,-0.6
18489,18467,21.4140625,0.12
19259,18806,452.107421875,2.35
21275,20922,352.708984375,1.66
22740,22530,209.53125,0.92
23425,23349,75.888671875,0.32
22932,22925,6.359375,0.03
21052,21249,-197.697265625,-0.94
22246,22031,214.21875,0.96
25738,25046,691.57421875,2.69
5488,6216,-728.224609375,-13.27
4149,4531,-382.775390625,-9.22
4423,4544,-121.93896484375,-2.76
4965,4821,143.93701171875,2.9
4298,4339,-41.1005859375,-0.96
5228,4952,275.76953125,5.27
4163,4392,-229.13818359375,-5.5
4265,3954,310.54931640625,7.28
4223,4255,-32.83154296875,-0.78
5040,4992,47.4892578125,0.94
4845,4749,95.32568359375,1.97
5063,5026,36.88134765625,0.73
4977,4765,211.00634765625,4.24
4647,4849,-202.62939453125,-4.36
3961,3901,59.1494140625,1.49
3844,3847,-3.222900390625,-0.08
4909,4568,340.025390625,6.93
4650,4691,-41.80859375,-0.9
4834,4624,209.12548828125,4.33
4829,4649,179.0439453125,3.71
4575,4588,-13.04541015625,-0.29
4593,4628,-35.3740234375,-0.77
3691,3902,-211.480224609375,-5.73
4843,4564,278.2626953125,5.74
4594,4598,-4.3310546875,-0.09
4150,4129,20.283203125,0.49
4820,4682,137.8984375,2.86
4762,4722,39.1484375,0.82
3836,3733,102.07568359375,2.66
4142,4197,-55.4345703125,-1.34
4489,4373,115.712890625,2.58
4409,4488,-79.52734375,-1.8
5012,5019,-7.26220703125,-0.14
4392,4357,34.19287109375,0.78
5092,5010,81.8740234375,1.61
4213,4443,-230.40478515625,-5.47
3736,3929,-193.0537109375,-5.17
4657,4583,73.3564453125,1.57
4516,4555,-39.5146484375,-0.87
4281,4180,100.0029296875,2.34
4807,4788,18.2431640625,0.38
4541,4369,171.072265625,3.77
4126,4157,-31.43798828125,-0.76
4293,4451,-158.18603515625,-3.68
4208,4454,-246.73828125,-5.86
4152,4335,-183.4912109375,-4.42
4659,4711,-52.4716796875,-1.13
4752,4698,53.9423828125,1.13
4902,4791,110.740234375,2.26
4559,4631,-72.888671875,-1.6
4109,4174,-65.6650390625,-1.6
4375,4581,-206.86376953125,-4.73
4692,4857,-165.56787109375,-3.53
4729,4710,18.86962890625,0.4
4425,4429,-4.9140625,-0.11
4636,4626,9.1181640625,0.2
3848,3732,115.56494140625,3.0
4143,4146,-3.14501953125,-0.08
4660,4958,-298.73095703125,-6.41
4779,4755,23.15576171875,0.48
4552,4594,-42.111328125,-0.92
4604,4676,-72.72998046875,-1.58
4685,4648,36.47412109375,0.78
3913,4147,-234.59716796875,-5.99
4318,4189,128.9306640625,2.99
4811,4849,-38.97900390625,-0.81
4738,4757,-19.2529296875,-0.41
4312,4256,55.23779296875,1.28
4640,4667,-27.408203125,-0.59
4999,4965,33.595703125,0.67
4330,4512,-182.31298828125,-4.21
4491,4510,-19.13134765625,-0.43
4206,4342,-136.64453125,-3.25
4674,4614,59.9560546875,1.28
4377,4526,-149.11865234375,-3.41
4800,4815,-15.70166015625,-0.33
4978,4804,173.26220703125,3.48
4022,4112,-90.20361328125,-2.24
4000,3962,37.96337890625,0.95
5237,4962,274.01123046875,5.23
4813,5048,-235.29150390625,-4.89
4238,4412,-174.6240234375,-4.12
4514,4419,94.947265625,2.1
4931,4736,194.35888671875,3.94
4044,4231,-187.24609375,-4.63
4172,4196,-24.2138671875,-0.58
5225,5031,193.97900390625,3.71
4583,4785,-202.365234375,-4.41
4565,4703,-138.947265625,-3.04
5304,5153,150.9365234375,2.85
6123,5911,211.03125,3.45
4907,5256,-349.8974609375,-7.13
4560,4717,-157.42626953125,-3.45
5824,5533,290.41845703125,4.99
6006,5881,124.27685546875,2.07
5999,6108,-109.7890625,-1.83
5469,5702,-233.830078125,-4.27
5888,5733,154.5810546875,2.62
4534,4862,-328.15283203125,-7.24
5160,5112,47.2099609375,0.91
5773,5663,109.04638671875,1.89
4738,4982,-244.52001953125,-5.16
4800,4811,-11.13720703125,-0.23
5140,4943,196.8134765625,3.83
4744,4930,-186.29931640625,-3.93
4204,4281,-77.2177734375,-1.84
3905,3782,122.4228515625,3.13
4647,4568,78.27392578125,1.68
5091,4981,109.955078125,2.16
4386,4448,-62.79638671875,-1.43
4646,4477,168.9140625,3.63
4987,4977,9.17626953125,0.18
3992,4150,-158.9443359375,-3.98
3841,3865,-24.47607421875,-0.64
4485,4397,87.70068359375,1.95
4844,4650,193.14599609375,3.99
4542,4447,94.46240234375,2.08
5410,5217,192.0244140625,3.55
4592,4839,-247.6611328125,-5.39
3831,3838,-7.72607421875,-0.2
3964,4029,-65.502685546875,-1.65
5172,4861,310.533203125,6.0
5040,5080,-40.78564453125,-0.81
5007,4881,125.2080078125,2.5
5226,4789,436.78857421875,8.36
4426,4514,-88.06689453125,-1.99
4162,4277,-115.5029296875,-2.77
4577,4514,62.025390625,1.35
4799,4764,34.3330078125,0.72
4377,4204,172.07763671875,3.93
5139,4754,384.73046875,7.49
4836,4793,42.98486328125,0.89
4776,4780,-4.6416015625,-0.1
3902,3895,6.5419921875,0.17
4264,4106,157.27978515625,3.69
4471,4533,-62.67529296875,-1.4
5017,5039,-22.05419921875,-0.44
4753,4695,57.060546875,1.2
5021,4831,189.18603515625,3.77
5008,5026,-18.06005859375,-0.36
4125,4341,-216.912109375,-5.26
4074,4107,-33.224609375,-0.82
4975,5140,-165.80517578125,-3.33
3965,4173,-208.92236328125,-5.27
5095,4793,301.5205078125,5.92
4585,4653,-68.85693359375,-1.5
4420,4344,75.58837890625,1.71
4246,4111,134.7998046875,3.17
4743,4645,97.07177734375,2.05
5610,5490,119.9599609375,2.14
4668,5233,-565.55517578125,-12.11
5261,4881,379.86181640625,7.22
4692,4798,-106.63671875,-2.27
5560,5336,223.1279296875,4.01
4372,4695,-323.20849609375,-7.39
3656,3859,-203.978271484375,-5.58
4467,4172,294.7958984375,6.6
4788,4619,168.24169921875,3.51
4613,4412,200.875,4.35
5033,4956,76.71630859375,1.52
5012,4741,270.10986328125,5.39
4232,4191,40.97265625,0.97
4746,4966,-220.2509765625,-4.64
4664,4775,-111.94580078125,-2.4
4752,4641,110.78857421875,2.33
4850,4843,6.47314453125,0.13
4629,4359,269.02685546875,5.81
5073,4837,235.8740234375,4.65
4144,4184,-40.4111328125,-0.97
4507,4288,218.57568359375,4.85
4850,4847,2.64501953125,0.05
5335,5180,154.54443359375,2.9
4620,4825,-205.21044921875,-4.44
5354,5294,59.58447265625,1.11
4969,5098,-129.98388671875,-2.62
4846,4860,-14.06689453125,-0.29
4220,4428,-208.0888671875,-4.93
5049,5085,-36.58837890625,-0.72
5008,4824,183.59912109375,3.67
5297,5212,84.3662109375,1.59
5143,5218,-75.49755859375,-1.47
4626,4612,13.72998046875,0.3
4770,4583,186.79638671875,3.92
4256,4398,-142.5302734375,-3.35
5493,5417,75.15478515625,1.37
4427,4882,-455.36572265625,-10.28
5339,5088,250.23681640625,4.69
4804,4954,-150.06884765625,-3.12
4688,4800,-112.49609375,-2.4
4353,4281,71.80615234375,1.65
4576,4487,88.3974609375,1.93
4866,4765,100.0341796875,2.06
5088,4934,153.60986328125,3.02
4752,4778,-26.11279296875,-0.55
5413,5212,200.39892578125,3.7
4925,5207,-282.90380859375,-5.74
4265,4336,-71.63720703125,-1.68
4427,4344,82.015625,1.85
4266,4447,-181.001953125,-4.24
4908,4706,201.94775390625,4.11
4589,4614,-25.85400390625,-0.56
5368,4873,494.10693359375,9.2
4492,4699,-207.1044921875,-4.61
4198,4089,108.935791015625,2.59
4575,4454,120.86181640625,2.64
5219,5180,38.17822265625,0.73
4785,4820,-35.4453125,-0.74
5104,5013,90.34130859375,1.77
4788,4790,-2.17431640625,-0.05
5395,5111,283.203125,5.25
4341,4755,-414.11083984375,-9.54
4568,4573,-5.74365234375,-0.13
5063,4979,83.35693359375,1.65
4880,4986,-106.33740234375,-2.18
5075,4961,113.28125,2.23
4604,4814,-210.583984375,-4.57
4704,4490,213.94287109375,4.55
4090,4033,56.171142578125,1.37
4103,4024,78.5830078125,1.91
5227,5060,166.5703125,3.19
5037,5063,-26.7705078125,-0.53
5465,5104,360.181640625,6.59
4812,5077,-265.0224609375,-5.51
5414,5209,204.486328125,3.78
4165,4533,-368.5068359375,-8.85
4406,4540,-134.43212890625,-3.05
5225,5159,65.26953125,1.25
4697,4844,-147.0625,-3.13
5087,4903,183.74658203125,3.61
5034,5117,-83.65869140625,-1.66
5005,4946,58.02392578125,1.16
4658,4576,81.20654296875,1.74
4394,4513,-119.8857421875,-2.73
4426,4525,-99.35791015625,-2.24
4732,4643,88.00634765625,1.86
4919,4724,194.6787109375,3.96
4531,4519,11.5576171875,0.26
4841,4694,146.67333984375,3.03
4630,4391,238.89404296875,5.16
4589,4465,123.91943359375,2.7
7185,7016,168.49755859375,2.34
6099,6600,-501.857421875,-8.23
6371,6304,66.70703125,1.05
6416,6379,36.02587890625,0.56
7478,7150,327.34423828125,4.38
5742,6132,-390.1044921875,-6.79
5411,5903,-492.09912109375,-9.09
6754,6573,180.8681640625,2.68
7137,7148,-11.47998046875,-0.16
6196,6757,-561.76123046875,-9.07
6826,6831,-5.17822265625,-0.08
4882,5256,-374.3388671875,-7.67
4576,4717,-141.73779296875,-3.1
3976,4000,-24.2333984375,-0.61
4801,4465,335.6826171875,6.99
4576,4379,196.87353515625,4.3
4860,4693,166.07373046875,3.42
5024,4604,419.166015625,8.34
4586,4516,69.04443359375,1.51
4082,3935,146.4970703125,3.59
4442,4496,-54.1982421875,-1.22
4905,4822,82.5302734375,1.68
4682,4680,1.76123046875,0.04
4951,4852,98.95849609375,2.0
5206,5031,174.39892578125,3.35
4235,4421,-186.7919921875,-4.41
4794,4558,235.3408203125,4.91
5227,5008,218.66552734375,4.18
5661,5595,65.71875,1.16
5140,5431,-291.3603515625,-5.67
5530,5259,270.57373046875,4.89
5479,5295,183.52197265625,3.35
4993,5269,-276.04736328125,-5.53
5747,5480,266.72705078125,4.64
5191,5079,111.6923828125,2.15
5356,5326,29.384765625,0.55
5181,5351,-170.14599609375,-3.28
4857,4924,-67.87548828125,-1.4
4855,4775,79.17626953125,1.63
4525,4513,11.4140625,0.25
3671,3768,-97.8916015625,-2.67
4466,4030,435.22802734375,9.74
4563,4457,105.9853515625,2.32
4959,4750,208.41552734375,4.2
4443,4406,36.03662109375,0.81
4505,4437,67.96630859375,1.51
4742,4675,66.64794921875,1.41
4420,4478,-58.25439453125,-1.32
4036,4100,-64.98095703125,-1.61
4721,4704,16.88818359375,0.36
4790,4680,109.0302734375,2.28
4597,4623,-26.32275390625,-0.57
5075,4973,101.2587890625,1.99
4780,4920,-140.12548828125,-2.93
4389,4199,189.67333984375,4.32
5662,5732,-70.73095703125,-1.25
6492,6592,-100.64453125,-1.55
6072,6253,-181.7294921875,-2.99
6783,6631,151.23828125,2.23
5462,5904,-442.26171875,-8.1
6528,6452,75.080078125,1.15
5084,5173,-89.880859375,-1.77
5313,5188,124.140625,2.34
6211,5855,355.77294921875,5.73
6087,6016,70.05859375,1.15
5771,5350,420.1630859375,7.28
4815,5140,-325.17236328125,-6.75
4458,4144,313.69482421875,7.04
3921,3914,6.216796875,0.16
4210,4128,81.97265625,1.95
4848,4905,-57.787109375,-1.19
4444,4314,129.89404296875,2.92
4225,4220,4.9384765625,0.12
4411,4263,147.953125,3.35
4947,4958,-11.15283203125,-0.23
4196,4423,-227.486328125,-5.42
4140,4230,-90.109375,-2.18
4690,4698,-8.568359375,-0.18
4776,4837,-61.3388671875,-1.28
4532,4633,-101.3779296875,-2.24
4200,4232,-32.7470703125,-0.78
4408,4364,43.19287109375,0.98
4172,4152,19.58056640625,0.47
4176,4215,-39.70556640625,-0.95
4302,4432,-130.2958984375,-3.03
4614,4452,161.3095703125,3.5
4853,4676,176.94580078125,3.65
4671,4676,-5.9619140625,-0.13
4801,4745,55.001953125,1.15
3992,3952,39.27001953125,0.98
4148,4090,57.048583984375,1.37
4753,4799,-46.9599609375,-0.99
4421,4348,72.865234375,1.65
5207,4796,410.458984375,7.88
4222,4448,-226.1796875,-5.36
4903,4630,272.08203125,5.55
4221,4349,-128.99853515625,-3.06
4240,4380,-140.3759765625,-3.31
4584,4679,-95.7607421875,-2.09
4892,4908,-16.9814453125,-0.35
4872,4708,163.07177734375,3.35
4622,4771,-149.04052734375,-3.22
4820,4793,26.0703125,0.54
4414,4465,-51.78076171875,-1.17
4305,4312,-7.50927734375,-0.17
4364,4467,-103.341796875,-2.37
4366,4343,22.71044921875,0.52
4793,4697,95.36328125,1.99
4695,4647,47.43994140625,1.01
4825,4794,30.64697265625,0.64
4349,4351,-2.8203125,-0.06
4138,4228,-90.4951171875,-2.19
4871,5003,-132.58935546875,-2.72
4755,4870,-115.17431640625,-2.42
5099,5028,70.02978515625,1.37
5081,5139,-58.55908203125,-1.15
6480,6347,132.16162109375,2.04
4952,5416,-464.5390625,-9.38
4909,4919,-10.841796875,-0.22
5504,5364,139.22509765625,2.53
6423,6285,137.72412109375,2.14
12923,11545,1377.33984375,10.66
12955,13650,-695.4853515625,-5.37
12434,12083,350.0234375,2.81
10571,11031,-460.5234375,-4.36
10851,11139,-288.12109375,-2.66
12931,13063,-132.31640625,-1.02
10208,10613,-405.3525390625,-3.97
10570,10364,205.6455078125,1.95
9800,9825,-25.83984375,-0.26
10266,10050,215.65234375,2.1
8813,8824,-11.796875,-0.13
9811,9343,467.6748046875,4.77
9944,10119,-175.4365234375,-1.76
9549,9651,-102.142578125,-1.07
11214,10659,554.67578125,4.95
10234,10176,57.9814453125,0.57
10821,10492,328.8759765625,3.04
9221,9109,111.1123046875,1.2
9603,9269,333.8193359375,3.48
10487,10452,34.1748046875,0.33
10142,10467,-325.6650390625,-3.21
10687,10356,330.513671875,3.09
10044,10242,-198.5126953125,-1.98
10725,10607,117.3203125,1.09
8609,8906,-297.67578125,-3.46
9391,9318,72.431640625,0.77
10331,10462,-131.1875,-1.27
10053,10123,-70.0859375,-0.7
9802,9915,-113.7919921875,-1.16
10761,10551,209.1640625,1.94
10159,9824,334.1875,3.29
9266,9130,135.197265625,1.46
9917,9303,613.6005859375,6.19
9589,9669,-80.9716796875,-0.84
10625,10332,292.7744140625,2.76
11488,10799,688.4052734375,5.99
10640,10415,224.5595703125,2.11
10491,10742,-251.4677734375,-2.4
9796,9677,118.837890625,1.21
9161,8956,204.283203125,2.23
10370,10812,-442.1171875,-4.26
11044,11158,-114.9541015625,-1.04
11842,11591,250.689453125,2.12
9953,10082,-129.5390625,-1.3
11137,11302,-165.4619140625,-1.49
10220,10064,155.6591796875,1.52
9493,9578,-85.5068359375,-0.9
10211,10681,-470.1953125,-4.6
10842,10912,-70.2021484375,-0.65
10772,10529,242.9619140625,2.26
9374,9732,-358.9443359375,-3.83
10690,10656,33.8759765625,0.32
9217,8925,291.138671875,3.16
9437,9205,231.435546875,2.45
10831,10724,106.7646484375,0.99
10474,10434,39.29296875,0.38
10359,10439,-80.5048828125,-0.78
10150,10546,-396.1708984375,-3.9
10475,10800,-325.7666015625,-3.11
9954,9704,249.58203125,2.51
9196,9193,2.7158203125,0.03
10240,10397,-157.455078125,-1.54
11778,11497,280.8369140625,2.38
11476,11597,-121.9248046875,-1.06
9858,10102,-244.9072265625,-2.48
10458,10606,-148.2685546875,-1.42
8760,8709,50.9111328125,0.58
7656,8006,-350.88623046875,-4.58
11067,10515,551.8447265625,4.99
10548,10010,537.2431640625,5.09
10215,9942,272.2001953125,2.66
10205,10008,196.2412109375,1.92
11138,10718,419.978515625,3.77
8821,8803,17.603515625,0.2
9286,9493,-207.2744140625,-2.23
10621,10564,56.060546875,0.53
11049,10867,181.8759765625,1.65
9879,9893,-14.1904296875,-0.14
11151,11064,86.056640625,0.77
10251,10072,178.0205078125,1.74
8789,8861,-72.7705078125,-0.83
9629,9325,303.7666015625,3.15
11142,11208,-66.7666015625,-0.6
10275,10112,162.8828125,1.59
13185,12842,342.7021484375,2.6
13094,12469,624.607421875,4.77
11425,11454,-29.875,-0.26
10243,10366,-123.8232421875,-1.21
9749,9995,-246.6103515625,-2.53
12597,12437,159.40234375,1.27
733,880,-147.676513671875,-20.12
792,742,49.734619140625,6.27
669,701,-32.20245361328125,-4.81
795,722,72.00213623046875,9.05
722,681,40.98114013671875,5.67
655,663,-8.348876953125,-1.27
760,727,32.2183837890625,4.23
941,1130,-189.3470458984375,-20.1
893,918,-25.48272705078125,-2.85
753,707,45.11322021484375,5.98
686,661,24.27520751953125,3.53
762,813,-51.4783935546875,-6.75
757,793,-36.19610595703125,-4.78
620,703,-83.7186279296875,-13.48
4268,4334,-66.73681640625,-1.56
4929,4805,123.20556640625,2.5
4867,4972,-105.7939453125,-2.17
4427,4482,-55.265625,-1.25
4750,4561,188.482421875,3.97
5204,4947,256.03173828125,4.92
5344,5246,97.384765625,1.82
5032,5299,-267.216796875,-5.31
5802,5381,420.3056640625,7.24
6621,6826,-205.30908203125,-3.1
5352,5749,-397.51953125,-7.43
6441,6456,-15.15673828125,-0.24
4056,4096,-40.66650390625,-1.0
9795,9226,568.98046875,5.81
8553,8167,385.56982421875,4.51
10150,9539,610.5458984375,6.01
10388,9815,572.2431640625,5.51
10127,9807,319.1201171875,3.15
9496,9604,-108.990234375,-1.15
9610,9598,11.5869140625,0.12
9079,8926,152.7431640625,1.68
7457,7937,-480.4423828125,-6.44
9840,9612,227.4013671875,2.31
9446,9441,4.427734375,0.05
10853,10530,322.578125,2.97
10068,10004,63.3095703125,0.63
10491,10350,140.1953125,1.34
8503,8644,-141.203125,-1.66
8131,8714,-583.5703125,-7.18
10459,10260,198.01171875,1.89
9975,9878,96.8779296875,0.97
8914,9066,-152.900390625,-1.72
10698,10504,193.33203125,1.81
10039,9944,94.2021484375,0.94
8785,8782,2.3349609375,0.03
9269,9409,-140.8935546875,-1.52
10446,10340,105.20703125,1.01
10354,10246,107.6962890625,1.04
9308,9559,-251.681640625,-2.7
10108,9859,248.986328125,2.46
10991,10639,351.46484375,3.2
9179,9345,-166.2421875,-1.81
8594,8914,-320.966796875,-3.73
9403,9335,67.6875,0.72
10435,10322,112.1376953125,1.07
9033,9196,-163.2998046875,-1.81
10214,10020,193.5859375,1.9
9971,9737,233.5791015625,2.34
8927,8781,145.759765625,1.63
8348,8483,-135.9130859375,-1.63
10601,10520,80.7880859375,0.76
9387,9606,-219.9951171875,-2.34
9824,10049,-225.7470703125,-2.3
9574,9656,-82.27734375,-0.86
10009,9842,166.0693359375,1.66
8398,8406,-8.21875,-0.1
7522,7851,-329.12646484375,-4.37
9103,9035,67.111328125,0.74
10136,10270,-134.947265625,-1.33
9752,9730,21.2529296875,0.22
8459,8589,-130.71875,-1.55
9744,9703,40.0947265625,0.41
9077,9023,53.0537109375,0.58
9108,9333,-225.982421875,-2.48
10257,10415,-158.2236328125,-1.54
10309,10090,218.900390625,2.12
9286,9283,2.595703125,0.03
9392,9605,-213.724609375,-2.28
9522,9699,-177.4248046875,-1.86
9065,8858,206.380859375,2.28
7627,7759,-132.53759765625,-1.74
9952,9574,377.072265625,3.79
9701,9617,83.26171875,0.86
9855,9926,-71.658203125,-0.73
10027,9959,67.4052734375,0.67
9691,9758,-67.1357421875,-0.69
8224,8190,33.3720703125,0.41
9253,9287,-34.154296875,-0.37
11112,10748,363.578125,3.27
9631,9658,-27.259765625,-0.28
10255,10069,185.7822265625,1.81
10936,10793,142.8974609375,1.31
10126,10307,-181.689453125,-1.79
9232,9250,-18.5,-0.2
8322,8473,-151.4404296875,-1.82
9616,9594,21.0859375,0.22
9956,10143,-187.396484375,-1.88
9054,9234,-180.3212890625,-1.99
9584,9441,142.42578125,1.49
10312,10220,91.599609375,0.89
9915,9654,260.34375,2.63
9252,9292,-40.638671875,-0.44
9664,9725,-61.1943359375,-0.63
10063,9921,141.84765625,1.41
9571,9519,51.099609375,0.53
8633,8787,-154.3466796875,-1.79
9483,9501,-18.1259765625,-0.19
8860,8568,291.921875,3.29
9369,9142,226.025390625,2.41
9320,9453,-133.4169921875,-1.43
9516,9717,-201.0751953125,-2.11
9327,9423,-96.896484375,-1.04
10025,10247,-222.431640625,-2.22
13104,12420,683.9462890625,5.22
10208,10307,-99.728515625,-0.98
10647,10491,155.166015625,1.46
11092,11290,-198.6552734375,-1.79
9449,9833,-384.037109375,-4.06
11749,11768,-19.080078125,-0.16
11950,12092,-142.5126953125,-1.19
12440,12275,164.6455078125,1.32
9890,9918,-28.642578125,-0.29
10691,10735,-44.30078125,-0.41
10994,11163,-169.373046875,-1.54
9735,10355,-620.2138671875,-6.37
9678,9749,-71.330078125,-0.74
9566,9450,115.546875,1.21
8835,8978,-143.9609375,-1.63
9267,8981,285.40625,3.08
9194,8753,440.814453125,4.79
9995,9856,138.7919921875,1.39
9445,9504,-59.779296875,-0.63
10155,10164,-9.2734375,-0.09
10869,10718,150.6669921875,1.39
9500,9899,-399.6650390625,-4.21
7839,7687,151.0048828125,1.93
7791,7679,111.6884765625,1.43
9963,9860,102.5009765625,1.03
10302,10216,85.7470703125,0.83
9410,9443,-33.2099609375,-0.35
10710,10458,251.7998046875,2.35
9153,9251,-98.59765625,-1.08
9041,9033,7.53515625,0.08
8776,8948,-172.2197265625,-1.96
9524,9454,69.279296875,0.73
10489,10194,294.2470703125,2.81
9656,9659,-3.26953125,-0.03
9687,9816,-129.447265625,-1.34
9905,9971,-66.8935546875,-0.68
8856,8609,246.013671875,2.78
9032,8809,222.0068359375,2.46
10110,10144,-34.9248046875,-0.35
9320,9280,39.693359375,0.43
9998,9971,26.62890625,0.27
9131,9229,-98.1513671875,-1.07
9926,9975,-49.373046875,-0.5
9769,9685,83.9580078125,0.86
8913,8951,-38.03515625,-0.43
11107,10895,211.4228515625,1.9
9506,9401,104.1337890625,1.1
10695,10735,-40.087890625,-0.37
10426,10615,-189.6630859375,-1.82
8984,9185,-201.1494140625,-2.24
8902,8628,273.7314453125,3.07
8787,8757,29.7666015625,0.34
9848,9801,46.7236328125,0.47
11050,10954,95.9736328125,0.87
10137,10058,78.23828125,0.77
10098,9959,138.482421875,1.37
10640,10578,61.2705078125,0.58
9300,9098,201.3974609375,2.17
10577,10391,185.009765625,1.75
11785,11884,-99.734375,-0.85
10116,10033,82.7890625,0.82
11032,11201,-169.7236328125,-1.54
10713,11059,-346.1123046875,-3.23
10254,10648,-394.3125,-3.85
8423,8578,-155.3388671875,-1.84
7968,7935,32.58251953125,0.41
9796,9482,313.5087890625,3.2
10355,10132,222.2763671875,2.15
10243,10001,241.00390625,2.35
12532,11830,701.888671875,5.6
10007,10004,2.5849609375,0.03
8623,8421,201.18359375,2.33
9982,9995,-13.494140625,-0.14
10068,10290,-222.3779296875,-2.21
11811,11675,135.6298828125,1.15
11810,11772,37.5283203125,0.32
9983,10146,-163.3017578125,-1.64
12023,11975,47.5673828125,0.4
10420,10600,-180.8212890625,-1.74
9188,9243,-55.736328125,-0.61
10972,11277,-305.8486328125,-2.79
11612,11581,30.564453125,0.26
9220,9472,-252.7607421875,-2.74
10897,11022,-125.66015625,-1.15
10318,10467,-149.1044921875,-1.44
9911,9609,301.220703125,3.04
10645,10663,-18.7978515625,-0.18
10879,11003,-124.0205078125,-1.14
10299,10026,272.39453125,2.64
10864,10753,110.724609375,1.02
11688,11695,-7.2255859375,-0.06
10627,10749,-122.8935546875,-1.16
9584,9425,158.9248046875,1.66
9701,9419,281.529296875,2.9
11343,11518,-175.1025390625,-1.54
9992,10362,-370.34375,-3.71
10897,11146,-249.212890625,-2.29
11402,11594,-192.435546875,-1.69
8888,9167,-279.1923828125,-3.14
9434,9241,192.923828125,2.04
9592,9566,25.6357421875,0.27
10047,10058,-11.634765625,-0.12
10362,10389,-27.2705078125,-0.26
10455,10396,58.396484375,0.56
11736,11298,437.912109375,3.73
10141,10693,-552.5966796875,-5.45
10267,10284,-17.40234375,-0.17
9419,9379,39.5654296875,0.42
10953,11146,-193.294921875,-1.76
9944,10438,-494.3759765625,-4.97
10484,10727,-243.74609375,-2.32
12264,12110,153.7451171875,1.25
11994,12218,-224.6884765625,-1.87
8562,8593,-31.8984375,-0.37
10041,9951,89.1123046875,0.89
11506,11519,-13.3798828125,-0.12
11721,11366,354.8505859375,3.03
12307,12210,96.8603515625,0.79
9804,9746,57.494140625,0.59
11197,11176,20.20703125,0.18
10022,10035,-13.1708984375,-0.13
10005,10145,-140.7724609375,-1.41
11415,11604,-189.5185546875,-1.66
9890,9960,-70.5263671875,-0.71
11625,11318,306.431640625,2.64
10001,10267,-266.326171875,-2.66
9660,9611,48.7666015625,0.5
8862,8798,63.9423828125,0.72
9382,9540,-158.337890625,-1.69
11083,10786,296.1162109375,2.67
10473,10239,233.912109375,2.23
11737,11700,36.2548828125,0.31
10999,11374,-375.4853515625,-3.41
12089,12145,-56.671875,-0.47
8874,9113,-239.9404296875,-2.7
8673,8689,-16.5888671875,-0.19
11626,11490,135.3955078125,1.16
10488,10278,209.388671875,2.0
10967,11019,-52.96875,-0.48
10201,10533,-332.8173828125,-3.26
10402,10433,-31.962890625,-0.31
10230,9977,252.1884765625,2.46
8358,8664,-306.8984375,-3.67
11585,11319,265.650390625,2.29
10037,10173,-136.3759765625,-1.36
9932,9901,30.4755859375,0.31
10683,10313,369.970703125,3.46
10923,10858,64.572265625,0.59
8609,8612,-3.693359375,-0.04
9266,9442,-176.169921875,-1.9
13296,12860,435.123046875,3.27
13705,13354,350.18359375,2.55
15174,14864,309.2138671875,2.04
14255,14260,-5.3837890625,-0.04
15023,15468,-445.25,-2.96
11564,11590,-26.873046875,-0.23
13054,13088,-34.22265625,-0.26
12877,13246,-369.8349609375,-2.87
14741,14350,390.1162109375,2.65
12632,12841,-209.119140625,-1.66
14038,13711,326.2841796875,2.32
11713,11603,109.666015625,0.94
8935,9223,-288.189453125,-3.23
8095,8501,-406.7138671875,-5.02
10369,10506,-137.7880859375,-1.33
9898,9811,86.5673828125,0.87
10932,10560,371.103515625,3.39
11014,11037,-23.98828125,-0.22
11145,11087,57.828125,0.52
8236,8363,-127.044921875,-1.54
9612,9592,19.419921875,0.2
11251,11433,-182.666015625,-1.62
11514,11548,-34.8671875,-0.3
11658,11496,161.849609375,1.39
11143,10826,316.837890625,2.84
10389,10461,-72.5556640625,-0.7
11358,11399,-41.9453125,-0.37
12494,12458,35.634765625,0.29
12054,12200,-146.60546875,-1.22
11900,12080,-180.4521484375,-1.52
12124,12145,-21.7421875,-0.18
12602,12597,4.7685546875,0.04
10300,11057,-757.6240234375,-7.35
10039,9907,131.2177734375,1.31
11091,10399,691.3349609375,6.23
12650,12546,103.291015625,0.82
10875,10654,221.0,2.03
8253,8609,-356.10546875,-4.31
9523,9829,-306.1416015625,-3.21
9919,10150,-231.2939453125,-2.33
8548,8427,120.2958984375,1.41
9088,8745,342.36328125,3.77
9058,9059,-1.59375,-0.02
9022,9175,-153.6904296875,-1.7
10003,9978,24.6494140625,0.25
9592,9532,59.390625,0.62
9801,9754,46.5078125,0.47
8417,8369,47.8203125,0.57
8715,8710,4.005859375,0.05
9214,9429,-215.88671875,-2.34
10403,10309,93.359375,0.9
10225,10034,190.173828125,1.86
9246,9276,-30.677734375,-0.33
9068,9131,-63.1826171875,-0.7
8060,8093,-33.29150390625,-0.41
10577,10492,84.8642578125,0.8
11434,11450,-16.1572265625,-0.14
11979,11136,842.6845703125,7.03
13530,12571,958.9130859375,7.09
13073,12910,162.5419921875,1.24
11561,11327,233.5693359375,2.02
10517,10075,441.7763671875,4.2
10768,11037,-269.689453125,-2.5
14257,14256,0.8994140625,0.01
13384,13879,-495.5126953125,-3.7
14097,13818,278.1630859375,1.97
10718,11131,-413.34375,-3.86
9806,10768,-962.16796875,-9.81
8445,8850,-405.2646484375,-4.8
8267,8401,-134.609375,-1.63
10404,10280,123.30078125,1.19
9569,9605,-36.9599609375,-0.39
10292,10110,181.16796875,1.76
10594,10510,83.689453125,0.79
10154,10330,-176.4453125,-1.74
8498,8501,-3.4423828125,-0.04
8541,8635,-94.1669921875,-1.1
9735,9776,-41.150390625,-0.42
9594,9592,1.7109375,0.02
10400,10349,50.001953125,0.48
10491,10486,4.77734375,0.05
9488,9451,36.7822265625,0.39
8753,8627,125.123046875,1.43
8452,8512,-60.66015625,-0.72
9088,9394,-306.73828125,-3.37
9268,9297,-29.7529296875,-0.32
9338,9351,-13.28125,-0.14
9136,9138,-2.328125,-0.03
9974,9663,310.990234375,3.12
8335,8398,-63.283203125,-0.76
8687,8667,19.1083984375,0.22
10391,10415,-24.884765625,-0.24
10233,10112,120.4833984375,1.18
9117,9247,-130.0712890625,-1.43
10116,10003,112.4794921875,1.11
11146,10440,705.15234375,6.33
9690,9689,0.2939453125,0.0
8256,8372,-116.6376953125,-1.41
9273,9341,-68.7900390625,-0.74
8967,9031,-64.04296875,-0.71
9816,9929,-113.2275390625,-1.15
8252,8428,-176.0712890625,-2.13
8974,8871,102.12109375,1.14
8610,8329,280.3740234375,3.26
10003,9590,412.787109375,4.13
10258,10318,-60.87109375,-0.59
10422,10324,97.712890625,0.94
9307,9347,-40.5224609375,-0.44
10314,10389,-75.7041015625,-0.73
9654,9840,-186.2666015625,-1.93
9078,8894,183.779296875,2.02
7952,7874,77.58740234375,0.98
9943,9668,274.4697265625,2.76
9101,9167,-66.1259765625,-0.73
9739,9869,-130.2294921875,-1.34
10260,10252,7.130859375,0.07
13141,12736,404.2822265625,3.08
11018,11131,-113.8955078125,-1.03
11216,11445,-229.41796875,-2.05
12050,11790,259.2763671875,2.15
12641,12741,-100.791015625,-0.8
14617,14685,-68.08203125,-0.47
14823,14644,178.423828125,1.2
16444,15968,475.3369140625,2.89
12766,12799,-33.29296875,-0.26
13793,13433,359.9443359375,2.61
15239,15226,12.515625,0.08
13149,12703,445.283203125,3.39
13129,13312,-183.2001953125,-1.4
11999,12336,-337.9375,-2.82
12589,12441,147.9482421875,1.18
11996,11828,167.8662109375,1.4
11227,10913,313.818359375,2.79
12092,12033,58.7763671875,0.49
13132,13007,124.5087890625,0.95
13557,13536,20.5947265625,0.15
13113,13445,-332.7333984375,-2.54
11201,11538,-337.830078125,-3.02
10823,10804,18.3212890625,0.17
11412,11691,-279.78125,-2.45
13734,13925,-191.6845703125,-1.4
12101,12156,-55.1162109375,-0.46
13103,13051,51.466796875,0.39
11968,12031,-63.791015625,-0.53
15005,14467,537.0947265625,3.58
11214,11758,-544.0126953125,-4.85
10862,10862,-0.87890625,-0.01
13560,13218,341.3759765625,2.52
11511,11797,-286.318359375,-2.49
11368,11572,-204.0302734375,-1.79
13043,13376,-333.70703125,-2.56
11781,11301,479.796875,4.07
10343,10352,-9.83203125,-0.1
10762,10749,12.7421875,0.12
12373,11816,556.255859375,4.5
12608,12014,593.912109375,4.71
12487,12434,52.7265625,0.42
11578,11466,111.900390625,0.97
13995,13384,610.7529296875,4.36
10689,11072,-383.6865234375,-3.59
10130,10551,-421.90234375,-4.16
12567,12565,1.1796875,0.01
11510,11723,-213.1298828125,-1.85
11786,11793,-7.4013671875,-0.06
12246,12282,-36.13671875,-0.3
12387,12000,386.912109375,3.12
10305,10046,258.8916015625,2.51
12118,11806,311.3564453125,2.57
12577,12565,11.1279296875,0.09
13174,13012,161.103515625,1.22
13195,13287,-92.822265625,-0.7
12495,12600,-105.828125,-0.85
12663,12577,85.2802734375,0.67
11014,11133,-119.09375,-1.08
10498,10466,31.56640625,0.3
13068,13103,-35.671875,-0.27
13467,13358,108.955078125,0.81
11457,11610,-153.3486328125,-1.34
12967,13146,-179.43359375,-1.38
12939,13056,-117.955078125,-0.91
10967,10880,86.6923828125,0.79
11155,11403,-248.4921875,-2.23
11914,12038,-124.1650390625,-1.04
11754,11711,42.62109375,0.36
13183,13122,60.0654296875,0.46
11469,11610,-141.908203125,-1.24
12092,12030,61.0859375,0.51
11133,10916,216.494140625,1.94
12156,11823,332.2314453125,2.73
14310,14349,-39.720703125,-0.28
12192,12950,-758.8330078125,-6.22
13327,13290,36.9140625,0.28
12365,12637,-272.8759765625,-2.21
12904,13201,-297.1650390625,-2.3
11871,11872,-1.515625,-0.01
11603,11394,208.091796875,1.79
11087,11306,-219.4658203125,-1.98
11782,11977,-195.712890625,-1.66
13029,12912,116.580078125,0.89
12564,12338,225.9990234375,1.8
14674,14252,421.970703125,2.88
10623,10470,152.1240234375,1.43
9960,10061,-101.5859375,-1.02
13895,14109,-214.8583984375,-1.55
11090,11410,-320.3330078125,-2.89
14724,14461,262.537109375,1.78
14939,14665,273.87109375,1.83
14521,14352,168.6123046875,1.16
12435,12293,141.4130859375,1.14
12173,12141,31.4755859375,0.26
16844,16489,354.7578125,2.11
4091,4771,-680.068359375,-16.62
3306,3354,-48.19580078125,-1.46
4289,3788,500.06884765625,11.66
3870,4155,-285.76171875,-7.38
3544,3853,-309.119140625,-8.72
4022,3781,240.012939453125,5.97
3507,3837,-330.95751953125,-9.43
3335,2884,450.017822265625,13.49
3246,3157,88.703857421875,2.73
3862,3466,395.589111328125,10.24
3669,3863,-194.777587890625,-5.31
3789,3877,-88.96728515625,-2.35
3565,3631,-66.98876953125,-1.88
3893,3653,239.66064453125,6.15
3551,3657,-106.133056640625,-2.99
2996,3110,-114.12939453125,-3.81
3861,3473,387.715576171875,10.04
3787,3953,-166.381103515625,-4.39
3678,3803,-125.547607421875,-3.41
3701,3811,-110.74267578125,-2.99
3237,3431,-194.826171875,-6.02
3105,2800,304.80908203125,9.81
3273,3164,108.557861328125,3.32
3683,3459,223.27197265625,6.06
3747,3780,-33.722412109375,-0.9
3936,3909,26.734619140625,0.68
3948,4018,-70.9462890625,-1.8
3337,3841,-504.06591796875,-15.1
3578,3253,324.031494140625,9.05
3602,3461,140.017578125,3.89
4009,3750,258.109375,6.44
3803,4001,-198.24169921875,-5.21
3688,3677,10.885009765625,0.3
3752,3760,-8.43017578125,-0.22
3844,4063,-219.11865234375,-5.7
3455,3429,25.271240234375,0.73
3272,3114,157.0576171875,4.8
3491,3376,114.714111328125,3.29
3995,3615,379.926025390625,9.51
3492,3785,-293.5048828125,-8.4
3595,3415,179.723388671875,5.0
3922,3618,303.194580078125,7.73
3438,3637,-199.782470703125,-5.81
2993,3000,-7.932373046875,-0.26
3699,3504,194.567626953125,5.26
3967,3939,27.46337890625,0.69
3860,4029,-169.75830078125,-4.4
3593,3907,-314.3759765625,-8.75
3709,3516,192.431396484375,5.19
3155,3302,-147.98974609375,-4.69
3065,3199,-134.24853515625,-4.38
3437,3408,28.330078125,0.82
3727,3402,324.794921875,8.71
3541,3701,-160.920166015625,-4.54
3980,3634,345.260498046875,8.67
3683,3867,-184.36181640625,-5.0
3411,3489,-78.155029296875,-2.29
3415,3361,53.730712890625,1.57
3770,3652,117.2353515625,3.11
4078,3963,114.9267578125,2.82
3730,3988,-258.33935546875,-6.92
3615,3692,-77.55712890625,-2.14
3733,3848,-115.069580078125,-3.08
3208,3326,-118.13720703125,-3.68
3299,3089,209.728515625,6.36
3969,3656,312.599609375,7.87
3651,3857,-206.935302734375,-5.67
3533,3762,-229.905517578125,-6.51
4128,3689,438.094482421875,10.61
3692,4078,-386.263427734375,-10.46
3244,3467,-223.3837890625,-6.88
3353,3161,191.85546875,5.72
3778,3530,247.76025390625,6.56
3799,3986,-187.0185546875,-4.92
4239,4124,114.98291015625,2.71
3597,3749,-152.123779296875,-4.23
3181,3139,41.84033203125,1.31
3413,3180,232.223876953125,6.8
3355,3221,133.817626953125,3.99
3823,3669,153.2060546875,4.01
3594,3801,-207.218505859375,-5.76
3663,3485,177.12353515625,4.83
3721,3834,-113.31884765625,-3.04
3504,3871,-367.1318359375,-10.47
3548,3156,391.77197265625,11.04
3358,3318,39.77783203125,1.18
4047,3702,344.362060546875,8.51
3450,3880,-430.68505859375,-12.48
4016,3632,383.2587890625,9.54
3698,3849,-151.840087890625,-4.1
4800,4551,248.7158203125,5.18
3997,4187,-190.025390625,-4.75
3637,3941,-304.194580078125,-8.36
3839,3952,-113.641845703125,-2.96
4311,4245,65.58203125,1.52
4300,4327,-27.27001953125,-0.63
4610,4583,26.00146484375,0.56
4852,4594,257.97265625,5.32
3834,3839,-5.44775390625,-0.14
4081,4047,33.658447265625,0.82
3935,4574,-639.64013671875,-16.25
3978,4169,-191.7958984375,-4.82
3392,3756,-364.8916015625,-10.75
3459,3335,123.937744140625,3.58
3760,3300,459.941650390625,12.23
3419,3471,-52.25537109375,-1.53
2961,2910,50.493408203125,1.7
3761,3466,294.374755859375,7.82
3975,3932,42.549072265625,1.07
3954,4083,-129.035400390625,-3.26
3647,4012,-365.986328125,-10.03
3601,3752,-151.517333984375,-4.21
3554,3347,206.561767578125,5.81
3279,3381,-102.9296875,-3.14
3598,3508,89.003173828125,2.47
3979,3684,294.08251953125,7.39
3328,3636,-308.77587890625,-9.28
4016,3680,335.4970703125,8.35
3705,3886,-181.464599609375,-4.9
3208,3310,-102.0771484375,-3.18
3424,3151,272.580810546875,7.96
4025,3634,390.04736328125,9.69
3492,3735,-243.6298828125,-6.97
3770,3560,209.58349609375,5.56
3859,3774,84.429931640625,2.19
3765,3860,-95.156005859375,-2.53
3381,3477,-96.263671875,-2.85
3492,3158,333.72119140625,9.55
3452,3285,166.068115234375,4.81
3496,3357,138.32470703125,3.96
3713,3438,274.4169921875,7.39
3536,3621,-85.96875,-2.43
3321,3365,-44.747314453125,-1.35
3202,3012,189.7392578125,5.92
3438,3093,344.690673828125,10.02
3473,3495,-22.283935546875,-0.64
3544,3475,68.120849609375,1.92
3804,3566,237.8955078125,6.25
3476,3739,-263.739501953125,-7.59
3772,3524,247.08935546875,6.55
3417,3580,-163.898193359375,-4.8
3325,3171,153.260986328125,4.61
3427,3480,-53.655029296875,-1.57
3829,3581,247.482177734375,6.46
3389,3707,-318.9921875,-9.41
4400,3789,610.45556640625,13.87
3434,3916,-482.520263671875,-14.05
3356,3058,297.14990234375,8.85
3688,3410,277.1611328125,7.51
3851,4099,-248.90185546875,-6.46
3751,3992,-241.149658203125,-6.43
4217,4057,159.578125,3.78
3943,4117,-174.1376953125,-4.42
4023,4122,-99.953125,-2.48
3539,3735,-196.184814453125,-5.54
3465,3289,175.351806640625,5.06
3488,3484,3.084228515625,0.09
3859,3487,371.079833984375,9.61
3632,3855,-223.601806640625,-6.15
4227,4140,86.904296875,2.06
3855,4026,-171.46240234375,-4.45
3268,3482,-214.51904296875,-6.56
3382,3210,171.0732421875,5.06
4028,3818,209.882080078125,5.21
4165,4107,57.2978515625,1.38
4029,4296,-267.58349609375,-6.64
4218,4188,29.18798828125,0.69
3925,4166,-241.0966796875,-6.14
3701,3991,-290.322265625,-7.84
3101,3417,-316.380615234375,-10.2
3896,3548,347.3125,8.91
3241,3499,-258.7626953125,-7.98
3979,3566,412.789794921875,10.37
3838,3948,-110.541748046875,-2.88
4288,4142,145.9638671875,3.4
3699,3609,89.155517578125,2.41
3453,3699,-246.7822265625,-7.14
3948,3695,252.5654296875,6.4
3921,3972,-51.427978515625,-1.31
4002,4071,-69.83837890625,-1.74
3972,4185,-213.2607421875,-5.37
4173,4048,124.53564453125,2.98
3710,3839,-129.346923828125,-3.49
3652,3736,-84.593994140625,-2.32
4170,4137,32.61474609375,0.78
3814,4141,-327.91552734375,-8.6
4049,4121,-72.96875,-1.8
3857,4036,-179.5244140625,-4.65
3934,4040,-106.3408203125,-2.7
3514,3585,-71.9931640625,-2.05
3689,3392,296.47119140625,8.03
3814,3916,-102.142333984375,-2.68
4272,4114,157.28857421875,3.68
3881,4087,-206.772216796875,-5.33
4136,4228,-92.0517578125,-2.23
4270,4351,-81.9365234375,-1.92
3829,3940,-111.637451171875,-2.91
3242,3414,-172.349365234375,-5.31
3924,3634,289.70068359375,7.38
3891,4038,-147.060546875,-3.78
3647,3911,-264.5029296875,-7.25
4366,4274,91.65869140625,2.1
3731,3930,-199.78369140625,-5.35
3039,3030,8.108642578125,0.27
3425,3181,243.083740234375,7.1
4323,3790,532.078369140625,12.31
3363,3772,-409.74169921875,-12.18
4234,3710,523.725341796875,12.37
4142,4076,65.882080078125,1.59
4031,4143,-112.001953125,-2.78
3312,3621,-309.1787109375,-9.33
3297,3200,96.377197265625,2.92
3822,3527,294.07470703125,7.69
4071,3986,84.131103515625,2.07
3903,4067,-164.949462890625,-4.23
4008,3970,37.071533203125,0.92
3934,3900,33.37890625,0.85
3401,3637,-236.27490234375,-6.95
3369,3262,106.739501953125,3.17
4150,3795,354.14990234375,8.53
3632,3951,-319.12060546875,-8.78
3690,3782,-92.919189453125,-2.52
3789,3650,138.89892578125,3.66
3993,3997,-4.33251953125,-0.11
3213,3403,-190.574951171875,-5.93
3610,3234,375.464599609375,10.4
3963,3683,279.319091796875,7.05
3943,4115,-172.51220703125,-4.37
3805,3985,-180.01171875,-4.73
3767,3808,-41.028564453125,-1.09
3680,3893,-213.6953125,-5.81
3665,3536,128.856689453125,3.51
3066,3231,-165.994384765625,-5.41
4134,3711,422.322021484375,10.21
3575,3880,-305.39599609375,-8.54
3775,3494,280.768310546875,7.44
3859,3957,-98.961669921875,-2.56
3822,3995,-173.736572265625,-4.54
2981,3112,-131.55322265625,-4.41
3474,3241,232.56787109375,6.69
5132,4686,445.01953125,8.67
4781,4742,38.40673828125,0.8
4934,4780,153.27587890625,3.11
5027,4760,266.90625,5.31
5157,5254,-97.68310546875,-1.89
4339,4557,-218.669921875,-5.04
4397,4372,24.6015625,0.56
5139,4958,180.00341796875,3.5
5459,5276,182.86669921875,3.35
5209,5297,-88.4619140625,-1.7
5175,5179,-4.158203125,-0.08
3601,4062,-461.366455078125,-12.81
3192,3182,9.0390625,0.28
3290,3125,164.11865234375,4.99
3823,3741,81.121337890625,2.12
3782,3729,52.7216796875,1.39
3592,3719,-127.37890625,-3.55
3762,3443,318.4228515625,8.46
3967,4015,-48.19921875,-1.21
3448,3676,-228.27490234375,-6.62
3387,3303,83.234619140625,2.46
4207,3751,455.21044921875,10.82
4059,4251,-192.83447265625,-4.75
3992,4125,-133.3486328125,-3.34
3951,4197,-246.52294921875,-6.24
3873,4034,-161.191162109375,-4.16
4172,4093,78.884765625,1.89
3756,4203,-447.4404296875,-11.91
4638,4360,277.07666015625,5.97
4400,4459,-59.1943359375,-1.35
4704,4437,266.46337890625,5.66
4093,4205,-112.2890625,-2.74
4785,4521,263.6728515625,5.51
3823,3812,10.5654296875,0.28
4496,4191,304.50537109375,6.77
4283,4477,-194.92919921875,-4.55
3890,4073,-183.2138671875,-4.71
3685,3870,-185.9306640625,-5.04
3710,3715,-5.481689453125,-0.15
3699,3621,77.416015625,2.09
3137,3274,-137.631103515625,-4.39
3180,3012,167.591796875,5.27
3726,3484,241.337890625,6.48
3410,3652,-242.8515625,-7.12
3850,3529,320.182861328125,8.31
3755,3969,-214.75634765625,-5.72
3886,3954,-68.24365234375,-1.76
3136,3541,-405.840576171875,-12.94
3169,3047,121.511962890625,3.83
4112,3702,409.088623046875,9.95
4162,4272,-110.80224609375,-2.66
3738,3930,-192.91455078125,-5.16
3745,3725,19.872314453125,0.53
3401,3518,-117.65966796875,-3.46
3170,3073,96.06689453125,3.03
4368,3887,480.16845703125,10.99
4923,4743,179.04052734375,3.64
5011,4690,320.51220703125,6.39
5101,4870,230.07666015625,4.51
4970,4993,-23.716796875,-0.48
4946,4959,-13.431640625,-0.27
4413,4491,-78.36767578125,-1.78
4220,4190,29.0458984375,0.69
5484,5287,196.04541015625,3.57
4819,4995,-176.931640625,-3.67
4971,4708,262.30029296875,5.28
3568,3981,-413.864990234375,-11.6
3926,3684,241.521240234375,6.15
3592,3678,-86.767333984375,-2.41
3207,3291,-84.580322265625,-2.64
3764,3666,97.177001953125,2.58
3841,3830,10.781982421875,0.28
4243,3969,273.412109375,6.44
3556,4018,-462.00244140625,-12.99
3224,3132,91.3525390625,2.83
3528,3096,431.346435546875,12.22
3251,3282,-31.4345703125,-0.97
3752,3602,149.184326171875,3.98
3438,3762,-324.033935546875,-9.42
3810,3311,498.216552734375,13.07
3847,3853,-6.093017578125,-0.16
3632,3917,-285.109130859375,-7.85
3528,3494,33.904052734375,0.96
3368,3436,-68.929443359375,-2.05
3577,3563,13.971435546875,0.39
3991,3637,353.1494140625,8.85
3703,3827,-124.177001953125,-3.35
3592,3646,-54.966796875,-1.53
3746,3515,230.330078125,6.15
3112,3199,-87.73291015625,-2.82
3176,3007,168.689208984375,5.31
3713,3426,286.35302734375,7.71
3586,3573,12.487060546875,0.35
3819,3532,286.3564453125,7.5
3990,3846,143.7568359375,3.6
3675,3840,-165.026123046875,-4.49
3196,3451,-255.075439453125,-7.98
3085,3070,14.8916015625,0.48
3803,3535,267.412353515625,7.03
3869,4020,-151.754638671875,-3.92
3672,3936,-264.021728515625,-7.19
3739,3739,-0.487548828125,-0.01
3700,3719,-19.8857421875,-0.54
3425,3578,-153.51611328125,-4.48
3220,3319,-99.37646484375,-3.09
3805,3548,256.719482421875,6.75
3508,3782,-274.919921875,-7.83
3967,3601,365.419677734375,9.21
3626,3965,-339.8330078125,-9.37
3794,3837,-43.92138671875,-1.16
3229,3377,-148.127685546875,-4.59
3450,3298,151.90966796875,4.4
3882,3625,256.96923828125,6.62
3821,4047,-226.81884765625,-5.93
3688,3826,-138.303466796875,-3.75
3678,3749,-71.916259765625,-1.95
4834,4687,146.91845703125,3.04
3858,4006,-148.83984375,-3.86
4115,4152,-37.64794921875,-0.91
4251,4446,-195.23779296875,-4.59
5098,4834,263.15966796875,5.16
10221,9958,262.974609375,2.57
10563,10002,560.0361328125,5.3
9476,9415,60.140625,0.63
8826,9154,-328.5419921875,-3.72
10554,9347,1206.3876953125,11.43
11298,10713,584.017578125,5.17
8691,9411,-720.3154296875,-8.29
8230,8489,-259.59375,-3.15
8190,8468,-278.6376953125,-3.4
9113,9249,-136.19140625,-1.49
7076,7700,-624.26123046875,-8.82
7251,7345,-94.33837890625,-1.3
8467,8103,363.60498046875,4.29
8630,8458,171.69921875,1.99
7938,8165,-227.37744140625,-2.86
8507,8390,116.8271484375,1.37
7966,7811,154.96240234375,1.95
7529,7318,210.69580078125,2.8
7653,7412,240.62890625,3.14
8707,8501,205.8828125,2.36
7777,7967,-190.4013671875,-2.45
8694,8460,233.236328125,2.68
7765,7905,-140.8251953125,-1.81
9142,8642,499.4658203125,5.46
6600,7001,-401.1630859375,-6.08
7272,7083,188.6044921875,2.59
7999,7921,77.634765625,0.97
7312,7612,-300.3291015625,-4.11
8656,8098,557.634765625,6.44
8554,8407,146.7880859375,1.72
8705,8282,422.73046875,4.86
7713,7777,-64.99462890625,-0.84
6777,6771,5.0224609375,0.07
7873,7832,40.90478515625,0.52
8507,8313,193.1728515625,2.27
8824,8469,354.001953125,4.01
8251,8025,225.34521484375,2.73
8269,8068,200.0849609375,2.42
6908,6857,50.74755859375,0.73
6833,7051,-218.091796875,-3.19
8945,8671,273.111328125,3.05
7482,7703,-221.29345703125,-2.96
7742,7458,283.07275390625,3.66
7928,7611,316.65771484375,3.99
8846,8277,568.1708984375,6.42
7211,7209,1.087890625,0.02
7584,7524,59.35693359375,0.78
9147,8638,508.6748046875,5.56
8215,8600,-385.97265625,-4.7
8526,8408,117.1806640625,1.37
8449,8393,55.26171875,0.65
8310,8097,212.68310546875,2.56
6889,7003,-114.509765625,-1.66
6720,6655,64.57666015625,0.96
7674,7477,196.0595703125,2.55
8252,7845,406.97607421875,4.93
8394,7995,398.70166015625,4.75
8115,7926,188.84130859375,2.33
7767,7606,160.85205078125,2.07
8063,7309,753.74658203125,9.35
7962,7903,58.80126953125,0.74
7190,7561,-371.220703125,-5.16
7613,7562,50.01318359375,0.66
7972,7851,120.38671875,1.51
8373,7985,387.0498046875,4.62
7860,7932,-72.8525390625,-0.93
6837,6620,216.4970703125,3.17
7202,6661,540.50927734375,7.5
9020,8658,361.640625,4.01
8845,8735,109.5224609375,1.24
7576,7710,-134.24462890625,-1.77
8410,8234,175.943359375,2.09
8141,8210,-69.361328125,-0.85
6973,7152,-179.451171875,-2.57
7780,7406,373.25732421875,4.8
8583,8189,393.92822265625,4.59
8717,8539,177.8046875,2.04
9092,8824,267.8447265625,2.95
7783,7857,-74.3642578125,-0.96
8562,8226,335.060546875,3.91
6813,6949,-136.466796875,-2.0
7358,7088,269.9736328125,3.67
7720,7780,-60.77880859375,-0.79
7958,7777,180.19189453125,2.26
9265,9045,219.7509765625,2.37
10517,10123,393.4765625,3.74
10998,10097,900.0595703125,8.18
9560,9656,-96.7509765625,-1.01
8218,9033,-815.58203125,-9.92
10939,10848,90.0078125,0.82
3686,3307,378.505126953125,10.27
2555,2824,-269.2255859375,-10.53
3217,3195,21.130126953125,0.66
3098,3156,-58.163818359375,-1.88
2771,2834,-63.33447265625,-2.28
3219,3157,61.728271484375,1.92
3081,3154,-73.05859375,-2.37
2863,2680,182.202392578125,6.36
2650,2785,-135.412353515625,-5.11
3117,3089,27.7138671875,0.89
3126,3126,-0.289794921875,-0.01
2945,3024,-79.83349609375,-2.71
3046,3005,40.47607421875,1.33
2800,2811,-11.754150390625,-0.42
2788,2705,82.24609375,2.95
3062,3057,4.021484375,0.13
3036,3134,-98.609130859375,-3.25
2977,2972,4.8466796875,0.16
3324,3304,19.240966796875,0.58
2986,3090,-104.71435546875,-3.51
3107,3158,-51.900390625,-1.67
2855,2851,3.093994140625,0.11
2745,2735,9.509765625,0.35
3227,3238,-11.736572265625,-0.36
2718,2889,-171.10986328125,-6.29
2804,2738,66.0,2.35
2850,2879,-29.21142578125,-1.02
3301,3245,55.56103515625,1.68
2574,2597,-23.35205078125,-0.91
2868,2884,-16.750732421875,-0.58
2843,2796,46.560546875,1.64
3180,3249,-69.74072265625,-2.19
3458,3448,9.88037109375,0.29
3095,3273,-178.49560546875,-5.77
3009,3117,-108.7724609375,-3.61
2630,2689,-59.1962890625,-2.25
2793,2790,2.819580078125,0.1
2864,2986,-122.2666015625,-4.27
3037,3091,-54.109375,-1.78
3081,3031,49.55029296875,1.61
3206,3213,-7.37353515625,-0.23
2661,2766,-105.132080078125,-3.95
2611,2601,9.507080078125,0.36
2599,2615,-16.85986328125,-0.65
3143,3115,27.99169921875,0.89
3047,3045,1.759765625,0.06
2910,2916,-6.74072265625,-0.23
2994,2962,31.437255859375,1.05
3003,3038,-35.298583984375,-1.18
2541,2570,-29.326904296875,-1.15
2753,2778,-25.407958984375,-0.92
3272,3211,60.430419921875,1.85
2833,2921,-88.08447265625,-3.11
2945,2944,0.549072265625,0.02
3414,3425,-11.853759765625,-0.35
2990,3165,-175.037841796875,-5.85
2662,2750,-88.2470703125,-3.31
2536,2524,11.90283203125,0.47
3170,3144,25.110107421875,0.79
3383,3391,-8.1171875,-0.24
3208,3442,-234.1474609375,-7.3
3138,3115,22.1162109375,0.7
3391,3316,74.560546875,2.2
2316,2526,-210.28369140625,-9.08
2534,2478,55.32763671875,2.18
3194,3273,-79.385009765625,-2.48
3472,3420,51.3115234375,1.48
3378,3555,-177.620849609375,-5.26
2837,2980,-143.478271484375,-5.06
2971,2868,102.3349609375,3.44
2665,2790,-125.68017578125,-4.71
2602,2798,-196.065185546875,-7.53
2871,2904,-33.345458984375,-1.16
2749,2761,-12.54052734375,-0.46
3037,2899,137.35791015625,4.52
3040,3086,-46.891845703125,-1.54
3104,3169,-65.846923828125,-2.12
2533,2594,-61.590087890625,-2.43
3238,3140,97.81640625,3.02
3241,3435,-194.037841796875,-5.99
3096,3183,-87.469970703125,-2.82
2877,2937,-60.14697265625,-2.09
3016,3146,-130.16455078125,-4.31
2990,3120,-130.53271484375,-4.36
2184,2431,-247.935791015625,-11.35
2748,2533,214.599609375,7.81
3181,3132,48.34765625,1.52
3077,3152,-75.5712890625,-2.46
3159,3192,-33.8408203125,-1.07
3238,3228,9.818359375,0.3
3188,3188,-0.67724609375,-0.02
2981,3072,-91.72265625,-3.08
3028,2903,124.689697265625,4.12
3882,3668,213.650146484375,5.5
3655,3895,-240.69970703125,-6.58
3861,3880,-19.725341796875,-0.51
3279,3730,-451.1298828125,-13.75
3534,3370,163.986572265625,4.64
3229,3198,30.3173828125,0.94
2961,2988,-27.185791015625,-0.92
3710,3407,302.010498046875,8.14
3162,3365,-203.90478515625,-6.45
2914,2885,28.401123046875,0.97
2806,2918,-112.125732421875,-3.99
2829,2788,40.462890625,1.43
2587,2502,84.669921875,3.27
2875,2816,58.642822265625,2.04
2976,3062,-86.783935546875,-2.92
2895,2828,66.208251953125,2.29
3104,3073,30.77392578125,0.99
2968,3015,-47.95068359375,-1.62
2995,3076,-81.71923828125,-2.73
2464,2553,-89.327880859375,-3.62
2771,2749,21.4619140625,0.77
3031,3215,-184.266357421875,-6.08
3041,3089,-48.519287109375,-1.59
3148,3137,10.803466796875,0.34
2729,2837,-108.847900390625,-3.99
2997,2985,11.07666015625,0.37
2710,2806,-96.847412109375,-3.57
2496,2544,-48.969970703125,-1.96
3194,3076,117.57470703125,3.68
2980,2996,-16.249267578125,-0.55
3087,2972,114.402587890625,3.7
2976,3047,-71.8369140625,-2.41
3156,3026,129.63232421875,4.11
2697,2724,-27.075927734375,-1.0
2773,2791,-18.275634765625,-0.66
3385,3321,63.3359375,1.87
3005,3151,-146.267822265625,-4.87
2792,2811,-19.96826171875,-0.71
3098,3045,52.756103515625,1.7
3075,3137,-62.928955078125,-2.05
2919,3037,-118.330078125,-4.05
2554,2689,-135.5205078125,-5.3
3074,3001,72.857666015625,2.37
3209,3161,47.846923828125,1.49
3067,3182,-115.642578125,-3.77
2774,2867,-93.029541015625,-3.35
3223,3148,74.49462890625,2.31
2879,2923,-44.626708984375,-1.55
2557,2717,-160.398193359375,-6.27
2994,3080,-86.4296875,-2.89
3099,3075,23.2724609375,0.75
3034,3044,-10.542724609375,-0.35
3186,3204,-18.018310546875,-0.57
3186,3219,-33.73876953125,-1.06
2546,2638,-92.20556640625,-3.62
2784,2813,-29.63232421875,-1.06
3140,3108,31.466552734375,1.0
2834,2953,-119.832763671875,-4.23
3176,3073,102.359375,3.22
2966,2942,23.20654296875,0.78
2930,2894,35.563232421875,1.21
2893,2909,-16.0078125,-0.55
2606,2600,5.13671875,0.2
3348,3282,65.865234375,1.97
2905,3042,-137.401123046875,-4.73
2977,2901,75.26025390625,2.53
3260,3271,-11.04833984375,-0.34
3211,3320,-109.29052734375,-3.4
2800,2781,18.341064453125,0.65
2651,2704,-53.94384765625,-2.03
3327,3175,151.111572265625,4.54
3250,3368,-118.935302734375,-3.66
3123,3192,-69.093994140625,-2.21
2851,2827,23.0029296875,0.81
2987,2985,1.8359375,0.06
3033,3066,-33.525634765625,-1.1
2891,2999,-108.53271484375,-3.75
3187,3165,21.19287109375,0.66
3057,3109,-52.722900390625,-1.72
3093,3083,9.81201171875,0.32
3450,3344,105.854736328125,3.07
3030,3141,-111.250732421875,-3.67
3179,3048,130.554443359375,4.11
2856,2909,-53.06884765625,-1.86
3086,3241,-155.05908203125,-5.02
3265,3255,9.072021484375,0.28
2607,2808,-201.2880859375,-7.72
2840,2849,-9.06689453125,-0.32
2871,2870,0.38720703125,0.01
3024,2919,104.18994140625,3.44
2528,2665,-137.22802734375,-5.43
3090,3029,60.994873046875,1.97
3254,3259,-5.080810546875,-0.16
3205,3204,0.19287109375,0.01
3077,3149,-72.97021484375,-2.37
3039,3137,-98.56591796875,-3.24
2965,2872,92.796630859375,3.13
2728,2845,-117.3173828125,-4.3
3196,3173,22.0556640625,0.69
3054,3105,-51.298095703125,-1.68
3340,3281,58.8583984375,1.76
3266,3312,-46.460693359375,-1.42
3084,3096,-12.445556640625,-0.4
2746,2762,-16.37939453125,-0.6
2893,2918,-25.2958984375,-0.87
3086,3137,-51.128173828125,-1.66
3498,3418,79.2353515625,2.26
3152,3169,-17.356689453125,-0.55
3548,3528,19.517822265625,0.55
3223,3377,-154.6357421875,-4.8
2782,2758,23.512451171875,0.84
2724,2709,14.793212890625,0.54
3154,3139,14.6875,0.47
3444,3357,86.298095703125,2.51
3209,3289,-80.880859375,-2.52
3393,3313,79.217529296875,2.33
3127,3378,-251.212646484375,-8.03
2596,2701,-105.461669921875,-4.06
2662,2696,-34.916259765625,-1.31
3474,3395,78.411376953125,2.26
3078,3153,-75.406005859375,-2.45
3662,3593,68.845703125,1.88
3164,3473,-309.645263671875,-9.78
3101,3151,-50.0087890625,-1.61
2749,2793,-44.07763671875,-1.6
2810,2870,-60.801025390625,-2.16
3286,3223,62.396240234375,1.9
3338,3452,-114.943115234375,-3.44
3054,3024,29.586181640625,0.97
3170,3178,-8.509521484375,-0.27
3218,3243,-25.465087890625,-0.79
2896,2878,17.647216796875,0.61
2816,2855,-39.96728515625,-1.42
3236,3307,-71.754150390625,-2.22
2957,2956,0.387939453125,0.01
3436,3321,114.759521484375,3.34
2843,2889,-46.514404296875,-1.64
3133,3139,-6.529296875,-0.21
2861,2721,139.467041015625,4.87
2785,2794,-9.302734375,-0.33
2931,2972,-41.769775390625,-1.42
2991,3020,-29.750244140625,-0.99
3061,2964,96.4609375,3.15
3067,3065,1.25048828125,0.04
2728,2830,-102.911865234375,-3.77
2645,2526,118.2255859375,4.47
2745,2765,-20.77587890625,-0.76
4453,4342,110.048828125,2.47
4259,4463,-204.765625,-4.81
4748,4717,30.12548828125,0.63
4194,4245,-51.20458984375,-1.22
4266,4438,-172.84912109375,-4.05
4129,4119,9.23046875,0.22
3455,3958,-503.625,-14.57
4066,3722,343.05908203125,8.44
4240,4280,-40.62158203125,-0.96
4241,4224,16.0654296875,0.38
3790,4079,-289.3125,-7.63
3134,3302,-168.558349609375,-5.38
2774,2612,161.4775390625,5.82
2655,2610,44.749755859375,1.68
2771,2782,-11.81005859375,-0.43
2974,2749,224.971435546875,7.56
3280,3152,127.088134765625,3.87
3150,3135,14.4248046875,0.46
3556,3403,152.229248046875,4.28
2811,3039,-228.28564453125,-8.12
2981,3052,-71.728759765625,-2.41
3608,3666,-58.0322265625,-1.61
2995,3250,-255.8427734375,-8.54
3296,3276,19.216552734375,0.58
3069,3176,-107.605712890625,-3.51
3226,3120,105.967529296875,3.28
3018,2924,93.532958984375,3.1
3208,3141,66.563232421875,2.07
3262,3181,80.515380859375,2.47
3671,3452,218.103271484375,5.94
3710,3665,44.26318359375,1.19
3566,3566,-0.58740234375,-0.02
3175,3175,-0.435791015625,-0.01
3435,3041,393.031005859375,11.44
3364,3131,232.5498046875,6.91
3543,3354,188.08447265625,5.31
3609,3467,141.26171875,3.91
3209,3181,27.28955078125,0.85
2659,2849,-190.95849609375,-7.18
3088,2990,97.349853515625,3.15
2891,2716,174.03955078125,6.02
2688,2720,-32.4248046875,-1.21
3181,3125,55.505859375,1.74
2708,2827,-119.679931640625,-4.42
2927,2898,28.05712890625,0.96
3406,3457,-51.722900390625,-1.52
2937,3025,-88.012451171875,-3.0
2722,2693,28.45703125,1.05
2996,2953,42.21826171875,1.41
3102,3165,-63.115478515625,-2.03
3043,3121,-78.2109375,-2.57
2959,3046,-87.197021484375,-2.95
3207,3202,4.461181640625,0.14
2985,3069,-84.157470703125,-2.82
2913,2935,-22.715576171875,-0.78
3415,3242,172.08740234375,5.04
4274,4063,210.73046875,4.93
4319,4480,-161.21142578125,-3.73
3897,4237,-340.2080078125,-8.73
4208,4104,103.39111328125,2.46
4131,4197,-66.8251953125,-1.62
3711,3839,-128.1904296875,-3.45
3199,3530,-331.006103515625,-10.34
4036,3624,411.25244140625,10.19
4248,4106,141.5390625,3.33
4545,4477,67.61865234375,1.49
2799,3325,-526.001708984375,-18.79
3219,2924,294.55419921875,9.15
2707,2728,-21.60400390625,-0.8
2555,2562,-7.66552734375,-0.3
2839,2817,21.109130859375,0.74
2841,2853,-12.390625,-0.44
2805,2867,-62.22314453125,-2.22
2857,2983,-126.71630859375,-4.43
3054,3012,41.582763671875,1.36
2781,2699,81.265380859375,2.92
2942,3011,-69.0859375,-2.35
2935,3072,-137.6083984375,-4.69
2747,2870,-123.558349609375,-4.5
3138,3132,5.583251953125,0.18
3191,3262,-71.373291015625,-2.24
3106,3152,-46.935791015625,-1.51
2551,2565,-14.470703125,-0.57
2655,2655,-0.036865234375,-0.0
3100,3103,-3.860107421875,-0.12
2754,2890,-136.43701171875,-4.95
3095,2967,127.854736328125,4.13
3279,3132,146.62744140625,4.47
2614,2805,-191.66748046875,-7.33
2957,2894,62.501953125,2.11
2622,2717,-95.018798828125,-3.62
3277,3020,256.364013671875,7.82
3162,3196,-34.630615234375,-1.09
3337,3246,90.649658203125,2.72
3154,3162,-8.502685546875,-0.27
3226,3270,-44.491455078125,-1.38
2504,2599,-95.292724609375,-3.8
2712,2747,-35.489501953125,-1.31
3358,3401,-43.521240234375,-1.3
2868,3037,-169.567626953125,-5.91
3121,3126,-5.736083984375,-0.18
2846,2919,-73.7744140625,-2.59
3177,3146,30.80029296875,0.97
2375,2546,-171.8134765625,-7.23
2831,2703,127.07763671875,4.49
3156,3076,79.243896484375,2.51
3034,3107,-73.79150390625,-2.43
3055,3073,-18.7529296875,-0.61
3169,3245,-76.763671875,-2.42
2752,2797,-45.31103515625,-1.65
2494,2576,-82.691162109375,-3.31
2809,2746,62.739990234375,2.23
3291,3368,-77.19873046875,-2.35
3424,3423,0.185302734375,0.01
3248,3340,-92.728271484375,-2.85
3217,3307,-90.03125,-2.8
4250,4201,48.51904296875,1.14
3431,3810,-379.888671875,-11.07
3507,3516,-9.8466796875,-0.28
3166,3286,-120.615478515625,-3.81
3605,3261,343.220703125,9.52
9163,8442,720.4384765625,7.86
8213,8707,-494.056640625,-6.01
8442,7837,604.18359375,7.16
7493,7064,428.1435546875,5.71
7773,7357,415.29150390625,5.34
8097,8668,-571.8408203125,-7.06
6640,6667,-27.58984375,-0.42
6583,6536,46.01318359375,0.7
6871,6852,18.9140625,0.28
6313,6506,-193.11376953125,-3.06
5571,5598,-27.1181640625,-0.49
6125,5731,393.97412109375,6.43
6381,6561,-180.310546875,-2.83
7340,6948,391.6552734375,5.34
6447,6648,-201.1708984375,-3.12
6261,6182,78.05078125,1.25
6917,6746,170.96484375,2.47
5967,6146,-179.92431640625,-3.01
6208,6139,68.662109375,1.11
6466,6796,-330.0400390625,-5.1
6791,6642,148.42138671875,2.19
7364,7099,264.36572265625,3.59
6620,6982,-362.1337890625,-5.47
7300,7126,173.73193359375,2.38
5486,5873,-387.2041015625,-7.06
5481,5665,-184.27587890625,-3.36
6719,6653,65.83837890625,0.98
6588,6759,-171.09326171875,-2.6
6611,6595,15.7783203125,0.24
6911,6785,125.05859375,1.81
7014,6619,394.064453125,5.62
6117,6132,-15.23779296875,-0.25
5235,5580,-345.0390625,-6.59
7360,6587,772.80712890625,10.5
6632,6809,-177.08642578125,-2.67
7227,7065,161.44775390625,2.23
6802,6856,-54.0302734375,-0.79
7165,7096,68.712890625,0.96
5717,5868,-151.48828125,-2.65
5849,6203,-354.85595703125,-6.07
6344,6497,-153.58154296875,-2.42
7152,7038,113.23681640625,1.58
7053,7027,25.42431640625,0.36
6859,6896,-37.86376953125,-0.55
7210,7134,75.5751953125,1.05
6281,6471,-190.46142578125,-3.03
5467,5829,-362.66943359375,-6.63
7293,7183,109.3857421875,1.5
6722,6782,-60.17578125,-0.9
7600,7337,262.9775390625,3.46
6062,6287,-225.7255859375,-3.72
7388,7021,366.396484375,4.96
5824,5891,-67.35205078125,-1.16
5841,6078,-237.16015625,-4.06
6720,6703,16.142578125,0.24
6828,7006,-178.27294921875,-2.61
7331,7128,202.6875,2.76
6598,6947,-349.4013671875,-5.29
6977,6757,219.6181640625,3.15
5666,5915,-249.580078125,-4.4
5183,5430,-247.705078125,-4.78
6886,6477,408.361328125,5.93
6895,6848,46.31396484375,0.67
6571,6298,272.6259765625,4.15
7051,6789,261.19677734375,3.7
6551,6368,182.10595703125,2.78
5895,5976,-81.3154296875,-1.38
5279,5728,-449.4189453125,-8.51
6939,6507,431.3564453125,6.22
6736,6618,117.46826171875,1.74
6824,6885,-61.89306640625,-0.91
6113,6097,15.685546875,0.26
6814,6592,221.64599609375,3.25
5255,5499,-244.73779296875,-4.66
5646,5647,-1.34765625,-0.02
6662,6412,249.28466796875,3.74
6791,6698,92.5244140625,1.36
7268,6828,439.5888671875,6.05
7589,7577,11.66357421875,0.15
6641,6675,-34.6044921875,-0.52
5647,6155,-508.9990234375,-9.01
6345,6225,119.27490234375,1.88
6722,7009,-287.50927734375,-4.28
6939,7035,-96.42236328125,-1.39
7806,7487,318.58837890625,4.08
7842,7668,173.34912109375,2.21
7403,7477,-74.4033203125,-1.0
6644,6753,-109.9326171875,-1.65
6050,6192,-142.55859375,-2.36
7962,7910,51.58349609375,0.65
734,1070,-336.978271484375,-45.85
736,686,49.5980224609375,6.73
800,750,49.99072265625,6.24
677,700,-23.73175048828125,-3.5
700,676,23.8206787109375,3.4
650,658,-8.46014404296875,-1.3
692,691,0.8507080078125,0.12
831,866,-35.91644287109375,-4.32
966,1048,-82.767822265625,-8.56
721,658,62.0419921875,8.59
715,705,9.66156005859375,1.35
807,764,42.86724853515625,5.31
729,770,-41.511962890625,-5.69
674,679,-5.40985107421875,-0.8
4824,4672,151.2470703125,3.13
4895,4901,-6.375,-0.13
4890,4976,-86.654296875,-1.77
4903,4908,-5.05029296875,-0.1
4916,4838,77.15087890625,1.57
4757,4884,-127.833984375,-2.69
4541,4888,-347.40576171875,-7.65
4895,4900,-5.3408203125,-0.11
5147,5069,77.19287109375,1.5
6246,6412,-166.30419921875,-2.66
5391,5277,113.16748046875,2.1
6080,5660,419.5537109375,6.9
4208,3956,251.530029296875,5.98
10651,10075,575.3994140625,5.4
8233,8105,127.49267578125,1.55
9596,9106,489.630859375,5.1
9728,9071,656.6669921875,6.75
9543,9298,244.71875,2.56
9352,9267,84.521484375,0.9
10492,10200,291.943359375,2.78
7608,7960,-352.2197265625,-4.63
8384,8411,-27.873046875,-0.33
9464,9569,-105.71875,-1.12
9445,9495,-50.4306640625,-0.53
9351,9444,-93.919921875,-1.0
8930,9164,-234.35546875,-2.62
9226,9243,-17.9423828125,-0.19
8944,8982,-38.7294921875,-0.43
8526,8620,-94.57421875,-1.11
9219,9340,-121.5234375,-1.32
9842,9757,84.84765625,0.86
9676,9764,-88.7734375,-0.92
9180,9416,-236.1005859375,-2.57
10232,10245,-13.4501953125,-0.13
8798,8725,72.7841796875,0.83
8498,8596,-98.69921875,-1.16
9467,9594,-127.9462890625,-1.35
9586,9641,-55.4365234375,-0.58
10674,10429,244.27734375,2.29
9183,9423,-240.26953125,-2.62
10706,10294,411.3896484375,3.84
8434,8570,-136.5966796875,-1.62
9476,9340,135.30078125,1.43
10289,10262,26.5107421875,0.26
10311,10312,-1.71875,-0.02
10017,10012,4.318359375,0.04
10075,10332,-257.4873046875,-2.56
10005,10005,-0.5439453125,-0.01
7984,7988,-4.57373046875,-0.06
8379,8154,224.37451171875,2.68
9875,9859,15.3896484375,0.16
10138,10115,22.794921875,0.22
10134,10110,23.421875,0.23
10539,10458,80.123046875,0.76
10532,10410,121.046875,1.15
8766,8980,-214.38671875,-2.45
7946,8064,-118.55810546875,-1.49
9476,9392,83.109375,0.88
8157,8297,-140.765625,-1.73
10391,10218,172.1328125,1.66
10537,10510,26.494140625,0.25
8543,8572,-29.85546875,-0.35
8758,8647,110.1689453125,1.26
8941,9043,-102.0107421875,-1.14
9668,9750,-82.853515625,-0.86
9676,9965,-289.7939453125,-2.99
9803,9895,-92.640625,-0.94
10566,10488,77.6171875,0.73
8797,9088,-291.578125,-3.31
7666,7785,-119.91162109375,-1.56
8778,8634,143.568359375,1.64
9205,9327,-122.3798828125,-1.33
9958,9966,-8.513671875,-0.09
9050,9049,0.052734375,0.0
8963,8859,103.419921875,1.15
9957,10012,-55.7763671875,-0.56
9371,9360,10.251953125,0.11
8719,8718,0.517578125,0.01
10396,10417,-21.9873046875,-0.21
9983,10023,-40.271484375,-0.4
9286,9313,-27.556640625,-0.3
8987,9156,-169.642578125,-1.89
10228,10218,9.818359375,0.1
9370,9003,366.49609375,3.91
7953,8046,-93.6796875,-1.18
10086,9816,269.77734375,2.67
9049,9161,-112.5751953125,-1.24
9179,9258,-79.4775390625,-0.87
9656,9951,-295.97265625,-3.06
10313,10222,90.384765625,0.88
8895,8701,193.81640625,2.18
8083,8171,-88.94482421875,-1.1
9500,9467,32.4677734375,0.34
9912,9940,-28.2431640625,-0.28
9801,9909,-108.767578125,-1.11
9779,9780,-1.9501953125,-0.02
9835,9792,42.3818359375,0.43
10175,9653,521.552734375,5.13
9357,9504,-147.384765625,-1.57
9579,9826,-247.1025390625,-2.58
8577,8671,-94.2294921875,-1.1
9298,9416,-118.328125,-1.27
9390,9429,-39.3134765625,-0.42
11066,10933,132.6064453125,1.2
11027,10572,454.4794921875,4.12
9984,9776,207.4970703125,2.08
12036,11737,298.296875,2.48
10892,11012,-120.24609375,-1.1
13693,13335,357.26171875,2.61
11156,11684,-528.2568359375,-4.73
11110,11433,-323.921875,-2.92
9777,9592,184.1328125,1.88
10403,10703,-300.3056640625,-2.89
12241,12224,16.8583984375,0.14
8804,9228,-424.1826171875,-4.82
9280,8588,691.1396484375,7.45
10322,10384,-62.4169921875,-0.6
9897,10056,-159.1962890625,-1.61
8570,8538,31.65625,0.37
8608,8454,153.3935546875,1.78
8911,8991,-80.009765625,-0.9
10577,10598,-21.994140625,-0.21
9257,9439,-182.2939453125,-1.97
9657,9621,35.08984375,0.36
8883,8898,-15.6455078125,-0.18
8502,8596,-94.1611328125,-1.11
8871,8804,66.4638671875,0.75
9200,9398,-198.0986328125,-2.15
9853,9766,86.5986328125,0.88
10009,10159,-150.0361328125,-1.5
9718,9854,-136.1611328125,-1.4
9789,10088,-299.439453125,-3.06
9054,8942,111.8720703125,1.24
8024,8089,-65.107421875,-0.81
9430,9486,-56.7607421875,-0.6
9740,9613,126.87890625,1.3
9693,9554,138.14453125,1.43
9573,9642,-69.7744140625,-0.73
9825,9590,234.2373046875,2.38
8680,8528,151.412109375,1.74
9462,9311,150.2724609375,1.59
9956,10003,-47.4716796875,-0.48
9295,9290,4.1748046875,0.04
10122,9931,190.1494140625,1.88
10163,10235,-72.498046875,-0.71
9096,9186,-90.0615234375,-0.99
9670,9407,262.4501953125,2.71
8775,8700,74.2236328125,0.85
9782,9723,58.46484375,0.6
9862,9877,-15.6904296875,-0.16
10267,10227,39.2041015625,0.38
10149,9900,248.29296875,2.45
10922,10855,66.3525390625,0.61
9018,9066,-48.65234375,-0.54
8865,9009,-144.837890625,-1.63
9539,9672,-133.7802734375,-1.4
9404,9454,-50.1640625,-0.53
10512,10463,48.7275390625,0.46
9654,9545,108.044921875,1.12
10850,10636,213.595703125,1.97
9310,9016,293.28125,3.15
9206,9059,146.5,1.59
10926,10748,177.0419921875,1.62
10691,10838,-147.87890625,-1.38
12211,12035,175.826171875,1.44
10325,10940,-615.595703125,-5.96
12010,11885,124.6328125,1.04
9224,9469,-245.5751953125,-2.66
9604,9688,-84.51171875,-0.88
10066,10151,-85.4951171875,-0.85
10701,10969,-268.0419921875,-2.5
9878,10003,-125.1806640625,-1.27
12025,12056,-31.525390625,-0.26
11088,11063,24.9462890625,0.22
8973,9179,-206.0009765625,-2.3
9310,9509,-199.1044921875,-2.14
9659,9808,-149.4462890625,-1.55
9618,9719,-101.05859375,-1.05
10816,10848,-32.5771484375,-0.3
8736,8652,83.1796875,0.95
11761,11018,742.8525390625,6.32
10252,10248,3.693359375,0.04
9116,8961,154.1142578125,1.69
10663,10688,-25.7978515625,-0.24
11318,11185,132.958984375,1.17
10162,10281,-119.642578125,-1.18
10985,10965,19.6103515625,0.18
10487,10529,-42.1083984375,-0.4
10606,10507,98.994140625,0.93
8185,8449,-264.1123046875,-3.23
10798,10706,91.69921875,0.85
10791,10644,146.05859375,1.35
9184,9343,-159.9052734375,-1.74
11592,11257,334.5048828125,2.89
10027,9696,330.30859375,3.29
9884,9417,466.498046875,4.72
10208,9989,218.2939453125,2.14
10150,10157,-7.720703125,-0.08
11845,11629,215.130859375,1.82
11612,11943,-331.201171875,-2.85
10559,10410,148.5439453125,1.41
10281,10695,-414.9677734375,-4.04
8884,8771,112.0595703125,1.26
9318,9105,212.546875,2.28
10603,11010,-407.1806640625,-3.84
11357,11202,154.92578125,1.36
11696,11554,141.9755859375,1.21
12443,12373,69.755859375,0.56
11027,11197,-170.7294921875,-1.55
10384,10483,-99.25,-0.96
9416,9553,-137.8759765625,-1.46
10727,11178,-451.517578125,-4.21
10287,10449,-162.013671875,-1.57
10682,10661,20.6865234375,0.19
12142,11971,170.70703125,1.41
9970,10023,-53.7734375,-0.54
8584,8456,127.224609375,1.48
10447,10491,-44.515625,-0.43
12107,11931,175.2294921875,1.45
12318,12270,47.3876953125,0.38
11504,11651,-147.0986328125,-1.28
10097,10116,-19.931640625,-0.2
11819,11927,-108.6337890625,-0.92
10919,11090,-171.4130859375,-1.57
8950,9313,-363.689453125,-4.06
10874,10768,105.53125,0.97
9809,9588,220.4111328125,2.25
11376,11387,-11.818359375,-0.1
11362,11421,-59.3427734375,-0.52
9522,9384,137.7548828125,1.45
9524,9160,363.12890625,3.81
9447,9398,48.7431640625,0.52
11990,12055,-65.7958984375,-0.55
11253,11616,-363.9345703125,-3.23
11407,11215,191.119140625,1.68
10328,10102,225.6630859375,2.18
11684,11964,-280.302734375,-2.4
9381,9402,-21.0751953125,-0.22
8856,9025,-169.009765625,-1.91
10270,10145,124.6611328125,1.21
11200,11198,1.54296875,0.01
10650,10624,25.9619140625,0.24
11453,11674,-221.974609375,-1.94
11762,11490,271.1669921875,2.31
9213,9155,57.9384765625,0.63
7699,8072,-373.087890625,-4.85
9113,9345,-232.5634765625,-2.55
9539,9392,146.265625,1.53
10975,10458,516.90625,4.71
9823,9456,366.2373046875,3.73
11083,10557,525.623046875,4.74
9528,9218,309.962890625,3.25
10208,10357,-149.5224609375,-1.46
13920,13939,-19.802734375,-0.14
13195,13005,189.9677734375,1.44
13197,13082,114.17578125,0.87
12936,12637,298.357421875,2.31
15320,15253,66.15625,0.43
12103,11830,272.1630859375,2.25
12898,12412,485.2470703125,3.76
12580,12972,-392.9384765625,-3.12
14617,14483,133.0517578125,0.91
15770,15375,394.3427734375,2.5
13219,13581,-362.693359375,-2.74
10882,11100,-218.587890625,-2.01
9164,9489,-325.6025390625,-3.55
10140,9834,305.9013671875,3.02
10298,10767,-469.2626953125,-4.56
10089,10535,-446.294921875,-4.42
9382,9097,284.134765625,3.03
10962,10578,383.482421875,3.5
10647,10752,-105.736328125,-0.99
8620,8586,33.41015625,0.39
8397,8314,82.9892578125,0.99
11669,11203,465.865234375,3.99
11055,11138,-83.7626953125,-0.76
10887,11017,-130.3349609375,-1.2
12199,12011,187.9482421875,1.54
9772,9803,-31.962890625,-0.33
10508,10526,-18.6396484375,-0.18
9796,10124,-328.6552734375,-3.35
11445,11226,218.8369140625,1.91
11670,11451,218.583984375,1.87
12520,11863,656.5546875,5.24
10032,10224,-192.48046875,-1.92
11735,11506,228.53515625,1.95
9827,9564,262.0556640625,2.67
10583,10510,72.4345703125,0.68
11674,11435,238.4609375,2.04
11679,11502,176.6884765625,1.51
11109,11192,-83.3173828125,-0.75
10027,10676,-649.513671875,-6.48
10408,10083,324.41796875,3.12
9140,9159,-19.5986328125,-0.21
7857,7929,-72.61328125,-0.92
10156,10024,131.18359375,1.29
10913,10545,367.482421875,3.37
9517,9493,23.4267578125,0.25
9670,9610,59.5732421875,0.62
10026,10099,-73.34765625,-0.73
9063,8947,115.833984375,1.28
8867,9153,-286.451171875,-3.23
10851,10698,152.1875,1.4
9703,9604,98.30078125,1.01
9173,9264,-91.068359375,-0.99
9676,9696,-20.859375,-0.22
9165,9236,-71.5517578125,-0.78
9234,8888,345.5625,3.74
12751,12430,320.724609375,2.52
12342,12117,224.154296875,1.82
14293,13754,538.763671875,3.77
13204,13638,-434.1689453125,-3.29
13151,13277,-126.029296875,-0.96
11484,12243,-759.5859375,-6.61
11593,11731,-138.1513671875,-1.19
12670,12067,602.130859375,4.75
12419,12831,-412.9130859375,-3.32
13527,13233,293.916015625,2.17
15542,14955,586.361328125,3.77
10021,10367,-346.32421875,-3.46
9896,10606,-710.4677734375,-7.18
8498,8604,-106.0,-1.25
8539,8493,45.2607421875,0.53
10901,10953,-52.6455078125,-0.48
9133,9463,-330.0712890625,-3.61
10123,9927,195.1708984375,1.93
8853,8899,-46.9013671875,-0.53
9873,9911,-38.580078125,-0.39
8544,8522,21.7138671875,0.25
9476,9371,104.310546875,1.1
10659,10445,213.1416015625,2.0
9423,9519,-96.201171875,-1.02
10254,10014,239.9091796875,2.34
9848,10214,-366.6044921875,-3.72
9248,9432,-184.384765625,-1.99
8564,8537,26.5263671875,0.31
9713,9400,312.7998046875,3.22
10554,10461,92.427734375,0.88
10199,10071,127.6435546875,1.25
8876,9000,-124.8544921875,-1.41
9690,9581,108.630859375,1.12
9990,9982,7.85546875,0.08
9316,9214,101.095703125,1.09
8363,8243,119.7236328125,1.43
9479,9445,33.560546875,0.35
9476,9335,140.7216796875,1.48
10374,10144,229.03515625,2.21
8604,8743,-139.4462890625,-1.62
8976,9370,-394.5693359375,-4.4
8375,8221,153.2412109375,1.83
8546,8535,10.0751953125,0.12
9307,9363,-56.01171875,-0.6
10925,10694,230.2646484375,2.11
10979,10826,152.9921875,1.39
9480,10004,-524.3671875,-5.53
9524,9607,-83.4990234375,-0.88
7773,7937,-164.908203125,-2.12
8466,8382,83.107421875,0.98
9609,9782,-173.994140625,-1.81
9942,9824,117.783203125,1.18
10873,10657,215.0078125,1.98
10499,10417,81.63671875,0.78
9829,9798,30.767578125,0.31
7935,8140,-205.81298828125,-2.59
8146,8188,-42.009765625,-0.52
10488,10490,-2.9951171875,-0.03
10391,10256,134.0703125,1.29
9286,9151,134.67578125,1.45
9697,9620,76.4296875,0.79
12043,12125,-82.685546875,-0.69
11009,11220,-211.9072265625,-1.92
11540,11569,-29.9404296875,-0.26
13215,12715,499.8701171875,3.78
12938,12873,64.353515625,0.5
16459,16020,438.775390625,2.67
15077,15662,-585.6337890625,-3.88
14309,14539,-230.884765625,-1.61
13101,12980,120.09765625,0.92
14329,13785,543.208984375,3.79
16919,16600,318.798828125,1.88
11689,12014,-325.4990234375,-2.78
12781,12812,-31.21875,-0.24
11917,12182,-265.23828125,-2.23
13094,13066,27.94921875,0.21
11494,11580,-86.8515625,-0.76
11446,11212,233.416015625,2.04
13020,12742,277.5478515625,2.13
11971,12191,-220.0634765625,-1.84
14087,13736,350.171875,2.49
13389,13759,-370.32421875,-2.77
12046,12216,-170.38671875,-1.41
11438,11307,130.837890625,1.14
11251,11346,-95.849609375,-0.85
12038,12034,3.3212890625,0.03
13796,13765,30.15625,0.22
12708,12725,-17.7607421875,-0.14
13283,13140,142.3134765625,1.07
12427,12730,-303.3779296875,-2.44
10609,10657,-48.03125,-0.45
11489,11617,-128.5908203125,-1.12
11936,12161,-225.134765625,-1.89
13116,13005,110.1142578125,0.84
14074,13791,282.88671875,2.01
13117,13039,77.4970703125,0.59
12181,12186,-5.8134765625,-0.05
10677,10822,-145.783203125,-1.37
10971,11149,-178.263671875,-1.62
13039,13197,-158.041015625,-1.21
14248,13949,298.6044921875,2.1
12256,12172,83.3330078125,0.68
11168,11486,-318.7470703125,-2.85
13875,13812,62.0908203125,0.45
10148,10373,-225.0205078125,-2.22
10719,11001,-282.859375,-2.64
12677,12886,-209.029296875,-1.65
11423,11207,215.58984375,1.89
12245,12069,175.8232421875,1.44
13906,13785,120.1337890625,0.86
12284,12046,237.0546875,1.93
11301,11558,-257.123046875,-2.28
10238,10582,-344.416015625,-3.36
12780,12852,-72.1865234375,-0.56
12634,12851,-217.3505859375,-1.72
12932,12940,-8.3466796875,-0.06
13596,13489,106.3759765625,0.78
11991,11966,24.365234375,0.2
10250,10245,4.2734375,0.04
11534,11696,-162.0146484375,-1.4
11598,11855,-257.541015625,-2.22
10310,10572,-262.4365234375,-2.55
13880,13228,651.220703125,4.69
12557,12473,83.8291015625,0.67
12980,12733,246.5078125,1.9
10487,10681,-194.4228515625,-1.85
11692,11640,51.515625,0.44
12397,12620,-223.3212890625,-1.8
10332,11265,-933.984375,-9.04
11161,10941,219.05078125,1.96
13720,12960,759.408203125,5.53
12203,12082,120.04296875,0.98
10862,10680,181.205078125,1.67
11088,10705,382.1064453125,3.45
11824,11657,166.2783203125,1.41
9937,10488,-551.1962890625,-5.55
11987,11865,121.1611328125,1.01
12284,11759,524.92578125,4.27
11663,11420,242.099609375,2.08
11066,10426,639.7119140625,5.78
10721,10538,182.9169921875,1.71
11778,11744,33.7265625,0.29
12319,12522,-203.8701171875,-1.65
12856,12543,312.1328125,2.43
12416,12156,259.5732421875,2.09
12014,12223,-209.880859375,-1.75
12196,11830,365.9306640625,3.0
11974,12119,-145.98828125,-1.22
13120,13531,-411.1005859375,-3.13
12589,12575,13.6669921875,0.11
14109,14182,-73.693359375,-0.52
15635,15607,27.060546875,0.17
13991,14061,-70.01953125,-0.5
12754,12268,485.046875,3.8
13525,13408,116.326171875,0.86
14305,14327,-22.8330078125,-0.16
18999,19653,-654.470703125,-3.44
18717,18693,23.447265625,0.13
15705,15417,287.4189453125,1.83
20168,19973,194.984375,0.97
20535,20604,-69.6484375,-0.34
18410,18244,165.61328125,0.9
11037,11391,-354.138671875,-3.21
17866,17079,786.744140625,4.4
14899,15614,-715.8583984375,-4.8
15856,15363,492.0751953125,3.1
17973,16858,1114.25,6.2
17960,17891,68.970703125,0.38
15149,15781,-632.1005859375,-4.17
15640,16039,-399.861328125,-2.56
19684,19092,591.150390625,3.0
20158,20530,-372.849609375,-1.85
19356,19681,-325.01953125,-1.68
15426,15192,233.453125,1.51
16708,16082,625.7958984375,3.75
14786,15519,-733.802734375,-4.96
15840,16388,-548.05859375,-3.46
18360,17993,366.837890625,2.0
18102,17760,341.94921875,1.89
20306,19289,1016.6875,5.01
16296,16350,-54.060546875,-0.33
22136,20796,1339.09765625,6.05
18171,18601,-430.455078125,-2.37
19348,19457,-109.33984375,-0.57
17628,17966,-338.927734375,-1.92
20919,20697,221.5390625,1.06
26220,25756,463.482421875,1.77
20843,21072,-229.240234375,-1.1
25097,24424,672.7265625,2.68
17998,19104,-1106.5234375,-6.15
23978,22936,1041.4765625,4.34
15595,16549,-954.708984375,-6.12
20030,20179,-149.494140625,-0.75
20731,20928,-197.892578125,-0.95
19309,19545,-236.3359375,-1.22
20054,20041,12.556640625,0.06
17050,17238,-188.82421875,-1.11
17400,16642,757.876953125,4.36
18283,18115,167.732421875,0.92
20894,20828,65.859375,0.32
17245,17147,97.6328125,0.57
18385,17936,448.267578125,2.44
19374,19242,131.388671875,0.68
17671,18138,-467.26171875,-2.64
15815,15839,-24.2265625,-0.15
18239,17902,336.751953125,1.85
19122,18709,412.072265625,2.15
17092,17206,-114.392578125,-0.67
18985,18835,149.701171875,0.79
19815,19724,90.263671875,0.46
19328,19340,-12.91015625,-0.07
17831,17518,312.94140625,1.75
17537,17235,301.259765625,1.72
19074,18977,96.5390625,0.51
19120,19306,-186.052734375,-0.97
19113,19333,-220.513671875,-1.15
17954,18093,-139.224609375,-0.78
16585,16892,-307.712890625,-1.86
16469,16132,336.431640625,2.04
16097,15901,195.24609375,1.21
19346,18912,433.697265625,2.24
19095,18652,442.53515625,2.32
18869,18483,385.119140625,2.04
18167,18131,35.55078125,0.2
19724,19621,102.79296875,0.52
16962,16936,25.265625,0.15
16403,16676,-273.990234375,-1.67
18346,18255,90.919921875,0.5
19049,18829,219.255859375,1.15
20148,19863,284.59375,1.41
18413,18647,-234.9453125,-1.28
18916,18737,178.564453125,0.94
15808,15696,111.3125,0.7
17138,17464,-326.833984375,-1.91
18892,18862,29.1015625,0.15
19516,19393,122.23046875,0.63
22359,21742,616.546875,2.76
19198,19417,-219.654296875,-1.14
20943,20724,218.666015625,1.04
18670,18564,105.861328125,0.57
17091,17032,58.9375,0.34
20785,20824,-39.783203125,-0.19
20068,20150,-82.6640625,-0.41
20643,20478,164.55859375,0.8
17989,17763,225.44140625,1.25
18616,18852,-236.97265625,-1.27
15628,15346,281.4189453125,1.8
18900,18921,-21.98828125,-0.12
19128,18987,140.630859375,0.74
19666,19692,-26.11328125,-0.13
18375,18077,297.876953125,1.62
18110,18402,-292.046875,-1.61
19596,19771,-175.75,-0.9
16847,17064,-217.142578125,-1.29
16749,16361,387.0205078125,2.31
17789,17911,-122.388671875,-0.69
18215,18137,77.333984375,0.42
18839,18655,183.44140625,0.97
19296,19087,208.544921875,1.08
20880,20736,143.248046875,0.69
18365,18242,122.87890625,0.67
17077,17330,-253.166015625,-1.48
21377,21431,-54.896484375,-0.26
17452,17770,-318.306640625,-1.82
20855,20910,-55.490234375,-0.27
19461,19669,-208.150390625,-1.07
20702,20251,450.021484375,2.17
18958,18736,221.66015625,1.17
15111,15507,-396.3154296875,-2.62
20816,20422,393.677734375,1.89
18722,18927,-205.6796875,-1.1
19340,19082,257.322265625,1.33
19720,19939,-219.740234375,-1.11
18578,18387,190.298828125,1.02
17228,16975,252.7890625,1.47
17932,17915,16.974609375,0.09
16921,17125,-204.4765625,-1.21
20109,19988,120.2421875,0.6
21323,21106,216.8828125,1.02
21366,20848,517.962890625,2.42
25257,24699,557.46484375,2.21
19435,19591,-156.724609375,-0.81
19437,19453,-16.33203125,-0.08
23827,23538,288.515625,1.21
24642,24215,426.9375,1.73
20880,21335,-455.876953125,-2.18
21058,21350,-292.0390625,-1.39
22905,22575,329.0859375,1.44
20142,19860,281.28515625,1.4
22525,22112,412.396484375,1.83
21463,21425,37.6015625,0.18
18864,18924,-60.662109375,-0.32
19184,19454,-270.220703125,-1.41
19834,20050,-216.26171875,-1.09
16709,16861,-152.439453125,-0.91
18395,17745,649.40625,3.53
17391,17160,230.306640625,1.32
20746,20382,363.8828125,1.75
21117,20829,287.95703125,1.36
21264,21015,248.54296875,1.17
18203,18754,-551.4453125,-3.03
20004,20401,-397.3828125,-1.99
18991,18603,387.109375,2.04
16750,16934,-184.314453125,-1.1
19568,19842,-274.28125,-1.4
19789,19616,172.66796875,0.87
19036,18862,173.560546875,0.91
20387,20186,200.24609375,0.98
19414,19390,23.98828125,0.12
16987,16856,130.0859375,0.77
17170,17110,59.236328125,0.34
17140,17288,-148.23046875,-0.86
18848,18390,457.671875,2.43
19035,18996,38.34765625,0.2
20369,19936,432.34765625,2.12
20345,20068,276.109375,1.36
16124,16313,-189.4951171875,-1.18
17487,17576,-89.345703125,-0.51
17295,17895,-600.197265625,-3.47
19705,19529,175.017578125,0.89
18221,18446,-225.1015625,-1.24
19343,19018,324.76171875,1.68
17072,16876,195.59375,1.15
19491,18936,554.423828125,2.84
17451,17456,-5.681640625,-0.03
18620,18926,-306.677734375,-1.65
19477,19242,234.6640625,1.2
19159,19335,-176.9375,-0.92
18228,18223,4.923828125,0.03
20029,20077,-48.58984375,-0.24
17105,16865,239.5078125,1.4
17095,16923,171.7421875,1.0
19773,19750,22.279296875,0.11
20374,20411,-37.638671875,-0.18
20131,20043,87.591796875,0.44
19700,19805,-105.205078125,-0.53
18090,18057,32.09375,0.18
19236,18841,394.25390625,2.05
21308,20450,857.654296875,4.02
22817,22958,-141.42578125,-0.62
21665,21686,-21.787109375,-0.1
22392,22523,-131.556640625,-0.59
20849,21023,-174.189453125,-0.84
22025,22882,-857.85546875,-3.89
16279,16406,-127.109375,-0.78
17937,17402,534.408203125,2.98
19498,19433,64.931640625,0.33
23218,22639,578.697265625,2.49
16764,17156,-392.443359375,-2.34
22628,22248,379.32421875,1.68
22019,21701,317.369140625,1.44
17537,17658,-121.005859375,-0.69
19197,19330,-133.583984375,-0.7
19742,20084,-342.95703125,-1.74
22944,22077,866.671875,3.78
22300,22820,-520.8984375,-2.34
20677,20468,208.154296875,1.01
20430,20753,-323.1015625,-1.58
19611,19776,-165.765625,-0.85
20441,20331,109.87890625,0.54
21526,21557,-31.494140625,-0.15
21534,21438,95.99609375,0.45
20297,20487,-190.7734375,-0.94
21193,21559,-366.029296875,-1.73
18944,19176,-232.828125,-1.23
19266,19236,29.375,0.15
19475,19284,190.462890625,0.98
23171,22984,186.212890625,0.8
21559,21385,173.943359375,0.81
20063,20010,52.66015625,0.26
22588,22502,85.53125,0.38
20183,20320,-137.4375,-0.68
21030,20550,479.255859375,2.28
20970,20869,100.041015625,0.48
19574,19508,65.435546875,0.33
25235,24463,771.6484375,3.06
23537,23323,213.15234375,0.91
18908,19042,-134.08203125,-0.71
20374,20965,-591.9765625,-2.91
19897,19678,218.6171875,1.1
18441,18335,105.7109375,0.57
18046,18602,-556.61328125,-3.08
20515,20167,347.068359375,1.69
23226,22483,742.5390625,3.2
24929,24214,714.6171875,2.87
23469,23371,97.146484375,0.41
20044,19724,319.095703125,1.59
18276,18210,65.787109375,0.36
20901,21398,-497.185546875,-2.38
19778,19961,-183.146484375,-0.93
20118,19886,231.880859375,1.15
23084,22845,238.44921875,1.03
22928,23075,-147.759765625,-0.64
18924,18832,91.328125,0.48
19651,19670,-19.279296875,-0.1
24615,24329,285.166015625,1.16
22638,22792,-154.923828125,-0.68
23592,23328,263.6171875,1.12
18297,18339,-42.06640625,-0.23
22862,23142,-280.220703125,-1.23
18947,18811,135.921875,0.72
21931,21373,557.046875,2.54
22180,21478,701.623046875,3.16
19177,19031,145.439453125,0.76
23453,23263,189.65234375,0.81
21039,21103,-64.91796875,-0.31
20947,20586,360.66796875,1.72
19277,19677,-400.546875,-2.08
21485,21035,449.171875,2.09
23182,23474,-292.6875,-1.26
21878,22365,-487.765625,-2.23
21985,21560,424.814453125,1.93
20619,20807,-188.875,-0.92
25229,25235,-6.173828125,-0.02
18489,18504,-15.79296875,-0.09
16061,15859,201.7802734375,1.26
19956,19986,-30.466796875,-0.15
21970,21630,339.701171875,1.55
24241,24060,180.193359375,0.74
20055,20677,-622.966796875,-3.11
22727,23130,-403.39453125,-1.77
19001,18758,242.966796875,1.28
18539,18452,86.498046875,0.47
21542,22022,-480.359375,-2.23
19817,20298,-481.85546875,-2.43
21049,20261,787.0390625,3.74
18768,18807,-39.7734375,-0.21
21312,20706,605.31640625,2.84
17621,17773,-152.84375,-0.87
19251,18713,537.58203125,2.79
26601,26535,65.28515625,0.25
26533,25086,1446.55078125,5.45
27294,26708,585.751953125,2.15
28381,28724,-343.224609375,-1.21
30979,31180,-201.421875,-0.65
24019,23651,367.103515625,1.53
23184,23475,-291.890625,-1.26
29015,28673,341.552734375,1.18
25178,26051,-873.265625,-3.47
26935,26582,352.671875,1.31
27991,27128,862.52734375,3.08
22432,22073,358.46875,1.6
18472,18799,-327.9375,-1.78
18018,17553,464.55078125,2.58
21073,20411,661.548828125,3.14
21435,21491,-56.07421875,-0.26
20280,20556,-276.443359375,-1.36
20056,19693,362.8125,1.81
20340,20426,-86.30859375,-0.42
19545,19740,-195.830078125,-1.0
19502,19376,125.146484375,0.64
22014,22246,-232.482421875,-1.06
23302,22929,372.498046875,1.6
23139,23063,75.119140625,0.32
23398,23525,-127.068359375,-0.54
21528,21916,-388.6953125,-1.81
21154,21422,-268.373046875,-1.27
23675,23572,102.142578125,0.43
22075,22576,-501.8203125,-2.27
24480,24388,91.775390625,0.37
24045,24476,-431.064453125,-1.79
21776,22259,-483.453125,-2.22
23048,22868,179.435546875,0.78
19248,19834,-586.6796875,-3.05
20831,20218,612.65625,2.94
24335,24348,-13.8671875,-0.06
21669,21104,564.232421875,2.6
19294,19092,201.830078125,1.05
20999,21113,-114.115234375,-0.54
19079,19037,41.28515625,0.22
16793,16726,66.986328125,0.4
15855,15763,91.74609375,0.58
20323,19966,356.662109375,1.75
18359,18044,314.724609375,1.71
18937,19170,-233.330078125,-1.23
17894,17809,84.59765625,0.47
17688,17978,-290.833984375,-1.64
18432,17925,506.126953125,2.75
16804,17037,-233.802734375,-1.39
18792,18448,343.75390625,1.83
17619,17583,35.22265625,0.2
18492,18538,-46.076171875,-0.25
18107,18059,47.087890625,0.26
21957,21122,834.33984375,3.8
18836,18170,665.0703125,3.53
24148,23281,866.9453125,3.59
22991,22964,26.0078125,0.11
24258,24008,249.22265625,1.03
25179,25335,-156.115234375,-0.62
28428,28752,-324.57421875,-1.14
24604,25725,-1121.986328125,-4.56
23828,23571,256.150390625,1.07
23728,22980,747.93359375,3.15
28553,28820,-267.51953125,-0.94
26356,27073,-717.060546875,-2.72
22695,22923,-228.609375,-1.01
20188,20723,-535.197265625,-2.65
18302,18581,-279.107421875,-1.52
16384,16215,168.5087890625,1.03
15936,15692,243.3134765625,1.53
18690,18249,440.763671875,2.36
20085,19868,216.056640625,1.08
18525,18333,191.69140625,1.03
18321,18513,-192.685546875,-1.05
17958,18142,-184.65234375,-1.03
17736,17632,103.994140625,0.59
16278,16566,-288.294921875,-1.77
21438,21253,184.75390625,0.86
18478,18557,-79.626953125,-0.43
19421,19631,-210.005859375,-1.08
18749,18868,-119.32421875,-0.64
21221,21107,113.240234375,0.53
17116,16992,123.4921875,0.72
16834,16941,-107.1875,-0.64
18603,18635,-32.224609375,-0.17
20094,19913,180.001953125,0.9
17760,18153,-393.955078125,-2.22
22419,21568,850.31640625,3.79
18884,18907,-23.984375,-0.13
15801,16023,-222.0888671875,-1.41
16279,16342,-63.755859375,-0.39
18900,19022,-122.951171875,-0.65
21109,20668,440.228515625,2.09
20601,20445,155.37890625,0.75
18221,18041,179.408203125,0.98
19051,19156,-105.25,-0.55
17850,17701,148.029296875,0.83
17260,17388,-128.673828125,-0.75
19423,19477,-54.16796875,-0.28
18872,18607,264.35546875,1.4
22448,21963,484.69921875,2.16
20084,20398,-314.279296875,-1.56
19566,19793,-227.3046875,-1.16
18485,18413,71.001953125,0.38
18727,18846,-119.259765625,-0.64
21395,21528,-133.4453125,-0.62
19276,20016,-740.5546875,-3.84
19895,19742,152.564453125,0.77
19377,19580,-203.400390625,-1.05
19398,19511,-113.482421875,-0.58
16892,16750,141.99609375,0.84
17335,17060,274.32421875,1.58
20322,19754,567.240234375,2.79
18250,18048,201.1328125,1.1
19979,19898,80.052734375,0.4
18374,18085,288.814453125,1.57
25894,25084,809.060546875,3.12
19484,19466,17.291015625,0.09
24360,23708,651.02734375,2.67
25940,25510,429.185546875,1.65
23835,23995,-160.58984375,-0.67
23218,23168,49.572265625,0.21
24662,24989,-327.75390625,-1.33
23905,23561,343.83203125,1.44
21887,21950,-63.236328125,-0.29
24978,24307,670.072265625,2.68
28845,27255,1589.34375,5.51
21606,21620,-14.439453125,-0.07
21145,21131,13.8046875,0.07
23901,23747,153.84375,0.64
19877,20165,-288.7421875,-1.45
18074,17974,99.775390625,0.55
18792,18277,514.5078125,2.74
21318,20526,791.517578125,3.71
20430,20287,142.416015625,0.7
19712,19658,53.05859375,0.27
20698,20592,105.103515625,0.51
20458,20609,-151.796875,-0.74
18307,18259,47.5078125,0.26
17958,17598,359.919921875,2.0
19652,19593,58.916015625,0.3
19770,19919,-149.302734375,-0.76
20190,20229,-39.251953125,-0.19
21569,21248,320.564453125,1.49
21321,21191,129.595703125,0.61
17932,18270,-338.919921875,-1.89
15747,15610,136.8857421875,0.87
19167,19462,-295.427734375,-1.54
21375,21042,332.046875,1.55
20286,20019,266.791015625,1.32
21330,20978,351.775390625,1.65
18776,18755,20.59765625,0.11
17420,17229,190.923828125,1.1
18896,18787,108.037109375,0.57
20475,20386,88.18359375,0.43
22630,21732,897.3125,3.96
18848,18722,125.5390625,0.67
20938,20712,225.416015625,1.08
22173,22097,75.09375,0.34
17188,17814,-626.787109375,-3.65
19647,19506,140.552734375,0.72
23229,23008,220.46484375,0.95
19882,20050,-168.587890625,-0.85
20197,20367,-170.3671875,-0.84
20773,20964,-191.205078125,-0.92
20894,20913,-19.51953125,-0.09
18724,18968,-244.853515625,-1.31
17019,16997,21.953125,0.13
19995,19819,175.1015625,0.88
18381,18406,-25.69921875,-0.14
19524,19716,-192.646484375,-0.99
19597,19625,-28.873046875,-0.15
19724,19487,236.279296875,1.2
18093,17795,297.87109375,1.65
18539,18312,226.076171875,1.22
19202,19126,75.33203125,0.39
20481,20283,197.73828125,0.97
20185,20150,34.013671875,0.17
18683,18516,166.478515625,0.89
19445,19428,16.61328125,0.09
17388,17113,274.84375,1.58
19424,18972,451.216796875,2.32
20143,20270,-127.22265625,-0.63
21809,21466,342.251953125,1.57
21011,20799,211.279296875,1.01
21727,21662,64.767578125,0.3
21856,22156,-300.564453125,-1.38
17244,17396,-152.671875,-0.89
17240,17249,-9.56640625,-0.06
19247,19350,-103.27734375,-0.54
20808,20654,153.9609375,0.74
20720,20428,291.490234375,1.41
20777,20953,-176.33203125,-0.85
20040,20072,-32.07421875,-0.16
16550,16656,-106.736328125,-0.64
19192,19131,60.171875,0.31
20234,20382,-148.46875,-0.73
20369,20504,-135.107421875,-0.66
19083,19071,11.828125,0.06
20672,20647,24.82421875,0.12
19300,19438,-138.552734375,-0.72
18216,18269,-53.451171875,-0.29
18843,18499,343.884765625,1.82
19934,20016,-82.267578125,-0.41
21196,21021,174.884765625,0.83
21971,21945,25.4140625,0.12
23908,24013,-105.244140625,-0.44
22904,23432,-528.9609375,-2.31
22545,22682,-137.2890625,-0.61
21881,21908,-27.154296875,-0.12
23964,23974,-10.138671875,-0.04
3563,3169,393.68212890625,11.05
2351,2056,294.2451171875,12.51
3496,3189,306.531005859375,8.77
3597,3491,105.437744140625,2.93
3449,3486,-37.97314453125,-1.1
3459,3424,34.710205078125,1.0
3289,3348,-59.69970703125,-1.81
2887,2716,170.692138671875,5.91
2745,2961,-216.64208984375,-7.89
3287,3177,109.04345703125,3.32
3411,3293,117.54052734375,3.44
3108,3101,6.05810546875,0.19
3446,3308,137.102294921875,3.98
2982,3006,-24.40478515625,-0.82
2855,2782,72.35595703125,2.53
2851,2895,-44.837158203125,-1.57
3512,3455,56.86474609375,1.62
3518,3428,89.826416015625,2.55
3289,3401,-112.660888671875,-3.42
3186,3139,46.96240234375,1.47
3129,3161,-32.120361328125,-1.03
2839,2800,38.72802734375,1.36
2955,3001,-46.517578125,-1.57
2876,2852,23.80078125,0.83
3429,3286,142.55859375,4.16
3097,3136,-39.75732421875,-1.28
3229,3204,24.75537109375,0.77
3130,3163,-33.724853515625,-1.08
2350,2489,-139.649169921875,-5.94
3129,2845,283.572021484375,9.06
3687,3614,72.826904296875,1.97
3098,3481,-383.3828125,-12.37
3406,3360,45.205322265625,1.33
3042,3044,-2.985107421875,-0.1
3267,3233,33.931884765625,1.04
2623,2792,-169.3974609375,-6.46
2388,2412,-24.95263671875,-1.04
3261,3047,213.126953125,6.53
2944,3042,-98.42529296875,-3.34
2878,2832,45.818359375,1.59
3465,3291,173.4892578125,5.01
3249,3289,-40.7568359375,-1.25
3085,3004,80.7685546875,2.62
2851,3042,-191.697509765625,-6.72
3135,3203,-68.964111328125,-2.2
3097,3177,-80.630859375,-2.6
3339,3370,-31.814453125,-0.95
3288,3196,91.9560546875,2.8
2868,2876,-8.417724609375,-0.29
2787,2687,99.20361328125,3.56
2678,2675,2.546142578125,0.1
2911,2950,-39.01171875,-1.34
3146,3147,-1.64208984375,-0.05
3243,3292,-49.019287109375,-1.51
3399,3315,83.17578125,2.45
3197,3301,-104.247802734375,-3.26
3082,3069,12.5986328125,0.41
3090,3161,-71.46533203125,-2.31
3073,3386,-313.097900390625,-10.19
3314,3334,-20.591552734375,-0.62
3241,3164,76.21240234375,2.35
3248,3270,-22.816650390625,-0.7
3297,3323,-26.0390625,-0.79
2785,2801,-16.00927734375,-0.57
3064,2937,126.83251953125,4.14
2931,3165,-234.276123046875,-7.99
2991,3083,-92.79931640625,-3.1
3197,3167,29.04443359375,0.91
3066,3135,-69.26806640625,-2.26
3438,3485,-47.492431640625,-1.38
2619,2687,-68.502197265625,-2.61
2710,2606,103.68115234375,3.82
3260,3210,49.245849609375,1.51
3512,3486,25.3671875,0.72
3125,3207,-82.961181640625,-2.65
3459,3409,49.13818359375,1.42
3655,3513,141.64306640625,3.87
2649,3029,-380.31298828125,-14.35
2788,2892,-104.79638671875,-3.76
3466,3446,19.841796875,0.57
3329,3370,-41.26123046875,-1.24
3271,3464,-193.55859375,-5.92
3301,3281,19.145751953125,0.58
2954,2883,70.083740234375,2.37
2911,2948,-37.780029296875,-1.3
2904,2937,-33.559326171875,-1.16
3063,3030,32.76611328125,1.07
3086,3033,52.869384765625,1.71
3521,3500,20.748046875,0.59
3368,3412,-44.40673828125,-1.32
3905,3975,-70.175537109375,-1.8
3059,3411,-352.23095703125,-11.51
3392,3217,174.703369140625,5.15
4023,3912,110.938232421875,2.76
3632,3811,-179.735107421875,-4.95
4079,4053,25.583984375,0.63
3994,4280,-286.9345703125,-7.18
4397,4226,170.6083984375,3.88
3582,3883,-301.6328125,-8.42
3381,3355,25.075439453125,0.74
3590,3480,109.04541015625,3.04
3368,3438,-70.21923828125,-2.08
3071,3010,60.8486328125,1.98
3404,3187,216.524169921875,6.36
3331,3257,73.3095703125,2.2
2700,2607,92.92236328125,3.44
3089,2827,261.37548828125,8.46
3351,3439,-88.20849609375,-2.63
3056,3130,-74.47607421875,-2.44
2916,2947,-31.65966796875,-1.09
3287,3217,69.488037109375,2.11
2873,2889,-16.23876953125,-0.57
2770,2805,-35.674072265625,-1.29
3115,3085,29.89306640625,0.96
3149,3221,-72.601806640625,-2.3
3159,3195,-36.120361328125,-1.14
3676,3633,42.52734375,1.16
2978,3388,-410.479248046875,-13.78
3385,3350,34.5107421875,1.02
2657,2737,-80.816162109375,-3.04
2865,2782,82.526611328125,2.88
3249,3274,-25.619140625,-0.79
3110,3114,-4.6142578125,-0.15
3270,3021,248.25341796875,7.59
3011,3085,-74.178955078125,-2.46
3253,3111,141.49658203125,4.35
2878,2929,-51.614013671875,-1.79
2782,2751,30.791015625,1.11
3154,3058,95.465087890625,3.03
3120,3120,-0.1328125,-0.0
3308,3259,48.2978515625,1.46
3003,3097,-94.009765625,-3.13
3193,3228,-35.064453125,-1.1
2769,2783,-14.82470703125,-0.54
2899,2898,0.4794921875,0.02
3050,3186,-136.712158203125,-4.48
3452,3352,99.906005859375,2.89
3169,3222,-53.244140625,-1.68
3354,3412,-58.49267578125,-1.74
3388,3503,-115.97412109375,-3.42
3011,3073,-62.189453125,-2.06
2986,3103,-117.302001953125,-3.93
3274,3429,-155.158935546875,-4.74
3626,3383,242.849365234375,6.7
3126,3495,-369.58251953125,-11.82
2933,2901,31.59912109375,1.08
2835,2810,24.224365234375,0.85
3191,3090,100.560546875,3.15
3085,3041,43.51318359375,1.41
3057,3171,-114.993408203125,-3.76
3235,3090,144.525146484375,4.47
3465,3431,33.272216796875,0.96
3196,3273,-77.361083984375,-2.42
3763,3676,86.583984375,2.3
2866,3247,-381.259033203125,-13.3
3070,2994,75.253173828125,2.45
3483,3519,-36.161376953125,-1.04
3458,3497,-39.590576171875,-1.14
2936,2955,-19.701416015625,-0.67
3378,3340,37.61474609375,1.11
3406,3271,134.271484375,3.94
2921,2982,-61.051025390625,-2.09
2971,2952,18.7109375,0.63
3128,3099,28.093505859375,0.9
3104,3032,71.416015625,2.3
3130,3187,-57.734130859375,-1.84
3546,3319,226.189208984375,6.38
3378,3430,-52.5390625,-1.55
3093,3050,42.267333984375,1.37
2949,2888,60.3994140625,2.05
3616,3479,136.606689453125,3.78
3506,3664,-158.08447265625,-4.51
3686,3579,106.076171875,2.88
3581,3761,-180.55078125,-5.04
3360,3498,-138.14013671875,-4.11
3007,3001,5.760009765625,0.19
3157,3250,-93.802490234375,-2.97
3379,3285,93.83447265625,2.78
2854,2839,14.595458984375,0.51
3111,2999,111.4697265625,3.58
3551,3422,128.4189453125,3.62
2935,2997,-62.119140625,-2.12
3127,2990,136.15087890625,4.35
3200,3040,159.642822265625,4.99
3037,3098,-61.481689453125,-2.02
3494,3403,90.848876953125,2.6
3415,3392,22.50390625,0.66
3485,3363,121.69873046875,3.49
3032,3192,-160.33544921875,-5.29
3188,3070,117.301513671875,3.68
2894,2791,102.4482421875,3.54
3044,3114,-70.052001953125,-2.3
3430,3291,138.224853515625,4.03
3014,3018,-4.076171875,-0.14
3431,3334,96.177001953125,2.8
3109,3192,-83.94482421875,-2.7
2902,2710,191.568603515625,6.6
2636,2618,17.474609375,0.66
3302,3227,74.369140625,2.25
3137,3075,61.722412109375,1.97
3229,3168,60.017822265625,1.86
3236,3120,115.33984375,3.56
3385,3248,136.3486328125,4.03
2946,2883,62.15380859375,2.11
3024,3037,-13.32568359375,-0.44
3550,3538,11.2626953125,0.32
3477,3497,-20.917236328125,-0.6
3193,3236,-43.965576171875,-1.38
3760,3586,173.631591796875,4.62
3442,3877,-435.11572265625,-12.64
3434,3214,219.609375,6.39
3017,3161,-144.051513671875,-4.77
3057,3027,29.969970703125,0.98
3348,3208,139.17138671875,4.16
3588,3651,-63.58544921875,-1.77
3086,3000,85.60693359375,2.77
3121,3010,110.62255859375,3.54
2976,2728,247.633544921875,8.32
2749,2767,-18.094482421875,-0.66
3425,3325,99.0576171875,2.89
3350,3381,-31.8056640625,-0.95
3516,3447,68.369873046875,1.94
3659,3540,118.042236328125,3.23
3494,3843,-349.22607421875,-9.99
2663,2647,15.629638671875,0.59
3139,3097,41.063232421875,1.31
3430,3433,-3.888427734375,-0.11
3331,3420,-89.720703125,-2.69
3504,3407,96.298095703125,2.75
3572,3404,167.119873046875,4.68
3611,3619,-8.63623046875,-0.24
3179,3311,-132.506103515625,-4.17
2918,2909,8.66650390625,0.3
3429,3397,31.404296875,0.92
3458,3427,30.974853515625,0.9
3348,3293,54.199462890625,1.62
2945,2808,136.490966796875,4.63
3728,3501,226.611328125,6.08
2880,3108,-228.640625,-7.94
3069,3080,-11.526611328125,-0.38
4579,4551,27.849609375,0.61
4449,4447,1.25927734375,0.03
4055,4339,-284.3984375,-7.01
3823,4051,-228.2392578125,-5.97
4733,4337,395.07861328125,8.35
3765,3789,-24.649658203125,-0.65
4035,3917,117.82177734375,2.92
4332,4253,78.794921875,1.82
4452,4327,124.24755859375,2.79
4366,4444,-78.6123046875,-1.8
4718,4681,36.7529296875,0.78
3194,3424,-230.32958984375,-7.21
3203,2958,244.90234375,7.64
2893,2897,-4.586669921875,-0.16
2894,3068,-174.134765625,-6.02
3344,3149,194.545166015625,5.82
3481,3390,90.377685546875,2.6
3344,3233,110.142333984375,3.29
3150,3183,-33.73828125,-1.07
3159,2942,216.14306640625,6.84
3127,3119,7.461669921875,0.24
3656,3655,0.597412109375,0.02
3428,3737,-309.5771484375,-9.03
3321,3289,31.2060546875,0.94
3056,3036,19.043212890625,0.62
3430,3403,26.962890625,0.79
3261,3143,117.28515625,3.6
3951,3607,343.955322265625,8.7
3780,4025,-245.6064453125,-6.5
3620,3764,-144.191162109375,-3.98
4328,4066,261.730224609375,6.05
4163,4235,-72.76025390625,-1.75
3999,4165,-166.267578125,-4.16
3536,3776,-240.893310546875,-6.81
3328,3162,165.8837890625,4.98
3926,3718,207.346923828125,5.28
3735,3926,-191.701904296875,-5.13
3512,3602,-90.22119140625,-2.57
3138,3058,79.225830078125,2.52
3311,3120,190.201416015625,5.74
2961,2839,121.712646484375,4.11
2912,2911,0.068115234375,0.0
3206,3080,125.542236328125,3.91
3480,3302,177.86328125,5.11
3274,3321,-47.679443359375,-1.46
3303,3332,-29.783935546875,-0.9
3364,3346,17.96484375,0.53
3115,3071,43.619873046875,1.4
2933,3003,-70.228271484375,-2.39
3236,3286,-50.50048828125,-1.56
3318,3287,30.31396484375,0.91
3098,3070,27.095947265625,0.87
3256,3231,24.58447265625,0.75
3184,3166,17.49365234375,0.55
3079,3028,50.400146484375,1.64
4026,3788,237.31982421875,5.89
4161,4349,-188.62548828125,-4.53
3548,3869,-321.305908203125,-9.05
4170,3812,357.41162109375,8.57
4516,4458,57.92529296875,1.28
4511,4218,292.8623046875,6.49
3493,3587,-94.768310546875,-2.71
3692,3217,474.02783203125,12.84
5314,4981,332.17822265625,6.25
4251,4901,-650.1708984375,-15.29
4202,4388,-186.171875,-4.43
3074,3541,-467.475341796875,-15.2
3375,3259,115.903076171875,3.43
2772,2796,-24.295166015625,-0.88
3067,2879,187.732177734375,6.12
3173,3179,-6.848876953125,-0.22
3390,3210,179.748291015625,5.3
3454,3361,92.743896484375,2.68
3210,3258,-48.013671875,-1.5
3140,3113,26.360595703125,0.84
2481,2536,-55.267578125,-2.23
2644,2575,68.114501953125,2.58
3440,3324,115.523681640625,3.36
3002,3069,-67.84765625,-2.26
2983,2931,51.7998046875,1.74
2934,2886,47.76953125,1.63
3206,3208,-2.876220703125,-0.09
3182,3171,10.092529296875,0.32
2721,2881,-160.329345703125,-5.89
2975,2980,-5.94677734375,-0.2
3385,3181,203.298095703125,6.0
3070,3178,-108.259521484375,-3.53
3293,3229,63.92041015625,1.94
3229,3195,33.168212890625,1.03
2853,2700,152.043212890625,5.33
2724,2789,-65.890625,-2.42
3233,3145,87.620361328125,2.71
3257,3189,67.809326171875,2.08
3139,3123,15.0224609375,0.48
3602,3288,313.103271484375,8.69
3327,3393,-66.49560546875,-2.0
2798,2855,-57.792236328125,-2.06
2704,2720,-16.483642578125,-0.61
3456,3471,-15.287109375,-0.44
3236,3242,-6.95068359375,-0.21
3002,3109,-107.166748046875,-3.57
2990,2918,71.5419921875,2.39
3313,3211,101.273193359375,3.06
2919,2978,-59.161865234375,-2.03
3039,3070,-31.143310546875,-1.02
3419,3528,-109.731201171875,-3.21
3290,3392,-102.398193359375,-3.11
3091,3155,-64.3994140625,-2.08
3154,3230,-76.24951171875,-2.42
3343,3400,-57.565673828125,-1.72
2846,2994,-148.12646484375,-5.2
2636,2651,-15.15234375,-0.57
3451,3281,169.83935546875,4.92
2890,3000,-110.837646484375,-3.83
3447,3445,1.6298828125,0.05
3222,3255,-33.793212890625,-1.05
4309,4104,204.40966796875,4.74
3745,4019,-274.924560546875,-7.34
3482,3666,-184.238525390625,-5.29
4069,3833,235.361083984375,5.78
3870,4281,-411.24072265625,-10.62
8956,9447,-491.5673828125,-5.49
8364,8739,-375.802734375,-4.49
9088,8545,542.2490234375,5.97
8128,7497,630.59814453125,7.76
7440,7849,-409.89697265625,-5.51
9180,9083,96.11328125,1.05
7544,7862,-318.4765625,-4.22
7087,7013,73.52392578125,1.04
7699,7740,-41.931640625,-0.54
6755,6998,-243.248046875,-3.6
6412,6310,101.20751953125,1.58
6402,6184,217.18408203125,3.39
7287,7064,222.021484375,3.05
7156,7118,37.236328125,0.52
7203,7271,-68.27001953125,-0.95
6794,6824,-30.958984375,-0.46
7323,7433,-110.9404296875,-1.51
6213,6315,-102.0693359375,-1.64
6400,6476,-76.85986328125,-1.2
7268,7299,-31.88720703125,-0.44
7453,7518,-65.19970703125,-0.87
7017,7099,-82.39892578125,-1.17
7580,7606,-26.96533203125,-0.36
6469,6661,-192.33349609375,-2.97
6433,6474,-41.96923828125,-0.65
6508,6586,-78.63232421875,-1.21
7329,7349,-20.525390625,-0.28
7743,7522,220.0498046875,2.84
7638,7520,117.51123046875,1.54
7218,7166,51.36181640625,0.71
6933,6995,-62.31494140625,-0.9
6395,6281,113.51513671875,1.77
6927,6523,403.62353515625,5.83
6797,6895,-98.6767578125,-1.45
7829,7449,379.62548828125,4.85
7207,6964,242.9853515625,3.37
7451,7326,124.91943359375,1.68
6822,6966,-144.4765625,-2.12
6289,6261,27.642578125,0.44
6767,6470,296.0556640625,4.37
7299,7446,-147.44677734375,-2.02
8152,7696,455.412109375,5.59
7084,7234,-150.19921875,-2.12
8198,7834,363.51220703125,4.43
7234,7348,-114.810546875,-1.59
5711,5887,-176.85302734375,-3.1
6897,6401,495.93505859375,7.19
6491,6811,-320.5625,-4.94
7841,7354,486.58447265625,6.2
8133,7747,385.7900390625,4.74
7382,7192,189.67529296875,2.57
6692,6688,3.7099609375,0.06
6419,6548,-129.482421875,-2.02
6665,6491,173.04638671875,2.6
6881,7121,-240.53955078125,-3.5
7386,7186,199.6376953125,2.7
6669,6562,106.3994140625,1.6
7302,7100,201.84521484375,2.76
7712,7639,72.95068359375,0.95
6603,6430,172.5029296875,2.61
6225,6228,-3.3212890625,-0.05
7349,7402,-53.51953125,-0.73
6841,6821,19.7158203125,0.29
7335,7517,-182.27392578125,-2.48
7074,6970,103.28125,1.46
6657,6665,-8.18701171875,-0.12
6395,6238,156.904296875,2.45
6600,6580,19.0869140625,0.29
7916,7675,240.923828125,3.04
7750,7636,113.34619140625,1.46
6335,6515,-180.78173828125,-2.85
7517,7137,379.38916015625,5.05
6719,6965,-246.37158203125,-3.67
6179,6137,41.708984375,0.67
6661,6579,81.103515625,1.22
6621,6665,-44.55322265625,-0.67
7557,7236,320.712890625,4.24
7658,7661,-3.79345703125,-0.05
7200,7010,189.6484375,2.63
7254,7243,10.3896484375,0.14
5954,6063,-109.7646484375,-1.84
6606,6445,160.8642578125,2.43
7712,7720,-8.390625,-0.11
6854,6762,91.0986328125,1.33
8135,7847,287.2783203125,3.53
7897,7708,188.6640625,2.39
8164,8018,145.107421875,1.78
7499,7467,31.52490234375,0.42
7369,7115,253.23046875,3.44
9454,8736,717.875,7.59
24254,25127,-873.791015625,-3.6
23105,22723,381.494140625,1.65
20867,20504,362.5859375,1.74
27775,26463,1311.439453125,4.72
29565,27790,1774.033203125,6.0
24728,24368,359.7578125,1.45
15762,16438,-676.373046875,-4.29
20974,20090,883.89453125,4.21
21705,21561,143.54296875,0.66
23010,22548,461.978515625,2.01
22249,20931,1317.75390625,5.92
19295,19220,74.12109375,0.38
20547,20674,-127.49609375,-0.62
19983,20296,-313.814453125,-1.57
26915,26698,216.619140625,0.8
26229,25874,354.677734375,1.35
25412,24272,1139.298828125,4.48
23972,23116,855.09375,3.57
21748,21965,-217.044921875,-1.0
21169,21936,-767.55859375,-3.63
19473,20505,-1032.376953125,-5.3
26578,25418,1159.880859375,4.36
24831,23433,1397.935546875,5.63
25399,24418,980.69921875,3.86
25655,24516,1138.060546875,4.44
26061,26196,-135.984375,-0.52
24154,24653,-499.703125,-2.07
23255,24240,-985.796875,-4.24
29377,27764,1612.228515625,5.49
26353,26114,238.671875,0.91
37958,36293,1664.96875,4.39
29345,29604,-259.51953125,-0.88
33649,31375,2273.453125,6.76
24008,25261,-1253.46875,-5.22
27332,27927,-595.689453125,-2.18
27343,26970,372.181640625,1.36
24231,25093,-862.646484375,-3.56
23211,25399,-2188.251953125,-9.43
25724,26418,-694.423828125,-2.7
26086,25220,865.5390625,3.32
25990,26232,-242.15625,-0.93
22269,22981,-712.833984375,-3.2
20807,21654,-847.400390625,-4.07
24108,24443,-335.7890625,-1.39
26098,26032,65.236328125,0.25
30941,28947,1993.244140625,6.44
27824,27290,533.935546875,1.92
27155,26952,202.365234375,0.75
23702,24309,-607.5,-2.56
23482,24753,-1271.71875,-5.42
24655,25988,-1333.12890625,-5.41
26269,26573,-304.677734375,-1.16
25362,25449,-87.58203125,-0.35
25715,25833,-118.744140625,-0.46
25894,25580,313.384765625,1.21
23053,22944,108.412109375,0.47
20861,21300,-439.17578125,-2.11
28414,27391,1022.451171875,3.6
26423,26454,-31.521484375,-0.12
24710,25482,-772.212890625,-3.12
27180,25984,1195.041015625,4.4
29278,28296,981.22265625,3.35
24535,23845,689.40625,2.81
24966,26463,-1497.794921875,-6.0
24533,24304,228.908203125,0.93
24745,25159,-414.10546875,-1.67
24992,25449,-457.236328125,-1.83
26361,26657,-296.208984375,-1.12
24824,24785,38.943359375,0.16
25549,24811,737.013671875,2.88
24134,23887,246.740234375,1.02
26189,26758,-569.5,-2.17
27619,27849,-230.05078125,-0.83
25532,26034,-502.091796875,-1.97
25090,25572,-482.1875,-1.92
27086,27142,-56.60546875,-0.21
20280,20353,-73.74609375,-0.36
21658,20894,763.40625,3.52
26066,25393,672.5625,2.58
27056,26712,343.41796875,1.27
27651,26983,667.16796875,2.41
25809,26019,-210.3515625,-0.82
26280,25966,313.703125,1.19
23275,24019,-744.322265625,-3.2
23926,24760,-834.3203125,-3.49
25755,26160,-405.4609375,-1.57
23600,24356,-756.9765625,-3.21
27281,26746,534.16015625,1.96
24198,24655,-457.439453125,-1.89
26745,26570,174.4609375,0.65
22221,22195,25.583984375,0.12
24459,24429,29.359375,0.12
25306,25570,-264.9375,-1.05
25565,25941,-376.61328125,-1.47
28039,27633,405.43359375,1.45
24445,24921,-476.275390625,-1.95
25142,25221,-79.986328125,-0.32
20853,21375,-522.060546875,-2.5
22994,22942,51.728515625,0.22
25411,25317,93.318359375,0.37
25156,25327,-171.970703125,-0.68
26761,26390,370.3046875,1.38
24893,25095,-202.4453125,-0.81
27416,27205,210.923828125,0.77
23439,23601,-162.009765625,-0.69
21710,21875,-165.958984375,-0.76
26303,26603,-300.96484375,-1.14
23661,24565,-904.326171875,-3.82
24903,24970,-67.27734375,-0.27
27775,27219,555.625,2.0
25937,25183,753.69140625,2.91
24183,23968,214.61328125,0.89
22854,23227,-373.36328125,-1.63
25250,25510,-260.328125,-1.03
25474,25907,-433.21484375,-1.7
26883,26891,-8.837890625,-0.03
23347,23994,-647.220703125,-2.77
25722,26045,-323.041015625,-1.26
24119,23529,589.23828125,2.44
23081,23128,-47.892578125,-0.21
25723,26130,-407.712890625,-1.58
28704,28150,553.283203125,1.93
24021,24466,-445.525390625,-1.85
26925,27168,-243.421875,-0.9
31185,30100,1084.9921875,3.48
27383,26842,540.43359375,1.97
25980,25937,42.62109375,0.16
31176,31488,-312.560546875,-1.0
30059,30110,-51.02734375,-0.17
32910,33605,-695.34765625,-2.11
31294,31010,283.1484375,0.9
29308,29431,-123.853515625,-0.42
29920,29805,114.484375,0.38
28570,29966,-1396.712890625,-4.89
31842,31130,711.52734375,2.23
26576,27281,-705.111328125,-2.65
28067,28000,66.478515625,0.24
28068,28476,-408.875,-1.46
24402,25497,-1095.47265625,-4.49
20927,21020,-93.16015625,-0.45
22549,22516,32.26953125,0.14
26435,25562,872.171875,3.3
24995,25303,-308.208984375,-1.23
27382,26931,450.765625,1.65
25135,24665,469.18359375,1.87
22890,23552,-662.142578125,-2.89
20666,21473,-807.669921875,-3.91
21625,21319,305.68359375,1.41
23595,23167,427.83203125,1.81
22982,23288,-306.681640625,-1.33
27535,26583,951.126953125,3.45
26197,25670,526.8671875,2.01
26741,26658,82.84765625,0.31
24677,24965,-288.556640625,-1.17
23539,23435,103.326171875,0.44
22878,23924,-1046.29296875,-4.57
26415,26856,-441.671875,-1.67
27007,26414,592.376953125,2.19
25814,25777,36.197265625,0.14
26600,25947,652.3515625,2.45
25771,24710,1060.357421875,4.11
21389,21421,-32.802734375,-0.15
24516,24983,-467.083984375,-1.91
29642,28551,1090.603515625,3.68
25110,25513,-403.765625,-1.61
27269,27657,-388.294921875,-1.42
27028,26849,178.587890625,0.66
24823,24438,384.078125,1.55
24546,25234,-688.798828125,-2.81
28055,29417,-1362.189453125,-4.86
26525,26750,-225.443359375,-0.85
23906,25138,-1232.619140625,-5.16
28355,28190,164.630859375,0.58
29381,28850,530.888671875,1.81
22224,22471,-247.0625,-1.11
23568,24288,-720.0234375,-3.05
22957,24078,-1121.857421875,-4.89
26184,26348,-164.548828125,-0.63
25073,25751,-678.57421875,-2.71
28377,27421,955.470703125,3.37
25173,24229,943.072265625,3.75
23595,23644,-49.134765625,-0.21
25462,24917,544.607421875,2.14
33786,32443,1342.42578125,3.97
31092,31551,-459.2265625,-1.48
32201,31661,539.7265625,1.68
25401,26865,-1464.859375,-5.77
32051,31772,278.859375,0.87
25057,25364,-307.353515625,-1.23
25508,25763,-255.22265625,-1.0
25233,24799,433.59375,1.72
26618,27190,-572.458984375,-2.15
29057,28377,679.236328125,2.34
31012,30810,201.890625,0.65
28739,28468,270.50390625,0.94
26118,26197,-79.958984375,-0.31
27020,26660,359.287109375,1.33
29130,29511,-381.13671875,-1.31
28375,28666,-291.85546875,-1.03
28895,28630,264.333984375,0.91
28029,28146,-117.509765625,-0.42
29869,29618,250.3671875,0.84
21654,22158,-504.69140625,-2.33
26255,26151,103.10546875,0.39
29454,30063,-609.84765625,-2.07
30450,30818,-368.630859375,-1.21
33403,31778,1624.494140625,4.86
35424,33862,1561.3359375,4.41
28483,29943,-1460.537109375,-5.13
28779,28822,-43.447265625,-0.15
25417,26307,-890.669921875,-3.5
30358,30552,-194.650390625,-0.64
26050,26129,-79.8671875,-0.31
28789,26797,1991.083984375,6.92
28456,27370,1085.32421875,3.81
28105,27859,245.43359375,0.87
28584,27873,710.357421875,2.49
27443,27429,13.3125,0.05
29524,29128,395.005859375,1.34
32593,32206,386.3359375,1.19
27511,27893,-382.705078125,-1.39
29231,29418,-187.49609375,-0.64
24835,25244,-409.0390625,-1.65
27888,27363,524.982421875,1.88
22780,23085,-305.603515625,-1.34
27546,27937,-391.197265625,-1.42
29870,28425,1444.20703125,4.83
30700,29456,1243.451171875,4.05
26240,27819,-1579.119140625,-6.02
28067,28285,-218.556640625,-0.78
29877,29314,562.712890625,1.88
26519,27025,-506.255859375,-1.91
30973,31359,-386.22265625,-1.25
26152,26471,-319.00390625,-1.22
27248,27217,30.869140625,0.11
33949,32734,1214.759765625,3.58
27359,27696,-337.9609375,-1.24
24603,24341,261.296875,1.06
23445,23544,-99.017578125,-0.42
34264,32380,1883.31640625,5.5
26144,27827,-1683.10546875,-6.44
29254,28382,871.115234375,2.98
29164,28601,562.533203125,1.93
32408,32269,138.955078125,0.43
27993,28072,-79.419921875,-0.28
27459,27928,-469.744140625,-1.71
28767,26935,1831.775390625,6.37
26084,27883,-1799.07421875,-6.9
29923,29865,57.103515625,0.19
27786,27783,2.134765625,0.01
28230,27629,600.96484375,2.13
26766,27038,-272.15625,-1.02
28474,28685,-211.197265625,-0.74
34102,33084,1017.30078125,2.98
28759,30280,-1521.943359375,-5.29
27213,27608,-395.416015625,-1.45
25558,26287,-729.5234375,-2.85
33910,33289,620.82421875,1.83
23302,24398,-1096.703125,-4.71
23359,24000,-641.412109375,-2.75
27089,26480,608.390625,2.25
28860,27919,940.763671875,3.26
29485,28681,803.0546875,2.72
27102,28191,-1089.609375,-4.02
28127,28004,122.634765625,0.44
23972,23022,949.892578125,3.96
22176,22198,-22.6796875,-0.1
27182,27074,107.130859375,0.39
27663,27609,53.40625,0.19
26081,25149,931.595703125,3.57
25796,26108,-312.189453125,-1.21
30904,29748,1155.31640625,3.74
22959,23634,-675.3671875,-2.94
26815,27512,-697.95703125,-2.6
35276,34703,572.03125,1.62
39343,39691,-348.15234375,-0.88
39527,39680,-153.5703125,-0.39
38190,39405,-1215.9453125,-3.18
36363,36227,135.59765625,0.37
35134,33415,1718.9453125,4.89
34621,35351,-730.69140625,-2.11
36487,36172,314.58203125,0.86
35715,36248,-533.8671875,-1.49
37052,36350,701.703125,1.89
38370,38065,304.3203125,0.79
26360,28981,-2621.216796875,-9.94
24927,24548,378.806640625,1.52
24077,23196,880.8046875,3.66
28506,27922,583.451171875,2.05
27160,27283,-123.0546875,-0.45
28916,28325,590.7734375,2.04
29144,28554,589.41796875,2.02
31106,30535,570.73046875,1.83
22970,23349,-379.79296875,-1.65
26489,27466,-977.619140625,-3.69
32664,32777,-113.046875,-0.35
27967,28795,-828.326171875,-2.96
31581,31041,539.126953125,1.71
32507,32836,-329.74609375,-1.01
28046,28735,-689.435546875,-2.46
28452,28345,106.18359375,0.37
33548,32899,648.87109375,1.93
30954,31349,-395.76953125,-1.28
32361,32982,-621.96875,-1.92
29868,29516,351.90234375,1.18
30425,29424,1000.408203125,3.29
30472,29685,786.923828125,2.58
26780,26915,-135.4609375,-0.51
26694,25850,843.580078125,3.16
30904,29583,1320.791015625,4.27
30727,29536,1190.61328125,3.87
26569,27136,-567.52734375,-2.14
27585,27100,484.779296875,1.76
25957,25658,298.744140625,1.15
24235,24599,-364.158203125,-1.5
24306,25265,-959.0234375,-3.95
28180,28558,-378.9140625,-1.34
25127,25012,114.158203125,0.45
26883,27085,-202.896484375,-0.75
26762,26495,266.076171875,0.99
28042,28127,-85.3359375,-0.3
22212,21958,253.701171875,1.14
22794,23398,-604.826171875,-2.65
25542,25896,-354.447265625,-1.39
25960,26312,-352.966796875,-1.36
23364,23947,-583.06640625,-2.5
27360,27373,-13.62890625,-0.05
24652,23997,654.79296875,2.66
25930,24974,955.4296875,3.68
26933,26008,924.630859375,3.43
35979,34064,1914.20703125,5.32
37701,36723,977.953125,2.59
33858,34138,-280.05078125,-0.83
30666,31020,-354.375,-1.16
31902,31888,13.71484375,0.04
29589,29016,572.505859375,1.93
31720,31415,304.943359375,0.96
34478,32901,1576.921875,4.57
35472,35179,292.90625,0.83
33148,32228,919.494140625,2.77
26467,26955,-488.5625,-1.85
26669,26655,13.798828125,0.05
22980,23986,-1006.478515625,-4.38
23384,23480,-96.609375,-0.41
24760,24966,-206.119140625,-0.83
26691,26398,292.46484375,1.1
22897,22832,64.767578125,0.28
25072,25138,-66.306640625,-0.26
27187,27080,106.67578125,0.39
22996,22374,621.783203125,2.7
22128,21956,171.080078125,0.77
23780,24054,-274.67578125,-1.16
26920,27019,-99.974609375,-0.37
26748,26534,213.388671875,0.8
28615,28344,270.416015625,0.94
25890,26413,-523.5390625,-2.02
24199,24292,-93.671875,-0.39
24977,25968,-991.26953125,-3.97
25760,26144,-384.431640625,-1.49
24530,25231,-701.01953125,-2.86
26035,26314,-279.8359375,-1.07
26040,25216,823.458984375,3.16
23757,24120,-363.48828125,-1.53
22486,22358,127.388671875,0.57
23739,23204,534.1953125,2.25
22415,22710,-295.80078125,-1.32
27848,26865,982.525390625,3.53
28011,26936,1074.6796875,3.84
25125,25141,-16.78125,-0.07
24836,24960,-124.525390625,-0.5
20449,21131,-682.611328125,-3.34
25632,24646,985.822265625,3.85
26308,26981,-673.97265625,-2.56
28135,27658,476.685546875,1.69
24185,23921,263.505859375,1.09
24201,25006,-805.08984375,-3.33
26579,26771,-192.1328125,-0.72
22805,23666,-861.298828125,-3.78
23298,23250,47.666015625,0.2
25377,25822,-445.51953125,-1.76
27181,26665,515.16796875,1.9
25079,25157,-78.298828125,-0.31
26589,26924,-335.11328125,-1.26
26851,26493,357.99609375,1.33
22052,21974,77.19921875,0.35
21309,20559,749.81640625,3.52
26895,26441,453.21484375,1.69
27864,26649,1214.330078125,4.36
24979,24949,29.193359375,0.12
28488,27899,588.0234375,2.06
34577,33451,1125.23828125,3.25
27752,28433,-681.56640625,-2.46
29841,30758,-917.19921875,-3.07
31031,31759,-728.65234375,-2.35
29225,29431,-206.919921875,-0.71
34912,36046,-1134.1328125,-3.25
33668,33392,275.10546875,0.82
33936,32686,1249.8046875,3.68
25328,26591,-1263.3046875,-4.99
28075,27633,441.228515625,1.57
35592,33809,1782.23828125,5.01
23150,24798,-1648.267578125,-7.12
28479,27468,1010.619140625,3.55
27764,26956,807.58203125,2.91
27683,27236,446.865234375,1.61
23314,23482,-168.505859375,-0.72
24899,25794,-895.447265625,-3.6
26713,26717,-4.001953125,-0.01
26833,27230,-397.06640625,-1.48
28130,27687,442.21484375,1.57
23935,24400,-465.837890625,-1.95
27887,27590,296.94921875,1.06
24502,24537,-35.01953125,-0.14
22992,23137,-145.6015625,-0.63
26266,26674,-408.32421875,-1.55
24779,25682,-903.78515625,-3.65
28658,28133,524.359375,1.83
27949,27841,107.3125,0.38
25534,25650,-116.791015625,-0.46
26267,25832,434.91796875,1.66
25225,25250,-25.58984375,-0.1
28680,28905,-225.572265625,-0.79
28170,28561,-391.423828125,-1.39
28422,28812,-390.736328125,-1.37
29062,29401,-339.546875,-1.17
26076,25937,138.591796875,0.53
21879,22027,-148.70703125,-0.68
23256,22772,483.017578125,2.08
25789,25662,126.068359375,0.49
24061,23960,100.06640625,0.42
26167,25627,539.294921875,2.06
28716,27354,1361.162109375,4.74
30521,29378,1142.103515625,3.74
21801,21653,147.224609375,0.68
22812,22568,243.41015625,1.07
26019,26480,-461.697265625,-1.77
27220,27290,-70.08984375,-0.26
29114,29231,-117.54296875,-0.4
26807,27318,-511.248046875,-1.91
27996,27527,468.68359375,1.67
22694,22808,-114.669921875,-0.51
23977,24195,-218.162109375,-0.91
28224,28499,-275.64453125,-0.98
26181,27020,-839.78515625,-3.21
22263,23180,-917.353515625,-4.12
24807,25121,-314.408203125,-1.27
27485,26678,806.49609375,2.93
24571,24335,235.87109375,0.96
25375,24589,785.111328125,3.09
27409,26812,596.162109375,2.17
26195,25888,306.984375,1.17
26727,27299,-572.345703125,-2.14
26189,26218,-29.296875,-0.11
26790,26244,545.244140625,2.04
24683,24384,298.16015625,1.21
25087,25209,-122.048828125,-0.49
26621,26938,-317.673828125,-1.19
30908,30397,510.55078125,1.65
24246,25221,-975.34375,-4.02
27478,27803,-325.091796875,-1.18
27495,27887,-392.435546875,-1.43
23191,22838,352.515625,1.52
20420,20841,-421.884765625,-2.07
29759,29535,223.515625,0.75
26828,26307,520.341796875,1.94
27103,27015,87.119140625,0.32
23759,23832,-73.640625,-0.31
26256,26117,138.755859375,0.53
23662,23570,91.6875,0.39
23910,24251,-341.328125,-1.43
25607,25674,-67.880859375,-0.27
26251,26046,204.861328125,0.78
26283,25869,413.826171875,1.57
28147,28098,48.71484375,0.17
27537,27291,245.099609375,0.89
24612,24272,339.783203125,1.38
23978,23819,158.76171875,0.66
26678,26772,-94.107421875,-0.35
26888,26926,-38.234375,-0.14
33039,32643,395.494140625,1.2
32164,32818,-654.2109375,-2.03
33583,33436,146.40234375,0.44
29145,29503,-358.90234375,-1.23
26240,26632,-392.029296875,-1.49
33917,33570,346.53125,1.02
6121,5975,145.646484375,2.38
5396,5123,272.43701171875,5.05
5937,6036,-99.7578125,-1.68
5587,5689,-102.24853515625,-1.83
5847,5941,-94.3466796875,-1.61
5651,5729,-78.53955078125,-1.39
4866,5047,-181.4765625,-3.73
5373,4901,471.3818359375,8.77
5129,5118,10.72900390625,0.21
5941,5856,84.28564453125,1.42
5985,5943,41.521484375,0.69
5569,5619,-50.767578125,-0.91
5978,5911,66.5126953125,1.11
5342,5669,-327.07177734375,-6.12
4643,4660,-17.6875,-0.38
4877,4816,60.669921875,1.24
5484,5383,100.02490234375,1.82
5846,5743,102.3349609375,1.75
5712,5766,-54.578125,-0.96
5253,5219,33.85693359375,0.64
6001,5946,54.931640625,0.92
4864,5185,-321.37548828125,-6.61
4295,4489,-194.35595703125,-4.52
5937,5751,185.640625,3.13
5704,5690,13.4404296875,0.24
5305,5444,-139.9052734375,-2.64
5920,5943,-23.69970703125,-0.4
5384,5358,25.37646484375,0.47
5259,5334,-75.134765625,-1.43
4519,5055,-536.9736328125,-11.88
6398,5904,493.68017578125,7.71
5927,6073,-146.61181640625,-2.47
6080,6086,-6.26611328125,-0.1
6186,6209,-23.974609375,-0.39
5488,5851,-363.1787109375,-6.62
5189,5234,-45.9970703125,-0.89
4419,5081,-662.8095703125,-15.0
5519,5370,148.23291015625,2.69
5699,5762,-63.82470703125,-1.12
5403,5407,-4.3544921875,-0.08
5269,5243,25.08251953125,0.48
5803,5867,-64.55322265625,-1.11
4846,4929,-83.5849609375,-1.72
5368,5539,-171.86083984375,-3.2
5878,6169,-291.623046875,-4.96
4760,5162,-402.1708984375,-8.45
5463,5343,119.97119140625,2.2
5839,5947,-108.30078125,-1.85
5715,5753,-38.5048828125,-0.67
5011,5329,-318.71728515625,-6.36
5011,4935,75.43994140625,1.51
6169,6058,110.0263671875,1.78
6091,6651,-560.3291015625,-9.2
5349,5620,-271.41162109375,-5.07
5799,5797,1.513671875,0.03
5444,5665,-221.96142578125,-4.08
5828,5612,215.6083984375,3.7
4981,5238,-257.85107421875,-5.18
6149,6001,147.80029296875,2.4
5872,6126,-254.60302734375,-4.34
5692,5807,-115.81982421875,-2.03
6330,6172,157.14208984375,2.48
5177,5464,-287.6103515625,-5.55
4857,4796,60.43994140625,1.24
5406,5333,72.65625,1.34
5318,5597,-279.87548828125,-5.26
5449,5673,-224.9560546875,-4.13
5342,5566,-224.03076171875,-4.19
5337,5314,22.23583984375,0.42
5365,5618,-253.865234375,-4.73
5005,5331,-326.95263671875,-6.53
5019,4940,78.73828125,1.57
5976,6069,-93.2587890625,-1.56
5937,6005,-68.234375,-1.15
5242,5430,-188.06640625,-3.59
5418,5690,-272.90185546875,-5.04
5856,5981,-125.890625,-2.15
4867,5022,-155.478515625,-3.19
4834,4862,-28.30859375,-0.59
5619,5479,139.505859375,2.48
5909,5931,-22.04150390625,-0.37
5693,5784,-91.45166015625,-1.61
5571,5623,-52.71923828125,-0.95
5394,5600,-206.21533203125,-3.82
4730,4954,-224.5126953125,-4.75
5233,5236,-3.01611328125,-0.06
6004,5968,35.4140625,0.59
5898,5967,-69.580078125,-1.18
5965,5915,49.09619140625,0.82
5903,5886,16.49755859375,0.28
7523,7050,472.56982421875,6.28
5450,5857,-407.3291015625,-7.47
6172,5971,200.9072265625,3.25
6846,6819,26.8154296875,0.39
6993,7033,-40.3955078125,-0.58
6573,6864,-291.3720703125,-4.43
6505,6769,-264.4384765625,-4.06
6039,6094,-55.3837890625,-0.92
5363,5721,-358.26318359375,-6.68
6433,6268,164.3359375,2.55
6649,6682,-33.763671875,-0.51
6352,6293,58.865234375,0.93
5507,5775,-268.83642578125,-4.88
5298,5318,-20.0751953125,-0.38
6175,6098,76.2607421875,1.23
5204,5432,-228.85498046875,-4.4
4813,4644,168.76025390625,3.51
5261,5094,166.87841796875,3.17
5338,5378,-40.68408203125,-0.76
5018,5184,-166.21728515625,-3.31
5411,5324,86.98681640625,1.61
6120,5962,157.05078125,2.57
5457,5445,11.12451171875,0.2
5299,5583,-284.8505859375,-5.37
5563,5984,-421.89208984375,-7.58
5478,5704,-226.50732421875,-4.13
5730,5887,-157.67822265625,-2.75
5660,5780,-120.34326171875,-2.13
5161,5195,-34.31591796875,-0.66
5241,5147,93.34375,1.78
4695,4789,-94.740234375,-2.02
5886,5725,160.38623046875,2.72
5672,5686,-14.5791015625,-0.26
6162,5874,287.88671875,4.67
5663,5730,-67.81298828125,-1.2
6209,6086,122.7080078125,1.98
4774,4995,-221.98876953125,-4.65
5186,5180,5.43310546875,0.1
5584,5766,-182.16259765625,-3.26
5561,5568,-7.50390625,-0.13
5946,5764,181.59130859375,3.05
5991,5932,58.59130859375,0.98
5165,5264,-99.826171875,-1.93
5270,5503,-233.11083984375,-4.42
4002,4362,-360.1240234375,-9.0
6024,5648,375.29248046875,6.23
6188,6256,-68.869140625,-1.11
5301,5642,-341.43310546875,-6.44
6157,6081,75.0048828125,1.22
5560,6002,-442.0419921875,-7.95
5049,5156,-107.49755859375,-2.13
5035,5438,-403.3134765625,-8.01
5709,5608,100.20654296875,1.75
5608,5609,-1.447265625,-0.03
5706,5875,-169.3369140625,-2.97
5883,5892,-9.25244140625,-0.16
5131,5325,-194.23779296875,-3.78
5155,5168,-13.7666015625,-0.27
4859,5107,-248.96240234375,-5.12
6174,5904,269.85888671875,4.37
5915,6172,-257.49267578125,-4.35
5786,5787,-1.66748046875,-0.03
5537,5544,-7.65185546875,-0.14
6444,6239,204.701171875,3.18
4858,5136,-278.6103515625,-5.73
5407,5289,117.478515625,2.17
6055,6231,-176.3408203125,-2.91
6337,6254,82.05517578125,1.29
5706,5999,-293.3466796875,-5.14
6465,6412,52.89013671875,0.82
6622,6363,258.82421875,3.91
5459,5717,-258.630859375,-4.74
4914,5098,-184.17236328125,-3.75
6138,5970,167.44580078125,2.73
5368,5564,-196.39013671875,-3.66
5649,5746,-97.623046875,-1.73
6364,6057,306.02099609375,4.81
5777,5786,-9.90234375,-0.17
5098,5086,11.55224609375,0.23
5360,5507,-147.26611328125,-2.75
6491,6356,134.798828125,2.08
6294,6377,-83.5537109375,-1.33
6029,6155,-126.25341796875,-2.09
6478,6368,109.83935546875,1.7
5921,6093,-172.92041015625,-2.92
5249,5359,-110.55419921875,-2.11
4565,4842,-277.15966796875,-6.07
6470,6188,281.68310546875,4.35
5777,5865,-88.92822265625,-1.54
5652,5619,32.45361328125,0.57
6176,6036,139.2373046875,2.25
6095,6113,-18.6748046875,-0.31
5271,5404,-133.1044921875,-2.52
4926,5213,-287.65087890625,-5.84
6039,5888,150.109375,2.49
6139,6156,-17.27880859375,-0.28
6356,6263,92.72265625,1.46
5933,6004,-71.9931640625,-1.21
5737,5721,15.20263671875,0.26
5604,5499,104.3916015625,1.86
5155,5277,-122.50732421875,-2.38
6121,6007,113.18994140625,1.85
5524,5634,-110.72412109375,-2.0
6692,6292,399.12890625,5.96
5964,6343,-379.4697265625,-6.36
5962,6044,-82.78271484375,-1.39
5577,5381,195.64990234375,3.51
4920,5069,-149.83056640625,-3.04
5821,5715,105.09375,1.81
5480,5700,-220.43603515625,-4.02
5231,4972,258.94189453125,4.95
6348,6060,287.9228515625,4.53
6723,6430,292.97900390625,4.36
5186,5254,-68.87255859375,-1.33
5524,5680,-156.29541015625,-2.83
5332,5595,-263.30078125,-4.94
6063,6236,-173.6376953125,-2.86
5863,6031,-168.162109375,-2.87
6117,6022,94.73046875,1.55
6524,6372,151.5400390625,2.32
5242,5520,-278.541015625,-5.31
5017,5055,-38.57568359375,-0.77
6169,6144,24.1826171875,0.39
6045,6157,-112.66455078125,-1.86
6427,6369,57.1572265625,0.89
5882,5967,-85.701171875,-1.46
5836,5635,200.716796875,3.44
5270,5369,-99.14599609375,-1.88
5942,5978,-36.91162109375,-0.62
6245,6287,-42.78955078125,-0.69
5657,5873,-216.69189453125,-3.83
6432,6178,253.20849609375,3.94
6209,6302,-93.44580078125,-1.5
5887,6028,-141.66357421875,-2.41
5343,5352,-9.3310546875,-0.17
5023,4995,27.3623046875,0.54
6291,5981,309.41015625,4.92
5803,6162,-359.0791015625,-6.19
6055,5917,137.11962890625,2.26
5423,5508,-85.9072265625,-1.58
6222,6312,-90.52978515625,-1.45
5676,5614,61.7451171875,1.09
5287,5321,-34.03369140625,-0.64
5702,5656,45.140625,0.79
6052,6021,30.91162109375,0.51
6195,6271,-76.76708984375,-1.24
5591,5881,-290.751953125,-5.2
6242,6175,66.9111328125,1.07
4911,5032,-121.2373046875,-2.47
5051,5016,34.1474609375,0.68
7228,7082,145.38232421875,2.01
7669,7097,571.4755859375,7.45
8525,8227,297.2724609375,3.49
8074,8034,39.94091796875,0.49
8431,8573,-142.2568359375,-1.69
7006,7490,-484.412109375,-6.91
6831,7470,-639.2529296875,-9.36
7694,7959,-265.68994140625,-3.45
8367,8218,148.298828125,1.77
7437,7823,-386.998046875,-5.2
8454,8261,192.326171875,2.27
5354,5938,-584.650390625,-10.92
5285,5193,91.7431640625,1.74
4675,4991,-316.06103515625,-6.76
5774,5781,-7.88232421875,-0.14
5480,5607,-127.06884765625,-2.32
5907,5454,452.462890625,7.66
5828,5381,446.56787109375,7.66
6110,6062,47.06103515625,0.77
4653,4751,-98.77294921875,-2.12
5273,5232,40.009765625,0.76
6003,5975,27.14404296875,0.45
6072,6126,-54.45654296875,-0.9
5252,5377,-125.1025390625,-2.38
6351,6064,286.212890625,4.51
6194,6109,84.39501953125,1.36
6445,6448,-3.06396484375,-0.05
6496,6364,131.23974609375,2.02
6462,6576,-114.08642578125,-1.77
6395,6398,-3.10205078125,-0.05
6617,6896,-279.21826171875,-4.22
6870,6604,265.55859375,3.86
6776,6624,151.47021484375,2.24
5770,5696,73.0576171875,1.27
5988,5635,352.8173828125,5.89
7199,6839,359.83056640625,5.0
7352,7239,112.376953125,1.53
5383,5985,-602.4912109375,-11.19
5596,5579,16.60400390625,0.3
5265,5364,-99.94921875,-1.9
5434,5195,238.63525390625,4.39
5397,5487,-90.06298828125,-1.67
5258,5040,217.533203125,4.14
5607,5351,255.21630859375,4.55
5742,5830,-88.2109375,-1.54
5824,5929,-105.04443359375,-1.8
5578,5739,-161.23486328125,-2.89
4456,4539,-83.04736328125,-1.86
5412,5079,332.73388671875,6.15
6327,6509,-182.1689453125,-2.88
5524,5793,-269.05322265625,-4.87
5919,5899,19.95947265625,0.34
6121,6020,100.048828125,1.63
5805,6026,-221.2294921875,-3.81
4860,5257,-397.68505859375,-8.18
6493,6065,427.9443359375,6.59
7736,7142,593.890625,7.68
7420,7319,100.04638671875,1.35
7339,7356,-17.78955078125,-0.24
7655,7965,-310.021484375,-4.05
7248,7625,-377.53759765625,-5.21
6572,7147,-575.9912109375,-8.76
5956,6121,-165.1845703125,-2.77
7711,7564,146.62353515625,1.9
7809,7714,94.23486328125,1.21
7878,7629,248.4482421875,3.15
5885,6067,-182.6494140625,-3.1
6267,6613,-346.474609375,-5.53
5173,5427,-254.4580078125,-4.92
5417,5892,-475.69384765625,-8.78
5156,5702,-546.21044921875,-10.59
6248,5792,455.078125,7.28
5269,5479,-210.5166015625,-3.99
5325,5414,-89.28955078125,-1.68
6406,6059,346.4873046875,5.41
5238,5383,-145.626953125,-2.78
4755,4895,-140.24755859375,-2.95
5538,5756,-218.724609375,-3.95
5439,5432,6.18994140625,0.11
5584,5687,-103.1376953125,-1.85
5161,5418,-257.11865234375,-4.98
5789,5473,315.1533203125,5.44
4887,4919,-32.54150390625,-0.67
4968,5090,-122.24951171875,-2.46
5150,5431,-281.55224609375,-5.47
5905,5692,212.37548828125,3.6
5741,5670,70.9931640625,1.24
5383,5571,-188.787109375,-3.51
5618,5557,60.85791015625,1.08
5678,5447,230.08154296875,4.05
5291,5359,-68.1875,-1.29
6266,6159,106.34765625,1.7
5598,5759,-161.62353515625,-2.89
5950,5820,129.078125,2.17
5891,5867,23.3818359375,0.4
5588,5661,-73.99365234375,-1.32
5497,5417,79.34423828125,1.44
4664,4876,-212.74755859375,-4.56
5406,5310,95.6572265625,1.77
5997,5911,85.11572265625,1.42
6034,6147,-113.193359375,-1.88
5492,5512,-20.62158203125,-0.38
6478,6349,128.5126953125,1.98
4955,5231,-276.26171875,-5.57
5448,5384,63.50537109375,1.17
5501,5842,-341.015625,-6.2
5820,5932,-112.8984375,-1.94
6097,6104,-7.77783203125,-0.13
5944,6102,-158.60205078125,-2.67
5884,5706,177.60791015625,3.02
4952,5292,-340.40087890625,-6.87
5644,5408,235.43505859375,4.17
5343,5784,-441.63671875,-8.26
5414,5642,-228.37353515625,-4.22
5314,5505,-191.90576171875,-3.61
5912,5777,134.28564453125,2.27
7137,6772,364.20947265625,5.1
6162,6408,-246.662109375,-4.0
6180,5914,265.80322265625,4.3
7289,7127,161.3662109375,2.21
7039,7282,-243.421875,-3.46
15336,14471,864.228515625,5.63
16535,15991,543.6669921875,3.29
16836,16825,10.955078125,0.07
14791,15370,-579.7978515625,-3.92
15584,14775,808.63671875,5.19
15412,15382,29.5556640625,0.19
13413,14154,-741.2197265625,-5.53
13456,13599,-143.8115234375,-1.07
11554,12504,-950.7783203125,-8.23
13598,13517,80.0537109375,0.59
11288,11649,-361.728515625,-3.2
10785,10680,104.37109375,0.97
12396,12205,190.189453125,1.53
12615,12655,-40.9697265625,-0.32
12878,12823,54.912109375,0.43
12481,12854,-373.4931640625,-2.99
13348,13082,265.54296875,1.99
11554,11548,5.9501953125,0.05
10889,11208,-319.271484375,-2.93
11728,12009,-281.6171875,-2.4
13563,13471,91.3701171875,0.67
12159,12295,-136.12890625,-1.12
12926,13039,-113.76171875,-0.88
12865,12909,-44.7451171875,-0.35
10890,10991,-101.1201171875,-0.93
11441,11692,-251.072265625,-2.19
12317,12791,-474.279296875,-3.85
12603,12592,10.236328125,0.08
12845,12982,-137.4072265625,-1.07
13003,13010,-7.8173828125,-0.06
12923,12988,-65.6591796875,-0.51
12096,12093,2.00390625,0.02
10954,11115,-161.1611328125,-1.47
12596,12616,-20.79296875,-0.17
12830,12792,37.1015625,0.29
11895,12123,-228.8974609375,-1.92
14141,13928,212.384765625,1.5
12778,12837,-59.5859375,-0.47
12328,11793,534.841796875,4.34
11020,11174,-154.44140625,-1.4
12513,12780,-267.9892578125,-2.14
12867,13014,-147.0947265625,-1.14
12389,12784,-395.5224609375,-3.19
11294,11176,117.0732421875,1.04
12671,12678,-7.7177734375,-0.06
11175,10943,231.716796875,2.07
10696,11001,-305.62109375,-2.86
14174,13672,501.208984375,3.54
14140,14180,-40.9697265625,-0.29
13367,13655,-288.64453125,-2.16
13447,13484,-37.2578125,-0.28
13710,13631,78.984375,0.58
11059,11127,-68.888671875,-0.62
11307,11545,-238.03515625,-2.11
13017,12986,30.0263671875,0.23
13079,12896,182.2294921875,1.39
12945,12977,-32.4404296875,-0.25
11987,12102,-115.59765625,-0.96
12857,12720,136.994140625,1.07
13364,12881,482.40234375,3.61
11590,11607,-17.31640625,-0.15
13437,13350,86.4091796875,0.64
12512,12810,-298.8935546875,-2.39
13557,13433,123.1435546875,0.91
13355,13537,-182.9423828125,-1.37
14215,14121,93.66015625,0.66
12282,12034,247.0068359375,2.01
10577,10904,-327.5419921875,-3.1
12669,12692,-23.4365234375,-0.18
14089,13976,112.3017578125,0.8
11793,11924,-131.0556640625,-1.11
12759,12813,-54.5048828125,-0.43
13534,13413,120.0947265625,0.89
11475,11229,245.0205078125,2.14
10550,10841,-291.8720703125,-2.77
12130,12478,-348.7646484375,-2.87
12645,12712,-67.0078125,-0.53
11786,11968,-182.7685546875,-1.55
12869,12838,30.8427734375,0.24
13508,13204,303.23046875,2.24
10949,10889,59.884765625,0.55
11507,11748,-241.4794921875,-2.1
13598,13866,-268.802734375,-1.98
12922,12921,0.1689453125,0.0
15751,15673,77.42578125,0.49
16794,16200,593.1943359375,3.53
14422,14486,-64.1806640625,-0.44
14239,14494,-255.328125,-1.79
13117,13614,-497.9072265625,-3.8
17070,17175,-105.83984375,-0.62
