station_name,line,age_group,occupation,trip_frequency,trip_purpose,last_mile_mode,satisfaction_rating,auto_availability,bus_frequency,safety_rating,walkability,problem_auto,problem_bus,problem_walk,problem_safety,problem_crowding
Dahisar (E),7,60+,Service,4-5x/week,Office,BEST Bus,4,3,3,3,3,0,0,1,0,1
Dahisar (E),7,26-35,IT/Tech,4-5x/week,Education,BEST Bus,3,3,3,3,3,0,1,1,0,0
Dahisar (E),7,36-45,IT/Tech,Daily,Education,BEST Bus,3,3,3,3,3,0,0,0,0,1
Dahisar (E),7,60+,Service,Weekly,Leisure,BEST Bus,4,3,4,3,3,1,1,0,1,1
Dahisar (E),7,26-35,Student,2-3x/week,Office,BEST Bus,4,3,4,4,3,1,0,0,1,1
Dahisar (E),7,26-35,IT/Tech,2-3x/week,Shopping,BEST Bus,3,3,4,3,3,0,0,0,0,1
Dahisar (E),7,26-35,Student,Daily,Office,BEST Bus,3,3,4,3,3,0,1,1,1,1
Dahisar (E),7,46-60,Service,4-5x/week,Leisure,BEST Bus,3,3,4,3,3,0,0,1,1,1
Dahisar (E),7,26-35,Service,Weekly,Office,BEST Bus,2,3,4,3,3,1,0,0,0,0
Dahisar (E),7,60+,IT/Tech,4-5x/week,Office,BEST Bus,3,3,5,3,3,1,0,0,1,1
Dahisar (E),7,36-45,IT/Tech,2-3x/week,Office,BEST Bus,4,4,3,3,3,1,1,0,0,1
Dahisar (E),7,26-35,IT/Tech,4-5x/week,Office,BEST Bus,4,3,4,3,3,0,0,1,0,0
Dahisar (E),7,26-35,Business,Daily,Office,BEST Bus,3,3,4,3,3,1,1,0,0,1
Dahisar (E),7,18-25,Service,Daily,Office,BEST Bus,4,4,4,3,3,0,1,1,0,1
Dahisar (E),7,46-60,Service,4-5x/week,Office,BEST Bus,3,3,4,3,3,0,0,0,1,0
Dahisar (E),7,26-35,Student,4-5x/week,Office,BEST Bus,4,3,4,3,3,0,0,1,0,0
Dahisar (E),7,26-35,Student,4-5x/week,Other,BEST Bus,4,4,4,3,3,0,0,0,1,1
Dahisar (E),7,36-45,Service,Weekly,Leisure,BEST Bus,4,3,5,3,3,0,0,0,1,1
Dahisar (E),7,18-25,Business,Daily,Office,BEST Bus,3,3,4,3,3,0,0,1,0,1
Dahisar (E),7,18-25,Business,4-5x/week,Shopping,BEST Bus,3,2,4,3,3,1,1,1,0,0
Dahisar (E),7,36-45,IT/Tech,Daily,Office,BEST Bus,4,2,4,4,3,0,0,1,1,0
Dahisar (E),7,18-25,Student,Daily,Office,BEST Bus,4,3,4,3,3,0,0,1,0,1
Dahisar (E),7,36-45,Business,Daily,Office,BEST Bus,4,4,4,4,3,0,0,0,0,1
Dahisar (E),7,26-35,Business,Weekly,Office,BEST Bus,4,3,3,3,3,0,1,0,1,1
Dahisar (E),7,36-45,Business,Weekly,Education,BEST Bus,3,3,4,3,2,0,0,0,0,1
Dahisar (E),7,36-45,Service,Daily,Leisure,BEST Bus,3,4,4,3,3,1,1,0,1,1
Dahisar (E),7,60+,Other,4-5x/week,Shopping,BEST Bus,3,3,4,3,3,0,1,0,1,1
Dahisar (E),7,26-35,Service,Daily,Office,BEST Bus,4,3,3,3,3,1,0,1,0,1
Dahisar (E),7,18-25,Student,Rarely,Office,BEST Bus,4,3,3,4,2,0,1,0,1,1
Dahisar (E),7,18-25,Student,Daily,Shopping,BEST Bus,4,3,4,3,3,1,0,1,0,1
Dahisar (E),7,60+,Student,Weekly,Shopping,BEST Bus,4,3,5,3,3,0,0,0,1,1
Dahisar (E),7,60+,Service,4-5x/week,Shopping,BEST Bus,4,3,3,2,3,0,1,0,0,1
Dahisar (E),7,26-35,IT/Tech,2-3x/week,Education,BEST Bus,4,4,4,3,3,0,0,1,0,1
Dahisar (E),7,60+,Service,2-3x/week,Office,BEST Bus,3,2,3,3,3,0,0,0,1,1
Dahisar (E),7,18-25,Other,4-5x/week,Office,BEST Bus,4,4,3,3,3,0,0,0,0,1
Dahisar (E),7,46-60,IT/Tech,Daily,Office,BEST Bus,5,3,4,3,3,1,1,1,0,1
Dahisar (E),7,26-35,Other,Daily,Shopping,BEST Bus,3,4,4,3,3,1,0,0,0,1
Dahisar (E),7,36-45,IT/Tech,Daily,Office,BEST Bus,4,3,3,3,3,0,0,0,1,1
Dahisar (E),7,18-25,Student,Daily,Office,BEST Bus,3,3,4,2,3,0,0,1,0,0
Dahisar (E),7,18-25,IT/Tech,2-3x/week,Education,BEST Bus,4,3,3,3,2,0,0,0,0,1
Dahisar (E),7,26-35,Service,Weekly,Shopping,BEST Bus,3,3,4,2,3,1,1,1,1,1
Dahisar (E),7,18-25,Service,4-5x/week,Education,BEST Bus,3,3,4,3,3,0,0,0,1,1
Dahisar (E),7,26-35,Business,4-5x/week,Office,BEST Bus,4,3,4,3,3,1,1,1,1,0
Dahisar (E),7,18-25,Business,Daily,Other,BEST Bus,3,3,3,3,3,1,0,0,0,1
Dahisar (E),7,26-35,Service,Daily,Office,BEST Bus,4,2,4,3,2,0,1,0,0,1
Dahisar (E),7,26-35,Student,Daily,Other,BEST Bus,4,3,3,4,3,0,0,0,0,1
Dahisar (E),7,46-60,Service,Rarely,Office,BEST Bus,4,3,4,4,3,0,1,1,1,0
Dahisar (E),7,36-45,Business,Daily,Leisure,BEST Bus,4,3,4,2,3,0,0,0,0,1
Dahisar (E),7,46-60,IT/Tech,4-5x/week,Leisure,BEST Bus,3,3,4,3,3,0,0,0,0,0
Dahisar (E),7,18-25,IT/Tech,Daily,Education,BEST Bus,3,3,4,3,3,1,0,1,0,1
Dahisar (E),7,26-35,Service,Daily,Office,BEST Bus,4,3,4,4,2,1,1,0,0,1
Dahisar (E),7,26-35,Other,Daily,Shopping,BEST Bus,4,4,4,3,3,0,0,0,1,1
Dahisar (E),7,36-45,IT/Tech,2-3x/week,Other,BEST Bus,4,3,5,3,3,1,0,1,1,1
Dahisar (E),7,26-35,Other,Daily,Office,BEST Bus,3,3,4,3,2,1,1,0,0,0
Dahisar (E),7,26-35,Business,4-5x/week,Office,BEST Bus,3,3,3,3,3,0,1,0,1,0
Dahisar (E),7,18-25,Student,Daily,Office,BEST Bus,4,3,4,3,4,0,0,1,0,1
Dahisar (E),7,18-25,Service,Weekly,Office,BEST Bus,4,2,4,3,3,0,1,1,1,1
Dahisar (E),7,18-25,Student,2-3x/week,Office,BEST Bus,3,3,4,3,3,0,0,0,0,1
Dahisar (E),7,18-25,IT/Tech,Weekly,Office,BEST Bus,3,4,3,3,4,1,0,1,0,1
Dahisar (E),7,26-35,Other,2-3x/week,Office,BEST Bus,3,3,4,3,3,1,1,1,0,1
Dahisar (E),7,26-35,Student,2-3x/week,Other,BEST Bus,3,3,3,3,4,0,1,1,1,0
Dahisar (E),7,46-60,Business,4-5x/week,Education,BEST Bus,4,2,3,3,3,1,0,1,0,1
Dahisar (E),7,26-35,IT/Tech,Daily,Education,BEST Bus,4,2,5,3,3,1,1,1,0,1
Dahisar (E),7,26-35,Business,Daily,Education,BEST Bus,4,3,4,3,4,1,0,0,0,1
Dahisar (E),7,26-35,IT/Tech,Daily,Leisure,BEST Bus,3,3,4,3,3,0,0,0,1,1
Dahisar (E),7,18-25,Other,Weekly,Office,BEST Bus,4,3,4,3,2,0,1,0,1,0
Dahisar (E),7,60+,Other,4-5x/week,Leisure,BEST Bus,3,3,3,3,3,0,1,1,0,0
Dahisar (E),7,26-35,Business,Weekly,Shopping,BEST Bus,4,3,4,3,4,0,0,0,0,0
Dahisar (E),7,26-35,IT/Tech,2-3x/week,Office,BEST Bus,3,3,3,3,2,0,1,0,0,1
Dahisar (E),7,26-35,Service,Weekly,Office,BEST Bus,3,3,4,3,3,0,0,1,1,1
Dahisar (E),7,18-25,Service,Daily,Office,BEST Bus,3,3,4,4,3,1,1,0,0,1
Dahisar (E),7,18-25,Service,Daily,Office,BEST Bus,3,3,4,3,4,1,0,1,1,0
Dahisar (E),7,26-35,Student,Daily,Education,BEST Bus,2,3,4,3,4,0,1,0,0,1
Dahisar (E),7,46-60,Service,2-3x/week,Leisure,BEST Bus,3,3,4,4,3,1,0,0,1,0
Dahisar (E),7,18-25,IT/Tech,2-3x/week,Office,BEST Bus,4,3,4,3,3,0,0,1,0,1
Dahisar (E),7,36-45,Student,2-3x/week,Shopping,BEST Bus,3,3,4,3,3,1,0,0,1,1
Dahisar (E),7,36-45,Student,4-5x/week,Office,BEST Bus,3,3,4,3,3,0,0,0,1,0
Dahisar (E),7,26-35,IT/Tech,Daily,Education,BEST Bus,3,3,4,3,3,0,1,0,1,1
Dahisar (E),7,46-60,IT/Tech,4-5x/week,Office,BEST Bus,4,3,3,3,3,1,0,0,0,1
Dahisar (E),7,46-60,Service,2-3x/week,Leisure,BEST Bus,3,3,4,3,3,0,0,1,1,1
Dahisar (E),7,26-35,IT/Tech,4-5x/week,Office,BEST Bus,3,3,3,4,3,1,0,0,0,1
Dahisar (E),7,36-45,Service,2-3x/week,Office,BEST Bus,4,3,4,3,3,0,0,0,1,1
Dahisar (E),7,26-35,Student,Daily,Office,BEST Bus,3,3,4,3,3,1,1,1,0,1
Dahisar (E),7,18-25,Other,Daily,Shopping,BEST Bus,4,3,4,4,3,1,0,1,0,1
Dahisar (E),7,36-45,IT/Tech,4-5x/week,Shopping,BEST Bus,3,3,3,3,3,0,0,0,1,0
Dahisar (E),7,60+,Service,Daily,Education,BEST Bus,4,3,3,3,3,0,0,1,0,0
Dahisar (E),7,18-25,Service,4-5x/week,Office,BEST Bus,3,4,3,3,3,1,0,0,0,1
Dahisar (E),7,36-45,Other,Daily,Office,BEST Bus,4,3,4,3,3,1,0,1,0,1
Dahisar (E),7,26-35,Other,Daily,Education,BEST Bus,4,3,3,3,2,0,0,1,0,1
Dahisar (E),7,18-25,Student,Daily,Education,BEST Bus,4,3,5,3,3,0,0,1,1,1
Dahisar (E),7,18-25,Business,Weekly,Office,BEST Bus,3,3,4,3,3,1,0,0,1,0
Dahisar (E),7,36-45,Service,4-5x/week,Shopping,BEST Bus,4,4,4,4,3,1,0,0,1,1
Dahisar (E),7,26-35,Service,Daily,Education,BEST Bus,4,4,4,3,3,0,0,0,1,1
Dahisar (E),7,26-35,Service,Daily,Education,BEST Bus,4,3,4,3,3,0,0,0,0,1
Dahisar (E),7,36-45,Service,2-3x/week,Education,BEST Bus,4,3,4,3,2,0,0,0,1,1
Dahisar (E),7,18-25,Student,4-5x/week,Education,BEST Bus,3,3,5,4,3,0,0,1,1,1
Ovaripada,7,26-35,Business,4-5x/week,Education,E-Rickshaw,3,1,2,2,1,1,0,1,1,0
Ovaripada,7,26-35,IT/Tech,Daily,Leisure,E-Rickshaw,3,1,2,2,2,1,1,1,1,0
Ovaripada,7,18-25,Business,2-3x/week,Office,E-Rickshaw,2,1,1,2,1,1,1,0,1,0
Ovaripada,7,46-60,IT/Tech,Daily,Shopping,E-Rickshaw,4,1,1,1,2,1,0,1,0,0
Ovaripada,7,36-45,Student,4-5x/week,Office,E-Rickshaw,2,1,2,2,1,1,1,1,1,1
Ovaripada,7,26-35,Business,4-5x/week,Other,E-Rickshaw,3,1,1,1,1,1,1,0,1,1
Ovaripada,7,36-45,Business,Daily,Office,E-Rickshaw,3,1,1,1,1,1,0,1,1,0
Ovaripada,7,36-45,Business,Daily,Office,E-Rickshaw,2,1,2,1,2,1,1,0,1,0
Ovaripada,7,18-25,Business,Daily,Office,E-Rickshaw,2,1,2,2,1,0,0,1,0,0
Ovaripada,7,36-45,Student,2-3x/week,Office,E-Rickshaw,3,1,2,1,1,1,1,0,1,0
Ovaripada,7,26-35,IT/Tech,4-5x/week,Shopping,E-Rickshaw,3,1,1,2,2,0,0,0,1,1
Ovaripada,7,26-35,Student,4-5x/week,Office,E-Rickshaw,3,1,1,2,1,0,0,1,1,0
Ovaripada,7,18-25,Business,Daily,Office,E-Rickshaw,3,1,1,2,1,1,1,1,1,0
Ovaripada,7,18-25,Business,4-5x/week,Office,E-Rickshaw,3,1,1,1,1,1,1,1,0,1
Ovaripada,7,26-35,Other,2-3x/week,Shopping,E-Rickshaw,3,1,1,2,1,1,1,0,0,0
Ovaripada,7,18-25,IT/Tech,4-5x/week,Office,E-Rickshaw,3,1,1,2,1,1,1,1,0,0
Ovaripada,7,60+,IT/Tech,Daily,Shopping,E-Rickshaw,3,1,1,1,1,1,1,1,1,0
Ovaripada,7,36-45,Service,Rarely,Education,E-Rickshaw,2,1,1,1,1,0,1,0,1,0
Ovaripada,7,36-45,Service,4-5x/week,Shopping,E-Rickshaw,3,1,2,1,2,1,1,0,1,1
Ovaripada,7,18-25,Other,2-3x/week,Office,E-Rickshaw,3,1,1,2,2,1,1,1,1,0
Ovaripada,7,26-35,Student,Daily,Other,E-Rickshaw,3,1,1,2,1,1,0,1,1,1
Ovaripada,7,60+,Service,Daily,Other,E-Rickshaw,3,2,2,2,2,1,1,1,0,1
Ovaripada,7,26-35,IT/Tech,Daily,Shopping,E-Rickshaw,3,1,2,2,2,0,0,0,1,0
Ovaripada,7,26-35,Service,2-3x/week,Education,E-Rickshaw,3,1,2,2,1,0,1,1,1,0
Ovaripada,7,36-45,IT/Tech,4-5x/week,Leisure,E-Rickshaw,3,2,1,3,2,1,0,1,0,1
Ovaripada,7,26-35,Student,Daily,Education,E-Rickshaw,2,2,1,2,1,1,1,1,1,0
Ovaripada,7,26-35,Student,2-3x/week,Office,E-Rickshaw,2,1,1,2,1,1,0,0,1,0
Ovaripada,7,36-45,Service,4-5x/week,Office,E-Rickshaw,3,2,1,2,1,1,1,1,1,1
Ovaripada,7,26-35,Business,4-5x/week,Shopping,E-Rickshaw,3,1,2,1,1,1,1,0,0,0
Ovaripada,7,26-35,IT/Tech,Daily,Office,E-Rickshaw,3,1,1,2,1,1,0,0,1,0
Ovaripada,7,36-45,Service,Daily,Office,E-Rickshaw,3,1,2,2,1,1,1,1,0,1
Ovaripada,7,26-35,IT/Tech,Weekly,Office,E-Rickshaw,2,1,1,1,1,0,1,1,1,1
Ovaripada,7,36-45,IT/Tech,Daily,Education,E-Rickshaw,3,1,1,2,2,0,1,1,1,1
Ovaripada,7,18-25,Other,Daily,Office,E-Rickshaw,3,1,2,1,1,1,0,1,1,0
Ovaripada,7,26-35,Service,Daily,Education,E-Rickshaw,3,1,1,1,2,1,1,1,0,0
Ovaripada,7,26-35,Student,Daily,Office,E-Rickshaw,2,1,1,2,2,1,0,0,1,0
Ovaripada,7,26-35,Student,4-5x/week,Office,E-Rickshaw,3,1,1,1,2,1,1,0,1,1
Ovaripada,7,36-45,IT/Tech,Daily,Office,E-Rickshaw,4,1,1,1,1,0,0,0,1,0
Ovaripada,7,60+,Service,Daily,Office,E-Rickshaw,3,1,1,3,1,0,1,0,0,1
Ovaripada,7,26-35,IT/Tech,2-3x/week,Shopping,E-Rickshaw,2,1,2,2,1,1,1,0,0,0
Ovaripada,7,46-60,Other,Daily,Other,E-Rickshaw,3,1,1,2,2,1,0,0,1,0
Ovaripada,7,26-35,Other,4-5x/week,Shopping,E-Rickshaw,2,1,1,2,1,1,1,0,1,0
Ovaripada,7,18-25,Service,2-3x/week,Shopping,E-Rickshaw,2,1,2,2,1,1,0,1,1,0
Ovaripada,7,46-60,Student,Daily,Office,E-Rickshaw,3,1,1,2,2,1,1,0,1,0
Ovaripada,7,36-45,Student,4-5x/week,Office,E-Rickshaw,3,1,2,1,2,1,1,0,1,0
Ovaripada,7,18-25,Student,Daily,Education,E-Rickshaw,3,1,2,1,2,0,1,1,1,0
Ovaripada,7,26-35,Service,4-5x/week,Office,E-Rickshaw,3,1,2,2,2,1,0,0,0,1
Ovaripada,7,60+,Service,Daily,Leisure,E-Rickshaw,3,1,1,2,1,1,1,1,1,0
Ovaripada,7,26-35,Business,Daily,Office,E-Rickshaw,3,2,1,2,1,1,0,1,1,1
Ovaripada,7,46-60,Service,2-3x/week,Leisure,E-Rickshaw,3,1,2,1,1,1,0,1,0,0
Ovaripada,7,36-45,Business,4-5x/week,Education,E-Rickshaw,3,1,1,1,2,0,1,0,1,0
Ovaripada,7,18-25,IT/Tech,Daily,Office,E-Rickshaw,3,1,1,2,1,1,1,1,1,1
Ovaripada,7,18-25,Student,Daily,Office,E-Rickshaw,3,2,1,2,1,1,1,1,1,0
Ovaripada,7,46-60,IT/Tech,2-3x/week,Other,E-Rickshaw,3,1,1,1,1,1,0,0,1,0
Ovaripada,7,46-60,Other,2-3x/week,Office,E-Rickshaw,3,1,2,2,1,1,1,1,1,0
Ovaripada,7,18-25,Student,Daily,Other,E-Rickshaw,2,1,2,2,1,1,1,0,1,0
Ovaripada,7,36-45,Student,Weekly,Office,E-Rickshaw,2,1,1,2,1,1,1,1,1,0
Ovaripada,7,36-45,Service,2-3x/week,Education,E-Rickshaw,2,2,1,1,1,1,1,0,0,0
Ovaripada,7,46-60,IT/Tech,Daily,Shopping,E-Rickshaw,3,1,2,2,1,1,1,0,1,1
Ovaripada,7,18-25,Business,4-5x/week,Office,E-Rickshaw,3,1,1,2,1,1,1,1,0,0
Ovaripada,7,36-45,Student,4-5x/week,Office,E-Rickshaw,3,1,1,2,1,1,1,0,1,1
Ovaripada,7,46-60,Student,Rarely,Office,E-Rickshaw,3,1,2,1,1,1,1,1,1,0
Ovaripada,7,36-45,Service,Daily,Office,E-Rickshaw,2,1,1,1,1,1,1,1,1,0
Ovaripada,7,26-35,Other,Weekly,Shopping,E-Rickshaw,3,2,2,1,1,1,1,1,1,0
Ovaripada,7,46-60,Service,4-5x/week,Leisure,E-Rickshaw,3,1,2,1,2,0,1,1,0,0
Ovaripada,7,46-60,Business,Daily,Office,E-Rickshaw,3,1,1,2,1,1,1,0,0,0
Ovaripada,7,46-60,Service,4-5x/week,Other,E-Rickshaw,3,1,1,2,2,1,0,1,1,0
Ovaripada,7,36-45,Service,Daily,Office,E-Rickshaw,1,1,1,1,1,0,1,0,1,0
Ovaripada,7,26-35,Student,2-3x/week,Leisure,E-Rickshaw,3,1,2,2,2,0,1,1,1,1
Ovaripada,7,26-35,IT/Tech,Daily,Office,E-Rickshaw,3,1,1,2,2,1,1,1,0,0
Ovaripada,7,18-25,Student,Daily,Office,E-Rickshaw,2,1,2,2,1,1,1,0,1,0
Ovaripada,7,36-45,Student,Weekly,Shopping,E-Rickshaw,2,2,1,1,1,1,1,0,0,0
Ovaripada,7,26-35,Business,Daily,Education,E-Rickshaw,3,1,1,1,1,1,1,1,1,1
Ovaripada,7,26-35,Service,Daily,Leisure,E-Rickshaw,3,1,2,1,1,1,0,1,0,0
Ovaripada,7,26-35,Other,Daily,Other,E-Rickshaw,3,1,1,2,2,1,1,0,1,0
Ovaripada,7,36-45,Other,2-3x/week,Office,E-Rickshaw,3,1,1,1,1,1,0,1,1,0
Ovaripada,7,18-25,IT/Tech,Daily,Office,E-Rickshaw,3,2,2,2,2,1,0,1,1,0
Ovaripada,7,26-35,Student,4-5x/week,Education,E-Rickshaw,2,1,1,2,1,1,0,1,1,1
Ovaripada,7,18-25,Business,Daily,Leisure,E-Rickshaw,3,1,1,2,2,1,1,0,1,0
Ovaripada,7,26-35,Service,2-3x/week,Shopping,E-Rickshaw,3,1,1,2,1,1,1,1,1,1
Ovaripada,7,36-45,Other,2-3x/week,Office,E-Rickshaw,3,1,1,2,1,1,1,1,1,0
Ovaripada,7,26-35,Student,Rarely,Other,E-Rickshaw,2,1,1,2,1,1,1,1,1,0
Ovaripada,7,26-35,Student,2-3x/week,Shopping,E-Rickshaw,4,1,1,1,1,1,0,0,1,1
Ovaripada,7,18-25,Business,Daily,Office,E-Rickshaw,3,1,2,2,1,1,1,1,0,0
Ovaripada,7,26-35,IT/Tech,Daily,Office,E-Rickshaw,2,1,1,2,1,1,1,1,1,0
Ovaripada,7,18-25,Service,Weekly,Other,E-Rickshaw,3,1,2,2,1,1,1,1,1,1
Ovaripada,7,26-35,Service,4-5x/week,Office,E-Rickshaw,2,1,2,1,1,1,1,1,1,1
Ovaripada,7,26-35,IT/Tech,Weekly,Other,E-Rickshaw,3,1,1,2,1,0,1,1,0,1
Ovaripada,7,26-35,IT/Tech,4-5x/week,Office,E-Rickshaw,3,1,1,2,1,1,1,1,0,1
Ovaripada,7,26-35,Service,Weekly,Leisure,E-Rickshaw,3,2,1,1,1,1,1,1,1,0
Ovaripada,7,18-25,Student,Daily,Other,E-Rickshaw,2,1,2,2,2,1,1,1,0,0
Ovaripada,7,26-35,IT/Tech,Daily,Office,E-Rickshaw,2,1,1,1,1,1,1,1,0,0
Rashtriya Udyan,7,36-45,Business,Daily,Education,E-Rickshaw,3,1,1,2,1,1,0,1,1,0
Rashtriya Udyan,7,26-35,Student,Daily,Office,E-Rickshaw,3,1,1,2,1,1,1,0,1,1
Rashtriya Udyan,7,26-35,Service,2-3x/week,Office,E-Rickshaw,3,1,1,2,1,1,1,1,1,0
Rashtriya Udyan,7,18-25,Student,2-3x/week,Education,E-Rickshaw,3,2,1,2,1,1,1,0,1,0
Rashtriya Udyan,7,18-25,Service,4-5x/week,Leisure,E-Rickshaw,3,1,2,2,2,1,1,1,1,0
Rashtriya Udyan,7,36-45,Other,Daily,Leisure,E-Rickshaw,4,1,1,2,1,1,1,1,1,0
Rashtriya Udyan,7,46-60,Other,4-5x/week,Office,E-Rickshaw,3,1,1,2,1,0,1,0,1,1
Rashtriya Udyan,7,26-35,Student,Daily,Education,E-Rickshaw,2,1,1,2,1,1,1,0,1,0
Rashtriya Udyan,7,26-35,Other,Weekly,Office,E-Rickshaw,3,1,1,2,1,1,1,1,1,1
Rashtriya Udyan,7,36-45,Business,2-3x/week,Shopping,E-Rickshaw,3,2,1,2,1,1,0,1,1,0
Rashtriya Udyan,7,26-35,Student,4-5x/week,Shopping,E-Rickshaw,2,2,1,3,1,1,1,1,1,1
Rashtriya Udyan,7,26-35,Business,Daily,Other,E-Rickshaw,4,1,2,2,1,1,0,1,0,1
Rashtriya Udyan,7,36-45,Business,2-3x/week,Office,E-Rickshaw,3,2,1,3,1,1,1,1,0,1
Rashtriya Udyan,7,26-35,Service,2-3x/week,Office,E-Rickshaw,3,1,1,2,1,1,1,0,1,0
Rashtriya Udyan,7,18-25,Business,4-5x/week,Office,E-Rickshaw,3,1,1,1,1,1,1,1,0,0
Rashtriya Udyan,7,36-45,IT/Tech,Daily,Education,E-Rickshaw,2,1,1,2,1,1,0,1,1,1
Rashtriya Udyan,7,36-45,IT/Tech,4-5x/week,Education,E-Rickshaw,2,1,1,3,1,1,1,1,1,0
Rashtriya Udyan,7,46-60,Student,4-5x/week,Education,E-Rickshaw,3,1,1,3,1,1,0,1,1,0
Rashtriya Udyan,7,36-45,Student,Weekly,Leisure,E-Rickshaw,3,1,1,3,1,1,1,0,1,0
Rashtriya Udyan,7,26-35,Business,2-3x/week,Leisure,E-Rickshaw,2,1,1,2,1,1,1,1,0,0
Rashtriya Udyan,7,26-35,IT/Tech,2-3x/week,Leisure,E-Rickshaw,4,1,1,1,1,1,0,1,1,0
Rashtriya Udyan,7,18-25,IT/Tech,Daily,Office,E-Rickshaw,2,1,1,3,1,1,0,1,0,0
Rashtriya Udyan,7,36-45,IT/Tech,2-3x/week,Office,E-Rickshaw,3,1,1,2,1,1,0,1,0,0
Rashtriya Udyan,7,18-25,Service,4-5x/week,Education,E-Rickshaw,3,1,1,2,2,0,1,1,0,0
Rashtriya Udyan,7,36-45,Service,4-5x/week,Leisure,E-Rickshaw,3,1,1,1,2,1,1,1,1,0
Rashtriya Udyan,7,18-25,IT/Tech,Daily,Office,E-Rickshaw,3,1,1,2,1,1,0,1,1,0
Rashtriya Udyan,7,18-25,Other,Daily,Office,E-Rickshaw,3,1,2,2,1,1,1,0,1,0
Rashtriya Udyan,7,46-60,IT/Tech,4-5x/week,Office,E-Rickshaw,2,1,2,3,2,1,1,0,1,1
Rashtriya Udyan,7,36-45,IT/Tech,4-5x/week,Office,E-Rickshaw,2,1,1,2,2,0,1,0,1,0
Rashtriya Udyan,7,36-45,IT/Tech,4-5x/week,Office,E-Rickshaw,3,1,1,2,1,1,1,1,1,0
Rashtriya Udyan,7,26-35,Other,Daily,Shopping,E-Rickshaw,4,1,1,2,2,1,1,1,0,1
Rashtriya Udyan,7,36-45,Service,4-5x/week,Other,E-Rickshaw,3,1,1,2,1,1,1,1,1,0
Rashtriya Udyan,7,46-60,Business,Weekly,Education,E-Rickshaw,2,1,2,2,2,1,1,0,0,0
Rashtriya Udyan,7,46-60,Other,Weekly,Leisure,E-Rickshaw,2,2,1,2,1,0,0,0,1,1
Rashtriya Udyan,7,18-25,IT/Tech,Daily,Office,E-Rickshaw,3,1,1,2,1,0,1,1,1,1
Rashtriya Udyan,7,36-45,Service,4-5x/week,Office,E-Rickshaw,3,2,2,2,1,1,1,1,1,0
Rashtriya Udyan,7,26-35,Service,4-5x/week,Other,E-Rickshaw,3,1,1,3,1,1,1,0,1,0
Rashtriya Udyan,7,36-45,Service,Daily,Office,E-Rickshaw,3,1,1,2,1,1,1,1,1,0
Rashtriya Udyan,7,26-35,Service,Weekly,Shopping,E-Rickshaw,3,1,1,2,1,1,1,1,1,0
Rashtriya Udyan,7,36-45,IT/Tech,4-5x/week,Shopping,E-Rickshaw,3,1,1,2,2,1,0,1,1,1
Rashtriya Udyan,7,36-45,Business,4-5x/week,Other,E-Rickshaw,3,1,1,1,2,0,1,1,0,0
Rashtriya Udyan,7,18-25,IT/Tech,Daily,Other,E-Rickshaw,2,1,1,2,1,1,1,1,1,1
Rashtriya Udyan,7,36-45,IT/Tech,Daily,Leisure,E-Rickshaw,2,1,1,3,1,1,1,1,1,1
Rashtriya Udyan,7,46-60,IT/Tech,Rarely,Office,E-Rickshaw,2,1,1,2,1,1,1,0,0,1
Rashtriya Udyan,7,18-25,Student,4-5x/week,Education,E-Rickshaw,2,2,1,3,1,1,1,1,0,0
Rashtriya Udyan,7,26-35,Other,Weekly,Leisure,E-Rickshaw,3,2,1,3,1,1,0,0,0,0
Rashtriya Udyan,7,18-25,Service,Daily,Leisure,E-Rickshaw,2,1,1,2,2,1,1,1,0,0
Rashtriya Udyan,7,26-35,Service,4-5x/week,Office,E-Rickshaw,4,1,1,3,1,1,1,1,1,0
Rashtriya Udyan,7,18-25,IT/Tech,4-5x/week,Office,E-Rickshaw,2,1,1,2,1,1,1,1,1,0
Rashtriya Udyan,7,26-35,Service,Weekly,Office,E-Rickshaw,4,1,2,3,1,1,1,1,0,0
Rashtriya Udyan,7,36-45,Student,4-5x/week,Office,E-Rickshaw,2,1,1,1,1,1,0,1,1,1
Rashtriya Udyan,7,18-25,Business,4-5x/week,Office,E-Rickshaw,3,1,1,2,1,1,1,1,1,0
Rashtriya Udyan,7,26-35,IT/Tech,Daily,Office,E-Rickshaw,3,2,1,2,1,1,1,1,0,0
Rashtriya Udyan,7,26-35,Service,4-5x/week,Office,E-Rickshaw,2,2,1,2,1,1,0,1,0,0
Rashtriya Udyan,7,60+,Other,4-5x/week,Office,E-Rickshaw,3,1,1,2,1,0,1,1,1,0
Rashtriya Udyan,7,36-45,IT/Tech,Daily,Office,E-Rickshaw,2,1,2,2,1,1,0,1,0,0
Rashtriya Udyan,7,26-35,Student,Daily,Education,E-Rickshaw,3,1,1,2,1,1,1,0,1,0
Rashtriya Udyan,7,36-45,Business,Daily,Office,E-Rickshaw,2,1,1,3,1,1,1,0,1,0
Rashtriya Udyan,7,36-45,Student,Daily,Office,E-Rickshaw,3,1,1,2,1,1,0,1,0,0
Rashtriya Udyan,7,36-45,Business,Daily,Office,E-Rickshaw,3,1,1,2,1,1,0,1,1,0
Rashtriya Udyan,7,46-60,Service,Daily,Leisure,E-Rickshaw,3,1,1,2,1,1,0,1,1,1
Rashtriya Udyan,7,26-35,Service,2-3x/week,Office,E-Rickshaw,3,1,1,3,1,0,1,1,0,0
Rashtriya Udyan,7,26-35,Other,2-3x/week,Office,E-Rickshaw,3,1,1,3,1,0,1,1,1,0
Rashtriya Udyan,7,60+,IT/Tech,2-3x/week,Shopping,E-Rickshaw,2,1,1,2,1,1,1,0,1,1
Rashtriya Udyan,7,26-35,Service,Daily,Office,E-Rickshaw,3,1,1,2,1,1,1,1,1,0
Rashtriya Udyan,7,26-35,IT/Tech,Weekly,Education,E-Rickshaw,2,1,1,2,2,1,1,1,1,0
Rashtriya Udyan,7,18-25,Service,4-5x/week,Leisure,E-Rickshaw,3,1,1,2,1,1,1,1,1,0
Rashtriya Udyan,7,26-35,Service,Rarely,Office,E-Rickshaw,3,1,1,2,1,1,0,1,1,0
Rashtriya Udyan,7,36-45,Student,4-5x/week,Office,E-Rickshaw,3,1,1,3,1,1,1,0,0,0
Rashtriya Udyan,7,26-35,IT/Tech,Daily,Office,E-Rickshaw,2,1,1,2,1,0,1,1,1,0
Rashtriya Udyan,7,26-35,Business,Daily,Office,E-Rickshaw,4,2,1,2,1,1,1,1,1,0
Rashtriya Udyan,7,26-35,Student,Daily,Office,E-Rickshaw,3,1,1,2,1,1,1,0,0,0
Rashtriya Udyan,7,26-35,Service,4-5x/week,Office,E-Rickshaw,2,1,1,2,1,1,1,1,0,0
Rashtriya Udyan,7,26-35,Service,Daily,Other,E-Rickshaw,3,1,1,2,1,1,1,0,0,1
Rashtriya Udyan,7,26-35,Student,Daily,Education,E-Rickshaw,2,1,1,2,1,1,1,0,1,0
Rashtriya Udyan,7,60+,Service,Daily,Office,E-Rickshaw,3,2,1,3,1,1,1,1,1,1
Rashtriya Udyan,7,36-45,Business,Daily,Office,E-Rickshaw,2,1,1,2,1,1,1,1,1,0
Rashtriya Udyan,7,18-25,Student,Weekly,Other,E-Rickshaw,3,1,1,3,1,1,1,1,1,1
Rashtriya Udyan,7,36-45,Student,Rarely,Office,E-Rickshaw,2,2,1,2,1,1,1,0,1,0
Rashtriya Udyan,7,36-45,IT/Tech,2-3x/week,Shopping,E-Rickshaw,3,1,1,2,1,1,0,0,0,0
Rashtriya Udyan,7,60+,Business,Daily,Leisure,E-Rickshaw,3,2,1,2,1,1,1,1,0,0
Rashtriya Udyan,7,18-25,Student,2-3x/week,Other,E-Rickshaw,3,1,1,2,1,1,1,1,0,1
Devipada,7,26-35,Student,Daily,Leisure,E-Rickshaw,3,1,1,2,1,1,1,1,0,0
Devipada,7,26-35,Student,Daily,Leisure,E-Rickshaw,2,1,1,1,2,1,0,1,1,0
Devipada,7,36-45,Service,Daily,Shopping,E-Rickshaw,3,1,1,1,2,1,1,0,1,1
Devipada,7,26-35,Business,Daily,Office,E-Rickshaw,3,1,1,2,2,0,1,1,1,0
Devipada,7,46-60,Business,Daily,Office,E-Rickshaw,4,1,1,2,2,1,0,1,1,0
Devipada,7,60+,Service,Daily,Other,E-Rickshaw,3,1,1,1,2,1,1,0,1,0
Devipada,7,26-35,Service,4-5x/week,Office,E-Rickshaw,2,1,1,2,2,1,1,1,1,0
Devipada,7,18-25,Student,Daily,Office,E-Rickshaw,4,1,1,1,2,1,1,1,1,0
Devipada,7,18-25,Student,Daily,Office,E-Rickshaw,3,1,1,1,2,1,1,0,1,0
Devipada,7,26-35,Business,4-5x/week,Office,E-Rickshaw,4,1,1,1,1,1,0,1,1,1
Devipada,7,36-45,IT/Tech,Rarely,Office,E-Rickshaw,4,1,1,2,2,1,1,0,1,1
Devipada,7,26-35,IT/Tech,4-5x/week,Office,E-Rickshaw,3,1,1,2,2,0,1,1,1,1
Devipada,7,26-35,Student,Daily,Other,E-Rickshaw,2,1,1,2,2,1,1,0,0,0
Devipada,7,26-35,Service,4-5x/week,Office,E-Rickshaw,3,1,1,2,1,1,0,0,0,1
Devipada,7,18-25,IT/Tech,Daily,Office,E-Rickshaw,3,2,1,1,1,1,1,1,1,0
Devipada,7,60+,Service,2-3x/week,Education,E-Rickshaw,4,1,1,1,1,1,1,1,1,0
Devipada,7,26-35,Service,4-5x/week,Office,E-Rickshaw,3,1,1,1,2,1,1,1,1,0
Devipada,7,26-35,Business,4-5x/week,Leisure,E-Rickshaw,3,1,1,2,2,1,1,1,1,0
Devipada,7,26-35,Service,Daily,Shopping,E-Rickshaw,3,2,1,2,1,1,1,0,1,0
Devipada,7,26-35,IT/Tech,Daily,Office,E-Rickshaw,3,1,1,2,2,1,0,1,1,0
Devipada,7,18-25,IT/Tech,Daily,Office,E-Rickshaw,3,1,1,1,1,1,1,1,1,1
Devipada,7,26-35,IT/Tech,Weekly,Office,E-Rickshaw,3,1,1,1,1,0,1,1,1,1
Devipada,7,18-25,Business,Daily,Office,E-Rickshaw,2,2,1,1,1,1,1,1,1,0
Devipada,7,36-45,Business,Daily,Office,E-Rickshaw,3,1,1,2,1,1,1,1,1,1
Devipada,7,46-60,Student,2-3x/week,Education,E-Rickshaw,3,2,1,2,2,1,1,1,1,0
Devipada,7,36-45,Service,Weekly,Leisure,E-Rickshaw,3,1,1,1,2,1,1,1,0,1
Devipada,7,18-25,IT/Tech,Daily,Leisure,E-Rickshaw,3,1,1,2,2,1,1,1,0,1
Devipada,7,18-25,IT/Tech,Daily,Office,E-Rickshaw,3,1,1,2,2,1,1,1,1,0
Devipada,7,26-35,Student,4-5x/week,Other,E-Rickshaw,3,1,1,2,1,1,1,1,0,0
Devipada,7,26-35,Service,Daily,Shopping,E-Rickshaw,3,2,1,1,2,0,1,0,1,1
Devipada,7,36-45,IT/Tech,Daily,Office,E-Rickshaw,3,1,1,1,2,1,0,0,1,1
Devipada,7,36-45,Business,4-5x/week,Office,E-Rickshaw,3,1,1,2,2,1,1,1,1,0
Devipada,7,26-35,Service,Rarely,Other,E-Rickshaw,3,1,2,1,1,1,1,1,1,0
Devipada,7,46-60,IT/Tech,4-5x/week,Shopping,E-Rickshaw,3,1,1,2,1,1,1,1,1,1
Devipada,7,26-35,Student,Daily,Office,E-Rickshaw,3,1,1,2,2,0,0,1,1,1
Devipada,7,18-25,Other,4-5x/week,Education,E-Rickshaw,3,1,1,2,1,1,0,1,1,0
Devipada,7,26-35,Service,2-3x/week,Education,E-Rickshaw,3,1,1,1,1,1,1,0,1,0
Devipada,7,46-60,Student,Daily,Education,E-Rickshaw,2,1,1,1,1,1,1,0,0,0
Devipada,7,36-45,Student,4-5x/week,Office,E-Rickshaw,3,1,1,2,2,1,0,1,1,0
Devipada,7,26-35,Other,Daily,Office,E-Rickshaw,3,1,1,1,1,1,1,1,1,0
Devipada,7,36-45,Service,4-5x/week,Leisure,E-Rickshaw,3,1,1,2,2,1,1,1,0,1
Devipada,7,46-60,Student,Daily,Office,E-Rickshaw,3,1,1,1,1,1,1,0,1,1
Devipada,7,36-45,Other,4-5x/week,Shopping,E-Rickshaw,3,2,2,2,2,0,1,1,1,1
Devipada,7,26-35,Service,Daily,Office,E-Rickshaw,2,1,1,2,2,0,1,1,1,0
Devipada,7,36-45,Business,4-5x/week,Office,E-Rickshaw,4,1,1,2,2,0,1,0,1,0
Devipada,7,18-25,IT/Tech,Rarely,Education,E-Rickshaw,3,1,1,2,3,1,1,1,1,0
Devipada,7,26-35,Business,Daily,Office,E-Rickshaw,2,1,1,2,1,1,1,1,1,0
Devipada,7,18-25,Service,Daily,Office,E-Rickshaw,4,1,1,2,1,1,1,1,1,0
Devipada,7,18-25,Service,2-3x/week,Office,E-Rickshaw,2,1,1,1,2,1,1,1,1,0
Devipada,7,18-25,IT/Tech,4-5x/week,Office,E-Rickshaw,4,1,1,1,2,1,1,0,0,0
Devipada,7,60+,Service,4-5x/week,Office,E-Rickshaw,3,1,1,2,2,1,1,1,1,1
Devipada,7,18-25,Business,4-5x/week,Office,E-Rickshaw,2,1,1,1,2,1,0,1,0,0
Devipada,7,36-45,Service,4-5x/week,Shopping,E-Rickshaw,3,1,1,1,1,1,1,0,0,0
Devipada,7,36-45,Service,Daily,Office,E-Rickshaw,2,1,1,1,2,1,0,1,1,1
Devipada,7,26-35,Business,Daily,Leisure,E-Rickshaw,3,1,1,2,2,1,1,1,1,0
Devipada,7,36-45,Service,2-3x/week,Other,E-Rickshaw,3,1,1,2,1,1,1,1,0,1
Devipada,7,36-45,Service,4-5x/week,Office,E-Rickshaw,3,1,1,2,1,1,1,1,1,0
Devipada,7,18-25,IT/Tech,Daily,Office,E-Rickshaw,3,1,1,1,2,1,1,1,0,0
Devipada,7,36-45,Student,Daily,Leisure,E-Rickshaw,2,1,1,2,2,0,1,1,1,1
Devipada,7,26-35,Service,Daily,Office,E-Rickshaw,3,1,1,2,2,1,1,0,1,1
Devipada,7,46-60,IT/Tech,Rarely,Office,E-Rickshaw,3,2,1,1,2,0,1,1,1,0
Borivali (E),7,26-35,Business,Daily,Office,BEST Bus,5,3,3,4,3,0,0,0,0,1
Borivali (E),7,26-35,Business,4-5x/week,Office,BEST Bus,3,4,4,4,3,0,0,0,0,1
Borivali (E),7,46-60,Business,4-5x/week,Office,BEST Bus,4,4,3,4,3,0,0,1,0,1
Borivali (E),7,26-35,Service,4-5x/week,Leisure,BEST Bus,3,4,3,4,4,0,0,1,0,1
Borivali (E),7,18-25,Business,Daily,Office,BEST Bus,4,3,4,4,3,0,0,0,1,1
Borivali (E),7,26-35,Service,Weekly,Office,BEST Bus,4,4,4,4,3,0,0,1,0,1
Borivali (E),7,46-60,IT/Tech,2-3x/week,Education,BEST Bus,5,4,3,4,3,0,0,0,0,1
Borivali (E),7,36-45,IT/Tech,Weekly,Office,BEST Bus,4,3,4,4,4,1,1,1,0,1
Borivali (E),7,26-35,IT/Tech,Daily,Shopping,BEST Bus,4,4,4,5,3,0,0,1,0,1
Borivali (E),7,18-25,IT/Tech,Rarely,Office,BEST Bus,4,4,4,5,4,0,0,0,0,1
Borivali (E),7,18-25,Service,4-5x/week,Office,BEST Bus,4,3,4,4,4,0,0,1,0,1
Borivali (E),7,26-35,IT/Tech,Weekly,Office,BEST Bus,4,4,4,4,3,1,0,0,0,0
Borivali (E),7,26-35,Student,Weekly,Office,BEST Bus,4,3,4,4,3,0,0,1,0,1
Borivali (E),7,36-45,Service,Daily,Shopping,BEST Bus,3,3,4,4,2,1,0,1,0,1
Borivali (E),7,26-35,IT/Tech,Rarely,Office,BEST Bus,4,3,4,4,3,0,0,1,1,1
Borivali (E),7,60+,Other,Daily,Shopping,BEST Bus,4,4,4,4,4,0,0,1,0,0
Borivali (E),7,26-35,Business,Daily,Shopping,BEST Bus,3,4,4,5,3,1,0,1,0,1
Borivali (E),7,26-35,Service,4-5x/week,Office,BEST Bus,4,4,4,4,4,0,0,0,0,1
Borivali (E),7,26-35,Service,4-5x/week,Education,BEST Bus,5,3,4,3,3,0,1,0,0,1
Borivali (E),7,26-35,Service,Rarely,Office,BEST Bus,4,3,3,5,3,0,0,0,0,1
Borivali (E),7,26-35,Other,Daily,Office,BEST Bus,4,4,4,5,3,0,0,1,0,1
Borivali (E),7,26-35,Service,Daily,Leisure,BEST Bus,3,4,4,4,3,1,1,1,0,1
Borivali (E),7,18-25,IT/Tech,Daily,Other,BEST Bus,4,3,3,5,4,0,0,0,0,1
Borivali (E),7,18-25,Service,Daily,Office,BEST Bus,4,3,3,5,3,0,0,0,0,1
Borivali (E),7,36-45,Business,Weekly,Office,BEST Bus,4,4,4,4,3,0,0,0,0,1
Borivali (E),7,26-35,Student,Daily,Office,BEST Bus,3,3,3,4,3,1,0,0,0,1
Borivali (E),7,36-45,Service,2-3x/week,Office,BEST Bus,3,4,4,5,4,0,0,1,0,1
Borivali (E),7,26-35,IT/Tech,4-5x/week,Office,BEST Bus,4,4,3,5,4,0,0,0,1,1
Borivali (E),7,18-25,IT/Tech,Daily,Office,BEST Bus,3,4,4,5,4,0,1,0,0,1
Borivali (E),7,26-35,Other,Daily,Office,BEST Bus,4,4,4,5,3,0,0,0,0,1
Borivali (E),7,26-35,Service,2-3x/week,Office,BEST Bus,4,4,3,5,3,0,0,0,1,0
Borivali (E),7,26-35,IT/Tech,Daily,Education,BEST Bus,4,4,3,4,4,1,0,0,0,1
Borivali (E),7,26-35,Student,4-5x/week,Leisure,BEST Bus,3,3,3,5,3,1,1,0,0,1
Borivali (E),7,18-25,Service,Daily,Office,BEST Bus,3,4,4,5,3,1,1,0,0,1
Borivali (E),7,18-25,Business,2-3x/week,Office,BEST Bus,4,4,3,5,4,0,0,0,0,1
Borivali (E),7,18-25,Student,4-5x/week,Leisure,BEST Bus,4,4,4,5,4,0,0,1,0,0
Borivali (E),7,26-35,Business,Daily,Other,BEST Bus,4,4,4,5,3,1,1,0,0,1
Borivali (E),7,18-25,Service,4-5x/week,Leisure,BEST Bus,4,3,3,4,4,0,0,0,0,0
Borivali (E),7,26-35,IT/Tech,Daily,Shopping,BEST Bus,5,4,4,5,3,1,0,0,1,0
Borivali (E),7,26-35,Other,4-5x/week,Office,BEST Bus,4,3,4,4,3,1,0,1,1,1
Borivali (E),7,46-60,Service,Daily,Education,BEST Bus,4,4,4,5,4,1,1,0,0,1
Borivali (E),7,46-60,Other,Daily,Education,BEST Bus,4,3,4,4,3,0,0,0,0,1
Borivali (E),7,46-60,Other,Daily,Leisure,BEST Bus,4,3,4,4,3,0,0,0,0,1
Borivali (E),7,18-25,IT/Tech,4-5x/week,Office,BEST Bus,4,4,3,5,3,1,0,1,0,0
Borivali (E),7,18-25,IT/Tech,4-5x/week,Other,BEST Bus,4,4,4,4,4,0,0,1,0,1
Borivali (E),7,26-35,Service,Daily,Office,BEST Bus,3,4,3,5,4,0,0,0,0,1
Borivali (E),7,36-45,Student,Daily,Shopping,BEST Bus,3,4,3,4,4,0,0,0,0,1
Borivali (E),7,46-60,IT/Tech,4-5x/week,Shopping,BEST Bus,3,3,4,5,4,0,0,1,0,0
Borivali (E),7,46-60,IT/Tech,2-3x/week,Office,BEST Bus,3,3,5,4,4,0,0,0,0,1
Borivali (E),7,36-45,Business,Daily,Office,BEST Bus,4,4,3,4,4,0,0,1,0,1
Borivali (E),7,60+,IT/Tech,4-5x/week,Shopping,BEST Bus,4,4,4,4,5,1,0,1,0,1
Borivali (E),7,60+,Business,4-5x/week,Shopping,BEST Bus,4,3,4,4,4,1,1,0,0,1
Borivali (E),7,26-35,Business,Daily,Other,BEST Bus,4,3,4,4,4,0,1,0,0,1
Borivali (E),7,36-45,Service,4-5x/week,Leisure,BEST Bus,4,3,4,4,3,1,0,0,0,1
Borivali (E),7,46-60,Other,Daily,Office,BEST Bus,4,3,4,5,3,0,1,0,0,1
Borivali (E),7,36-45,Service,Daily,Other,BEST Bus,5,3,4,4,3,0,0,1,0,1
Borivali (E),7,18-25,Business,4-5x/week,Shopping,BEST Bus,4,4,4,4,4,0,1,0,0,1
Borivali (E),7,18-25,Service,4-5x/week,Education,BEST Bus,3,4,3,5,4,1,0,0,1,1
Borivali (E),7,26-35,Service,2-3x/week,Other,BEST Bus,4,2,4,4,4,0,0,1,0,0
Borivali (E),7,46-60,Student,Daily,Office,BEST Bus,4,4,3,5,3,0,1,0,0,1
Borivali (E),7,46-60,Business,Daily,Office,BEST Bus,4,4,3,4,4,0,0,0,0,0
Borivali (E),7,26-35,IT/Tech,2-3x/week,Office,BEST Bus,3,2,4,5,3,0,0,1,0,1
Borivali (E),7,26-35,Student,Daily,Other,BEST Bus,3,3,3,4,3,1,0,0,0,1
Borivali (E),7,26-35,Other,Daily,Office,BEST Bus,4,3,3,5,4,0,0,1,0,1
Borivali (E),7,46-60,Student,Weekly,Office,BEST Bus,4,3,4,4,3,1,1,0,0,1
Borivali (E),7,46-60,Business,Daily,Education,BEST Bus,4,3,4,5,3,1,0,0,0,1
Borivali (E),7,18-25,Student,Daily,Office,BEST Bus,4,4,4,4,4,0,1,0,0,1
Borivali (E),7,26-35,IT/Tech,4-5x/week,Other,BEST Bus,4,5,4,5,4,1,0,1,0,1
Borivali (E),7,26-35,IT/Tech,Rarely,Office,BEST Bus,4,3,4,4,4,0,0,1,0,1
Borivali (E),7,26-35,IT/Tech,Daily,Other,BEST Bus,4,4,4,5,3,1,0,1,1,1
Borivali (E),7,26-35,Other,4-5x/week,Office,BEST Bus,4,3,3,4,3,1,0,0,0,0
Borivali (E),7,18-25,IT/Tech,Daily,Office,BEST Bus,4,4,4,4,4,1,0,0,0,1
Borivali (E),7,46-60,Business,Daily,Office,BEST Bus,3,4,4,5,4,0,0,1,0,1
Borivali (E),7,36-45,Business,Daily,Education,BEST Bus,4,4,3,4,4,0,0,0,0,1
Borivali (E),7,46-60,Student,Rarely,Leisure,BEST Bus,3,4,4,4,3,0,0,0,1,1
Borivali (E),7,26-35,Service,Daily,Office,BEST Bus,4,4,4,5,4,1,0,0,0,0
Borivali (E),7,26-35,Student,Daily,Other,BEST Bus,4,4,4,4,4,1,0,1,0,1
Borivali (E),7,26-35,Service,Daily,Office,BEST Bus,3,3,4,4,4,0,0,1,0,1
Borivali (E),7,26-35,Business,Daily,Shopping,BEST Bus,3,5,4,4,3,1,0,0,0,1
Borivali (E),7,18-25,Service,4-5x/week,Shopping,BEST Bus,4,3,4,4,3,1,0,0,0,1
Borivali (E),7,18-25,IT/Tech,Rarely,Shopping,BEST Bus,4,3,4,5,4,0,0,0,0,1
Borivali (E),7,18-25,IT/Tech,Daily,Office,BEST Bus,5,3,3,4,4,0,0,0,0,1
Borivali (E),7,18-25,Service,2-3x/week,Other,BEST Bus,4,4,4,4,4,1,0,0,0,1
Borivali (E),7,26-35,Business,Daily,Office,BEST Bus,4,4,3,4,4,0,0,1,0,1
Borivali (E),7,46-60,IT/Tech,Daily,Shopping,BEST Bus,4,4,4,4,3,0,0,0,0,1
Borivali (E),7,60+,IT/Tech,Daily,Office,BEST Bus,3,4,4,4,4,0,0,0,0,1
Borivali (E),7,18-25,Student,4-5x/week,Office,BEST Bus,4,4,4,5,4,0,1,0,0,0
Borivali (E),7,26-35,IT/Tech,Weekly,Office,BEST Bus,3,4,4,4,4,0,0,0,1,1
Borivali (E),7,18-25,Other,2-3x/week,Education,BEST Bus,3,4,4,4,4,1,0,1,0,1
Borivali (E),7,36-45,Student,Daily,Office,BEST Bus,4,4,4,4,3,0,1,0,1,1
Borivali (E),7,18-25,IT/Tech,2-3x/week,Office,BEST Bus,4,4,3,5,4,0,0,0,1,1
Borivali (E),7,46-60,Service,4-5x/week,Office,BEST Bus,4,4,3,4,3,1,0,1,0,1
Borivali (E),7,46-60,Business,Weekly,Other,BEST Bus,4,4,3,4,4,0,1,0,0,1
Borivali (E),7,26-35,Student,4-5x/week,Shopping,BEST Bus,4,3,4,4,3,0,0,0,1,1
Borivali (E),7,60+,IT/Tech,Daily,Office,BEST Bus,4,3,4,5,3,0,0,0,0,1
Magathane,7,18-25,Business,Rarely,Leisure,Shared Auto,3,2,3,3,3,0,0,1,1,0
Magathane,7,26-35,IT/Tech,Daily,Office,Shared Auto,3,3,4,2,2,0,1,0,0,1
Magathane,7,26-35,Other,Daily,Shopping,Shared Auto,2,2,3,3,3,1,0,0,0,0
Magathane,7,26-35,IT/Tech,Daily,Shopping,Shared Auto,3,3,3,3,3,1,0,1,0,1
Magathane,7,46-60,Other,Daily,Office,Shared Auto,3,2,4,3,3,0,1,0,1,0
Magathane,7,18-25,Service,Daily,Office,Shared Auto,3,1,3,4,2,1,1,1,0,0
Magathane,7,26-35,Service,Daily,Education,Shared Auto,3,2,3,3,2,0,0,1,0,0
Magathane,7,36-45,Business,Weekly,Office,Shared Auto,4,2,3,4,3,1,1,0,1,0
Magathane,7,36-45,IT/Tech,Daily,Office,Shared Auto,4,2,4,2,2,1,1,1,1,0
Magathane,7,36-45,IT/Tech,Daily,Office,Shared Auto,3,2,2,2,2,1,1,1,0,1
Magathane,7,26-35,Business,Weekly,Leisure,Shared Auto,4,2,3,3,3,1,1,1,1,0
Magathane,7,36-45,Student,Weekly,Office,Shared Auto,4,2,3,3,3,0,0,0,1,0
Magathane,7,60+,Service,Daily,Shopping,Shared Auto,3,2,3,3,3,1,0,0,0,1
Magathane,7,36-45,IT/Tech,Daily,Shopping,Shared Auto,4,3,3,3,2,1,1,0,0,1
Magathane,7,26-35,Service,Weekly,Leisure,Shared Auto,2,3,3,3,3,1,1,0,1,1
Magathane,7,18-25,Business,4-5x/week,Office,Shared Auto,3,3,3,3,3,1,1,1,0,0
Magathane,7,26-35,Student,4-5x/week,Other,Shared Auto,4,2,3,3,2,0,1,0,1,1
Magathane,7,46-60,IT/Tech,Daily,Office,Shared Auto,3,2,3,4,3,0,0,0,1,0
Magathane,7,26-35,Business,Daily,Leisure,Shared Auto,2,2,3,4,3,0,0,0,1,1
Magathane,7,46-60,Service,Daily,Office,Shared Auto,3,2,4,3,2,1,1,0,1,1
Magathane,7,26-35,IT/Tech,Daily,Office,Shared Auto,4,2,4,3,1,0,0,0,1,1
Magathane,7,36-45,Business,4-5x/week,Education,Shared Auto,4,2,3,3,3,1,1,0,1,0
Magathane,7,18-25,Student,Weekly,Shopping,Shared Auto,4,2,3,4,3,0,0,0,0,1
Magathane,7,26-35,Service,Weekly,Education,Shared Auto,3,2,3,3,2,1,0,1,0,1
Magathane,7,26-35,Business,Daily,Office,Shared Auto,4,2,3,3,3,1,1,0,0,1
Magathane,7,26-35,IT/Tech,4-5x/week,Office,Shared Auto,3,2,4,3,3,0,1,1,1,0
Magathane,7,36-45,Service,Daily,Office,Shared Auto,3,2,3,3,3,1,1,1,0,1
Magathane,7,36-45,IT/Tech,Weekly,Leisure,Shared Auto,3,3,3,2,2,0,0,1,0,1
Magathane,7,26-35,Service,Daily,Office,Shared Auto,3,3,4,3,3,0,1,0,0,1
Magathane,7,18-25,Service,4-5x/week,Office,Shared Auto,4,3,3,3,3,0,0,1,0,1
Magathane,7,26-35,Business,Daily,Other,Shared Auto,3,2,3,3,3,0,1,1,1,1
Magathane,7,46-60,IT/Tech,4-5x/week,Office,Shared Auto,3,2,3,3,2,0,1,1,1,1
Magathane,7,46-60,Business,Daily,Office,Shared Auto,3,2,3,2,2,1,0,0,1,1
Magathane,7,60+,IT/Tech,2-3x/week,Office,Shared Auto,3,2,3,3,2,0,1,0,1,0
Magathane,7,60+,Student,Daily,Office,Shared Auto,4,3,3,3,2,0,1,1,1,0
Magathane,7,18-25,Service,4-5x/week,Education,Shared Auto,4,2,3,2,3,0,0,0,0,0
Magathane,7,18-25,Other,Daily,Other,Shared Auto,4,2,3,4,2,0,0,0,0,1
Magathane,7,26-35,Service,Daily,Office,Shared Auto,3,2,4,2,3,0,1,0,1,0
Magathane,7,26-35,IT/Tech,4-5x/week,Shopping,Shared Auto,4,2,3,3,2,0,1,1,0,0
Magathane,7,26-35,IT/Tech,Daily,Other,Shared Auto,4,2,3,2,2,1,1,1,1,0
Magathane,7,18-25,Service,2-3x/week,Leisure,Shared Auto,3,2,3,2,3,0,0,1,0,1
Magathane,7,26-35,IT/Tech,2-3x/week,Office,Shared Auto,3,2,3,3,3,1,0,0,1,0
Magathane,7,26-35,Business,Daily,Shopping,Shared Auto,4,2,3,3,2,0,0,0,1,0
Magathane,7,36-45,Service,Daily,Office,Shared Auto,4,2,3,3,2,0,0,0,1,1
Magathane,7,60+,Other,Weekly,Education,Shared Auto,4,2,2,3,2,1,1,1,0,1
Magathane,7,18-25,Student,Daily,Office,Shared Auto,3,2,4,3,3,1,0,0,0,0
Magathane,7,46-60,Other,4-5x/week,Office,Shared Auto,3,2,3,3,3,0,1,0,0,0
Magathane,7,26-35,IT/Tech,4-5x/week,Office,Shared Auto,3,3,3,2,2,1,1,0,1,1
Magathane,7,36-45,Other,4-5x/week,Office,Shared Auto,4,2,3,2,2,0,0,0,1,1
Magathane,7,26-35,Business,Daily,Office,Shared Auto,3,2,3,3,3,1,1,1,0,0
Magathane,7,36-45,Business,4-5x/week,Office,Shared Auto,3,2,3,3,2,1,0,1,1,0
Magathane,7,18-25,Service,4-5x/week,Office,Shared Auto,4,2,4,3,2,1,1,1,1,1
Magathane,7,36-45,Service,4-5x/week,Education,Shared Auto,3,3,3,3,3,1,1,0,0,0
Magathane,7,36-45,Student,Daily,Education,Shared Auto,3,3,3,3,2,1,0,0,0,1
Magathane,7,18-25,Student,Daily,Office,Shared Auto,2,2,3,3,2,1,0,1,1,0
Magathane,7,18-25,Business,4-5x/week,Education,Shared Auto,3,2,3,3,2,0,0,0,0,1
Magathane,7,18-25,Other,2-3x/week,Office,Shared Auto,4,2,3,3,2,0,1,0,0,1
Magathane,7,26-35,Other,Rarely,Office,Shared Auto,4,2,3,3,3,0,0,0,0,1
Poisar,7,18-25,Service,4-5x/week,Office,Shared Auto,4,2,1,3,3,1,1,0,0,0
Poisar,7,26-35,Service,Daily,Office,Shared Auto,3,2,1,4,2,1,0,1,1,0
Poisar,7,46-60,IT/Tech,Daily,Shopping,Shared Auto,3,2,2,4,3,1,1,1,0,0
Poisar,7,26-35,Business,4-5x/week,Shopping,Shared Auto,3,1,2,3,2,0,0,0,0,1
Poisar,7,26-35,Student,Daily,Shopping,Shared Auto,4,2,2,3,4,1,0,1,1,1
Poisar,7,26-35,Service,2-3x/week,Education,Shared Auto,3,2,2,4,3,0,1,0,1,1
Poisar,7,26-35,Student,2-3x/week,Office,Shared Auto,4,2,2,3,3,1,1,1,0,0
Poisar,7,26-35,Service,4-5x/week,Office,Shared Auto,4,2,2,4,3,1,0,1,1,0
Poisar,7,26-35,Service,Daily,Shopping,Shared Auto,3,2,2,4,2,1,1,1,0,1
Poisar,7,18-25,IT/Tech,Daily,Education,Shared Auto,4,2,2,3,3,1,0,0,0,0
Poisar,7,26-35,Other,2-3x/week,Office,Shared Auto,3,2,2,3,3,1,1,1,0,1
Poisar,7,18-25,Service,4-5x/week,Office,Shared Auto,3,2,1,4,3,0,0,1,0,1
Poisar,7,36-45,Service,4-5x/week,Office,Shared Auto,4,1,2,4,3,1,0,0,0,0
Poisar,7,36-45,Other,Daily,Office,Shared Auto,3,2,2,3,4,1,0,0,0,1
Poisar,7,46-60,Student,Weekly,Office,Shared Auto,4,2,2,4,2,1,0,0,0,1
Poisar,7,18-25,Student,4-5x/week,Education,Shared Auto,4,2,2,3,3,1,1,1,0,1
Poisar,7,46-60,IT/Tech,Rarely,Shopping,Shared Auto,4,2,2,3,4,1,1,0,1,0
Poisar,7,46-60,IT/Tech,4-5x/week,Office,Shared Auto,5,2,2,3,3,1,0,1,0,1
Poisar,7,36-45,Student,4-5x/week,Office,Shared Auto,3,2,2,4,3,1,1,0,0,0
Poisar,7,26-35,IT/Tech,Daily,Education,Shared Auto,3,3,2,3,2,1,1,1,0,0
Poisar,7,26-35,IT/Tech,Daily,Leisure,Shared Auto,2,2,3,4,3,0,0,1,0,1
Poisar,7,18-25,IT/Tech,Daily,Office,Shared Auto,3,2,2,3,3,1,1,1,0,0
Poisar,7,26-35,IT/Tech,Daily,Office,Shared Auto,3,3,2,3,2,0,1,1,0,0
Poisar,7,26-35,Service,4-5x/week,Office,Shared Auto,3,2,2,4,3,0,1,1,1,1
Poisar,7,36-45,Service,Daily,Office,Shared Auto,2,1,2,3,2,0,1,1,0,1
Poisar,7,46-60,Student,Weekly,Leisure,Shared Auto,4,3,3,3,4,0,1,1,0,0
Poisar,7,46-60,Student,2-3x/week,Office,Shared Auto,3,2,2,3,3,1,1,0,0,1
Poisar,7,26-35,Service,4-5x/week,Office,Shared Auto,3,2,2,4,3,1,1,0,0,0
Poisar,7,18-25,Student,Daily,Education,Shared Auto,4,2,2,4,3,0,0,1,0,0
Poisar,7,26-35,IT/Tech,Daily,Office,Shared Auto,3,3,2,3,2,1,0,0,1,1
Poisar,7,18-25,Business,2-3x/week,Other,Shared Auto,3,2,3,4,3,1,0,1,1,1
Poisar,7,26-35,Student,Daily,Office,Shared Auto,3,2,2,3,3,0,0,0,0,1
Poisar,7,18-25,Service,Daily,Office,Shared Auto,4,2,3,3,3,1,1,1,1,1
Poisar,7,18-25,IT/Tech,Weekly,Office,Shared Auto,4,2,2,3,3,0,1,0,1,0
Poisar,7,26-35,Business,Daily,Education,Shared Auto,3,3,2,4,3,0,0,1,1,1
Poisar,7,46-60,IT/Tech,4-5x/week,Leisure,Shared Auto,4,3,1,3,3,0,1,1,0,1
Poisar,7,60+,Other,Daily,Office,Shared Auto,3,3,2,3,3,1,1,1,0,0
Poisar,7,36-45,IT/Tech,Weekly,Office,Shared Auto,4,1,2,4,2,1,1,0,0,0
Poisar,7,18-25,Business,4-5x/week,Office,Shared Auto,2,2,2,3,3,0,0,0,1,0
Poisar,7,46-60,IT/Tech,4-5x/week,Other,Shared Auto,3,2,2,4,2,0,0,1,1,0
Poisar,7,36-45,Student,4-5x/week,Education,Shared Auto,3,3,2,4,3,1,1,0,1,0
Poisar,7,18-25,Service,Daily,Office,Shared Auto,3,2,2,4,3,0,1,0,1,1
Poisar,7,60+,Business,Daily,Office,Shared Auto,4,3,2,3,3,1,0,0,1,0
Poisar,7,36-45,Student,2-3x/week,Office,Shared Auto,4,3,2,3,2,1,1,1,0,1
Poisar,7,18-25,Service,2-3x/week,Office,Shared Auto,4,1,2,3,3,0,0,1,0,1
Poisar,7,26-35,IT/Tech,Daily,Office,Shared Auto,3,2,2,3,3,1,1,0,0,0
Poisar,7,26-35,Student,Daily,Office,Shared Auto,3,2,1,4,4,1,1,0,0,1
Poisar,7,18-25,Service,Daily,Shopping,Shared Auto,4,2,2,4,4,1,1,0,0,1
Poisar,7,26-35,Service,2-3x/week,Shopping,Shared Auto,4,2,1,3,2,0,0,0,0,0
Poisar,7,18-25,Business,Daily,Leisure,Shared Auto,4,3,2,3,3,0,0,1,1,1
Poisar,7,26-35,Business,2-3x/week,Shopping,Shared Auto,2,1,2,3,3,1,1,0,0,0
Poisar,7,18-25,Student,2-3x/week,Leisure,Shared Auto,4,3,3,3,3,0,1,1,1,1
Poisar,7,26-35,IT/Tech,4-5x/week,Office,Shared Auto,3,3,2,3,3,1,1,0,1,1
Poisar,7,18-25,Service,Daily,Leisure,Shared Auto,4,2,2,4,3,0,1,0,0,0
Poisar,7,26-35,IT/Tech,2-3x/week,Leisure,Shared Auto,3,2,2,3,3,1,1,0,0,1
Poisar,7,46-60,Business,Daily,Office,Shared Auto,4,2,1,3,3,1,1,0,0,1
Poisar,7,36-45,Business,Daily,Office,Shared Auto,2,2,2,4,2,1,0,1,0,1
Poisar,7,36-45,Service,Daily,Office,Shared Auto,3,2,2,3,3,0,0,0,0,0
Poisar,7,26-35,Service,Rarely,Office,Shared Auto,3,2,1,4,3,1,1,0,0,1
Poisar,7,18-25,Student,2-3x/week,Shopping,Shared Auto,3,2,2,3,3,1,1,1,0,1
Poisar,7,60+,IT/Tech,Daily,Office,Shared Auto,3,2,2,3,3,1,1,1,0,1
Poisar,7,18-25,Service,4-5x/week,Leisure,Shared Auto,3,2,2,3,3,0,1,0,1,0
Poisar,7,26-35,Other,Daily,Other,Shared Auto,3,2,2,3,2,1,1,1,0,1
Poisar,7,46-60,Service,Daily,Education,Shared Auto,3,2,2,4,3,1,1,1,1,0
Poisar,7,18-25,IT/Tech,Weekly,Office,Shared Auto,3,2,2,3,2,0,1,0,1,0
Poisar,7,46-60,IT/Tech,Daily,Education,Shared Auto,3,2,2,3,3,0,0,1,0,1
Poisar,7,26-35,Student,Daily,Shopping,Shared Auto,3,2,2,4,3,1,0,0,0,1
Poisar,7,18-25,Service,4-5x/week,Leisure,Shared Auto,3,3,2,4,3,1,1,0,0,1
Poisar,7,18-25,Other,Daily,Shopping,Shared Auto,2,1,2,3,3,0,1,0,0,0
Poisar,7,26-35,Business,Weekly,Leisure,Shared Auto,4,1,2,3,2,1,1,0,1,0
Poisar,7,18-25,IT/Tech,Daily,Office,Shared Auto,4,2,2,3,3,0,1,0,0,1
Poisar,7,26-35,Other,2-3x/week,Shopping,Shared Auto,3,1,2,4,3,1,0,0,1,1
Poisar,7,26-35,Service,Daily,Shopping,Shared Auto,3,2,2,3,3,0,1,0,1,0
Poisar,7,26-35,Service,4-5x/week,Office,Shared Auto,3,2,2,4,3,0,1,0,0,0
Poisar,7,26-35,IT/Tech,Daily,Shopping,Shared Auto,2,1,2,3,3,1,1,0,0,1
Poisar,7,26-35,IT/Tech,Daily,Leisure,Shared Auto,3,1,1,3,3,1,0,0,1,1
Poisar,7,36-45,Other,Daily,Office,Shared Auto,3,2,2,4,3,0,1,0,0,1
Poisar,7,18-25,Student,Daily,Education,Shared Auto,4,3,2,3,3,1,0,0,0,1
Poisar,7,18-25,IT/Tech,4-5x/week,Education,Shared Auto,3,2,2,4,3,1,0,0,0,0
Poisar,7,46-60,IT/Tech,Daily,Education,Shared Auto,3,2,1,4,3,1,1,1,1,1
Poisar,7,36-45,IT/Tech,4-5x/week,Office,Shared Auto,3,2,3,4,2,1,1,1,1,1
Poisar,7,18-25,Student,4-5x/week,Office,Shared Auto,2,2,2,3,2,1,1,1,0,0
Poisar,7,46-60,Student,2-3x/week,Education,Shared Auto,3,2,2,3,3,1,0,1,0,1
Poisar,7,36-45,IT/Tech,Daily,Leisure,Shared Auto,3,2,1,3,4,1,0,1,0,0
Poisar,7,18-25,Student,2-3x/week,Office,Shared Auto,3,2,2,3,4,1,1,0,0,0
Poisar,7,26-35,Service,Daily,Office,Shared Auto,3,2,1,3,3,0,0,0,0,0
Poisar,7,26-35,Student,Rarely,Office,Shared Auto,4,1,2,3,3,1,0,0,0,1
Poisar,7,26-35,Business,Weekly,Office,Shared Auto,3,2,2,4,3,1,0,0,0,1
Poisar,7,18-25,Other,4-5x/week,Office,Shared Auto,3,3,2,3,3,0,1,0,0,0
Poisar,7,18-25,Service,Daily,Shopping,Shared Auto,3,1,3,3,3,1,1,0,0,1
Poisar,7,26-35,Service,4-5x/week,Education,Shared Auto,3,2,2,3,3,1,1,0,1,0
Poisar,7,26-35,Other,2-3x/week,Education,Shared Auto,3,3,3,4,3,1,0,0,0,0
Poisar,7,18-25,Student,4-5x/week,Shopping,Shared Auto,3,3,2,4,3,0,1,0,0,1
Poisar,7,18-25,Other,Daily,Office,Shared Auto,3,2,2,4,3,1,0,1,0,1
Poisar,7,26-35,Service,Weekly,Office,Shared Auto,4,2,1,4,2,1,0,0,0,0
Poisar,7,26-35,Business,4-5x/week,Office,Shared Auto,4,3,2,4,3,1,1,1,0,1
Poisar,7,18-25,IT/Tech,4-5x/week,Office,Shared Auto,4,3,2,3,3,1,1,0,0,0
Poisar,7,36-45,Business,Daily,Office,Shared Auto,4,2,1,3,2,1,0,1,0,0
Poisar,7,26-35,Service,Daily,Shopping,Shared Auto,3,2,2,4,2,1,1,1,1,1
Poisar,7,18-25,Service,Daily,Education,Shared Auto,4,2,2,3,3,1,1,0,1,0
Poisar,7,26-35,IT/Tech,2-3x/week,Office,Shared Auto,3,2,2,4,3,1,1,1,0,1
Poisar,7,26-35,Student,Daily,Shopping,Shared Auto,4,2,2,3,3,1,1,0,0,0
Poisar,7,18-25,IT/Tech,Daily,Other,Shared Auto,4,2,2,2,2,1,1,1,0,0
Poisar,7,26-35,Business,Daily,Education,Shared Auto,3,2,2,3,3,1,1,1,0,1
Poisar,7,18-25,IT/Tech,Rarely,Office,Shared Auto,3,3,2,3,3,0,1,1,0,1
Poisar,7,26-35,Service,Daily,Education,Shared Auto,4,2,2,4,3,1,0,0,0,0
Poisar,7,26-35,IT/Tech,4-5x/week,Shopping,Shared Auto,4,2,2,4,3,0,0,0,1,0
Poisar,7,26-35,IT/Tech,2-3x/week,Shopping,Shared Auto,4,1,2,4,3,1,1,0,0,0
Poisar,7,26-35,IT/Tech,Daily,Office,Shared Auto,4,3,2,3,2,1,0,0,0,1
Poisar,7,46-60,Business,2-3x/week,Office,Shared Auto,3,2,2,3,3,1,0,1,1,1
Poisar,7,18-25,IT/Tech,2-3x/week,Shopping,Shared Auto,3,2,2,3,3,0,0,1,0,0
Poisar,7,46-60,Student,Weekly,Leisure,Shared Auto,4,2,3,3,3,0,1,0,1,1
Poisar,7,36-45,Service,4-5x/week,Leisure,Shared Auto,3,2,2,3,3,1,0,0,0,0
Kandivali (E),7,26-35,Student,Daily,Education,BEST Bus,5,3,4,2,4,1,0,1,0,1
Kandivali (E),7,18-25,IT/Tech,Daily,Office,BEST Bus,4,3,3,3,4,1,0,0,1,0
Kandivali (E),7,26-35,IT/Tech,2-3x/week,Office,BEST Bus,4,3,3,3,4,0,0,1,1,1
Kandivali (E),7,36-45,IT/Tech,Daily,Leisure,BEST Bus,4,3,4,3,3,0,0,0,0,1
Kandivali (E),7,36-45,Service,Rarely,Office,BEST Bus,4,3,4,3,4,1,0,1,1,0
Kandivali (E),7,26-35,IT/Tech,Daily,Office,BEST Bus,4,4,3,3,3,0,0,0,0,1
Kandivali (E),7,36-45,Other,Daily,Office,BEST Bus,3,3,4,2,3,1,0,0,1,0
Kandivali (E),7,26-35,IT/Tech,Weekly,Shopping,BEST Bus,4,3,3,3,4,1,0,0,1,1
Kandivali (E),7,26-35,Business,Weekly,Office,BEST Bus,4,3,3,2,3,0,0,0,0,1
Kandivali (E),7,18-25,Service,Daily,Office,BEST Bus,5,3,4,3,4,0,0,0,1,1
Kandivali (E),7,26-35,Business,4-5x/week,Other,BEST Bus,3,4,4,3,4,1,1,0,0,1
Kandivali (E),7,36-45,IT/Tech,2-3x/week,Shopping,BEST Bus,4,3,3,2,3,1,0,1,0,1
Kandivali (E),7,18-25,IT/Tech,Weekly,Shopping,BEST Bus,3,3,4,3,3,0,0,1,0,1
Kandivali (E),7,26-35,Student,Daily,Other,BEST Bus,4,3,4,3,3,0,0,0,1,0
Kandivali (E),7,18-25,Business,4-5x/week,Office,BEST Bus,4,3,3,2,4,0,0,1,0,0
Kandivali (E),7,26-35,Other,Daily,Education,BEST Bus,3,3,3,2,4,1,0,1,0,1
Kandivali (E),7,18-25,IT/Tech,4-5x/week,Shopping,BEST Bus,4,3,3,3,3,0,1,1,0,1
Kandivali (E),7,18-25,Student,Daily,Shopping,BEST Bus,3,4,3,3,3,0,1,1,1,1
Kandivali (E),7,18-25,Other,Rarely,Shopping,BEST Bus,4,3,4,3,3,1,1,0,1,1
Kandivali (E),7,26-35,IT/Tech,Rarely,Leisure,BEST Bus,3,3,4,2,3,0,0,1,1,1
Kandivali (E),7,18-25,Business,4-5x/week,Shopping,BEST Bus,3,3,3,2,3,1,0,0,1,0
Kandivali (E),7,18-25,Service,Daily,Office,BEST Bus,3,4,4,3,3,0,0,1,1,0
Kandivali (E),7,26-35,IT/Tech,Weekly,Office,BEST Bus,4,4,3,3,3,1,1,1,0,1
Kandivali (E),7,26-35,Student,Daily,Office,BEST Bus,4,3,4,2,3,1,0,0,1,0
Kandivali (E),7,18-25,Student,Daily,Leisure,BEST Bus,5,4,4,2,3,0,0,1,1,1
Kandivali (E),7,46-60,IT/Tech,Daily,Office,BEST Bus,3,4,3,2,4,0,0,0,1,1
Kandivali (E),7,60+,Other,2-3x/week,Education,BEST Bus,4,4,3,3,3,0,0,0,0,1
Kandivali (E),7,36-45,Student,4-5x/week,Office,BEST Bus,4,3,4,4,3,0,0,1,0,0
Kandivali (E),7,46-60,IT/Tech,Daily,Leisure,BEST Bus,4,4,3,3,3,0,0,0,0,1
Kandivali (E),7,26-35,IT/Tech,Daily,Shopping,BEST Bus,3,4,4,2,2,1,1,1,1,1
Kandivali (E),7,26-35,Service,Daily,Leisure,BEST Bus,3,3,4,2,3,1,0,0,0,1
Kandivali (E),7,60+,Other,Weekly,Office,BEST Bus,4,3,3,3,3,1,0,1,0,0
Kandivali (E),7,18-25,Business,2-3x/week,Office,BEST Bus,3,3,3,3,4,1,0,1,0,1
Kandivali (E),7,46-60,IT/Tech,2-3x/week,Shopping,BEST Bus,3,4,3,3,4,0,0,1,0,1
Kandivali (E),7,46-60,Service,4-5x/week,Office,BEST Bus,2,3,4,3,3,1,0,0,0,1
Kandivali (E),7,46-60,Student,2-3x/week,Office,BEST Bus,4,3,3,2,3,0,1,1,1,1
Kandivali (E),7,46-60,Student,Daily,Office,BEST Bus,5,3,3,2,3,1,1,0,0,1
Kandivali (E),7,26-35,Service,Weekly,Other,BEST Bus,3,3,4,2,3,1,0,1,1,1
Kandivali (E),7,18-25,IT/Tech,4-5x/week,Office,BEST Bus,4,3,3,3,3,1,0,1,0,1
Kandivali (E),7,46-60,IT/Tech,Rarely,Other,BEST Bus,4,4,3,2,4,0,1,1,0,1
Kandivali (E),7,18-25,Other,2-3x/week,Office,BEST Bus,4,4,4,3,4,1,0,1,1,0
Kandivali (E),7,26-35,Service,2-3x/week,Other,BEST Bus,4,4,3,2,3,0,0,0,0,1
Kandivali (E),7,26-35,Student,Daily,Education,BEST Bus,3,4,3,2,3,1,0,0,0,1
Kandivali (E),7,26-35,Service,4-5x/week,Other,BEST Bus,4,3,3,2,3,1,1,0,0,1
Kandivali (E),7,36-45,Other,4-5x/week,Office,BEST Bus,3,3,4,2,2,0,0,1,0,0
Kandivali (E),7,36-45,Business,Daily,Office,BEST Bus,4,3,3,2,4,1,0,1,0,1
Kandivali (E),7,18-25,Business,4-5x/week,Education,BEST Bus,4,3,4,3,3,0,0,0,0,1
Kandivali (E),7,18-25,Service,4-5x/week,Office,BEST Bus,3,3,3,3,4,0,0,0,1,1
Kandivali (E),7,36-45,Service,2-3x/week,Other,BEST Bus,4,4,4,3,3,0,1,1,1,1
Kandivali (E),7,46-60,Other,2-3x/week,Leisure,BEST Bus,3,3,4,2,3,0,0,0,0,1
Kandivali (E),7,26-35,Service,Daily,Office,BEST Bus,3,4,4,3,3,0,1,0,1,1
Kandivali (E),7,36-45,Service,Daily,Leisure,BEST Bus,4,3,3,2,4,0,0,1,0,1
Kandivali (E),7,26-35,IT/Tech,Rarely,Shopping,BEST Bus,4,3,4,3,3,1,1,0,0,1
Kandivali (E),7,46-60,Other,Daily,Office,BEST Bus,4,3,4,3,3,1,0,1,0,0
Kandivali (E),7,46-60,Service,4-5x/week,Shopping,BEST Bus,5,3,3,3,3,0,0,0,1,1
Kandivali (E),7,36-45,IT/Tech,Daily,Leisure,BEST Bus,4,3,3,2,4,0,1,0,1,1
Akurli,7,26-35,Student,4-5x/week,Education,Shared Auto,4,3,2,4,2,1,1,0,0,1
Akurli,7,26-35,Service,Daily,Office,Shared Auto,3,2,2,4,2,1,1,1,1,0
Akurli,7,26-35,Student,Daily,Office,Shared Auto,3,2,2,4,2,0,1,0,0,0
Akurli,7,36-45,Service,Rarely,Office,Shared Auto,3,3,2,4,3,1,1,0,0,0
Akurli,7,36-45,Service,4-5x/week,Leisure,Shared Auto,4,3,2,4,2,1,0,1,0,1
Akurli,7,46-60,Service,4-5x/week,Shopping,Shared Auto,2,2,1,4,1,1,1,1,0,1
Akurli,7,18-25,Service,Daily,Shopping,Shared Auto,3,3,2,3,2,1,0,1,0,0
Akurli,7,18-25,Student,4-5x/week,Office,Shared Auto,4,3,2,4,2,1,1,1,0,0
Akurli,7,18-25,Student,4-5x/week,Other,Shared Auto,3,2,2,4,2,0,0,1,0,1
Akurli,7,36-45,Service,Rarely,Office,Shared Auto,3,2,2,4,2,1,1,0,0,0
Akurli,7,26-35,Service,Daily,Leisure,Shared Auto,3,2,1,4,2,1,1,0,1,0
Akurli,7,60+,Student,4-5x/week,Office,Shared Auto,3,2,2,5,3,0,0,0,1,1
Akurli,7,26-35,IT/Tech,4-5x/week,Office,Shared Auto,4,2,2,5,2,0,1,1,0,1
Akurli,7,46-60,Service,Daily,Office,Shared Auto,3,2,2,4,2,1,0,1,0,0
Akurli,7,26-35,Student,2-3x/week,Leisure,Shared Auto,3,2,2,4,3,1,0,1,0,1
Akurli,7,60+,Student,2-3x/week,Shopping,Shared Auto,3,2,2,4,2,0,1,1,0,1
Akurli,7,18-25,IT/Tech,Weekly,Education,Shared Auto,4,2,2,4,3,0,1,1,0,0
Akurli,7,18-25,Business,Daily,Education,Shared Auto,3,3,2,4,2,1,0,1,0,1
Akurli,7,18-25,Service,Daily,Office,Shared Auto,5,3,2,4,2,1,0,0,0,0
Akurli,7,26-35,IT/Tech,Rarely,Office,Shared Auto,3,2,2,4,3,1,0,0,1,1
Akurli,7,60+,Service,Weekly,Leisure,Shared Auto,4,3,2,4,2,0,1,0,0,1
Akurli,7,18-25,IT/Tech,Daily,Office,Shared Auto,4,2,2,4,3,1,1,0,0,0
Akurli,7,18-25,IT/Tech,4-5x/week,Office,Shared Auto,4,3,2,4,2,0,1,0,1,0
Akurli,7,18-25,Student,4-5x/week,Office,Shared Auto,3,3,2,3,2,0,0,0,0,1
Akurli,7,36-45,IT/Tech,4-5x/week,Office,Shared Auto,3,2,2,4,2,1,1,0,0,0
Akurli,7,18-25,IT/Tech,Daily,Office,Shared Auto,3,3,2,4,2,0,1,1,1,1
Akurli,7,26-35,IT/Tech,4-5x/week,Education,Shared Auto,4,2,2,4,2,1,1,1,0,1
Akurli,7,26-35,Business,Daily,Office,Shared Auto,3,3,2,5,3,0,1,1,0,1
Akurli,7,26-35,Business,4-5x/week,Shopping,Shared Auto,2,3,2,4,3,0,0,1,0,0
Akurli,7,26-35,Student,Weekly,Office,Shared Auto,4,3,1,5,2,1,1,1,0,0
Akurli,7,36-45,Other,Daily,Other,Shared Auto,3,2,2,4,2,1,0,0,0,0
Akurli,7,18-25,Service,Daily,Other,Shared Auto,3,2,2,4,2,0,0,0,0,1
Akurli,7,26-35,Other,Weekly,Other,Shared Auto,4,2,2,4,3,1,1,1,1,0
Akurli,7,36-45,Student,2-3x/week,Shopping,Shared Auto,3,2,2,4,3,1,1,1,0,0
Akurli,7,46-60,IT/Tech,Daily,Shopping,Shared Auto,4,2,2,4,3,0,1,1,0,0
Akurli,7,46-60,Service,Daily,Office,Shared Auto,3,2,2,4,2,0,1,1,0,0
Akurli,7,36-45,IT/Tech,Daily,Office,Shared Auto,4,2,2,4,3,1,0,0,0,0
Akurli,7,18-25,Student,Weekly,Leisure,Shared Auto,4,3,2,4,3,1,0,1,1,0
Akurli,7,26-35,Business,Daily,Office,Shared Auto,2,3,2,4,2,1,1,0,0,0
Akurli,7,18-25,IT/Tech,4-5x/week,Other,Shared Auto,4,2,1,4,2,0,1,0,1,0
Akurli,7,18-25,Service,2-3x/week,Other,Shared Auto,3,3,2,4,2,1,1,0,1,0
Akurli,7,36-45,Business,4-5x/week,Office,Shared Auto,3,2,2,4,2,1,0,0,0,1
Akurli,7,26-35,Student,4-5x/week,Office,Shared Auto,4,2,2,3,3,1,0,1,0,1
Akurli,7,18-25,Service,Daily,Shopping,Shared Auto,5,2,2,4,3,1,0,1,0,1
Akurli,7,36-45,IT/Tech,2-3x/week,Office,Shared Auto,3,3,2,4,2,0,0,1,0,0
Akurli,7,26-35,Service,Daily,Office,Shared Auto,4,2,2,4,2,0,0,0,1,1
Akurli,7,18-25,Service,Daily,Education,Shared Auto,4,3,2,4,2,1,1,1,0,1
Akurli,7,26-35,Service,Daily,Other,Shared Auto,3,2,2,5,3,1,0,0,0,0
Akurli,7,36-45,IT/Tech,Daily,Office,Shared Auto,4,2,2,4,2,0,0,0,0,1
Akurli,7,26-35,IT/Tech,4-5x/week,Other,Shared Auto,4,2,2,5,2,0,1,1,0,0
Akurli,7,46-60,Other,Daily,Shopping,Shared Auto,4,3,1,4,3,1,0,1,0,0
Akurli,7,46-60,IT/Tech,Daily,Shopping,Shared Auto,2,2,2,4,2,0,1,1,0,1
Akurli,7,46-60,IT/Tech,Daily,Office,Shared Auto,4,2,3,4,2,1,0,1,0,1
Akurli,7,46-60,IT/Tech,4-5x/week,Office,Shared Auto,3,2,3,4,3,0,1,1,0,0
Akurli,7,18-25,Student,4-5x/week,Office,Shared Auto,4,3,2,4,2,1,1,1,0,1
Akurli,7,46-60,IT/Tech,4-5x/week,Leisure,Shared Auto,3,3,2,4,2,0,1,1,1,0
Akurli,7,36-45,IT/Tech,Daily,Office,Shared Auto,3,2,2,4,3,1,0,0,0,0
Akurli,7,26-35,Service,Daily,Shopping,Shared Auto,2,2,2,4,2,1,0,1,0,0
Akurli,7,26-35,Other,2-3x/week,Office,Shared Auto,4,3,2,4,2,1,1,1,1,1
Akurli,7,46-60,Service,4-5x/week,Shopping,Shared Auto,3,3,2,4,2,1,0,0,1,0
Akurli,7,26-35,Student,Weekly,Shopping,Shared Auto,4,2,2,4,2,0,0,1,0,0
Akurli,7,36-45,Other,Daily,Other,Shared Auto,3,3,3,3,2,0,1,1,1,1
Akurli,7,36-45,Service,Weekly,Shopping,Shared Auto,3,2,2,4,3,0,0,0,0,0
Akurli,7,18-25,IT/Tech,Daily,Office,Shared Auto,4,3,2,4,3,0,1,0,0,1
Akurli,7,18-25,Student,Daily,Shopping,Shared Auto,3,2,2,4,3,1,1,0,0,1
Akurli,7,18-25,Service,Rarely,Office,Shared Auto,4,2,2,5,2,1,0,0,0,1
Akurli,7,26-35,IT/Tech,Daily,Education,Shared Auto,4,3,2,4,3,1,0,1,0,0
Akurli,7,26-35,Service,4-5x/week,Office,Shared Auto,3,2,2,4,2,0,1,0,0,1
Kurar,7,18-25,Service,4-5x/week,Shopping,Shared Auto,4,2,2,3,2,0,0,0,1,1
Kurar,7,26-35,Service,Daily,Education,Shared Auto,3,2,2,3,3,1,1,0,1,0
Kurar,7,18-25,Other,Daily,Shopping,Shared Auto,3,1,2,2,3,1,0,1,0,1
Kurar,7,26-35,Business,4-5x/week,Office,Shared Auto,3,2,2,2,3,1,1,1,1,0
Kurar,7,46-60,Service,2-3x/week,Leisure,Shared Auto,3,2,2,2,3,1,0,0,1,0
Kurar,7,36-45,Service,2-3x/week,Other,Shared Auto,3,2,2,3,3,1,1,1,0,0
Kurar,7,26-35,IT/Tech,Daily,Office,Shared Auto,3,2,2,3,2,1,0,1,1,0
Kurar,7,46-60,Business,Daily,Office,Shared Auto,5,1,3,3,3,1,1,0,1,1
Kurar,7,26-35,Other,Rarely,Shopping,Shared Auto,3,1,2,3,3,1,0,0,1,1
Kurar,7,26-35,IT/Tech,Daily,Shopping,Shared Auto,3,2,2,3,2,0,1,1,1,0
Kurar,7,18-25,Student,4-5x/week,Leisure,Shared Auto,4,1,2,3,2,1,0,1,0,1
Kurar,7,18-25,Service,Daily,Office,Shared Auto,3,2,1,2,3,1,1,0,0,1
Kurar,7,36-45,Service,Daily,Office,Shared Auto,4,2,2,3,3,1,0,0,0,1
Kurar,7,36-45,Student,2-3x/week,Shopping,Shared Auto,4,2,2,2,2,1,1,1,0,0
Kurar,7,46-60,Service,4-5x/week,Education,Shared Auto,4,2,3,3,2,0,0,0,1,0
Kurar,7,26-35,Service,Daily,Office,Shared Auto,3,2,2,3,2,1,1,0,1,1
Kurar,7,18-25,IT/Tech,Daily,Leisure,Shared Auto,4,2,2,2,2,1,1,0,1,1
Kurar,7,26-35,IT/Tech,Rarely,Office,Shared Auto,3,2,2,3,2,0,1,1,0,0
Kurar,7,26-35,Service,Daily,Leisure,Shared Auto,4,2,3,3,2,1,0,0,1,0
Kurar,7,26-35,Business,Daily,Office,Shared Auto,3,2,3,3,2,1,0,1,0,1
Kurar,7,36-45,Student,Rarely,Shopping,Shared Auto,3,2,2,3,2,1,1,1,0,0
Kurar,7,26-35,Service,Daily,Education,Shared Auto,4,2,2,2,1,0,1,1,0,0
Kurar,7,18-25,Business,Daily,Office,Shared Auto,4,2,2,2,3,0,0,1,0,1
Kurar,7,46-60,Business,Daily,Office,Shared Auto,3,2,1,3,2,0,0,1,0,0
Kurar,7,36-45,Service,Rarely,Education,Shared Auto,3,2,2,3,3,1,1,0,0,1
Kurar,7,26-35,Service,Daily,Office,Shared Auto,3,2,3,3,2,1,1,0,0,0
Kurar,7,26-35,Service,4-5x/week,Leisure,Shared Auto,3,2,3,2,2,1,0,1,1,1
Kurar,7,36-45,IT/Tech,Daily,Office,Shared Auto,4,3,2,3,2,1,1,1,0,1
Kurar,7,18-25,Service,4-5x/week,Education,Shared Auto,3,2,2,3,3,1,1,1,1,1
Kurar,7,26-35,Student,Daily,Office,Shared Auto,3,2,1,3,2,1,0,1,1,0
Kurar,7,18-25,Other,4-5x/week,Office,Shared Auto,3,3,1,3,2,0,1,1,1,0
Kurar,7,26-35,Business,Rarely,Office,Shared Auto,4,2,2,3,3,1,0,1,1,1
Kurar,7,36-45,Service,4-5x/week,Other,Shared Auto,3,2,2,3,3,1,1,0,1,1
Kurar,7,36-45,IT/Tech,2-3x/week,Office,Shared Auto,4,3,1,4,2,1,0,1,1,1
Kurar,7,36-45,Student,Weekly,Education,Shared Auto,3,2,2,3,2,1,0,0,1,1
Kurar,7,26-35,Service,Daily,Office,Shared Auto,3,1,2,3,2,0,1,1,0,0
Kurar,7,18-25,Student,Daily,Education,Shared Auto,3,1,1,2,3,1,0,1,0,1
Kurar,7,36-45,Student,2-3x/week,Office,Shared Auto,4,2,2,2,2,0,1,1,0,0
Kurar,7,36-45,IT/Tech,Daily,Shopping,Shared Auto,3,2,2,4,3,1,1,0,1,0
Kurar,7,36-45,Student,2-3x/week,Education,Shared Auto,4,3,2,3,1,0,0,0,1,0
Kurar,7,46-60,Other,4-5x/week,Education,Shared Auto,3,1,2,3,2,1,0,0,1,1
Kurar,7,46-60,Business,Daily,Leisure,Shared Auto,4,2,3,3,3,0,1,0,0,1
Kurar,7,18-25,Service,Daily,Office,Shared Auto,4,2,2,3,2,0,0,0,1,0
Kurar,7,36-45,Service,Daily,Office,Shared Auto,4,2,2,3,3,1,0,0,0,1
Kurar,7,26-35,Service,Weekly,Shopping,Shared Auto,3,2,2,3,3,0,1,0,0,0
Kurar,7,36-45,IT/Tech,Daily,Education,Shared Auto,3,2,3,2,2,1,1,0,1,0
Kurar,7,26-35,Other,2-3x/week,Education,Shared Auto,4,2,2,3,3,1,0,1,0,0
Kurar,7,26-35,Business,Daily,Other,Shared Auto,4,1,2,3,3,1,0,0,0,1
Kurar,7,26-35,Other,4-5x/week,Education,Shared Auto,4,2,2,3,3,1,1,1,1,1
Kurar,7,46-60,IT/Tech,Daily,Office,Shared Auto,3,2,2,3,3,1,1,1,0,1
Kurar,7,26-35,IT/Tech,4-5x/week,Leisure,Shared Auto,4,2,3,2,2,1,0,0,0,1
Kurar,7,18-25,IT/Tech,Weekly,Education,Shared Auto,4,2,2,3,3,0,1,1,1,0
Kurar,7,26-35,IT/Tech,Weekly,Shopping,Shared Auto,3,3,2,3,3,1,1,0,0,0
Kurar,7,46-60,Other,Daily,Office,Shared Auto,4,2,2,3,2,1,1,0,1,1
Kurar,7,46-60,Service,Daily,Office,Shared Auto,3,2,3,3,2,0,0,0,0,0
Kurar,7,26-35,IT/Tech,4-5x/week,Leisure,Shared Auto,4,2,1,2,3,1,1,0,1,1
Kurar,7,60+,Service,Daily,Office,Shared Auto,4,2,2,3,2,0,0,0,1,0
Kurar,7,46-60,Service,2-3x/week,Office,Shared Auto,3,2,2,3,3,1,1,1,0,0
Kurar,7,26-35,Service,4-5x/week,Leisure,Shared Auto,3,2,1,3,2,1,0,1,0,1
Kurar,7,18-25,IT/Tech,2-3x/week,Education,Shared Auto,3,2,2,4,3,0,0,1,1,0
Kurar,7,26-35,Service,2-3x/week,Shopping,Shared Auto,4,1,1,2,3,1,1,1,1,0
Kurar,7,26-35,Business,4-5x/week,Other,Shared Auto,3,2,2,2,2,0,1,0,1,0
Kurar,7,26-35,IT/Tech,Daily,Leisure,Shared Auto,4,1,2,3,3,0,1,0,0,1
Kurar,7,26-35,Service,Daily,Office,Shared Auto,3,2,2,3,2,0,0,0,0,0
Kurar,7,46-60,IT/Tech,Daily,Education,Shared Auto,4,2,2,3,3,0,1,1,0,1
Kurar,7,26-35,Business,Daily,Education,Shared Auto,3,2,2,3,2,1,0,0,1,0
Kurar,7,26-35,Service,Daily,Office,Shared Auto,4,2,2,3,3,0,1,0,1,1
Kurar,7,26-35,Service,2-3x/week,Shopping,Shared Auto,4,2,2,3,2,1,1,1,1,1
Kurar,7,26-35,Business,2-3x/week,Office,Shared Auto,4,1,1,3,2,1,0,1,0,1
Kurar,7,46-60,Other,4-5x/week,Leisure,Shared Auto,3,2,2,3,2,0,0,0,0,0
Kurar,7,46-60,Service,2-3x/week,Office,Shared Auto,3,2,3,3,3,1,1,0,0,1
Kurar,7,18-25,IT/Tech,Daily,Office,Shared Auto,3,1,1,3,2,1,1,1,1,1
Kurar,7,36-45,Business,4-5x/week,Education,Shared Auto,4,2,2,2,2,1,1,0,0,1
Kurar,7,26-35,Student,4-5x/week,Office,Shared Auto,4,2,1,3,3,1,1,1,0,0
Kurar,7,26-35,Student,2-3x/week,Other,Shared Auto,3,2,2,3,2,0,1,0,0,0
Kurar,7,18-25,Business,2-3x/week,Office,Shared Auto,4,2,3,2,2,0,0,1,0,0
Kurar,7,18-25,IT/Tech,Daily,Office,Shared Auto,4,2,2,3,3,1,0,1,0,0
Kurar,7,46-60,IT/Tech,4-5x/week,Office,Shared Auto,3,1,2,3,3,0,1,1,1,1
Kurar,7,18-25,Service,2-3x/week,Office,Shared Auto,4,2,2,3,2,0,0,0,1,0
Kurar,7,18-25,Student,Daily,Leisure,Shared Auto,3,2,2,3,1,1,0,1,0,1
Kurar,7,26-35,IT/Tech,Daily,Office,Shared Auto,3,2,2,3,2,0,0,0,0,1
Kurar,7,46-60,Service,Weekly,Education,Shared Auto,3,2,2,2,2,0,0,0,0,0
Kurar,7,18-25,Service,Daily,Office,Shared Auto,3,3,2,4,3,0,1,0,1,1
Kurar,7,26-35,Service,Daily,Office,Shared Auto,3,2,1,2,3,0,1,0,0,0
Kurar,7,26-35,Business,Daily,Shopping,Shared Auto,4,2,2,2,3,1,1,1,1,1
Kurar,7,26-35,Other,Daily,Office,Shared Auto,3,2,2,2,3,0,1,1,0,0
Kurar,7,26-35,Business,2-3x/week,Shopping,Shared Auto,3,2,2,3,3,0,0,0,0,0
Kurar,7,26-35,Business,Daily,Office,Shared Auto,3,3,2,3,3,1,1,1,1,1
Kurar,7,36-45,IT/Tech,Daily,Office,Shared Auto,4,2,2,3,4,0,0,1,0,0
Kurar,7,18-25,Business,Weekly,Office,Shared Auto,4,2,3,3,2,0,0,0,1,1
Kurar,7,26-35,Student,Daily,Office,Shared Auto,3,2,2,3,3,0,1,1,0,1
Kurar,7,46-60,Service,Rarely,Office,Shared Auto,3,2,2,3,2,1,1,1,0,1
Kurar,7,46-60,Service,4-5x/week,Shopping,Shared Auto,4,2,1,3,3,1,1,0,0,0
Kurar,7,18-25,Other,Daily,Shopping,Shared Auto,4,2,2,2,2,0,0,0,0,1
Kurar,7,46-60,Student,4-5x/week,Shopping,Shared Auto,3,1,2,2,2,1,1,0,1,1
Kurar,7,18-25,IT/Tech,2-3x/week,Leisure,Shared Auto,3,2,2,4,2,1,1,1,0,0
Kurar,7,26-35,IT/Tech,2-3x/week,Leisure,Shared Auto,4,2,3,2,3,1,1,1,0,0
Kurar,7,36-45,Student,Daily,Office,Shared Auto,4,2,2,3,3,0,0,0,0,0
Kurar,7,26-35,Student,Daily,Office,Shared Auto,4,2,2,2,2,1,1,1,1,1
Kurar,7,46-60,IT/Tech,2-3x/week,Shopping,Shared Auto,4,2,2,3,3,1,1,1,0,0
Kurar,7,46-60,Other,4-5x/week,Office,Shared Auto,4,3,2,3,3,1,0,1,0,1
Kurar,7,26-35,IT/Tech,4-5x/week,Shopping,Shared Auto,4,2,3,3,2,1,1,0,1,1
Kurar,7,46-60,Business,2-3x/week,Office,Shared Auto,3,2,2,3,3,0,1,1,1,1
Kurar,7,26-35,Service,Daily,Education,Shared Auto,4,2,2,3,2,1,0,1,1,0
Dindoshi,7,18-25,Business,Daily,Leisure,Shared Auto,4,2,2,3,3,1,1,1,1,1
Dindoshi,7,26-35,Service,Rarely,Other,Shared Auto,4,2,3,2,3,1,1,1,1,1
Dindoshi,7,36-45,Service,2-3x/week,Education,Shared Auto,2,2,3,3,3,1,1,0,1,0
Dindoshi,7,26-35,IT/Tech,Rarely,Office,Shared Auto,3,2,2,3,3,1,1,1,0,0
Dindoshi,7,18-25,Student,Daily,Shopping,Shared Auto,4,3,2,2,3,0,0,0,1,0
Dindoshi,7,26-35,Student,2-3x/week,Office,Shared Auto,3,2,2,1,3,0,1,0,0,1
Dindoshi,7,26-35,Service,4-5x/week,Office,Shared Auto,3,2,1,2,3,1,1,0,1,1
Dindoshi,7,46-60,Other,Daily,Office,Shared Auto,4,3,2,2,3,1,0,0,1,1
Dindoshi,7,18-25,Service,Rarely,Education,Shared Auto,2,2,2,2,2,1,1,0,0,1
Dindoshi,7,26-35,IT/Tech,4-5x/week,Office,Shared Auto,4,2,3,2,3,1,1,0,1,0
Dindoshi,7,26-35,Business,Weekly,Shopping,Shared Auto,3,2,2,3,3,0,0,1,1,1
Dindoshi,7,36-45,Student,Daily,Shopping,Shared Auto,4,2,1,2,3,1,1,1,1,0
Dindoshi,7,18-25,Other,Daily,Leisure,Shared Auto,3,2,3,2,3,0,1,1,0,1
Dindoshi,7,46-60,IT/Tech,4-5x/week,Other,Shared Auto,4,3,2,2,3,1,1,1,1,0
Dindoshi,7,46-60,Service,4-5x/week,Office,Shared Auto,3,2,2,2,3,1,0,0,0,0
Dindoshi,7,18-25,Student,2-3x/week,Education,Shared Auto,3,2,2,2,2,1,1,1,0,0
Dindoshi,7,26-35,IT/Tech,Rarely,Office,Shared Auto,3,2,2,2,2,1,0,0,0,1
Dindoshi,7,46-60,Student,4-5x/week,Education,Shared Auto,4,2,2,2,2,0,1,1,0,1
Dindoshi,7,26-35,Service,4-5x/week,Leisure,Shared Auto,3,3,2,3,3,0,1,1,0,0
Dindoshi,7,36-45,Other,2-3x/week,Office,Shared Auto,3,3,2,2,2,1,0,0,0,0
Dindoshi,7,18-25,IT/Tech,Daily,Leisure,Shared Auto,3,2,2,2,2,1,1,1,0,1
Dindoshi,7,36-45,IT/Tech,4-5x/week,Shopping,Shared Auto,3,2,2,2,3,1,0,0,1,1
Dindoshi,7,26-35,Service,Daily,Office,Shared Auto,3,1,3,2,2,0,0,1,0,1
Dindoshi,7,26-35,Business,Daily,Shopping,Shared Auto,3,2,2,2,2,0,0,1,0,1
Dindoshi,7,18-25,Service,4-5x/week,Office,Shared Auto,3,2,2,2,2,1,0,1,1,1
Dindoshi,7,46-60,Service,Daily,Shopping,Shared Auto,3,2,3,2,2,0,0,0,1,0
Dindoshi,7,46-60,Business,Daily,Office,Shared Auto,4,2,3,3,2,1,1,0,0,1
Dindoshi,7,36-45,IT/Tech,4-5x/week,Office,Shared Auto,4,2,2,3,2,1,0,0,0,1
Dindoshi,7,26-35,Student,Daily,Office,Shared Auto,3,2,2,3,3,1,0,1,0,0
Dindoshi,7,26-35,Other,Daily,Shopping,Shared Auto,4,2,3,2,2,1,0,0,0,1
Dindoshi,7,26-35,Business,Weekly,Other,Shared Auto,4,2,2,1,2,0,1,1,1,1
Dindoshi,7,46-60,Student,Daily,Other,Shared Auto,4,2,3,1,2,1,1,0,1,0
Dindoshi,7,46-60,Student,Daily,Leisure,Shared Auto,3,2,2,2,2,1,0,0,0,1
Dindoshi,7,18-25,Service,Daily,Office,Shared Auto,4,2,2,2,3,1,0,1,1,0
Dindoshi,7,26-35,IT/Tech,2-3x/week,Other,Shared Auto,4,2,2,2,2,1,1,0,1,1
Dindoshi,7,26-35,IT/Tech,Rarely,Office,Shared Auto,3,2,2,2,2,0,1,0,0,1
Dindoshi,7,36-45,Other,Daily,Office,Shared Auto,3,2,2,2,2,1,0,0,0,1
Dindoshi,7,26-35,Service,Daily,Other,Shared Auto,4,3,2,2,2,0,1,0,0,0
Dindoshi,7,46-60,IT/Tech,Daily,Education,Shared Auto,4,2,2,3,3,1,1,1,1,1
Dindoshi,7,26-35,Service,4-5x/week,Office,Shared Auto,4,2,2,2,2,0,0,1,0,0
Dindoshi,7,18-25,Student,Weekly,Other,Shared Auto,4,2,2,2,2,0,0,0,0,1
Dindoshi,7,18-25,IT/Tech,4-5x/week,Office,Shared Auto,3,2,2,3,2,1,0,1,0,0
Dindoshi,7,36-45,Student,4-5x/week,Shopping,Shared Auto,3,3,2,3,3,1,0,1,0,0
Dindoshi,7,26-35,Business,4-5x/week,Office,Shared Auto,2,2,3,3,2,1,0,0,0,0
Dindoshi,7,36-45,IT/Tech,2-3x/week,Office,Shared Auto,4,3,2,2,3,1,0,0,0,1
Dindoshi,7,60+,Business,2-3x/week,Education,Shared Auto,3,3,2,3,2,0,1,0,1,0
Dindoshi,7,18-25,IT/Tech,4-5x/week,Shopping,Shared Auto,3,2,2,2,2,1,1,0,1,0
Dindoshi,7,26-35,Service,Daily,Office,Shared Auto,4,2,3,2,2,0,1,0,0,1
Dindoshi,7,26-35,Business,Daily,Office,Shared Auto,3,2,3,2,2,1,1,1,0,1
Dindoshi,7,60+,IT/Tech,Daily,Shopping,Shared Auto,4,2,2,2,2,1,1,1,0,0
Dindoshi,7,26-35,Service,4-5x/week,Leisure,Shared Auto,4,2,2,2,3,0,0,1,0,1
Dindoshi,7,36-45,Business,4-5x/week,Other,Shared Auto,3,3,2,2,2,1,0,1,0,0
Dindoshi,7,60+,Student,Weekly,Other,Shared Auto,3,2,2,2,3,0,1,1,0,1
Dindoshi,7,18-25,Other,Rarely,Office,Shared Auto,3,3,2,2,3,0,1,0,0,1
Dindoshi,7,18-25,Service,2-3x/week,Leisure,Shared Auto,4,3,3,2,2,0,0,1,1,0
Dindoshi,7,60+,IT/Tech,Daily,Other,Shared Auto,4,2,2,2,3,0,1,0,1,0
Dindoshi,7,46-60,IT/Tech,2-3x/week,Other,Shared Auto,4,2,2,2,2,0,1,1,0,0
Dindoshi,7,18-25,Other,Daily,Education,Shared Auto,4,3,2,2,2,0,0,0,0,0
Dindoshi,7,60+,IT/Tech,Daily,Office,Shared Auto,4,3,2,2,3,0,1,0,1,0
Dindoshi,7,18-25,Other,Weekly,Shopping,Shared Auto,4,2,2,2,2,1,1,1,1,1
Dindoshi,7,26-35,IT/Tech,4-5x/week,Other,Shared Auto,4,2,2,3,3,0,1,1,0,1
Dindoshi,7,18-25,Student,Daily,Shopping,Shared Auto,3,2,2,2,3,1,0,1,0,1
Dindoshi,7,36-45,Student,4-5x/week,Office,Shared Auto,4,2,2,3,2,1,1,0,0,1
Dindoshi,7,26-35,Service,Daily,Office,Shared Auto,3,2,2,3,3,1,0,0,1,0
Dindoshi,7,18-25,Service,Daily,Office,Shared Auto,4,2,2,2,2,0,1,1,0,1
Dindoshi,7,18-25,Business,Daily,Office,Shared Auto,4,3,2,2,2,1,1,1,1,0
Dindoshi,7,36-45,Business,4-5x/week,Other,Shared Auto,3,2,3,3,2,1,1,0,0,0
Dindoshi,7,26-35,Student,Rarely,Office,Shared Auto,3,2,3,2,2,0,1,1,0,1
Dindoshi,7,26-35,Service,Daily,Office,Shared Auto,3,2,2,2,2,1,0,1,1,1
Dindoshi,7,36-45,IT/Tech,2-3x/week,Education,Shared Auto,4,2,2,2,3,1,1,0,1,0
Dindoshi,7,26-35,IT/Tech,4-5x/week,Office,Shared Auto,4,2,3,3,2,1,0,1,1,0
Dindoshi,7,46-60,IT/Tech,4-5x/week,Other,Shared Auto,3,2,3,2,2,1,1,0,1,1
Dindoshi,7,60+,Other,Daily,Office,Shared Auto,4,3,3,2,3,1,0,1,1,1
Dindoshi,7,26-35,Business,2-3x/week,Education,Shared Auto,3,2,2,2,3,1,0,0,1,1
Dindoshi,7,46-60,IT/Tech,Daily,Office,Shared Auto,3,2,2,3,3,0,1,1,1,1
Dindoshi,7,26-35,IT/Tech,4-5x/week,Education,Shared Auto,4,2,2,2,2,1,1,0,0,0
Dindoshi,7,26-35,Business,4-5x/week,Education,Shared Auto,3,2,2,2,3,1,1,0,0,1
Dindoshi,7,26-35,Other,Daily,Office,Shared Auto,4,2,2,3,3,1,0,1,0,1
Dindoshi,7,36-45,IT/Tech,Weekly,Education,Shared Auto,3,3,2,2,3,1,0,0,1,1
Dindoshi,7,36-45,Student,Weekly,Education,Shared Auto,3,2,1,2,2,1,0,0,0,1
Dindoshi,7,46-60,IT/Tech,2-3x/week,Education,Shared Auto,4,2,3,2,3,0,1,1,1,0
Dindoshi,7,26-35,Service,4-5x/week,Leisure,Shared Auto,4,2,2,2,2,1,1,1,0,1
Dindoshi,7,26-35,Other,4-5x/week,Office,Shared Auto,3,2,2,2,3,0,1,1,0,0
Dindoshi,7,60+,IT/Tech,4-5x/week,Shopping,Shared Auto,4,2,2,3,2,1,0,1,1,1
Dindoshi,7,18-25,IT/Tech,Daily,Shopping,Shared Auto,3,2,2,2,2,1,0,0,0,1
Dindoshi,7,46-60,Student,4-5x/week,Education,Shared Auto,3,3,3,1,2,0,1,0,1,0
Dindoshi,7,26-35,Business,Weekly,Office,Shared Auto,5,2,2,2,2,1,0,0,1,0
Dindoshi,7,26-35,IT/Tech,Daily,Shopping,Shared Auto,4,2,2,2,3,1,1,1,0,0
Dindoshi,7,26-35,Student,4-5x/week,Shopping,Shared Auto,4,1,2,3,2,1,1,0,1,1
Dindoshi,7,36-45,Student,Daily,Office,Shared Auto,3,2,2,2,2,1,1,1,0,1
Dindoshi,7,60+,IT/Tech,4-5x/week,Office,Shared Auto,3,3,2,1,3,1,0,1,1,1
Dindoshi,7,26-35,Student,Weekly,Education,Shared Auto,3,2,4,3,2,0,1,0,1,1
Dindoshi,7,18-25,Service,Daily,Leisure,Shared Auto,3,2,3,3,3,0,1,0,0,1
Dindoshi,7,46-60,Student,Daily,Office,Shared Auto,4,2,2,2,2,1,0,0,1,0
Dindoshi,7,46-60,Student,Daily,Office,Shared Auto,3,3,2,2,2,0,1,0,1,1
Goregaon (E),7,36-45,Service,2-3x/week,Shopping,BEST Bus,4,3,4,2,2,1,1,1,1,1
Goregaon (E),7,60+,IT/Tech,4-5x/week,Shopping,BEST Bus,3,4,5,2,3,0,0,0,0,1
Goregaon (E),7,26-35,Student,2-3x/week,Leisure,BEST Bus,3,4,3,2,3,0,0,1,0,1
Goregaon (E),7,18-25,IT/Tech,2-3x/week,Office,BEST Bus,4,3,4,2,2,0,1,1,1,1
Goregaon (E),7,18-25,IT/Tech,2-3x/week,Shopping,BEST Bus,4,3,4,2,4,1,0,0,1,0
Goregaon (E),7,18-25,IT/Tech,Daily,Education,BEST Bus,3,3,4,2,3,0,1,0,1,1
Goregaon (E),7,26-35,Service,Daily,Office,BEST Bus,3,3,3,1,2,0,0,1,1,0
Goregaon (E),7,18-25,Student,Daily,Shopping,BEST Bus,5,3,3,2,3,1,1,1,1,1
Goregaon (E),7,18-25,IT/Tech,Daily,Other,BEST Bus,4,3,3,1,2,1,0,0,1,1
Goregaon (E),7,26-35,Student,Daily,Office,BEST Bus,3,2,3,2,3,0,0,1,0,0
Goregaon (E),7,60+,Service,4-5x/week,Leisure,BEST Bus,4,3,4,2,3,0,0,0,0,1
Goregaon (E),7,18-25,Other,4-5x/week,Office,BEST Bus,4,3,3,2,3,0,0,1,1,0
Goregaon (E),7,18-25,Business,4-5x/week,Shopping,BEST Bus,4,3,3,2,3,0,0,0,0,1
Goregaon (E),7,18-25,Business,4-5x/week,Education,BEST Bus,3,3,3,3,3,1,0,0,0,1
Goregaon (E),7,26-35,Student,Rarely,Leisure,BEST Bus,3,3,3,3,2,1,0,1,0,1
Goregaon (E),7,26-35,Service,4-5x/week,Shopping,BEST Bus,4,3,3,2,3,1,1,1,0,0
Goregaon (E),7,60+,Service,Daily,Office,BEST Bus,4,3,3,2,3,0,0,1,1,1
Goregaon (E),7,26-35,Student,Daily,Office,BEST Bus,2,3,3,2,3,1,0,0,1,1
Goregaon (E),7,36-45,IT/Tech,2-3x/week,Office,BEST Bus,3,2,4,2,3,1,0,0,1,0
Goregaon (E),7,36-45,Other,2-3x/week,Office,BEST Bus,3,3,3,2,2,0,0,0,0,0
Goregaon (E),7,46-60,IT/Tech,4-5x/week,Office,BEST Bus,3,3,3,3,3,1,0,0,1,1
Goregaon (E),7,18-25,Service,Daily,Office,BEST Bus,4,3,4,2,2,1,0,0,0,1
Goregaon (E),7,26-35,Student,2-3x/week,Leisure,BEST Bus,3,2,5,2,3,0,1,0,0,1
Goregaon (E),7,18-25,Other,Weekly,Education,BEST Bus,4,3,3,2,3,0,0,1,0,1
Goregaon (E),7,18-25,IT/Tech,4-5x/week,Office,BEST Bus,2,3,3,2,2,0,0,0,0,1
Goregaon (E),7,46-60,Other,Rarely,Office,BEST Bus,4,3,3,2,2,0,0,0,1,1
Goregaon (E),7,26-35,Service,4-5x/week,Education,BEST Bus,4,3,3,1,3,0,0,1,0,1
Goregaon (E),7,26-35,IT/Tech,Daily,Education,BEST Bus,4,3,4,2,3,1,1,0,0,1
Goregaon (E),7,26-35,Service,2-3x/week,Shopping,BEST Bus,3,4,4,2,3,1,0,1,0,1
Goregaon (E),7,46-60,Service,4-5x/week,Office,BEST Bus,4,3,4,2,3,0,1,0,0,1
Goregaon (E),7,26-35,Service,Daily,Education,BEST Bus,4,3,4,2,3,0,1,0,1,1
Goregaon (E),7,36-45,Other,Daily,Leisure,BEST Bus,4,3,3,2,3,1,1,1,1,1
Goregaon (E),7,60+,Student,4-5x/week,Shopping,BEST Bus,4,3,3,3,3,0,1,0,1,0
Goregaon (E),7,46-60,Student,Daily,Shopping,BEST Bus,4,3,3,2,3,0,0,0,0,0
Goregaon (E),7,60+,Student,Daily,Education,BEST Bus,3,3,3,2,3,0,0,1,1,1
Goregaon (E),7,26-35,Student,Rarely,Office,BEST Bus,4,3,3,1,3,0,0,0,0,1
Goregaon (E),7,26-35,Service,Daily,Office,BEST Bus,3,3,4,2,3,0,0,1,1,1
Goregaon (E),7,46-60,Service,Rarely,Leisure,BEST Bus,2,3,4,2,3,0,1,0,1,1
Goregaon (E),7,36-45,Service,Daily,Leisure,BEST Bus,3,3,4,2,3,1,0,0,0,1
Goregaon (E),7,26-35,Business,Daily,Shopping,BEST Bus,3,2,3,1,3,1,1,1,1,1
Goregaon (E),7,26-35,Service,4-5x/week,Leisure,BEST Bus,4,2,3,3,3,0,0,1,1,1
Goregaon (E),7,26-35,IT/Tech,4-5x/week,Education,BEST Bus,4,3,4,2,3,0,0,0,0,1
Goregaon (E),7,26-35,Service,4-5x/week,Education,BEST Bus,4,3,4,1,3,0,1,0,1,1
Goregaon (E),7,26-35,Student,Daily,Office,BEST Bus,3,3,4,2,3,0,0,1,0,1
Goregaon (E),7,26-35,IT/Tech,Daily,Leisure,BEST Bus,3,3,3,3,2,1,0,1,1,1
Goregaon (E),7,18-25,Service,2-3x/week,Office,BEST Bus,4,3,3,2,3,0,0,0,1,1
Goregaon (E),7,36-45,IT/Tech,2-3x/week,Shopping,BEST Bus,4,3,3,2,2,0,0,1,1,1
Goregaon (E),7,26-35,Business,Daily,Office,BEST Bus,4,3,4,2,3,1,1,1,1,0
Goregaon (E),7,18-25,IT/Tech,4-5x/week,Office,BEST Bus,3,3,3,2,3,0,0,0,1,1
Goregaon (E),7,36-45,Service,Daily,Office,BEST Bus,4,3,4,2,2,0,0,0,1,1
Goregaon (E),7,18-25,Business,4-5x/week,Office,BEST Bus,4,3,3,1,3,0,0,0,0,0
Goregaon (E),7,26-35,IT/Tech,Daily,Education,BEST Bus,4,3,4,2,3,1,0,0,0,1
Goregaon (E),7,18-25,IT/Tech,Daily,Shopping,BEST Bus,3,3,3,2,4,1,0,1,0,1
Goregaon (E),7,36-45,Student,Weekly,Office,BEST Bus,4,3,4,3,2,0,1,0,0,0
Goregaon (E),7,26-35,IT/Tech,Weekly,Office,BEST Bus,3,3,4,2,3,1,0,1,1,0
Goregaon (E),7,36-45,Student,Weekly,Office,BEST Bus,4,3,4,2,3,0,1,1,1,1
Jogeshwari (E),7,36-45,Service,4-5x/week,Office,Shared Auto,3,3,3,3,2,1,1,1,0,1
Jogeshwari (E),7,46-60,Business,Weekly,Office,Shared Auto,4,3,3,4,2,0,0,1,0,1
Jogeshwari (E),7,18-25,Other,Rarely,Leisure,Shared Auto,4,3,3,2,3,0,0,1,0,1
Jogeshwari (E),7,26-35,Other,Daily,Leisure,Shared Auto,3,3,3,3,2,1,0,1,1,1
Jogeshwari (E),7,60+,IT/Tech,2-3x/week,Education,Shared Auto,4,3,3,3,3,0,1,0,0,1
Jogeshwari (E),7,18-25,Other,Daily,Education,Shared Auto,4,3,3,3,3,0,0,0,0,1
Jogeshwari (E),7,26-35,IT/Tech,Rarely,Education,Shared Auto,4,3,3,3,4,1,0,1,1,0
Jogeshwari (E),7,26-35,Service,2-3x/week,Other,Shared Auto,4,3,3,3,4,0,1,1,0,1
Jogeshwari (E),7,18-25,Student,Daily,Education,Shared Auto,4,3,4,3,3,0,0,0,1,1
Jogeshwari (E),7,18-25,IT/Tech,Daily,Office,Shared Auto,4,3,3,3,3,1,0,1,1,1
Jogeshwari (E),7,26-35,Service,4-5x/week,Office,Shared Auto,4,3,2,4,4,1,0,0,0,0
Jogeshwari (E),7,36-45,Other,Weekly,Office,Shared Auto,4,3,4,3,3,1,1,0,1,1
Jogeshwari (E),7,60+,Service,Daily,Other,Shared Auto,3,3,4,3,3,1,0,0,0,1
Jogeshwari (E),7,60+,Other,Daily,Education,Shared Auto,4,3,3,3,3,1,0,1,0,1
Jogeshwari (E),7,18-25,Service,Daily,Office,Shared Auto,4,3,3,4,3,1,0,1,0,1
Jogeshwari (E),7,36-45,Other,Weekly,Office,Shared Auto,3,2,4,2,3,1,0,1,0,1
Jogeshwari (E),7,26-35,Service,Daily,Office,Shared Auto,4,2,3,4,3,0,1,0,1,1
Jogeshwari (E),7,26-35,Business,Daily,Leisure,Shared Auto,4,2,3,2,3,1,1,1,1,1
Jogeshwari (E),7,60+,Student,Daily,Other,Shared Auto,3,4,3,3,3,0,0,1,0,1
Jogeshwari (E),7,26-35,IT/Tech,4-5x/week,Shopping,Shared Auto,3,3,3,3,3,1,0,0,1,0
Jogeshwari (E),7,36-45,IT/Tech,Daily,Other,Shared Auto,4,3,3,3,3,0,0,0,1,1
Jogeshwari (E),7,36-45,Business,Daily,Office,Shared Auto,5,2,3,3,2,0,0,1,1,1
Jogeshwari (E),7,36-45,Service,Daily,Office,Shared Auto,4,3,2,3,3,1,1,1,0,1
Jogeshwari (E),7,26-35,Service,4-5x/week,Office,Shared Auto,4,3,3,3,3,0,1,0,1,0
Jogeshwari (E),7,26-35,IT/Tech,4-5x/week,Other,Shared Auto,4,3,4,4,3,1,1,0,0,1
Jogeshwari (E),7,18-25,Other,4-5x/week,Shopping,Shared Auto,4,3,3,3,3,0,0,1,0,0
Jogeshwari (E),7,36-45,Other,Daily,Shopping,Shared Auto,3,3,3,4,3,1,0,0,0,1
Jogeshwari (E),7,26-35,Student,Daily,Office,Shared Auto,4,3,3,3,3,0,0,1,0,1
Jogeshwari (E),7,26-35,Student,Daily,Shopping,Shared Auto,4,3,4,3,3,1,0,0,0,1
Jogeshwari (E),7,26-35,Business,Daily,Education,Shared Auto,3,2,3,3,3,0,0,0,1,0
Jogeshwari (E),7,36-45,IT/Tech,Daily,Office,Shared Auto,3,3,3,3,3,0,1,0,0,1
Jogeshwari (E),7,36-45,IT/Tech,Weekly,Education,Shared Auto,4,3,4,3,2,0,0,0,0,1
Jogeshwari (E),7,26-35,Service,2-3x/week,Office,Shared Auto,4,2,3,3,3,1,0,0,0,0
Jogeshwari (E),7,18-25,IT/Tech,Daily,Office,Shared Auto,4,3,3,4,2,0,0,0,0,1
Jogeshwari (E),7,18-25,Business,Daily,Office,Shared Auto,3,3,4,2,3,0,1,1,1,1
Jogeshwari (E),7,36-45,Student,4-5x/week,Office,Shared Auto,5,3,4,2,4,0,0,0,1,0
Jogeshwari (E),7,26-35,Service,4-5x/week,Education,Shared Auto,4,3,2,3,2,0,1,0,1,1
Jogeshwari (E),7,46-60,Student,4-5x/week,Office,Shared Auto,4,4,2,4,3,0,1,1,1,0
Jogeshwari (E),7,46-60,Student,Daily,Office,Shared Auto,4,2,4,2,3,0,0,1,0,1
Jogeshwari (E),7,46-60,IT/Tech,Daily,Education,Shared Auto,5,2,3,3,3,1,1,0,1,0
Jogeshwari (E),7,26-35,Business,Daily,Office,Shared Auto,4,4,3,3,2,0,0,1,0,1
Jogeshwari (E),7,26-35,Service,Daily,Other,Shared Auto,4,3,3,3,3,0,1,1,0,1
Jogeshwari (E),7,26-35,Student,4-5x/week,Office,Shared Auto,4,3,3,3,3,0,1,0,0,1
Jogeshwari (E),7,26-35,Student,Daily,Office,Shared Auto,4,4,3,3,3,0,0,1,1,1
Jogeshwari (E),7,36-45,Service,4-5x/week,Office,Shared Auto,4,4,3,3,4,0,0,1,0,1
Jogeshwari (E),7,26-35,Service,4-5x/week,Office,Shared Auto,3,3,4,3,3,0,0,0,0,1
Jogeshwari (E),7,36-45,Student,2-3x/week,Leisure,Shared Auto,3,3,3,2,3,1,0,0,0,0
Jogeshwari (E),7,26-35,Service,Daily,Office,Shared Auto,4,3,4,3,3,0,1,0,0,1
Jogeshwari (E),7,18-25,Business,4-5x/week,Leisure,Shared Auto,4,3,4,2,3,0,0,0,0,1
Jogeshwari (E),7,46-60,IT/Tech,Daily,Office,Shared Auto,4,3,3,3,3,0,0,0,1,1
Jogeshwari (E),7,46-60,IT/Tech,Daily,Education,Shared Auto,4,3,3,2,3,0,1,1,1,1
Jogeshwari (E),7,26-35,Business,4-5x/week,Office,Shared Auto,3,2,3,3,3,1,1,0,1,0
Jogeshwari (E),7,26-35,IT/Tech,2-3x/week,Office,Shared Auto,3,3,3,4,3,1,0,0,1,1
Jogeshwari (E),7,46-60,Service,Daily,Office,Shared Auto,4,3,3,2,3,1,1,1,0,1
Jogeshwari (E),7,26-35,Service,2-3x/week,Office,Shared Auto,4,3,3,3,3,0,0,1,1,1
Jogeshwari (E),7,18-25,IT/Tech,Rarely,Office,Shared Auto,4,3,3,2,3,1,0,1,0,1
Jogeshwari (E),7,18-25,IT/Tech,Daily,Shopping,Shared Auto,3,3,3,2,3,0,0,0,1,1
Jogeshwari (E),7,26-35,IT/Tech,Daily,Office,Shared Auto,3,3,3,3,3,0,1,1,0,0
Jogeshwari (E),7,26-35,IT/Tech,4-5x/week,Office,Shared Auto,3,4,3,3,3,1,1,0,0,1
Jogeshwari (E),7,18-25,Other,2-3x/week,Shopping,Shared Auto,4,3,3,3,4,0,1,0,0,0
Jogeshwari (E),7,18-25,Business,4-5x/week,Leisure,Shared Auto,4,4,3,3,3,0,0,1,0,1
Jogeshwari (E),7,18-25,Service,4-5x/week,Office,Shared Auto,4,4,3,4,3,1,1,1,0,1
Gundavali,7,26-35,IT/Tech,2-3x/week,Shopping,Shared Auto,3,3,3,3,3,1,0,0,0,1
Gundavali,7,36-45,Service,2-3x/week,Education,Shared Auto,4,3,3,2,3,1,1,1,0,1
Gundavali,7,18-25,Student,Daily,Office,Shared Auto,4,3,3,2,3,1,1,0,0,0
Gundavali,7,26-35,Service,4-5x/week,Other,Shared Auto,3,3,2,2,3,0,0,0,1,1
Gundavali,7,46-60,Business,Daily,Shopping,Shared Auto,3,2,3,2,2,0,0,0,0,1
Gundavali,7,26-35,IT/Tech,2-3x/week,Education,Shared Auto,3,3,2,4,3,0,1,0,1,0
Gundavali,7,46-60,Other,Daily,Office,Shared Auto,2,2,3,2,3,1,0,0,1,1
Gundavali,7,36-45,Service,Daily,Leisure,Shared Auto,3,3,3,2,3,0,0,1,1,1
Gundavali,7,18-25,Business,4-5x/week,Shopping,Shared Auto,3,2,3,3,3,0,1,0,0,0
Gundavali,7,60+,IT/Tech,4-5x/week,Office,Shared Auto,4,2,3,2,3,1,0,1,0,0
Gundavali,7,36-45,Business,Daily,Other,Shared Auto,5,3,3,2,3,0,1,0,0,1
Gundavali,7,46-60,IT/Tech,4-5x/week,Office,Shared Auto,4,2,3,3,2,1,0,0,0,0
Gundavali,7,26-35,IT/Tech,4-5x/week,Office,Shared Auto,3,3,3,2,2,0,0,0,0,1
Gundavali,7,26-35,IT/Tech,4-5x/week,Office,Shared Auto,4,3,2,2,3,1,0,1,1,1
Gundavali,7,60+,Service,Daily,Office,Shared Auto,3,3,2,3,3,1,1,0,0,1
Gundavali,7,36-45,Student,Daily,Shopping,Shared Auto,4,3,2,3,2,0,0,1,0,0
Gundavali,7,36-45,Student,Daily,Office,Shared Auto,4,3,3,3,2,0,0,0,1,1
Gundavali,7,26-35,IT/Tech,4-5x/week,Shopping,Shared Auto,3,2,3,2,2,0,0,1,1,1
Gundavali,7,26-35,IT/Tech,2-3x/week,Office,Shared Auto,4,3,3,2,2,1,0,0,1,1
Gundavali,7,36-45,Other,4-5x/week,Other,Shared Auto,3,2,2,2,3,1,0,0,0,1
Gundavali,7,26-35,IT/Tech,Daily,Shopping,Shared Auto,4,3,2,3,3,1,0,1,1,1
Gundavali,7,36-45,IT/Tech,Daily,Office,Shared Auto,4,3,3,2,2,1,1,1,1,1
Gundavali,7,46-60,Student,4-5x/week,Shopping,Shared Auto,4,3,2,3,3,1,0,0,1,0
Gundavali,7,18-25,Other,4-5x/week,Education,Shared Auto,3,2,2,2,2,0,0,1,0,0
Gundavali,7,36-45,Business,Daily,Other,Shared Auto,4,3,3,2,2,0,0,0,1,1
Gundavali,7,26-35,Business,Daily,Education,Shared Auto,3,3,3,3,2,0,0,0,1,1
Gundavali,7,26-35,Student,4-5x/week,Office,Shared Auto,4,3,3,3,3,0,1,0,1,1
Gundavali,7,26-35,Student,2-3x/week,Office,Shared Auto,4,3,2,2,2,0,1,1,1,1
Gundavali,7,26-35,IT/Tech,2-3x/week,Office,Shared Auto,3,2,3,2,3,1,1,1,1,1
Gundavali,7,18-25,IT/Tech,Daily,Office,Shared Auto,4,3,3,3,2,0,0,1,1,1
Gundavali,7,26-35,IT/Tech,Daily,Leisure,Shared Auto,5,2,3,2,2,0,0,1,1,0
Gundavali,7,46-60,Business,4-5x/week,Shopping,Shared Auto,5,4,3,3,3,1,1,1,0,1
Gundavali,7,26-35,Business,2-3x/week,Office,Shared Auto,4,3,4,3,3,1,0,1,1,1
Gundavali,7,18-25,Other,Weekly,Office,Shared Auto,4,3,4,3,3,1,0,0,0,0
Gundavali,7,46-60,Business,4-5x/week,Other,Shared Auto,3,2,3,3,3,0,0,0,1,0
Gundavali,7,18-25,IT/Tech,Daily,Office,Shared Auto,4,3,3,2,3,0,1,1,0,1
Gundavali,7,36-45,IT/Tech,2-3x/week,Education,Shared Auto,5,3,2,3,2,1,0,1,1,1
Gundavali,7,18-25,Other,4-5x/week,Leisure,Shared Auto,4,3,3,3,2,0,0,0,1,1
Gundavali,7,36-45,IT/Tech,Daily,Office,Shared Auto,4,3,3,2,3,1,0,0,0,0
Gundavali,7,46-60,IT/Tech,Daily,Office,Shared Auto,4,3,3,2,3,0,1,1,1,0
Gundavali,7,18-25,Service,4-5x/week,Office,Shared Auto,4,2,3,3,3,1,0,0,0,1
Gundavali,7,36-45,IT/Tech,Daily,Office,Shared Auto,3,3,3,2,2,1,0,0,0,0
Gundavali,7,26-35,Service,Daily,Education,Shared Auto,4,3,4,2,3,1,0,0,0,1
Gundavali,7,36-45,IT/Tech,4-5x/week,Leisure,Shared Auto,4,2,3,2,2,1,1,0,0,0
Gundavali,7,36-45,Student,Daily,Education,Shared Auto,5,3,3,3,3,0,0,0,0,0
Gundavali,7,36-45,Other,Daily,Shopping,Shared Auto,4,3,3,3,3,1,0,0,0,1
Gundavali,7,46-60,Business,4-5x/week,Office,Shared Auto,4,3,3,2,3,0,0,0,0,0
Gundavali,7,26-35,IT/Tech,4-5x/week,Leisure,Shared Auto,3,2,3,2,2,1,0,0,0,1
Gundavali,7,36-45,Service,Rarely,Shopping,Shared Auto,3,3,3,3,3,0,0,0,1,0
Gundavali,7,36-45,Student,4-5x/week,Education,Shared Auto,4,3,3,2,3,1,1,0,0,1
Gundavali,7,26-35,IT/Tech,Daily,Shopping,Shared Auto,4,2,4,3,3,0,0,1,0,0
Gundavali,7,18-25,Service,Weekly,Leisure,Shared Auto,3,3,3,3,3,0,0,1,1,0
Gundavali,7,18-25,Service,Rarely,Education,Shared Auto,3,2,2,2,2,0,0,1,1,0
Gundavali,7,36-45,Other,Daily,Leisure,Shared Auto,3,4,3,2,2,1,1,0,0,0
Gundavali,7,26-35,Business,Daily,Other,Shared Auto,3,3,3,2,3,0,0,0,1,1
Gundavali,7,46-60,Service,Daily,Office,Shared Auto,4,2,3,2,3,0,1,0,0,0
Gundavali,7,18-25,Student,4-5x/week,Office,Shared Auto,4,3,3,3,3,0,0,0,1,1
Gundavali,7,18-25,Service,4-5x/week,Office,Shared Auto,3,3,2,2,2,0,0,0,1,1
Gundavali,7,26-35,Student,Daily,Leisure,Shared Auto,4,3,3,2,2,1,0,0,0,0
Gundavali,7,36-45,Service,2-3x/week,Education,Shared Auto,4,2,3,2,3,1,0,0,0,1
Gundavali,7,36-45,IT/Tech,Weekly,Office,Shared Auto,4,3,3,2,3,1,1,1,0,0
Gundavali,7,18-25,IT/Tech,4-5x/week,Office,Shared Auto,4,2,2,3,3,0,1,0,0,0
Gundavali,7,26-35,Service,Weekly,Office,Shared Auto,4,3,3,2,3,1,1,0,1,1
Gundavali,7,36-45,Service,Daily,Office,Shared Auto,4,3,3,2,3,0,0,0,1,1
Gundavali,7,26-35,IT/Tech,2-3x/week,Office,Shared Auto,4,4,2,2,3,0,0,0,0,1
Gundavali,7,26-35,Student,Daily,Office,Shared Auto,4,2,3,3,3,0,1,1,0,0
Gundavali,7,18-25,Service,4-5x/week,Shopping,Shared Auto,3,3,4,3,3,1,1,1,0,0
Gundavali,7,26-35,Business,Daily,Leisure,Shared Auto,3,3,3,2,3,0,0,1,0,0
Gundavali,7,26-35,Service,Weekly,Education,Shared Auto,3,2,3,3,2,0,0,0,0,0
Gundavali,7,36-45,Business,Daily,Leisure,Shared Auto,4,2,4,2,3,0,1,1,0,1
Gundavali,7,36-45,IT/Tech,4-5x/week,Office,Shared Auto,3,2,3,3,3,1,0,0,0,0
Gundavali,7,36-45,Service,4-5x/week,Other,Shared Auto,3,3,3,3,3,0,1,1,1,1
Gundavali,7,26-35,Other,4-5x/week,Education,Shared Auto,4,3,4,3,3,0,0,0,0,0
Gundavali,7,36-45,Other,2-3x/week,Office,Shared Auto,3,2,3,2,2,0,0,0,0,1
Gundavali,7,26-35,IT/Tech,Daily,Office,Shared Auto,3,3,3,3,2,1,1,0,1,0
Gundavali,7,26-35,Service,Daily,Office,Shared Auto,4,3,3,1,3,0,0,0,1,1
Gundavali,7,18-25,Service,Daily,Office,Shared Auto,4,3,3,2,3,0,0,1,0,0
Gundavali,7,26-35,Student,4-5x/week,Shopping,Shared Auto,4,3,3,3,3,1,0,0,0,1
Gundavali,7,26-35,IT/Tech,Daily,Shopping,Shared Auto,4,3,2,3,3,0,1,0,0,0
Gundavali,7,36-45,IT/Tech,2-3x/week,Office,Shared Auto,3,3,2,2,2,0,0,0,1,1
Gundavali,7,26-35,Business,2-3x/week,Office,Shared Auto,3,2,2,2,2,0,0,1,0,1
Gundavali,7,26-35,Service,Daily,Leisure,Shared Auto,4,4,3,2,3,0,0,1,0,1
Gundavali,7,18-25,Service,Daily,Office,Shared Auto,4,2,3,3,4,0,0,0,0,1
Gundavali,7,26-35,Student,4-5x/week,Office,Shared Auto,5,3,3,2,3,0,1,0,0,1
Gundavali,7,46-60,IT/Tech,Rarely,Office,Shared Auto,3,3,3,3,3,0,0,0,0,1
Gundavali,7,36-45,Service,4-5x/week,Office,Shared Auto,3,3,2,2,2,0,0,0,1,0
Gundavali,7,18-25,Service,Rarely,Education,Shared Auto,3,3,2,3,3,0,0,1,0,0
Gundavali,7,18-25,Business,Daily,Education,Shared Auto,4,3,4,2,3,0,0,0,0,1
Gundavali,7,60+,IT/Tech,4-5x/week,Office,Shared Auto,4,3,2,3,2,0,1,1,1,1
Gundavali,7,18-25,Other,4-5x/week,Office,Shared Auto,4,4,3,2,3,1,1,0,1,0
Gundavali,7,60+,Business,Daily,Office,Shared Auto,2,3,2,3,3,0,0,1,1,1
Gundavali,7,18-25,Business,Daily,Office,Shared Auto,4,2,3,3,2,0,1,1,1,1
Aarey JVLR,3,18-25,IT/Tech,4-5x/week,Office,E-Rickshaw,3,1,1,2,1,1,1,1,0,1
Aarey JVLR,3,26-35,Service,2-3x/week,Office,E-Rickshaw,2,1,1,4,1,1,0,1,1,0
Aarey JVLR,3,18-25,IT/Tech,4-5x/week,Office,E-Rickshaw,2,2,1,3,1,1,1,1,1,0
Aarey JVLR,3,18-25,IT/Tech,Daily,Shopping,E-Rickshaw,2,1,1,3,2,0,1,1,0,0
Aarey JVLR,3,46-60,Student,4-5x/week,Education,E-Rickshaw,4,1,1,2,1,1,1,0,0,0
Aarey JVLR,3,36-45,IT/Tech,Weekly,Shopping,E-Rickshaw,2,1,1,4,1,0,1,1,1,0
Aarey JVLR,3,60+,Business,4-5x/week,Shopping,E-Rickshaw,3,1,2,4,1,1,0,0,0,1
Aarey JVLR,3,26-35,Service,Daily,Office,E-Rickshaw,3,1,1,2,1,1,1,1,1,0
Aarey JVLR,3,26-35,IT/Tech,4-5x/week,Office,E-Rickshaw,2,1,1,3,1,1,1,1,1,0
Aarey JVLR,3,18-25,Business,Daily,Office,E-Rickshaw,3,1,1,3,1,1,1,1,1,0
Aarey JVLR,3,26-35,IT/Tech,4-5x/week,Other,E-Rickshaw,3,1,1,3,2,1,1,1,0,0
Aarey JVLR,3,26-35,Business,4-5x/week,Office,E-Rickshaw,2,2,1,3,1,1,1,1,0,1
Aarey JVLR,3,36-45,IT/Tech,Rarely,Office,E-Rickshaw,3,1,1,3,1,0,1,1,0,0
Aarey JVLR,3,60+,Other,4-5x/week,Office,E-Rickshaw,3,2,1,4,1,1,1,1,1,0
Aarey JVLR,3,26-35,Service,Daily,Shopping,E-Rickshaw,3,1,1,3,1,0,1,1,0,0
Aarey JVLR,3,26-35,IT/Tech,Weekly,Office,E-Rickshaw,2,1,1,3,1,1,1,1,1,0
Aarey JVLR,3,36-45,IT/Tech,Rarely,Education,E-Rickshaw,3,1,1,3,1,1,1,1,0,0
Aarey JVLR,3,18-25,Service,2-3x/week,Other,E-Rickshaw,2,1,1,4,1,1,1,1,0,0
Aarey JVLR,3,26-35,Service,4-5x/week,Office,E-Rickshaw,2,1,1,3,1,1,1,1,0,0
Aarey JVLR,3,18-25,IT/Tech,2-3x/week,Shopping,E-Rickshaw,3,1,1,4,1,1,1,1,0,0
Aarey JVLR,3,36-45,Service,2-3x/week,Office,E-Rickshaw,3,1,1,3,1,1,1,1,1,0
Aarey JVLR,3,18-25,IT/Tech,Weekly,Office,E-Rickshaw,4,2,1,4,1,1,1,1,0,0
Aarey JVLR,3,18-25,Other,4-5x/week,Office,E-Rickshaw,2,1,1,3,1,1,1,1,0,0
Aarey JVLR,3,36-45,IT/Tech,4-5x/week,Office,E-Rickshaw,2,1,1,3,1,1,1,1,1,1
Aarey JVLR,3,26-35,IT/Tech,Daily,Office,E-Rickshaw,3,1,1,3,1,1,1,1,0,0
Aarey JVLR,3,36-45,IT/Tech,Daily,Other,E-Rickshaw,2,2,1,4,1,0,1,1,1,0
Aarey JVLR,3,18-25,Student,Daily,Shopping,E-Rickshaw,2,1,1,3,1,1,1,1,1,0
Aarey JVLR,3,26-35,Service,Daily,Shopping,E-Rickshaw,3,1,1,3,1,1,1,1,0,1
Aarey JVLR,3,36-45,Student,Weekly,Shopping,E-Rickshaw,2,1,1,3,1,0,1,1,0,0
Aarey JVLR,3,18-25,Student,4-5x/week,Other,E-Rickshaw,3,1,1,4,1,1,0,1,0,0
Aarey JVLR,3,36-45,IT/Tech,2-3x/week,Office,E-Rickshaw,3,1,1,3,2,1,1,1,0,0
Aarey JVLR,3,60+,Service,4-5x/week,Office,E-Rickshaw,3,1,2,2,1,1,1,1,1,0
Aarey JVLR,3,26-35,Student,Daily,Leisure,E-Rickshaw,2,1,1,3,1,1,1,1,0,1
Aarey JVLR,3,18-25,Business,Daily,Education,E-Rickshaw,2,1,1,3,1,1,1,1,1,0
Aarey JVLR,3,18-25,Service,4-5x/week,Office,E-Rickshaw,3,1,2,3,2,1,1,1,0,0
Aarey JVLR,3,26-35,Service,Weekly,Office,E-Rickshaw,3,1,1,3,1,1,0,1,0,0
Aarey JVLR,3,46-60,Business,Weekly,Office,E-Rickshaw,3,1,1,3,1,1,1,1,0,0
Aarey JVLR,3,26-35,Business,2-3x/week,Office,E-Rickshaw,3,2,1,3,1,1,0,1,1,0
Aarey JVLR,3,36-45,Service,Daily,Office,E-Rickshaw,3,1,1,3,1,1,1,1,1,0
Aarey JVLR,3,46-60,Other,4-5x/week,Education,E-Rickshaw,3,1,1,3,1,1,0,1,0,1
Aarey JVLR,3,46-60,Business,Daily,Office,E-Rickshaw,2,1,2,3,1,1,1,1,0,0
Aarey JVLR,3,18-25,IT/Tech,4-5x/week,Shopping,E-Rickshaw,2,1,1,4,1,1,1,1,1,0
Aarey JVLR,3,18-25,Student,4-5x/week,Office,E-Rickshaw,3,1,1,3,1,0,1,1,1,0
Aarey JVLR,3,36-45,Other,4-5x/week,Education,E-Rickshaw,3,1,1,3,1,1,1,1,0,0
Aarey JVLR,3,46-60,IT/Tech,Daily,Education,E-Rickshaw,3,1,2,3,1,1,1,1,0,0
Aarey JVLR,3,26-35,IT/Tech,2-3x/week,Office,E-Rickshaw,2,1,1,4,1,1,1,1,0,0
Aarey JVLR,3,26-35,IT/Tech,Daily,Education,E-Rickshaw,3,1,2,3,1,1,1,1,1,1
Aarey JVLR,3,18-25,Service,Daily,Leisure,E-Rickshaw,3,2,1,3,1,1,1,1,0,0
Aarey JVLR,3,26-35,Service,4-5x/week,Other,E-Rickshaw,3,1,1,4,1,1,1,1,0,0
Aarey JVLR,3,36-45,Student,Daily,Education,E-Rickshaw,3,2,1,3,1,1,1,1,0,0
Aarey JVLR,3,18-25,Student,4-5x/week,Education,E-Rickshaw,2,1,1,4,1,1,1,1,1,1
Aarey JVLR,3,26-35,Service,Daily,Shopping,E-Rickshaw,3,1,1,3,2,1,1,1,1,0
Aarey JVLR,3,26-35,IT/Tech,Daily,Office,E-Rickshaw,3,1,1,4,1,1,1,1,0,0
Aarey JVLR,3,36-45,Service,Daily,Office,E-Rickshaw,3,1,1,3,1,1,0,1,1,0
Aarey JVLR,3,26-35,IT/Tech,4-5x/week,Leisure,E-Rickshaw,2,1,1,4,1,1,1,1,0,0
Aarey JVLR,3,26-35,IT/Tech,Daily,Leisure,E-Rickshaw,3,1,1,3,1,1,1,1,1,0
Aarey JVLR,3,26-35,Business,Daily,Office,E-Rickshaw,3,1,1,3,1,0,1,1,1,0
Aarey JVLR,3,36-45,IT/Tech,2-3x/week,Education,E-Rickshaw,2,1,1,3,1,0,1,1,0,0
Aarey JVLR,3,46-60,Student,4-5x/week,Office,E-Rickshaw,2,1,1,4,1,1,0,1,1,0
Aarey JVLR,3,36-45,Service,4-5x/week,Other,E-Rickshaw,2,1,1,4,2,1,1,1,0,0
Aarey JVLR,3,36-45,Business,Daily,Education,E-Rickshaw,2,1,1,3,1,1,1,1,0,0
Aarey JVLR,3,60+,Business,Daily,Office,E-Rickshaw,3,1,1,3,1,0,0,1,0,0
Aarey JVLR,3,46-60,Service,Rarely,Shopping,E-Rickshaw,3,1,1,3,2,1,1,1,0,0
Aarey JVLR,3,18-25,Service,2-3x/week,Office,E-Rickshaw,2,2,1,4,1,1,1,1,1,0
Aarey JVLR,3,18-25,IT/Tech,Daily,Office,E-Rickshaw,2,1,2,3,1,1,1,1,1,0
Aarey JVLR,3,36-45,Student,Daily,Leisure,E-Rickshaw,2,1,1,3,1,1,1,1,0,0
Aarey JVLR,3,26-35,Business,Daily,Shopping,E-Rickshaw,2,2,1,4,1,1,1,1,0,1
Aarey JVLR,3,26-35,Business,4-5x/week,Leisure,E-Rickshaw,3,1,2,3,2,1,1,1,0,1
Aarey JVLR,3,26-35,Business,4-5x/week,Leisure,E-Rickshaw,3,1,1,3,1,1,1,1,1,0
Aarey JVLR,3,18-25,Student,4-5x/week,Education,E-Rickshaw,3,1,1,3,2,1,0,1,0,0
Aarey JVLR,3,60+,IT/Tech,4-5x/week,Office,E-Rickshaw,3,2,1,3,1,1,1,0,1,0
Aarey JVLR,3,36-45,Other,2-3x/week,Shopping,E-Rickshaw,3,1,1,3,1,1,1,1,1,1
Aarey JVLR,3,36-45,Student,2-3x/week,Education,E-Rickshaw,2,1,1,3,1,1,1,1,0,0
Aarey JVLR,3,36-45,Student,Daily,Office,E-Rickshaw,3,1,1,3,1,1,1,1,1,0
Aarey JVLR,3,26-35,Student,4-5x/week,Office,E-Rickshaw,3,1,1,3,1,1,1,1,0,0
Aarey JVLR,3,26-35,IT/Tech,4-5x/week,Shopping,E-Rickshaw,2,1,1,3,1,0,1,1,1,0
Aarey JVLR,3,36-45,IT/Tech,4-5x/week,Shopping,E-Rickshaw,3,1,1,3,1,1,1,1,1,0
Aarey JVLR,3,18-25,Service,Daily,Office,E-Rickshaw,3,1,2,3,1,1,0,1,0,0
Aarey JVLR,3,26-35,Student,4-5x/week,Shopping,E-Rickshaw,3,1,1,3,1,1,0,1,0,0
Aarey JVLR,3,18-25,Service,4-5x/week,Office,E-Rickshaw,3,1,1,2,1,1,1,1,0,0
Aarey JVLR,3,26-35,Service,Daily,Office,E-Rickshaw,2,2,1,3,1,1,1,1,0,0
Aarey JVLR,3,46-60,Service,Rarely,Leisure,E-Rickshaw,3,1,1,3,1,1,0,1,0,0
Aarey JVLR,3,36-45,Student,Daily,Office,E-Rickshaw,3,1,1,3,1,0,1,1,0,0
Aarey JVLR,3,46-60,IT/Tech,4-5x/week,Office,E-Rickshaw,3,1,1,3,1,1,1,1,1,0
Aarey JVLR,3,26-35,Business,4-5x/week,Office,E-Rickshaw,3,1,1,3,1,1,1,1,0,0
Aarey JVLR,3,36-45,Business,Daily,Education,E-Rickshaw,3,1,1,3,1,1,1,1,0,0
Aarey JVLR,3,36-45,Student,Weekly,Other,E-Rickshaw,4,1,1,3,2,1,1,1,0,0
Aarey JVLR,3,26-35,IT/Tech,Daily,Leisure,E-Rickshaw,3,1,1,3,1,1,1,1,1,0
Aarey JVLR,3,18-25,Other,Daily,Office,E-Rickshaw,3,1,2,3,1,1,1,1,0,0
Aarey JVLR,3,18-25,IT/Tech,Weekly,Office,E-Rickshaw,3,1,1,3,1,1,1,0,0,0
Aarey JVLR,3,18-25,Student,4-5x/week,Office,E-Rickshaw,2,1,1,3,1,1,1,1,1,0
Aarey JVLR,3,18-25,IT/Tech,Daily,Office,E-Rickshaw,3,1,1,3,1,1,1,1,1,0
Aarey JVLR,3,36-45,IT/Tech,2-3x/week,Other,E-Rickshaw,3,1,1,2,1,1,1,1,1,0
Aarey JVLR,3,26-35,IT/Tech,Weekly,Office,E-Rickshaw,3,1,1,3,1,1,1,1,0,0
Aarey JVLR,3,36-45,Service,4-5x/week,Office,E-Rickshaw,3,2,1,3,1,1,1,1,0,0
Aarey JVLR,3,18-25,Business,Daily,Other,E-Rickshaw,2,2,1,3,1,1,0,1,0,0
Aarey JVLR,3,18-25,IT/Tech,Weekly,Office,E-Rickshaw,3,2,1,3,1,0,1,1,1,0
Aarey JVLR,3,36-45,Student,4-5x/week,Office,E-Rickshaw,3,1,1,3,2,1,1,1,0,0
Aarey JVLR,3,46-60,Business,2-3x/week,Office,E-Rickshaw,3,1,2,3,1,1,1,1,1,1
Aarey JVLR,3,46-60,Business,2-3x/week,Office,E-Rickshaw,3,1,1,4,1,1,1,1,1,0
Aarey JVLR,3,26-35,Service,4-5x/week,Office,E-Rickshaw,3,1,1,4,1,1,1,1,0,0
Aarey JVLR,3,26-35,Service,Daily,Shopping,E-Rickshaw,2,1,1,3,1,1,1,1,0,0
Aarey JVLR,3,18-25,Service,Daily,Office,E-Rickshaw,4,2,1,3,1,1,1,1,0,0
Aarey JVLR,3,26-35,Other,4-5x/week,Office,E-Rickshaw,2,1,1,3,1,1,1,1,1,0
Aarey JVLR,3,18-25,Student,Daily,Office,E-Rickshaw,1,1,1,3,1,1,1,1,0,0
Aarey JVLR,3,18-25,Service,2-3x/week,Education,E-Rickshaw,3,1,1,2,1,1,1,1,0,0
Aarey JVLR,3,18-25,Business,Daily,Office,E-Rickshaw,2,1,1,4,1,1,1,1,1,0
Aarey JVLR,3,26-35,Service,Daily,Office,E-Rickshaw,2,1,1,3,1,0,1,1,0,0
Aarey JVLR,3,36-45,IT/Tech,4-5x/week,Office,E-Rickshaw,3,1,1,3,1,1,1,1,0,0
Aarey JVLR,3,18-25,IT/Tech,Rarely,Office,E-Rickshaw,2,1,1,3,1,1,1,1,1,0
Aarey JVLR,3,36-45,Student,Daily,Office,E-Rickshaw,3,1,1,3,1,1,1,1,0,0
Aarey JVLR,3,46-60,IT/Tech,Weekly,Other,E-Rickshaw,3,1,2,3,1,1,0,1,1,0
Aarey JVLR,3,60+,Student,Daily,Shopping,E-Rickshaw,3,1,1,3,1,0,1,1,0,0
Aarey JVLR,3,26-35,Student,Weekly,Office,E-Rickshaw,3,1,1,3,1,1,1,1,0,0
Aarey JVLR,3,18-25,IT/Tech,4-5x/week,Education,E-Rickshaw,4,1,1,3,1,1,0,0,0,1
Aarey JVLR,3,60+,Business,2-3x/week,Office,E-Rickshaw,3,1,1,3,1,1,1,1,1,0
Aarey JVLR,3,60+,Student,Daily,Leisure,E-Rickshaw,3,1,1,4,1,1,0,1,1,0
SEEPZ,3,46-60,Student,Daily,Shopping,Shared Auto,3,2,1,2,3,0,1,1,1,0
SEEPZ,3,18-25,Business,Weekly,Office,Shared Auto,3,3,1,2,2,0,0,0,1,1
SEEPZ,3,26-35,Service,Rarely,Education,Shared Auto,4,2,2,2,3,1,0,0,1,1
SEEPZ,3,18-25,Business,Daily,Leisure,Shared Auto,3,1,2,2,3,1,1,0,1,1
SEEPZ,3,26-35,Business,Daily,Office,Shared Auto,4,2,2,2,2,1,1,1,0,0
SEEPZ,3,46-60,Student,2-3x/week,Office,Shared Auto,3,2,2,2,3,1,1,1,1,0
SEEPZ,3,36-45,IT/Tech,Daily,Office,Shared Auto,3,1,2,2,3,1,0,1,0,1
SEEPZ,3,46-60,Student,2-3x/week,Office,Shared Auto,3,2,1,2,3,0,1,1,1,0
SEEPZ,3,26-35,Business,Daily,Shopping,Shared Auto,3,2,1,2,3,0,1,0,1,1
SEEPZ,3,18-25,Student,Daily,Office,Shared Auto,5,2,2,3,3,1,1,1,0,0
SEEPZ,3,26-35,Student,Daily,Office,Shared Auto,3,2,2,2,2,0,1,0,1,1
SEEPZ,3,18-25,Service,Weekly,Office,Shared Auto,4,2,1,3,3,1,0,0,1,0
SEEPZ,3,26-35,Service,4-5x/week,Shopping,Shared Auto,3,2,2,2,3,1,0,0,1,1
SEEPZ,3,26-35,Business,2-3x/week,Education,Shared Auto,4,1,1,2,3,1,0,0,1,1
SEEPZ,3,46-60,Business,Daily,Office,Shared Auto,3,2,2,2,3,1,0,0,1,1
SEEPZ,3,36-45,IT/Tech,Daily,Office,Shared Auto,2,2,2,3,2,1,0,1,1,0
SEEPZ,3,26-35,Service,2-3x/week,Other,Shared Auto,3,2,2,2,3,1,1,1,1,1
SEEPZ,3,18-25,Student,Daily,Office,Shared Auto,3,2,2,3,2,1,0,0,0,1
SEEPZ,3,36-45,Service,2-3x/week,Office,Shared Auto,3,2,1,3,3,0,0,1,0,1
SEEPZ,3,36-45,Service,Daily,Office,Shared Auto,3,2,1,3,3,1,1,0,1,0
SEEPZ,3,26-35,Business,Daily,Leisure,Shared Auto,3,2,2,2,2,0,0,0,1,1
SEEPZ,3,36-45,Other,4-5x/week,Office,Shared Auto,3,2,2,3,2,1,0,1,1,1
SEEPZ,3,26-35,Service,Daily,Shopping,Shared Auto,3,2,2,3,3,1,0,1,1,1
SEEPZ,3,26-35,IT/Tech,Rarely,Leisure,Shared Auto,3,2,2,2,3,0,1,0,1,1
SEEPZ,3,60+,Business,Daily,Office,Shared Auto,4,2,1,2,2,0,1,0,0,1
SEEPZ,3,26-35,Student,Daily,Office,Shared Auto,3,2,1,2,2,1,1,0,0,1
SEEPZ,3,46-60,Student,Daily,Leisure,Shared Auto,3,2,2,3,3,1,0,1,1,1
SEEPZ,3,26-35,Service,4-5x/week,Office,Shared Auto,3,2,2,3,3,1,1,0,0,1
SEEPZ,3,26-35,IT/Tech,4-5x/week,Office,Shared Auto,4,2,2,3,2,1,0,1,1,1
SEEPZ,3,36-45,Service,Daily,Office,Shared Auto,2,2,1,1,2,1,1,1,1,0
SEEPZ,3,18-25,Student,Daily,Leisure,Shared Auto,3,1,1,3,2,1,1,1,1,1
SEEPZ,3,26-35,IT/Tech,4-5x/week,Office,Shared Auto,3,1,2,2,2,1,0,1,0,1
SEEPZ,3,26-35,Service,Weekly,Shopping,Shared Auto,4,3,1,3,2,1,1,0,0,1
SEEPZ,3,36-45,Student,Daily,Shopping,Shared Auto,4,2,1,3,2,1,1,0,1,1
SEEPZ,3,26-35,IT/Tech,2-3x/week,Shopping,Shared Auto,3,2,1,2,2,1,1,0,1,1
SEEPZ,3,36-45,Student,4-5x/week,Leisure,Shared Auto,3,3,2,3,3,1,0,0,0,0
SEEPZ,3,18-25,Student,Daily,Office,Shared Auto,3,2,2,2,2,0,1,1,0,1
SEEPZ,3,46-60,IT/Tech,2-3x/week,Shopping,Shared Auto,3,2,2,2,3,1,0,1,0,0
SEEPZ,3,36-45,Service,Daily,Office,Shared Auto,4,2,2,3,3,1,1,1,1,0
SEEPZ,3,26-35,Other,2-3x/week,Office,Shared Auto,3,2,2,3,2,1,0,1,0,1
SEEPZ,3,36-45,Service,Weekly,Office,Shared Auto,4,2,1,3,2,1,1,0,0,0
SEEPZ,3,26-35,IT/Tech,Daily,Office,Shared Auto,3,2,2,2,3,1,1,1,0,1
SEEPZ,3,18-25,Other,Daily,Shopping,Shared Auto,3,2,2,2,2,0,0,0,1,1
SEEPZ,3,26-35,IT/Tech,Rarely,Office,Shared Auto,3,2,2,2,3,1,1,0,1,1
SEEPZ,3,36-45,Business,4-5x/week,Leisure,Shared Auto,3,2,2,3,3,1,1,0,1,1
SEEPZ,3,46-60,Business,Daily,Office,Shared Auto,3,2,2,2,2,0,0,0,0,1
SEEPZ,3,26-35,Service,2-3x/week,Office,Shared Auto,4,2,2,3,3,1,1,1,0,0
SEEPZ,3,36-45,Service,Daily,Education,Shared Auto,3,2,2,2,2,1,1,0,0,0
SEEPZ,3,46-60,IT/Tech,Daily,Office,Shared Auto,3,2,1,2,3,1,1,0,0,1
SEEPZ,3,36-45,Business,Daily,Office,Shared Auto,4,2,1,2,2,1,0,0,0,0
SEEPZ,3,36-45,Service,Weekly,Other,Shared Auto,4,2,2,2,3,1,1,0,1,0
SEEPZ,3,26-35,Student,4-5x/week,Education,Shared Auto,4,2,2,2,3,0,0,1,1,1
SEEPZ,3,18-25,IT/Tech,Daily,Shopping,Shared Auto,2,2,1,3,2,1,0,0,1,0
SEEPZ,3,36-45,IT/Tech,4-5x/week,Education,Shared Auto,3,2,2,3,3,0,1,1,1,0
SEEPZ,3,46-60,IT/Tech,Daily,Leisure,Shared Auto,3,2,1,3,3,0,0,0,1,1
MIDC,3,26-35,Other,Rarely,Shopping,Shared Auto,3,2,2,4,2,1,0,0,1,0
MIDC,3,26-35,Service,2-3x/week,Leisure,Shared Auto,4,1,2,3,3,1,1,1,0,1
MIDC,3,36-45,Service,Daily,Other,Shared Auto,3,1,2,4,2,1,1,1,0,1
MIDC,3,46-60,IT/Tech,4-5x/week,Office,Shared Auto,3,1,2,4,2,1,1,1,0,0
MIDC,3,18-25,Other,Weekly,Shopping,Shared Auto,4,1,2,5,2,0,1,0,1,1
MIDC,3,26-35,IT/Tech,2-3x/week,Office,Shared Auto,4,1,1,4,3,1,0,1,0,1
MIDC,3,36-45,Student,2-3x/week,Office,Shared Auto,3,1,2,4,2,0,0,0,0,1
MIDC,3,18-25,Student,4-5x/week,Office,Shared Auto,3,1,2,3,2,1,0,1,0,0
MIDC,3,46-60,Business,Daily,Leisure,Shared Auto,2,1,3,4,3,1,0,0,0,1
MIDC,3,18-25,IT/Tech,2-3x/week,Education,Shared Auto,3,1,2,4,2,1,1,1,0,0
MIDC,3,36-45,Service,2-3x/week,Office,Shared Auto,3,2,1,4,3,0,1,1,0,1
MIDC,3,26-35,Other,2-3x/week,Leisure,Shared Auto,3,1,3,4,2,0,0,1,0,1
MIDC,3,18-25,IT/Tech,Weekly,Education,Shared Auto,3,1,1,5,3,1,1,1,0,1
MIDC,3,26-35,IT/Tech,Weekly,Education,Shared Auto,3,1,3,4,3,1,1,0,0,1
MIDC,3,36-45,Student,4-5x/week,Office,Shared Auto,3,1,2,4,2,1,1,0,0,1
MIDC,3,46-60,Other,Daily,Office,Shared Auto,4,1,2,3,3,1,1,1,0,0
MIDC,3,18-25,IT/Tech,Daily,Other,Shared Auto,3,1,2,3,2,1,0,1,1,1
MIDC,3,46-60,Service,Daily,Office,Shared Auto,4,1,3,4,3,0,0,1,0,1
MIDC,3,26-35,Service,Daily,Education,Shared Auto,4,1,2,4,2,1,1,1,0,0
MIDC,3,18-25,Service,4-5x/week,Office,Shared Auto,3,2,2,4,2,1,0,1,0,1
MIDC,3,26-35,IT/Tech,Daily,Shopping,Shared Auto,2,1,2,4,2,1,1,0,0,1
MIDC,3,46-60,Student,Daily,Leisure,Shared Auto,4,1,2,3,2,0,0,1,0,0
MIDC,3,46-60,Service,2-3x/week,Office,Shared Auto,4,2,2,4,3,1,0,1,0,1
MIDC,3,18-25,IT/Tech,Daily,Office,Shared Auto,3,1,2,4,3,1,0,0,1,0
MIDC,3,26-35,Other,4-5x/week,Other,Shared Auto,4,1,2,4,2,1,1,0,0,0
MIDC,3,18-25,Service,Rarely,Shopping,Shared Auto,3,2,2,4,2,0,1,1,1,1
MIDC,3,26-35,Service,Daily,Office,Shared Auto,3,1,3,4,2,1,1,1,0,0
MIDC,3,18-25,Student,2-3x/week,Education,Shared Auto,4,2,2,4,2,0,1,0,0,1
MIDC,3,18-25,Business,Daily,Leisure,Shared Auto,2,1,2,4,2,1,1,1,0,1
MIDC,3,26-35,IT/Tech,4-5x/week,Other,Shared Auto,3,1,2,4,1,0,1,0,1,1
MIDC,3,36-45,Student,2-3x/week,Office,Shared Auto,3,2,2,4,2,0,1,0,0,0
MIDC,3,18-25,Student,Daily,Office,Shared Auto,3,1,2,4,2,0,0,1,0,1
MIDC,3,26-35,Business,2-3x/week,Office,Shared Auto,3,1,2,4,2,1,1,1,0,0
MIDC,3,26-35,IT/Tech,Daily,Shopping,Shared Auto,4,1,2,4,2,1,1,0,0,1
MIDC,3,36-45,Service,2-3x/week,Office,Shared Auto,4,2,2,3,2,1,0,1,0,0
MIDC,3,18-25,Business,4-5x/week,Office,Shared Auto,3,1,1,4,2,1,1,0,0,0
MIDC,3,26-35,Service,4-5x/week,Office,Shared Auto,4,1,2,4,2,0,1,1,0,0
MIDC,3,18-25,Business,Daily,Office,Shared Auto,3,1,2,3,3,1,0,1,0,1
MIDC,3,26-35,Student,4-5x/week,Other,Shared Auto,4,1,3,3,2,0,1,1,0,1
MIDC,3,36-45,IT/Tech,4-5x/week,Office,Shared Auto,3,2,2,4,3,0,1,0,1,0
MIDC,3,36-45,Student,4-5x/week,Leisure,Shared Auto,3,1,2,3,3,1,1,1,1,0
MIDC,3,46-60,Business,4-5x/week,Shopping,Shared Auto,3,1,2,4,2,1,1,1,1,0
MIDC,3,26-35,Other,Daily,Office,Shared Auto,4,1,2,4,2,0,1,1,0,1
MIDC,3,36-45,IT/Tech,Daily,Leisure,Shared Auto,3,1,3,4,2,1,0,1,0,1
MIDC,3,26-35,Service,Daily,Office,Shared Auto,4,1,2,4,3,1,1,1,0,0
MIDC,3,26-35,Other,2-3x/week,Office,Shared Auto,4,1,2,3,2,1,0,1,0,1
MIDC,3,36-45,IT/Tech,Weekly,Education,Shared Auto,4,1,2,4,2,1,0,1,0,1
MIDC,3,46-60,IT/Tech,Weekly,Office,Shared Auto,3,2,2,4,2,0,1,0,0,1
MIDC,3,26-35,IT/Tech,Daily,Leisure,Shared Auto,3,2,2,3,2,1,0,1,0,0
MIDC,3,18-25,Service,Daily,Office,Shared Auto,3,1,2,4,3,0,1,0,1,1
MIDC,3,26-35,Service,Weekly,Shopping,Shared Auto,4,1,2,3,2,1,0,1,0,1
MIDC,3,60+,IT/Tech,Daily,Office,Shared Auto,3,1,1,3,2,1,0,0,0,1
MIDC,3,46-60,Service,2-3x/week,Office,Shared Auto,3,1,1,4,3,0,1,0,0,1
MIDC,3,18-25,Service,Daily,Education,Shared Auto,4,1,2,4,2,1,0,1,0,0
MIDC,3,46-60,IT/Tech,2-3x/week,Office,Shared Auto,3,2,2,4,3,1,1,1,0,1
MIDC,3,18-25,IT/Tech,2-3x/week,Shopping,Shared Auto,3,1,1,4,3,1,1,1,0,1
MIDC,3,26-35,Service,Daily,Education,Shared Auto,3,1,2,3,2,0,0,1,0,1
MIDC,3,26-35,Service,Weekly,Education,Shared Auto,3,2,2,4,2,1,0,0,0,1
MIDC,3,36-45,Student,Rarely,Office,Shared Auto,4,1,1,3,3,1,0,0,0,0
MIDC,3,18-25,IT/Tech,Daily,Other,Shared Auto,3,1,3,4,3,1,0,1,0,0
MIDC,3,36-45,Student,Rarely,Office,Shared Auto,4,1,2,4,3,1,1,0,0,1
MIDC,3,26-35,Student,Daily,Office,Shared Auto,3,1,2,3,3,0,1,1,0,1
MIDC,3,36-45,Other,4-5x/week,Shopping,Shared Auto,2,1,2,4,2,1,1,1,0,0
MIDC,3,26-35,Student,4-5x/week,Office,Shared Auto,3,1,2,4,2,0,1,1,0,1
MIDC,3,46-60,IT/Tech,2-3x/week,Office,Shared Auto,3,1,3,4,2,1,0,1,1,1
MIDC,3,36-45,Service,Daily,Office,Shared Auto,3,1,1,3,3,1,1,1,1,1
MIDC,3,26-35,Service,2-3x/week,Office,Shared Auto,3,1,2,4,3,1,0,0,0,1
MIDC,3,46-60,IT/Tech,Weekly,Shopping,Shared Auto,3,1,2,4,3,1,0,0,0,0
MIDC,3,18-25,Student,4-5x/week,Office,Shared Auto,3,1,2,4,2,1,1,0,0,1
MIDC,3,26-35,IT/Tech,Daily,Other,Shared Auto,3,1,1,5,2,1,1,0,1,0
MIDC,3,26-35,Student,Daily,Education,Shared Auto,3,1,2,4,3,1,1,0,0,0
MIDC,3,26-35,Service,Weekly,Office,Shared Auto,2,1,1,4,2,1,1,1,0,1
MIDC,3,36-45,Service,Daily,Other,Shared Auto,4,1,2,5,3,1,1,0,0,1
MIDC,3,18-25,IT/Tech,Daily,Office,Shared Auto,3,2,2,4,3,0,0,1,0,1
MIDC,3,26-35,IT/Tech,Daily,Office,Shared Auto,4,2,2,4,2,1,1,1,0,1
MIDC,3,18-25,Student,2-3x/week,Office,Shared Auto,4,1,2,4,2,1,0,0,0,1
MIDC,3,60+,IT/Tech,Rarely,Shopping,Shared Auto,4,1,2,4,2,1,1,0,1,1
MIDC,3,18-25,IT/Tech,Daily,Office,Shared Auto,3,1,2,4,2,0,0,1,1,1
MIDC,3,46-60,IT/Tech,Daily,Education,Shared Auto,4,2,2,4,2,0,1,0,0,1
MIDC,3,46-60,Service,Rarely,Office,Shared Auto,3,1,1,4,3,0,1,0,0,1
MIDC,3,46-60,Student,2-3x/week,Shopping,Shared Auto,3,1,2,3,2,1,1,1,0,1
MIDC,3,46-60,Student,4-5x/week,Office,Shared Auto,3,2,2,4,3,0,1,0,0,1
MIDC,3,26-35,IT/Tech,4-5x/week,Leisure,Shared Auto,4,2,2,4,3,1,1,1,1,1
MIDC,3,18-25,Other,Daily,Leisure,Shared Auto,3,2,2,4,3,0,1,0,0,0
MIDC,3,46-60,Student,4-5x/week,Leisure,Shared Auto,3,1,1,4,3,1,1,1,0,1
MIDC,3,18-25,Business,Daily,Other,Shared Auto,2,1,2,4,2,1,1,0,0,0
MIDC,3,26-35,Service,Weekly,Other,Shared Auto,3,1,2,4,2,1,0,0,0,1
MIDC,3,60+,Service,4-5x/week,Education,Shared Auto,3,2,2,4,2,0,1,1,0,1
MIDC,3,46-60,Service,Daily,Office,Shared Auto,3,1,2,4,2,1,1,1,0,1
MIDC,3,18-25,Other,4-5x/week,Office,Shared Auto,4,2,3,4,2,1,0,0,0,1
MIDC,3,36-45,Service,Daily,Shopping,Shared Auto,3,1,1,4,3,0,0,0,0,1
MIDC,3,36-45,IT/Tech,Daily,Leisure,Shared Auto,3,1,2,4,2,1,0,1,1,1
MIDC,3,36-45,IT/Tech,Daily,Education,Shared Auto,3,1,2,4,3,0,0,0,1,0
MIDC,3,60+,Service,4-5x/week,Leisure,Shared Auto,3,1,2,4,2,1,1,0,0,0
MIDC,3,26-35,Service,4-5x/week,Office,Shared Auto,4,1,2,4,3,0,0,1,0,1
MIDC,3,46-60,Student,2-3x/week,Office,Shared Auto,2,1,2,4,2,1,1,1,0,0
MIDC,3,18-25,Business,2-3x/week,Shopping,Shared Auto,4,1,3,4,2,1,0,0,1,0
MIDC,3,26-35,IT/Tech,Daily,Shopping,Shared Auto,3,1,3,5,2,1,1,0,0,1
MIDC,3,26-35,Service,Daily,Education,Shared Auto,4,1,2,4,3,1,0,0,0,1
MIDC,3,18-25,IT/Tech,4-5x/week,Leisure,Shared Auto,3,2,1,3,2,1,1,0,1,0
MIDC,3,18-25,Other,2-3x/week,Office,Shared Auto,2,1,2,4,2,1,1,1,0,0
Marol Naka,3,26-35,IT/Tech,Weekly,Education,Shared Auto,3,3,3,3,3,0,0,0,0,1
Marol Naka,3,18-25,Service,Daily,Shopping,Shared Auto,4,2,3,4,3,0,0,1,0,1
Marol Naka,3,18-25,Student,Daily,Office,Shared Auto,4,2,3,3,3,1,1,0,0,1
Marol Naka,3,26-35,Student,2-3x/week,Education,Shared Auto,4,2,3,4,2,0,0,0,0,1
Marol Naka,3,26-35,IT/Tech,Rarely,Education,Shared Auto,4,2,3,4,3,0,1,1,0,0
Marol Naka,3,60+,Other,2-3x/week,Shopping,Shared Auto,4,3,3,4,3,1,0,0,0,1
Marol Naka,3,46-60,Service,Daily,Shopping,Shared Auto,4,2,2,3,3,1,1,1,0,1
Marol Naka,3,36-45,Business,Daily,Shopping,Shared Auto,3,2,3,3,4,0,1,1,0,1
Marol Naka,3,60+,Service,Rarely,Education,Shared Auto,4,2,3,3,3,0,0,1,0,0
Marol Naka,3,26-35,Service,Daily,Shopping,Shared Auto,3,3,3,4,3,0,1,0,0,1
Marol Naka,3,46-60,Business,Rarely,Shopping,Shared Auto,3,2,3,4,3,0,0,1,0,1
Marol Naka,3,36-45,Service,Rarely,Office,Shared Auto,5,3,3,4,3,0,0,0,1,0
Marol Naka,3,18-25,Other,Weekly,Education,Shared Auto,3,2,3,4,3,1,0,0,0,1
Marol Naka,3,26-35,IT/Tech,Daily,Education,Shared Auto,3,3,3,4,3,0,0,1,0,1
Marol Naka,3,18-25,Service,Daily,Office,Shared Auto,4,2,3,4,3,0,1,0,0,1
Marol Naka,3,26-35,Student,2-3x/week,Leisure,Shared Auto,3,3,3,4,4,0,0,0,0,1
Marol Naka,3,18-25,Other,4-5x/week,Education,Shared Auto,4,2,3,4,3,0,0,0,0,1
Marol Naka,3,18-25,Business,Rarely,Other,Shared Auto,4,3,3,3,3,0,0,1,0,0
Marol Naka,3,26-35,IT/Tech,2-3x/week,Education,Shared Auto,3,2,2,3,3,0,0,0,0,1
Marol Naka,3,36-45,Student,4-5x/week,Education,Shared Auto,3,3,3,4,4,0,0,0,1,1
Marol Naka,3,26-35,Service,Daily,Other,Shared Auto,4,3,3,3,2,0,1,1,0,1
Marol Naka,3,36-45,Other,Daily,Shopping,Shared Auto,4,2,3,4,4,0,0,0,0,1
Marol Naka,3,18-25,Student,Daily,Leisure,Shared Auto,3,2,2,4,4,1,1,0,0,1
Marol Naka,3,26-35,IT/Tech,Daily,Education,Shared Auto,3,3,3,4,4,1,1,0,0,1
Marol Naka,3,26-35,Service,Daily,Leisure,Shared Auto,3,3,4,3,3,0,0,0,0,1
Marol Naka,3,26-35,Service,Daily,Office,Shared Auto,4,3,4,4,3,1,0,1,0,1
Marol Naka,3,26-35,Student,4-5x/week,Education,Shared Auto,4,2,3,4,4,0,0,0,0,1
Marol Naka,3,60+,Service,2-3x/week,Office,Shared Auto,4,2,2,4,3,1,1,1,1,1
Marol Naka,3,46-60,Business,Daily,Office,Shared Auto,3,2,3,4,4,0,0,0,0,1
Marol Naka,3,60+,IT/Tech,2-3x/week,Shopping,Shared Auto,5,2,3,3,5,1,0,1,0,1
Marol Naka,3,26-35,IT/Tech,4-5x/week,Office,Shared Auto,3,2,4,3,3,0,0,1,0,1
Marol Naka,3,46-60,Service,Daily,Office,Shared Auto,3,2,3,3,3,0,1,1,1,1
Marol Naka,3,46-60,Service,Daily,Office,Shared Auto,3,3,2,3,4,1,1,0,0,0
Marol Naka,3,18-25,Service,2-3x/week,Other,Shared Auto,4,2,3,3,4,0,0,0,1,1
Marol Naka,3,26-35,Student,Weekly,Office,Shared Auto,3,3,3,4,3,1,0,0,0,1
Marol Naka,3,26-35,Service,Weekly,Office,Shared Auto,4,3,3,4,3,0,0,1,1,1
Marol Naka,3,26-35,Service,2-3x/week,Office,Shared Auto,4,3,3,3,4,0,0,0,0,1
Marol Naka,3,46-60,IT/Tech,2-3x/week,Leisure,Shared Auto,4,3,3,4,3,1,1,0,0,1
Marol Naka,3,46-60,IT/Tech,2-3x/week,Office,Shared Auto,4,2,4,4,3,1,0,0,0,1
Marol Naka,3,18-25,Business,Rarely,Office,Shared Auto,3,3,3,4,3,1,0,0,0,1
Marol Naka,3,26-35,Student,Weekly,Leisure,Shared Auto,4,2,3,3,4,1,0,0,1,1
Marol Naka,3,18-25,IT/Tech,Daily,Education,Shared Auto,3,3,3,4,4,0,0,0,0,1
Marol Naka,3,18-25,Service,4-5x/week,Office,Shared Auto,4,2,3,4,3,0,0,0,1,0
Marol Naka,3,18-25,Student,4-5x/week,Office,Shared Auto,4,2,3,4,2,0,1,0,0,1
Marol Naka,3,18-25,Business,Daily,Office,Shared Auto,4,3,3,3,3,0,0,1,0,1
Marol Naka,3,60+,Student,Rarely,Shopping,Shared Auto,4,3,3,4,4,0,1,0,0,1
Marol Naka,3,26-35,Student,Weekly,Education,Shared Auto,4,3,3,3,3,0,0,1,1,1
Marol Naka,3,60+,Service,Daily,Office,Shared Auto,4,2,3,4,3,0,0,0,0,0
Marol Naka,3,26-35,Other,Daily,Education,Shared Auto,4,2,3,4,4,0,0,0,0,1
Marol Naka,3,18-25,IT/Tech,4-5x/week,Office,Shared Auto,3,3,4,4,3,0,0,0,1,0
Marol Naka,3,36-45,IT/Tech,2-3x/week,Leisure,Shared Auto,4,2,2,3,3,0,0,0,0,0
Marol Naka,3,18-25,IT/Tech,Daily,Office,Shared Auto,4,2,4,3,4,0,1,1,0,1
Marol Naka,3,18-25,Service,2-3x/week,Education,Shared Auto,3,2,3,4,3,0,0,0,0,1
Marol Naka,3,46-60,Student,Weekly,Office,Shared Auto,4,2,3,4,3,1,0,0,0,0
Marol Naka,3,36-45,Student,4-5x/week,Office,Shared Auto,5,3,3,4,3,0,0,0,1,1
Marol Naka,3,18-25,IT/Tech,Daily,Other,Shared Auto,5,3,3,3,4,0,0,0,0,1
Marol Naka,3,36-45,Business,4-5x/week,Office,Shared Auto,3,2,3,4,3,0,0,1,0,1
Marol Naka,3,46-60,Service,2-3x/week,Shopping,Shared Auto,4,2,3,4,3,0,0,0,1,1
Marol Naka,3,18-25,Service,Daily,Education,Shared Auto,4,2,3,4,3,1,0,1,0,0
Marol Naka,3,60+,Other,Daily,Office,Shared Auto,3,3,3,3,4,1,1,0,1,0
Marol Naka,3,18-25,Service,Daily,Office,Shared Auto,3,3,2,4,4,1,1,1,1,1
Marol Naka,3,60+,Business,2-3x/week,Education,Shared Auto,3,3,3,4,3,0,0,1,0,1
Marol Naka,3,26-35,IT/Tech,Daily,Education,Shared Auto,3,3,3,4,3,1,0,0,0,1
Marol Naka,3,18-25,IT/Tech,2-3x/week,Other,Shared Auto,4,3,3,4,4,1,0,0,0,0
Marol Naka,3,26-35,Business,Daily,Office,Shared Auto,4,2,3,4,3,0,1,1,1,1
Marol Naka,3,18-25,IT/Tech,4-5x/week,Shopping,Shared Auto,3,3,3,4,3,1,1,0,1,1
Marol Naka,3,18-25,Service,Daily,Shopping,Shared Auto,4,3,3,4,3,0,0,0,0,1
Marol Naka,3,26-35,IT/Tech,2-3x/week,Leisure,Shared Auto,4,3,3,4,3,1,1,0,0,1
Marol Naka,3,26-35,Other,Daily,Leisure,Shared Auto,4,2,3,4,3,0,1,1,1,1
Marol Naka,3,26-35,IT/Tech,4-5x/week,Other,Shared Auto,4,2,3,4,3,0,0,0,1,0
Marol Naka,3,26-35,Student,2-3x/week,Shopping,Shared Auto,3,3,3,4,5,1,1,0,0,1
Marol Naka,3,18-25,IT/Tech,4-5x/week,Education,Shared Auto,3,2,3,4,3,0,0,1,0,1
Marol Naka,3,46-60,IT/Tech,2-3x/week,Education,Shared Auto,3,2,3,3,3,0,1,1,0,1
Marol Naka,3,60+,Service,4-5x/week,Leisure,Shared Auto,4,3,3,4,4,0,1,1,0,1
Marol Naka,3,36-45,Service,Daily,Office,Shared Auto,3,2,4,3,3,1,1,0,0,1
Marol Naka,3,46-60,Student,Daily,Shopping,Shared Auto,4,3,3,4,3,0,0,0,0,1
Marol Naka,3,46-60,Other,2-3x/week,Shopping,Shared Auto,3,2,3,4,4,1,0,1,0,1
Marol Naka,3,36-45,IT/Tech,Daily,Shopping,Shared Auto,4,2,3,3,4,0,1,0,0,0
Marol Naka,3,26-35,Service,4-5x/week,Other,Shared Auto,4,2,3,4,4,0,1,1,0,1
Marol Naka,3,18-25,IT/Tech,4-5x/week,Office,Shared Auto,3,2,3,4,3,1,0,1,0,1
Marol Naka,3,36-45,IT/Tech,Weekly,Shopping,Shared Auto,4,2,3,3,4,0,0,1,1,1
Marol Naka,3,18-25,IT/Tech,Daily,Office,Shared Auto,4,2,4,4,3,1,0,0,0,1
Marol Naka,3,26-35,Service,Rarely,Leisure,Shared Auto,4,3,3,4,4,0,0,1,1,0
Marol Naka,3,26-35,Student,Daily,Leisure,Shared Auto,4,2,3,4,3,0,1,1,0,1
Marol Naka,3,18-25,IT/Tech,Weekly,Office,Shared Auto,4,2,3,3,3,1,0,0,1,1
Marol Naka,3,36-45,Student,Daily,Office,Shared Auto,4,2,3,4,3,1,0,1,0,0
Marol Naka,3,26-35,Student,Weekly,Other,Shared Auto,3,3,3,4,4,1,0,0,0,0
Marol Naka,3,36-45,IT/Tech,4-5x/week,Education,Shared Auto,4,2,3,4,3,0,0,1,0,1
CSMIA T2,3,26-35,Student,Weekly,Office,App Cab,4,4,3,5,3,0,0,0,0,0
CSMIA T2,3,36-45,Business,2-3x/week,Other,App Cab,5,4,2,4,4,0,0,1,0,0
CSMIA T2,3,18-25,Student,Daily,Education,App Cab,4,4,1,4,4,0,1,0,0,0
CSMIA T2,3,36-45,Service,Daily,Office,App Cab,4,4,2,4,4,0,0,0,1,0
CSMIA T2,3,18-25,IT/Tech,Daily,Office,App Cab,5,5,2,4,4,1,1,0,0,1
CSMIA T2,3,46-60,IT/Tech,Weekly,Office,App Cab,4,3,2,4,4,0,0,0,0,0
CSMIA T2,3,36-45,Service,4-5x/week,Office,App Cab,4,4,2,4,4,0,0,0,0,0
CSMIA T2,3,46-60,Student,4-5x/week,Education,App Cab,5,4,3,4,4,0,0,0,0,0
CSMIA T2,3,18-25,Student,Daily,Shopping,App Cab,4,4,2,4,4,0,1,0,1,0
CSMIA T2,3,36-45,Business,Daily,Shopping,App Cab,4,4,3,4,3,0,1,0,1,0
CSMIA T2,3,26-35,IT/Tech,4-5x/week,Office,App Cab,4,4,3,3,3,1,1,1,0,0
CSMIA T2,3,18-25,Student,Daily,Shopping,App Cab,4,4,3,4,3,0,1,0,0,0
CSMIA T2,3,26-35,Other,4-5x/week,Leisure,App Cab,3,4,2,4,4,0,1,0,0,1
CSMIA T2,3,46-60,IT/Tech,Daily,Office,App Cab,4,4,3,4,3,1,0,0,0,1
CSMIA T2,3,26-35,Service,Daily,Office,App Cab,4,5,2,4,5,0,1,0,0,0
CSMIA T2,3,26-35,Student,4-5x/week,Other,App Cab,5,4,2,3,4,1,1,1,1,0
CSMIA T2,3,26-35,Other,4-5x/week,Office,App Cab,4,5,2,4,4,1,1,1,0,0
CSMIA T2,3,36-45,Business,Daily,Shopping,App Cab,4,4,2,4,4,0,0,0,0,0
CSMIA T2,3,36-45,Business,Rarely,Other,App Cab,4,5,2,4,5,1,0,0,0,0
CSMIA T2,3,18-25,IT/Tech,Daily,Office,App Cab,3,5,2,5,3,0,1,1,0,0
CSMIA T2,3,36-45,Student,Daily,Other,App Cab,4,4,3,4,4,1,0,1,0,1
CSMIA T2,3,26-35,Student,2-3x/week,Shopping,App Cab,5,4,2,4,4,0,0,0,0,0
CSMIA T2,3,26-35,IT/Tech,4-5x/week,Office,App Cab,4,5,1,5,4,0,1,0,0,0
CSMIA T2,3,36-45,Student,Daily,Leisure,App Cab,4,5,3,4,4,0,1,1,0,0
CSMIA T2,3,36-45,Service,Daily,Shopping,App Cab,4,4,2,4,4,0,1,0,0,1
CSMIA T2,3,26-35,Student,4-5x/week,Other,App Cab,4,4,3,5,4,1,1,0,1,0
CSMIA T2,3,36-45,IT/Tech,4-5x/week,Leisure,App Cab,4,5,2,4,4,1,1,1,1,0
CSMIA T2,3,26-35,Service,Daily,Office,App Cab,5,4,1,4,3,1,1,0,1,0
CSMIA T2,3,26-35,Other,Daily,Office,App Cab,4,4,2,4,4,0,0,0,0,0
CSMIA T2,3,18-25,Service,4-5x/week,Leisure,App Cab,5,4,2,4,4,0,1,0,0,0
CSMIA T2,3,18-25,Business,4-5x/week,Office,App Cab,5,5,2,4,4,0,1,1,0,0
CSMIA T2,3,26-35,IT/Tech,4-5x/week,Office,App Cab,4,4,3,4,3,0,0,0,0,0
CSMIA T2,3,60+,IT/Tech,2-3x/week,Office,App Cab,5,4,2,4,3,0,1,0,0,0
CSMIA T2,3,46-60,IT/Tech,Weekly,Office,App Cab,4,4,3,4,3,0,0,0,0,0
CSMIA T2,3,26-35,IT/Tech,4-5x/week,Shopping,App Cab,4,4,3,4,4,0,0,0,0,0
CSMIA T2,3,36-45,IT/Tech,Daily,Shopping,App Cab,4,4,3,3,3,0,1,0,0,0
CSMIA T2,3,36-45,IT/Tech,Daily,Shopping,App Cab,4,4,2,4,4,0,1,0,0,0
CSMIA T2,3,36-45,IT/Tech,Daily,Office,App Cab,5,5,2,4,4,1,1,0,0,0
CSMIA T2,3,60+,Business,Daily,Office,App Cab,5,4,2,4,3,0,0,0,1,0
CSMIA T2,3,26-35,Service,Daily,Office,App Cab,4,5,2,4,4,0,1,1,0,0
CSMIA T2,3,36-45,Service,4-5x/week,Office,App Cab,4,5,2,3,4,0,1,0,1,0
CSMIA T2,3,60+,Business,Daily,Office,App Cab,4,4,2,5,4,0,0,0,0,0
CSMIA T2,3,46-60,IT/Tech,Weekly,Office,App Cab,3,4,2,4,4,0,0,0,0,0
CSMIA T2,3,18-25,IT/Tech,Daily,Shopping,App Cab,4,4,2,4,3,1,1,0,0,0
CSMIA T2,3,26-35,Service,2-3x/week,Education,App Cab,5,5,2,3,4,0,1,1,1,1
CSMIA T2,3,46-60,Other,4-5x/week,Leisure,App Cab,4,4,2,4,4,1,1,1,0,0
CSMIA T2,3,18-25,Service,Weekly,Office,App Cab,4,4,3,4,3,0,1,0,1,0
CSMIA T2,3,26-35,IT/Tech,4-5x/week,Education,App Cab,4,4,2,4,3,0,1,0,0,0
CSMIA T2,3,18-25,Service,Daily,Office,App Cab,4,5,3,4,3,0,0,0,0,0
CSMIA T2,3,18-25,IT/Tech,Daily,Office,App Cab,5,5,2,4,4,0,0,0,0,0
CSMIA T2,3,46-60,Service,Daily,Leisure,App Cab,4,5,3,4,4,0,1,1,0,0
CSMIA T2,3,36-45,Service,Daily,Leisure,App Cab,4,5,2,4,4,0,0,1,0,0
CSMIA T2,3,18-25,Other,2-3x/week,Other,App Cab,4,4,2,4,4,0,1,1,0,1
CSMIA T2,3,26-35,IT/Tech,Weekly,Education,App Cab,5,4,2,4,4,0,0,0,0,0
CSMIA T2,3,18-25,Service,Daily,Office,App Cab,5,4,3,4,4,0,1,1,0,0
CSMIA T2,3,36-45,Business,Rarely,Education,App Cab,4,4,2,4,5,0,0,0,1,0
CSMIA T2,3,26-35,Student,4-5x/week,Shopping,App Cab,4,5,2,4,4,0,1,1,0,1
CSMIA T2,3,36-45,Student,Daily,Office,App Cab,4,4,2,4,4,0,1,1,1,0
CSMIA T2,3,26-35,Service,4-5x/week,Leisure,App Cab,4,4,2,3,4,0,0,0,1,0
Sahar Road,3,36-45,IT/Tech,Daily,Office,App Cab,4,5,2,4,3,0,0,1,0,0
Sahar Road,3,60+,Business,2-3x/week,Office,App Cab,4,5,2,3,4,0,1,0,0,0
Sahar Road,3,18-25,IT/Tech,Daily,Other,App Cab,3,4,3,3,3,1,0,0,0,0
Sahar Road,3,26-35,IT/Tech,Daily,Office,App Cab,5,4,3,3,3,0,1,1,0,0
Sahar Road,3,46-60,Business,Daily,Shopping,App Cab,4,4,3,3,4,0,1,0,0,0
Sahar Road,3,26-35,Student,4-5x/week,Office,App Cab,4,4,2,4,3,1,1,0,0,1
Sahar Road,3,36-45,Student,2-3x/week,Education,App Cab,5,4,3,3,3,0,1,0,1,0
Sahar Road,3,18-25,Business,Daily,Office,App Cab,4,4,2,4,3,1,1,0,0,1
Sahar Road,3,18-25,Service,Daily,Education,App Cab,4,4,2,3,4,0,0,1,1,0
Sahar Road,3,36-45,Student,4-5x/week,Office,App Cab,4,4,3,4,4,1,1,0,0,0
Sahar Road,3,18-25,Business,Weekly,Shopping,App Cab,4,4,3,4,3,0,1,0,0,0
Sahar Road,3,60+,Student,2-3x/week,Office,App Cab,3,4,2,4,3,0,0,0,0,0
Sahar Road,3,18-25,IT/Tech,2-3x/week,Office,App Cab,3,4,3,3,3,0,1,0,0,0
Sahar Road,3,60+,Service,Daily,Shopping,App Cab,5,4,4,3,3,0,0,0,0,0
Sahar Road,3,46-60,Business,Daily,Shopping,App Cab,4,4,3,4,3,0,0,0,1,0
Sahar Road,3,26-35,Service,4-5x/week,Office,App Cab,4,4,3,3,3,0,1,0,0,0
Sahar Road,3,36-45,IT/Tech,Weekly,Shopping,App Cab,3,4,3,3,3,0,0,1,1,0
Sahar Road,3,26-35,Student,Daily,Office,App Cab,4,4,3,3,4,0,1,1,0,0
Sahar Road,3,26-35,Service,Daily,Education,App Cab,4,4,3,4,3,0,1,0,1,0
Sahar Road,3,26-35,IT/Tech,4-5x/week,Leisure,App Cab,5,4,3,3,3,1,0,1,0,1
Sahar Road,3,26-35,Service,4-5x/week,Office,App Cab,4,4,3,3,3,0,1,0,0,0
Sahar Road,3,26-35,Service,Daily,Shopping,App Cab,4,3,3,4,4,0,0,0,0,0
Sahar Road,3,46-60,Student,4-5x/week,Office,App Cab,4,4,2,4,3,0,1,0,0,0
Sahar Road,3,18-25,Student,4-5x/week,Shopping,App Cab,5,4,3,4,3,0,0,1,0,0
Sahar Road,3,26-35,Student,2-3x/week,Shopping,App Cab,5,5,2,3,4,0,1,0,0,0
Sahar Road,3,26-35,Other,Daily,Education,App Cab,5,4,3,3,3,0,0,1,0,0
Sahar Road,3,46-60,Service,2-3x/week,Office,App Cab,4,4,3,3,3,0,1,1,0,0
Sahar Road,3,36-45,Business,Daily,Office,App Cab,4,4,3,4,4,0,0,0,0,0
Sahar Road,3,60+,Other,2-3x/week,Education,App Cab,4,4,3,3,4,0,0,0,0,0
Sahar Road,3,26-35,Service,Daily,Leisure,App Cab,4,5,3,4,3,0,0,1,0,0
Sahar Road,3,36-45,Service,4-5x/week,Office,App Cab,4,4,2,4,3,1,1,1,1,0
Sahar Road,3,26-35,Student,Daily,Office,App Cab,5,4,2,3,4,1,1,1,0,0
Sahar Road,3,18-25,IT/Tech,4-5x/week,Office,App Cab,3,5,3,4,3,0,0,0,1,0
Sahar Road,3,36-45,IT/Tech,Weekly,Leisure,App Cab,3,5,2,4,4,0,0,1,1,0
Sahar Road,3,46-60,Other,Daily,Leisure,App Cab,4,4,3,4,3,0,0,0,1,1
Sahar Road,3,36-45,Service,4-5x/week,Office,App Cab,4,4,3,4,3,1,1,0,0,0
Sahar Road,3,36-45,IT/Tech,2-3x/week,Other,App Cab,4,4,3,4,4,1,1,0,0,1
Sahar Road,3,36-45,IT/Tech,2-3x/week,Office,App Cab,4,4,3,3,4,0,0,1,1,0
Sahar Road,3,36-45,IT/Tech,4-5x/week,Office,App Cab,4,4,3,4,4,0,0,0,1,0
Sahar Road,3,60+,Other,Daily,Office,App Cab,4,4,2,4,3,0,1,0,1,1
Sahar Road,3,26-35,Student,Daily,Leisure,App Cab,4,4,3,4,4,0,0,0,0,0
Sahar Road,3,36-45,Business,2-3x/week,Office,App Cab,4,4,2,5,3,0,0,0,0,0
Sahar Road,3,26-35,Other,4-5x/week,Office,App Cab,5,4,3,4,3,1,0,0,0,1
Sahar Road,3,18-25,IT/Tech,Daily,Other,App Cab,3,4,3,4,4,1,1,0,1,0
Sahar Road,3,46-60,Service,Daily,Office,App Cab,4,3,3,3,3,0,1,1,1,1
Sahar Road,3,36-45,Business,Daily,Other,App Cab,4,4,3,4,3,0,0,0,0,0
Sahar Road,3,26-35,Service,Daily,Leisure,App Cab,4,4,4,4,3,0,0,0,0,0
Sahar Road,3,60+,Service,Daily,Office,App Cab,3,4,2,4,4,0,1,0,1,1
Sahar Road,3,36-45,Student,4-5x/week,Shopping,App Cab,4,4,3,4,3,0,0,0,0,0
Sahar Road,3,18-25,Business,Daily,Office,App Cab,5,4,3,4,4,1,1,1,0,0
Sahar Road,3,46-60,Student,4-5x/week,Leisure,App Cab,4,4,2,4,4,0,0,1,1,1
Sahar Road,3,36-45,Service,4-5x/week,Office,App Cab,5,4,3,4,3,0,1,1,0,0
Sahar Road,3,18-25,Student,Daily,Leisure,App Cab,4,4,2,3,4,1,0,0,0,0
Sahar Road,3,18-25,Business,Daily,Office,App Cab,4,5,3,4,3,0,0,0,0,0
Sahar Road,3,26-35,IT/Tech,Daily,Education,App Cab,3,4,2,3,3,0,1,0,0,0
Sahar Road,3,46-60,Business,Weekly,Leisure,App Cab,5,4,3,3,3,0,1,0,0,0
Sahar Road,3,46-60,Service,4-5x/week,Office,App Cab,3,4,2,3,3,0,1,0,1,0
Sahar Road,3,26-35,Student,4-5x/week,Leisure,App Cab,4,4,3,4,3,0,0,0,1,0
Sahar Road,3,46-60,Business,Daily,Office,App Cab,5,4,2,3,4,1,1,0,0,0
Sahar Road,3,26-35,Business,Rarely,Office,App Cab,4,4,3,4,3,1,0,1,0,0
Sahar Road,3,18-25,IT/Tech,2-3x/week,Office,App Cab,4,4,3,4,3,1,1,0,0,1
Sahar Road,3,18-25,Service,2-3x/week,Office,App Cab,3,4,2,4,3,1,1,1,0,0
Sahar Road,3,36-45,Service,2-3x/week,Office,App Cab,4,4,3,3,3,0,1,0,0,0
Sahar Road,3,26-35,IT/Tech,2-3x/week,Education,App Cab,3,4,3,4,3,0,1,0,1,0
Sahar Road,3,18-25,Other,Daily,Other,App Cab,4,4,2,4,4,1,0,0,0,0
Sahar Road,3,36-45,IT/Tech,Daily,Office,App Cab,4,4,2,4,4,0,0,1,0,0
Sahar Road,3,26-35,Service,2-3x/week,Office,App Cab,3,4,3,3,3,0,0,1,1,0
Sahar Road,3,60+,Business,Daily,Office,App Cab,4,4,2,4,3,1,1,0,0,0
Sahar Road,3,46-60,Service,Daily,Office,App Cab,4,5,2,3,4,1,1,0,0,0
Sahar Road,3,46-60,Service,4-5x/week,Office,App Cab,4,5,2,4,4,1,1,1,1,0
Sahar Road,3,26-35,Business,4-5x/week,Shopping,App Cab,3,4,3,4,3,1,1,0,1,0
Sahar Road,3,26-35,IT/Tech,Weekly,Leisure,App Cab,4,3,3,4,3,0,0,0,0,0
Sahar Road,3,60+,Other,2-3x/week,Education,App Cab,5,4,3,4,4,0,0,0,1,0
Sahar Road,3,18-25,IT/Tech,Weekly,Shopping,App Cab,5,4,3,4,4,1,0,0,1,0
Sahar Road,3,46-60,Student,4-5x/week,Office,App Cab,5,4,2,4,4,0,0,0,0,0
Sahar Road,3,26-35,IT/Tech,Daily,Office,App Cab,4,4,3,3,3,1,1,0,0,0
Sahar Road,3,18-25,Business,4-5x/week,Leisure,App Cab,5,5,3,4,3,0,0,0,0,0
Sahar Road,3,18-25,Service,2-3x/week,Education,App Cab,4,5,2,4,4,0,0,0,0,0
Sahar Road,3,26-35,Business,4-5x/week,Education,App Cab,4,3,2,3,3,1,1,0,0,0
Sahar Road,3,26-35,Business,Daily,Shopping,App Cab,5,4,2,4,3,0,1,1,1,0
Sahar Road,3,18-25,Student,4-5x/week,Education,App Cab,4,3,3,3,3,0,0,0,0,0
Sahar Road,3,26-35,Student,Daily,Other,App Cab,4,5,3,3,3,0,0,0,1,0
Sahar Road,3,18-25,IT/Tech,Daily,Shopping,App Cab,4,4,3,3,3,0,0,1,0,0
Sahar Road,3,26-35,IT/Tech,4-5x/week,Education,App Cab,4,4,2,4,3,0,1,0,0,0
Sahar Road,3,26-35,Other,Daily,Education,App Cab,4,3,2,4,3,1,1,0,0,0
Sahar Road,3,26-35,Student,Daily,Education,App Cab,4,4,3,4,3,1,1,0,0,0
Sahar Road,3,46-60,IT/Tech,2-3x/week,Office,App Cab,4,4,3,3,3,0,0,0,1,1
Sahar Road,3,26-35,Student,4-5x/week,Office,App Cab,4,4,2,5,3,0,1,1,1,0
Sahar Road,3,18-25,Service,Daily,Other,App Cab,3,4,3,4,4,0,0,0,0,0
Sahar Road,3,26-35,Service,Daily,Office,App Cab,4,5,2,4,4,0,1,1,1,0
Sahar Road,3,26-35,IT/Tech,4-5x/week,Education,App Cab,5,4,3,4,4,0,0,0,0,1
Sahar Road,3,60+,Service,Weekly,Education,App Cab,4,4,3,4,3,0,0,0,0,0
Sahar Road,3,18-25,IT/Tech,Daily,Other,App Cab,3,3,2,4,4,1,0,0,0,0
Sahar Road,3,46-60,IT/Tech,4-5x/week,Office,App Cab,4,5,2,4,3,1,1,0,0,0
Sahar Road,3,46-60,Other,Weekly,Office,App Cab,5,3,2,4,2,0,1,1,1,0
Sahar Road,3,26-35,IT/Tech,Daily,Office,App Cab,3,4,3,4,3,0,1,0,0,0
Sahar Road,3,26-35,Business,Daily,Office,App Cab,4,4,2,4,3,0,0,1,0,0
Sahar Road,3,36-45,Student,4-5x/week,Leisure,App Cab,3,4,2,3,4,1,1,1,1,0
CSMIA T1,3,36-45,IT/Tech,4-5x/week,Leisure,App Cab,4,4,3,3,3,1,1,0,1,1
CSMIA T1,3,26-35,Student,Daily,Office,App Cab,3,4,2,4,3,1,0,0,1,0
CSMIA T1,3,36-45,Other,Daily,Office,App Cab,4,4,2,2,3,0,0,1,1,0
CSMIA T1,3,36-45,Service,Daily,Office,App Cab,5,4,3,3,3,0,1,1,1,1
CSMIA T1,3,26-35,IT/Tech,Weekly,Office,App Cab,4,4,2,2,3,0,0,0,0,0
CSMIA T1,3,18-25,Service,2-3x/week,Other,App Cab,3,4,2,3,3,0,0,0,0,0
CSMIA T1,3,36-45,Student,Daily,Other,App Cab,3,5,2,4,3,1,1,0,0,1
CSMIA T1,3,36-45,Student,Daily,Office,App Cab,3,4,2,3,3,0,1,1,1,0
CSMIA T1,3,36-45,IT/Tech,Daily,Other,App Cab,5,4,3,3,3,0,1,0,0,0
CSMIA T1,3,18-25,Business,4-5x/week,Education,App Cab,4,4,2,2,3,0,0,0,1,0
CSMIA T1,3,26-35,IT/Tech,Weekly,Office,App Cab,4,4,3,2,3,0,0,0,0,0
CSMIA T1,3,26-35,Student,4-5x/week,Office,App Cab,4,3,2,3,4,0,0,0,1,0
CSMIA T1,3,26-35,Service,2-3x/week,Office,App Cab,4,4,2,3,3,0,0,1,1,0
CSMIA T1,3,18-25,Student,Daily,Other,App Cab,4,4,3,3,3,0,1,0,0,0
CSMIA T1,3,60+,Student,2-3x/week,Shopping,App Cab,4,5,2,3,3,0,1,1,0,0
CSMIA T1,3,36-45,Service,Daily,Leisure,App Cab,4,4,2,3,3,0,1,0,0,0
CSMIA T1,3,26-35,Other,Daily,Office,App Cab,5,4,3,3,3,0,1,1,1,1
CSMIA T1,3,18-25,IT/Tech,Daily,Leisure,App Cab,4,4,2,2,3,0,0,1,1,0
CSMIA T1,3,26-35,Service,4-5x/week,Office,App Cab,5,3,3,3,3,0,1,0,0,0
CSMIA T1,3,46-60,Student,Daily,Office,App Cab,5,4,2,3,3,0,0,1,0,0
CSMIA T1,3,26-35,Business,Daily,Office,App Cab,5,4,3,3,3,0,0,1,1,0
CSMIA T1,3,60+,Student,4-5x/week,Other,App Cab,5,4,2,3,3,0,0,0,0,0
CSMIA T1,3,18-25,Business,4-5x/week,Office,App Cab,4,4,2,3,3,0,0,0,0,0
CSMIA T1,3,36-45,Service,2-3x/week,Office,App Cab,3,4,2,3,3,0,0,1,0,0
CSMIA T1,3,26-35,Other,4-5x/week,Other,App Cab,4,4,2,3,3,0,1,0,0,1
CSMIA T1,3,18-25,Service,Daily,Other,App Cab,5,4,3,3,3,0,0,1,1,0
CSMIA T1,3,36-45,IT/Tech,Daily,Office,App Cab,4,4,2,3,2,1,0,1,0,0
CSMIA T1,3,18-25,Service,Daily,Education,App Cab,4,3,2,3,3,0,1,0,0,1
CSMIA T1,3,46-60,IT/Tech,Daily,Office,App Cab,4,5,2,3,3,0,0,0,0,0
CSMIA T1,3,36-45,Service,Daily,Other,App Cab,4,4,2,4,2,0,0,1,0,0
CSMIA T1,3,26-35,Business,Daily,Office,App Cab,4,4,3,3,3,0,1,0,0,0
CSMIA T1,3,26-35,IT/Tech,Daily,Office,App Cab,3,4,3,3,3,0,0,0,0,0
CSMIA T1,3,36-45,IT/Tech,2-3x/week,Office,App Cab,4,4,2,3,4,0,1,0,1,1
CSMIA T1,3,36-45,IT/Tech,2-3x/week,Shopping,App Cab,3,4,2,3,3,0,1,0,0,0
CSMIA T1,3,46-60,Service,Weekly,Leisure,App Cab,5,4,2,3,3,0,0,0,0,0
CSMIA T1,3,18-25,Service,Daily,Leisure,App Cab,3,4,3,3,3,0,0,0,1,0
CSMIA T1,3,36-45,IT/Tech,Weekly,Office,App Cab,4,4,3,3,2,0,1,1,1,0
CSMIA T1,3,18-25,Business,Daily,Office,App Cab,4,4,2,2,3,0,0,0,1,0
CSMIA T1,3,46-60,Business,Daily,Leisure,App Cab,3,4,2,3,3,0,1,0,0,0
CSMIA T1,3,26-35,Student,Daily,Shopping,App Cab,3,4,2,4,3,0,0,0,0,0
CSMIA T1,3,18-25,Other,2-3x/week,Shopping,App Cab,4,4,3,3,3,1,1,0,0,0
CSMIA T1,3,46-60,Service,4-5x/week,Office,App Cab,4,4,2,3,3,1,1,0,1,0
CSMIA T1,3,26-35,Service,2-3x/week,Education,App Cab,4,4,2,3,2,0,0,1,1,0
CSMIA T1,3,36-45,IT/Tech,Weekly,Office,App Cab,4,4,2,3,3,1,1,0,0,0
CSMIA T1,3,60+,Service,Daily,Office,App Cab,4,4,2,3,3,0,0,0,0,0
CSMIA T1,3,26-35,IT/Tech,Daily,Office,App Cab,4,4,3,3,3,0,0,1,1,0
CSMIA T1,3,36-45,IT/Tech,Daily,Office,App Cab,4,4,2,3,3,0,1,0,0,0
CSMIA T1,3,18-25,IT/Tech,Daily,Shopping,App Cab,4,4,3,3,3,0,0,1,0,0
CSMIA T1,3,18-25,Service,Weekly,Office,App Cab,3,4,2,3,3,1,1,1,1,1
CSMIA T1,3,46-60,Other,4-5x/week,Shopping,App Cab,3,4,3,3,3,0,0,0,0,0
CSMIA T1,3,36-45,Other,2-3x/week,Office,App Cab,4,5,2,4,3,1,0,0,1,0
CSMIA T1,3,36-45,Student,2-3x/week,Education,App Cab,5,3,3,2,3,0,1,0,0,0
CSMIA T1,3,18-25,IT/Tech,2-3x/week,Office,App Cab,4,4,2,2,3,0,0,0,1,0
CSMIA T1,3,18-25,Business,2-3x/week,Office,App Cab,4,4,3,2,3,0,0,0,1,0
CSMIA T1,3,26-35,Other,Daily,Education,App Cab,3,3,2,3,3,1,0,0,0,0
CSMIA T1,3,46-60,Business,Daily,Shopping,App Cab,4,5,3,3,3,0,0,0,1,0
CSMIA T1,3,36-45,Business,Weekly,Office,App Cab,4,4,2,4,4,0,0,1,0,1
CSMIA T1,3,26-35,Service,Daily,Education,App Cab,3,4,2,2,3,1,0,0,1,0
CSMIA T1,3,18-25,Service,4-5x/week,Office,App Cab,4,4,2,4,3,0,0,0,0,0
CSMIA T1,3,26-35,Student,Daily,Office,App Cab,3,5,2,3,3,0,0,0,0,0
CSMIA T1,3,26-35,Business,Daily,Office,App Cab,3,4,2,3,2,0,0,0,0,1
CSMIA T1,3,46-60,IT/Tech,Weekly,Office,App Cab,4,4,3,3,4,0,0,0,1,0
CSMIA T1,3,18-25,Service,Daily,Shopping,App Cab,3,5,2,3,3,0,0,1,0,0
CSMIA T1,3,26-35,Other,Daily,Education,App Cab,3,4,2,3,2,0,1,0,1,0
CSMIA T1,3,26-35,Service,Daily,Other,App Cab,4,4,2,3,3,1,1,1,0,0
CSMIA T1,3,26-35,IT/Tech,Weekly,Shopping,App Cab,5,4,3,3,3,0,0,1,0,0
CSMIA T1,3,26-35,Service,4-5x/week,Shopping,App Cab,5,5,3,3,4,0,1,1,0,0
CSMIA T1,3,26-35,Business,Daily,Office,App Cab,4,5,2,3,3,0,1,1,0,0
CSMIA T1,3,26-35,Other,Daily,Office,App Cab,5,4,3,3,3,0,1,0,0,0
CSMIA T1,3,18-25,Student,Daily,Other,App Cab,4,4,2,3,3,0,0,0,0,0
CSMIA T1,3,26-35,Service,Daily,Leisure,App Cab,3,4,2,2,3,0,1,0,1,0
CSMIA T1,3,36-45,Business,Daily,Shopping,App Cab,4,5,3,4,3,0,1,0,0,0
CSMIA T1,3,26-35,Service,Daily,Office,App Cab,3,4,2,3,3,0,0,0,1,0
CSMIA T1,3,18-25,Student,Daily,Office,App Cab,5,4,3,3,3,0,0,0,0,1
CSMIA T1,3,36-45,IT/Tech,Daily,Office,App Cab,4,4,2,3,3,0,0,0,1,0
CSMIA T1,3,26-35,Business,Rarely,Leisure,App Cab,3,4,2,3,3,0,1,0,1,0
CSMIA T1,3,46-60,IT/Tech,Daily,Office,App Cab,4,5,3,3,3,0,0,1,1,0
CSMIA T1,3,36-45,IT/Tech,Rarely,Office,App Cab,3,3,2,3,3,0,1,0,0,0
CSMIA T1,3,60+,Student,2-3x/week,Office,App Cab,3,4,2,3,2,0,0,0,0,1
CSMIA T1,3,18-25,IT/Tech,Weekly,Shopping,App Cab,4,4,2,3,3,0,0,0,0,0
CSMIA T1,3,36-45,IT/Tech,2-3x/week,Shopping,App Cab,4,4,2,3,3,0,1,0,0,0
CSMIA T1,3,46-60,Student,Daily,Office,App Cab,4,4,2,3,4,0,1,0,0,1
CSMIA T1,3,26-35,Service,4-5x/week,Shopping,App Cab,5,4,2,3,3,0,0,0,1,0
CSMIA T1,3,36-45,Service,Rarely,Office,App Cab,4,4,2,2,3,0,1,1,0,0
CSMIA T1,3,60+,IT/Tech,Daily,Education,App Cab,4,5,2,3,3,0,0,0,0,0
CSMIA T1,3,18-25,Service,Daily,Office,App Cab,4,4,2,3,3,0,1,1,0,1
CSMIA T1,3,26-35,Service,2-3x/week,Office,App Cab,4,4,3,2,3,0,1,0,1,0
CSMIA T1,3,26-35,Service,Daily,Office,App Cab,5,4,2,2,3,0,1,0,0,1
CSMIA T1,3,46-60,IT/Tech,4-5x/week,Shopping,App Cab,4,4,3,2,4,0,0,0,1,1
CSMIA T1,3,26-35,Service,4-5x/week,Education,App Cab,4,4,2,3,3,0,0,1,0,0
CSMIA T1,3,36-45,Student,2-3x/week,Office,App Cab,3,4,2,2,3,1,0,1,0,0
CSMIA T1,3,26-35,IT/Tech,Daily,Other,App Cab,3,4,2,3,3,0,0,1,0,0
CSMIA T1,3,36-45,IT/Tech,4-5x/week,Office,App Cab,5,5,3,3,3,0,0,0,0,0
CSMIA T1,3,36-45,IT/Tech,4-5x/week,Office,App Cab,4,4,2,3,3,1,1,0,0,0
Santacruz,3,18-25,Business,Daily,Office,BEST Bus,4,4,4,4,3,1,1,0,0,1
Santacruz,3,36-45,Student,Daily,Office,BEST Bus,4,3,4,4,3,0,0,0,0,0
Santacruz,3,26-35,Student,Daily,Office,BEST Bus,4,4,4,3,4,0,0,0,0,0
Santacruz,3,26-35,Service,Daily,Office,BEST Bus,3,4,3,4,3,0,0,0,1,0
Santacruz,3,36-45,IT/Tech,Daily,Office,BEST Bus,3,4,4,3,3,0,1,1,0,1
Santacruz,3,46-60,IT/Tech,2-3x/week,Other,BEST Bus,4,4,3,3,3,1,0,0,1,0
Santacruz,3,36-45,Service,Daily,Office,BEST Bus,3,4,2,3,3,0,1,1,0,1
Santacruz,3,36-45,Service,Daily,Office,BEST Bus,3,4,4,3,3,0,1,0,1,1
Santacruz,3,26-35,IT/Tech,Daily,Office,BEST Bus,3,4,3,4,4,0,0,0,0,1
Santacruz,3,26-35,Service,Daily,Office,BEST Bus,3,3,4,5,3,0,0,1,0,1
Santacruz,3,18-25,Service,Daily,Office,BEST Bus,4,4,3,4,2,1,0,0,1,1
Santacruz,3,18-25,Service,4-5x/week,Shopping,BEST Bus,4,4,4,4,4,0,0,0,0,0
Santacruz,3,26-35,Service,Weekly,Leisure,BEST Bus,4,4,3,3,3,0,0,0,0,1
Santacruz,3,36-45,Business,2-3x/week,Office,BEST Bus,4,4,4,3,3,0,1,0,0,1
Santacruz,3,36-45,Other,4-5x/week,Leisure,BEST Bus,5,4,3,4,3,0,0,1,0,1
Santacruz,3,26-35,IT/Tech,2-3x/week,Other,BEST Bus,4,4,4,4,2,0,0,1,0,1
Santacruz,3,36-45,Other,Daily,Office,BEST Bus,3,4,3,4,3,0,1,0,0,1
Santacruz,3,26-35,IT/Tech,2-3x/week,Office,BEST Bus,4,4,3,3,3,0,0,1,0,0
Santacruz,3,18-25,Business,2-3x/week,Office,BEST Bus,4,3,3,4,4,1,0,0,1,1
Santacruz,3,36-45,Student,Daily,Office,BEST Bus,4,3,4,4,3,1,1,1,0,0
Santacruz,3,26-35,IT/Tech,Daily,Office,BEST Bus,4,3,3,4,3,0,1,1,0,1
Santacruz,3,26-35,Student,2-3x/week,Shopping,BEST Bus,3,3,3,4,4,1,1,1,0,0
Santacruz,3,18-25,IT/Tech,Daily,Office,BEST Bus,4,3,4,4,3,0,1,0,0,1
Santacruz,3,26-35,Service,Rarely,Education,BEST Bus,4,4,3,4,4,0,1,1,0,0
Santacruz,3,26-35,Other,Weekly,Leisure,BEST Bus,4,4,3,4,3,1,0,1,0,1
Santacruz,3,26-35,Service,Daily,Other,BEST Bus,4,4,3,3,3,0,1,0,0,1
Santacruz,3,18-25,IT/Tech,Weekly,Shopping,BEST Bus,3,4,3,3,3,0,0,0,1,1
Santacruz,3,36-45,Student,Daily,Shopping,BEST Bus,4,3,3,4,3,0,0,1,0,1
Santacruz,3,26-35,Student,Daily,Office,BEST Bus,4,3,4,4,3,1,0,1,0,1
Santacruz,3,26-35,IT/Tech,Daily,Leisure,BEST Bus,5,3,3,3,3,0,0,0,1,1
Santacruz,3,46-60,Business,Daily,Office,BEST Bus,4,3,4,4,4,1,0,0,0,0
Santacruz,3,18-25,Business,Daily,Shopping,BEST Bus,4,3,4,4,4,0,1,1,0,1
Santacruz,3,36-45,Student,Daily,Leisure,BEST Bus,4,4,4,4,4,0,0,0,0,1
Santacruz,3,18-25,Student,Daily,Office,BEST Bus,4,4,4,4,3,0,0,0,0,1
Santacruz,3,18-25,IT/Tech,2-3x/week,Education,BEST Bus,4,3,4,4,4,0,1,0,1,1
Santacruz,3,26-35,Student,2-3x/week,Leisure,BEST Bus,3,4,3,4,4,0,0,0,0,1
Santacruz,3,46-60,IT/Tech,Daily,Office,BEST Bus,4,4,4,3,3,0,0,1,0,0
Santacruz,3,18-25,IT/Tech,Daily,Leisure,BEST Bus,3,3,3,4,3,1,0,1,0,1
Santacruz,3,36-45,IT/Tech,Daily,Office,BEST Bus,4,4,4,4,3,0,0,0,0,1
Santacruz,3,18-25,IT/Tech,Daily,Shopping,BEST Bus,3,4,4,3,4,0,1,0,1,1
Santacruz,3,26-35,IT/Tech,4-5x/week,Office,BEST Bus,4,3,3,4,3,0,0,0,0,1
Santacruz,3,18-25,IT/Tech,4-5x/week,Office,BEST Bus,3,3,4,4,4,1,0,1,0,0
Santacruz,3,36-45,Other,Weekly,Other,BEST Bus,3,3,4,4,3,0,0,0,0,1
Santacruz,3,18-25,Service,Weekly,Office,BEST Bus,4,4,4,4,3,0,0,0,0,1
Santacruz,3,18-25,Student,Daily,Office,BEST Bus,4,3,3,4,4,1,0,0,1,1
Santacruz,3,18-25,Student,Rarely,Office,BEST Bus,3,4,4,4,3,0,0,0,0,1
Santacruz,3,26-35,IT/Tech,Daily,Office,BEST Bus,4,4,4,3,3,1,0,1,0,1
Santacruz,3,26-35,Service,Daily,Office,BEST Bus,4,4,3,3,3,0,0,0,0,0
Santacruz,3,18-25,Student,Daily,Office,BEST Bus,3,3,4,3,3,1,0,1,0,1
Santacruz,3,36-45,Service,4-5x/week,Office,BEST Bus,4,3,3,4,4,1,0,0,0,0
Santacruz,3,18-25,Service,4-5x/week,Office,BEST Bus,4,4,4,4,3,1,0,1,0,1
Santacruz,3,18-25,Student,4-5x/week,Shopping,BEST Bus,4,3,3,3,3,0,1,0,0,1
Santacruz,3,26-35,IT/Tech,Daily,Leisure,BEST Bus,4,4,3,4,3,0,1,1,0,0
Santacruz,3,18-25,Student,Daily,Office,BEST Bus,4,3,4,3,4,1,1,0,0,1
Santacruz,3,26-35,Student,Daily,Shopping,BEST Bus,2,4,4,4,3,0,0,1,0,1
Santacruz,3,36-45,Other,4-5x/week,Education,BEST Bus,4,4,3,4,4,0,0,1,1,1
Santacruz,3,46-60,Service,4-5x/week,Leisure,BEST Bus,3,4,3,4,3,1,0,1,0,1
Santacruz,3,26-35,Service,Weekly,Leisure,BEST Bus,3,4,3,4,3,0,0,0,0,1
Santacruz,3,46-60,Business,2-3x/week,Education,BEST Bus,3,3,3,3,4,1,0,0,0,1
Santacruz,3,18-25,Service,Daily,Office,BEST Bus,3,4,4,4,4,0,0,0,0,0
Santacruz,3,36-45,Business,Daily,Office,BEST Bus,4,4,3,5,3,0,1,0,0,0
Santacruz,3,46-60,IT/Tech,Rarely,Shopping,BEST Bus,2,4,3,4,3,0,0,1,0,1
Santacruz,3,26-35,Student,4-5x/week,Education,BEST Bus,3,3,3,3,4,0,0,0,1,0
Santacruz,3,18-25,Student,Daily,Office,BEST Bus,3,4,4,3,4,0,0,0,0,1
Santacruz,3,36-45,Service,Daily,Office,BEST Bus,4,4,4,4,3,0,0,1,0,1
Santacruz,3,26-35,Service,Daily,Leisure,BEST Bus,3,3,4,4,3,0,0,1,0,1
Santacruz,3,26-35,IT/Tech,Daily,Office,BEST Bus,5,5,4,3,4,1,0,1,0,1
Santacruz,3,18-25,Student,4-5x/week,Office,BEST Bus,3,3,4,4,3,0,0,0,0,1
Santacruz,3,46-60,Other,Daily,Office,BEST Bus,4,4,4,3,3,0,0,0,0,0
Santacruz,3,26-35,Business,Daily,Office,BEST Bus,3,3,4,3,4,1,1,0,0,1
Santacruz,3,36-45,IT/Tech,4-5x/week,Office,BEST Bus,4,4,3,3,4,0,0,1,0,1
Santacruz,3,46-60,IT/Tech,Daily,Leisure,BEST Bus,4,3,3,3,3,0,0,0,0,1
Santacruz,3,18-25,Service,Daily,Shopping,BEST Bus,3,4,3,4,4,1,1,1,1,1
Santacruz,3,18-25,IT/Tech,Daily,Shopping,BEST Bus,4,3,4,4,4,1,0,1,1,1
Santacruz,3,18-25,Service,Daily,Office,BEST Bus,5,4,3,4,4,0,1,1,1,0
Santacruz,3,18-25,Business,Daily,Education,BEST Bus,4,4,3,4,4,1,1,0,1,1
Santacruz,3,26-35,IT/Tech,Daily,Shopping,BEST Bus,3,3,3,4,3,0,0,0,0,1
Santacruz,3,46-60,IT/Tech,4-5x/week,Other,BEST Bus,4,3,4,4,3,0,0,0,0,1
Santacruz,3,26-35,Business,Daily,Office,BEST Bus,4,4,3,4,3,0,0,1,0,1
Santacruz,3,18-25,Student,Daily,Office,BEST Bus,3,3,3,4,4,0,0,1,0,1
Santacruz,3,26-35,IT/Tech,2-3x/week,Office,BEST Bus,3,4,4,3,3,1,0,1,0,0
Santacruz,3,46-60,Student,Daily,Office,BEST Bus,4,4,3,4,4,1,1,0,0,0
Santacruz,3,18-25,IT/Tech,Daily,Education,BEST Bus,4,4,3,4,3,1,0,1,0,1
Santacruz,3,26-35,Service,Daily,Shopping,BEST Bus,4,4,3,3,3,1,0,1,0,1
Santacruz,3,26-35,Student,Daily,Shopping,BEST Bus,4,3,3,3,4,0,1,1,1,1
Santacruz,3,26-35,IT/Tech,2-3x/week,Office,BEST Bus,5,3,4,3,3,0,0,1,0,1
Santacruz,3,18-25,Student,Rarely,Office,BEST Bus,4,3,4,3,3,1,0,1,0,1
Santacruz,3,36-45,IT/Tech,4-5x/week,Office,BEST Bus,3,4,4,3,3,0,1,0,1,1
Santacruz,3,26-35,Student,4-5x/week,Office,BEST Bus,3,3,3,4,3,1,0,1,0,1
Santacruz,3,36-45,Service,4-5x/week,Office,BEST Bus,4,3,3,4,3,0,0,1,0,0
BKC,3,26-35,Student,4-5x/week,Education,Shared Auto,3,1,2,4,2,0,0,1,0,1
BKC,3,60+,IT/Tech,Daily,Other,Shared Auto,4,2,3,3,2,1,0,0,0,1
BKC,3,18-25,Business,4-5x/week,Education,Shared Auto,3,1,3,3,3,0,1,1,0,1
BKC,3,26-35,Other,4-5x/week,Shopping,Shared Auto,3,2,3,3,2,1,1,0,0,1
BKC,3,60+,IT/Tech,Daily,Shopping,Shared Auto,2,2,3,3,2,1,1,1,1,0
BKC,3,46-60,Business,Rarely,Other,Shared Auto,3,1,2,3,2,1,0,1,1,1
BKC,3,18-25,Student,Weekly,Office,Shared Auto,3,2,4,3,2,1,1,0,1,1
BKC,3,36-45,Service,Daily,Other,Shared Auto,3,1,3,3,2,1,1,1,0,1
BKC,3,26-35,IT/Tech,4-5x/week,Education,Shared Auto,4,1,4,3,2,1,0,1,0,1
BKC,3,26-35,IT/Tech,4-5x/week,Leisure,Shared Auto,3,2,3,4,2,1,0,0,0,1
BKC,3,26-35,Student,4-5x/week,Office,Shared Auto,4,1,2,4,1,1,1,0,1,1
BKC,3,60+,Service,Daily,Shopping,Shared Auto,2,2,3,3,3,1,0,0,0,1
BKC,3,18-25,Other,Daily,Office,Shared Auto,3,2,3,3,2,0,1,0,1,1
BKC,3,36-45,IT/Tech,4-5x/week,Office,Shared Auto,4,2,3,3,2,0,1,1,1,1
BKC,3,18-25,Service,4-5x/week,Office,Shared Auto,3,2,3,3,2,1,0,0,0,1
BKC,3,18-25,Student,4-5x/week,Office,Shared Auto,2,2,3,4,2,1,0,0,1,1
BKC,3,26-35,Service,4-5x/week,Office,Shared Auto,3,1,3,4,2,0,0,0,0,1
BKC,3,18-25,Business,Daily,Shopping,Shared Auto,4,3,3,3,2,0,0,0,0,1
BKC,3,36-45,Student,Daily,Education,Shared Auto,3,2,3,3,3,0,1,1,1,0
BKC,3,36-45,Business,4-5x/week,Shopping,Shared Auto,3,2,3,4,2,0,1,0,0,1
BKC,3,18-25,Service,Weekly,Leisure,Shared Auto,3,2,3,3,3,1,1,1,0,1
BKC,3,46-60,IT/Tech,Daily,Office,Shared Auto,3,1,3,3,3,1,0,1,0,1
BKC,3,36-45,Service,Weekly,Office,Shared Auto,3,2,3,3,2,0,1,0,1,1
BKC,3,46-60,Service,Daily,Education,Shared Auto,3,2,3,4,2,1,0,1,0,1
BKC,3,46-60,Service,Daily,Leisure,Shared Auto,3,1,3,4,1,1,0,1,0,1
BKC,3,18-25,Service,Daily,Other,Shared Auto,3,3,3,3,2,1,1,0,0,1
BKC,3,26-35,Service,Daily,Office,Shared Auto,3,1,3,3,2,0,0,0,0,1
BKC,3,18-25,Service,Daily,Office,Shared Auto,3,1,3,4,2,0,0,1,0,1
BKC,3,36-45,Student,2-3x/week,Other,Shared Auto,3,1,3,3,2,0,1,1,0,1
BKC,3,18-25,Student,Daily,Office,Shared Auto,2,2,2,3,2,1,1,1,0,0
BKC,3,18-25,Student,4-5x/week,Office,Shared Auto,2,2,3,3,2,1,0,0,1,0
BKC,3,36-45,IT/Tech,Daily,Office,Shared Auto,2,2,2,3,2,1,1,0,0,1
BKC,3,46-60,Service,2-3x/week,Leisure,Shared Auto,3,2,2,3,3,1,0,1,0,1
BKC,3,36-45,Business,Daily,Office,Shared Auto,3,1,2,4,2,0,0,1,0,0
BKC,3,60+,Other,2-3x/week,Office,Shared Auto,4,2,3,3,2,1,0,1,0,1
BKC,3,36-45,Business,Weekly,Office,Shared Auto,2,2,3,3,2,1,0,1,1,1
BKC,3,26-35,Student,Daily,Shopping,Shared Auto,4,1,3,4,2,1,0,1,1,1
BKC,3,26-35,IT/Tech,2-3x/week,Education,Shared Auto,4,1,2,3,2,1,1,1,0,1
BKC,3,26-35,Other,2-3x/week,Other,Shared Auto,3,2,3,4,2,1,0,1,0,1
BKC,3,36-45,Service,2-3x/week,Education,Shared Auto,4,2,3,3,2,0,0,1,0,1
BKC,3,26-35,Business,Daily,Education,Shared Auto,3,1,2,3,3,0,0,0,0,1
BKC,3,18-25,IT/Tech,2-3x/week,Office,Shared Auto,3,1,3,3,2,0,1,1,0,1
BKC,3,36-45,Service,4-5x/week,Office,Shared Auto,3,1,3,4,1,1,1,1,1,1
BKC,3,26-35,IT/Tech,4-5x/week,Shopping,Shared Auto,3,1,3,3,3,0,0,0,0,1
BKC,3,46-60,IT/Tech,Daily,Office,Shared Auto,4,2,3,3,3,0,0,1,0,1
BKC,3,36-45,Business,2-3x/week,Office,Shared Auto,2,2,4,3,3,1,1,1,0,1
BKC,3,60+,IT/Tech,Daily,Office,Shared Auto,4,2,3,4,2,1,0,1,1,1
BKC,3,18-25,Business,4-5x/week,Office,Shared Auto,3,1,3,4,2,1,0,1,1,1
BKC,3,36-45,IT/Tech,Daily,Education,Shared Auto,3,2,3,4,2,0,1,1,0,1
BKC,3,36-45,Business,Daily,Office,Shared Auto,2,2,3,3,3,0,1,1,1,1
BKC,3,36-45,Student,Daily,Office,Shared Auto,4,2,3,4,2,1,0,1,1,1
BKC,3,18-25,IT/Tech,4-5x/week,Office,Shared Auto,3,2,3,4,2,0,0,1,0,1
BKC,3,18-25,IT/Tech,2-3x/week,Other,Shared Auto,4,1,3,4,2,0,1,1,0,1
BKC,3,46-60,IT/Tech,Weekly,Office,Shared Auto,3,1,3,4,2,0,0,1,0,1
BKC,3,36-45,Service,Daily,Office,Shared Auto,4,1,3,3,2,1,0,0,1,1
BKC,3,46-60,IT/Tech,Weekly,Office,Shared Auto,4,1,3,3,2,0,0,1,1,1
BKC,3,46-60,Service,2-3x/week,Office,Shared Auto,4,2,3,4,3,1,0,1,0,1
BKC,3,26-35,Other,Weekly,Education,Shared Auto,2,1,3,3,2,0,1,0,1,1
BKC,3,26-35,Service,Daily,Office,Shared Auto,3,2,2,3,3,0,1,0,0,1
BKC,3,36-45,IT/Tech,Daily,Leisure,Shared Auto,3,1,3,4,3,0,1,1,1,1
BKC,3,26-35,Service,Daily,Office,Shared Auto,4,1,3,3,3,1,1,1,0,1
BKC,3,18-25,IT/Tech,Daily,Shopping,Shared Auto,3,1,3,4,2,0,0,1,0,1
BKC,3,26-35,Student,4-5x/week,Office,Shared Auto,4,2,2,4,2,1,0,1,1,0
BKC,3,60+,Student,2-3x/week,Office,Shared Auto,3,2,3,3,2,1,1,1,0,1
BKC,3,26-35,Service,4-5x/week,Office,Shared Auto,3,1,3,3,3,0,0,1,1,0
BKC,3,18-25,Student,4-5x/week,Leisure,Shared Auto,3,2,2,3,2,0,0,0,1,1
BKC,3,26-35,Student,4-5x/week,Office,Shared Auto,3,1,3,2,3,1,0,0,1,1
Dharavi,3,18-25,Business,Weekly,Education,Shared Auto,3,3,3,3,3,0,1,1,0,0
Dharavi,3,36-45,Service,Rarely,Office,Shared Auto,3,2,3,3,3,0,0,0,0,1
Dharavi,3,60+,IT/Tech,2-3x/week,Office,Shared Auto,3,3,3,4,3,0,0,0,1,1
Dharavi,3,18-25,Service,4-5x/week,Other,Shared Auto,2,3,2,3,4,1,0,1,1,1
Dharavi,3,46-60,IT/Tech,Daily,Office,Shared Auto,4,3,3,4,4,0,0,0,0,1
Dharavi,3,36-45,Service,4-5x/week,Office,Shared Auto,4,3,3,4,3,1,0,0,0,1
Dharavi,3,18-25,IT/Tech,4-5x/week,Shopping,Shared Auto,4,4,3,3,4,1,0,0,1,1
Dharavi,3,36-45,Student,4-5x/week,Shopping,Shared Auto,4,3,3,3,4,0,1,0,1,1
Dharavi,3,26-35,Business,Daily,Office,Shared Auto,3,3,3,3,3,0,0,0,1,1
Dharavi,3,18-25,Business,2-3x/week,Office,Shared Auto,4,3,3,4,3,0,0,1,0,1
Dharavi,3,26-35,Student,2-3x/week,Office,Shared Auto,3,4,3,4,3,0,0,0,0,1
Dharavi,3,26-35,Student,Daily,Leisure,Shared Auto,3,3,3,4,3,0,0,1,1,1
Dharavi,3,46-60,Service,2-3x/week,Office,Shared Auto,3,3,4,3,3,1,1,1,0,1
Dharavi,3,36-45,Business,Weekly,Office,Shared Auto,4,3,4,3,2,1,0,1,0,1
Dharavi,3,26-35,Service,Daily,Shopping,Shared Auto,3,3,3,3,4,0,0,0,0,1
Dharavi,3,36-45,Service,Daily,Leisure,Shared Auto,4,3,4,3,4,0,0,1,1,1
Dharavi,3,26-35,IT/Tech,Daily,Office,Shared Auto,4,3,3,3,3,0,1,0,0,1
Dharavi,3,26-35,Service,Daily,Other,Shared Auto,4,2,3,4,3,1,0,1,1,1
Dharavi,3,26-35,Business,Weekly,Shopping,Shared Auto,3,4,4,3,4,0,1,0,0,1
Dharavi,3,26-35,IT/Tech,Daily,Office,Shared Auto,4,3,4,3,4,1,0,0,0,1
Dharavi,3,26-35,Service,Daily,Office,Shared Auto,4,3,4,4,3,0,0,0,0,1
Dharavi,3,46-60,IT/Tech,2-3x/week,Office,Shared Auto,4,3,4,3,4,1,1,1,0,1
Dharavi,3,18-25,Service,Rarely,Education,Shared Auto,3,4,3,3,3,0,0,1,0,0
Dharavi,3,26-35,Student,Daily,Education,Shared Auto,4,3,3,4,4,1,0,0,0,1
Dharavi,3,18-25,Business,4-5x/week,Office,Shared Auto,3,3,3,3,4,0,1,0,0,1
Dharavi,3,36-45,IT/Tech,Daily,Shopping,Shared Auto,4,3,3,3,2,0,0,1,0,1
Dharavi,3,26-35,IT/Tech,Weekly,Education,Shared Auto,4,4,3,4,4,1,1,1,0,1
Dharavi,3,26-35,Student,Daily,Leisure,Shared Auto,4,3,3,3,4,0,0,0,0,1
Dharavi,3,18-25,Service,4-5x/week,Leisure,Shared Auto,4,3,3,3,3,1,1,0,0,1
Dharavi,3,18-25,Business,4-5x/week,Education,Shared Auto,5,3,3,4,4,0,0,1,0,1
Dharavi,3,26-35,Service,4-5x/week,Office,Shared Auto,4,3,4,4,4,0,0,0,0,1
Dharavi,3,26-35,IT/Tech,Daily,Leisure,Shared Auto,3,3,3,3,4,1,0,1,0,1
Dharavi,3,26-35,Other,2-3x/week,Other,Shared Auto,5,3,2,3,3,1,1,1,1,0
Dharavi,3,26-35,Student,2-3x/week,Leisure,Shared Auto,3,3,3,3,4,0,0,0,0,1
Dharavi,3,26-35,Service,Weekly,Office,Shared Auto,3,3,3,4,3,1,1,0,1,1
Dharavi,3,36-45,Service,Daily,Office,Shared Auto,4,3,3,4,3,0,1,1,0,1
Dharavi,3,26-35,IT/Tech,2-3x/week,Office,Shared Auto,4,3,3,3,3,0,1,1,0,1
Dharavi,3,26-35,Other,Weekly,Leisure,Shared Auto,4,3,3,4,3,0,0,0,1,0
Dharavi,3,18-25,IT/Tech,4-5x/week,Education,Shared Auto,4,3,4,3,3,1,0,1,0,0
Dharavi,3,18-25,Business,Daily,Office,Shared Auto,3,4,4,4,3,0,0,0,1,1
Dharavi,3,26-35,Student,Daily,Education,Shared Auto,5,3,3,3,4,1,1,0,0,1
Dharavi,3,26-35,IT/Tech,2-3x/week,Office,Shared Auto,4,4,3,3,3,1,1,1,0,0
Dharavi,3,36-45,IT/Tech,Rarely,Office,Shared Auto,3,3,3,3,4,0,1,0,0,1
Dharavi,3,46-60,Service,Daily,Education,Shared Auto,4,4,3,4,4,0,0,1,0,1
Dharavi,3,46-60,IT/Tech,4-5x/week,Leisure,Shared Auto,3,3,4,4,4,0,0,0,0,0
Dharavi,3,26-35,IT/Tech,Daily,Office,Shared Auto,5,3,3,3,3,0,1,1,1,1
Dharavi,3,36-45,Service,4-5x/week,Office,Shared Auto,4,3,3,4,3,0,1,1,0,1
Dharavi,3,36-45,IT/Tech,4-5x/week,Office,Shared Auto,4,2,3,3,3,1,1,0,0,0
Dharavi,3,36-45,Service,4-5x/week,Leisure,Shared Auto,4,4,3,4,4,1,0,0,0,0
Dharavi,3,26-35,Student,4-5x/week,Education,Shared Auto,4,3,3,3,3,1,0,0,1,1
Dharavi,3,18-25,Business,2-3x/week,Other,Shared Auto,4,3,3,3,4,0,1,0,0,0
Dharavi,3,46-60,Student,4-5x/week,Office,Shared Auto,5,3,3,4,3,1,1,0,0,1
Dharavi,3,26-35,Other,Daily,Leisure,Shared Auto,4,3,3,4,4,0,1,1,1,1
Dharavi,3,26-35,Business,2-3x/week,Leisure,Shared Auto,3,3,3,4,4,0,0,0,0,1
Dharavi,3,46-60,Student,2-3x/week,Office,Shared Auto,4,3,3,3,3,0,0,1,0,1
Dharavi,3,36-45,Service,2-3x/week,Other,Shared Auto,5,4,3,4,3,1,0,0,1,1
Dharavi,3,18-25,Service,Daily,Office,Shared Auto,3,3,3,4,3,1,0,1,0,1
Dharavi,3,36-45,Business,Weekly,Office,Shared Auto,3,3,3,3,4,1,0,0,0,1
Dharavi,3,60+,Service,4-5x/week,Shopping,Shared Auto,4,3,4,3,4,0,1,1,0,1
Dharavi,3,18-25,IT/Tech,Daily,Shopping,Shared Auto,3,3,3,3,3,0,1,0,0,1
Dharavi,3,18-25,IT/Tech,Daily,Shopping,Shared Auto,4,3,3,3,3,1,1,1,1,1
Dharavi,3,26-35,Student,4-5x/week,Shopping,Shared Auto,4,3,3,4,4,0,1,1,0,1
Dharavi,3,60+,IT/Tech,Weekly,Office,Shared Auto,4,4,3,3,3,1,0,1,0,1
Dharavi,3,26-35,IT/Tech,Daily,Office,Shared Auto,4,3,3,3,3,0,1,1,0,1
Dharavi,3,26-35,Other,4-5x/week,Office,Shared Auto,4,3,3,4,3,1,1,1,0,1
Dharavi,3,18-25,Business,4-5x/week,Office,Shared Auto,4,3,3,3,3,0,0,1,0,1
Dharavi,3,26-35,Service,4-5x/week,Education,Shared Auto,4,3,3,3,4,0,0,0,0,1
Dharavi,3,36-45,Student,4-5x/week,Other,Shared Auto,4,3,2,4,3,0,0,1,0,1
Dharavi,3,18-25,Business,4-5x/week,Office,Shared Auto,3,3,3,3,3,0,1,1,1,1
Dharavi,3,26-35,Service,4-5x/week,Education,Shared Auto,4,4,3,4,3,0,0,1,1,1
Dharavi,3,26-35,Other,4-5x/week,Office,Shared Auto,3,3,3,4,4,0,0,0,0,1
Dharavi,3,18-25,IT/Tech,4-5x/week,Shopping,Shared Auto,4,3,3,4,3,1,0,1,1,1
Dharavi,3,36-45,Student,2-3x/week,Office,Shared Auto,3,3,3,4,4,0,0,0,1,1
Dharavi,3,46-60,Service,2-3x/week,Office,Shared Auto,4,3,3,3,3,1,0,0,0,1
Dharavi,3,46-60,Student,2-3x/week,Education,Shared Auto,4,3,4,3,4,0,0,1,1,1
Dharavi,3,46-60,Business,2-3x/week,Shopping,Shared Auto,4,3,3,4,3,0,0,0,0,1
Dharavi,3,18-25,Service,2-3x/week,Office,Shared Auto,3,3,3,3,3,0,0,1,0,1
Dharavi,3,26-35,IT/Tech,Rarely,Other,Shared Auto,4,2,3,4,3,1,0,1,1,1
Dharavi,3,18-25,Service,2-3x/week,Office,Shared Auto,4,3,3,4,3,0,0,1,0,1
Dharavi,3,18-25,IT/Tech,Weekly,Office,Shared Auto,3,3,3,3,4,0,1,1,0,1
Dharavi,3,18-25,Other,2-3x/week,Leisure,Shared Auto,4,4,3,4,3,0,0,1,0,0
Dharavi,3,18-25,Service,4-5x/week,Office,Shared Auto,3,3,3,3,3,1,0,0,1,1
Dharavi,3,26-35,IT/Tech,Weekly,Education,Shared Auto,4,3,3,3,3,0,0,0,1,1
Dharavi,3,26-35,IT/Tech,2-3x/week,Shopping,Shared Auto,5,4,3,4,4,0,0,0,1,1
Dharavi,3,60+,IT/Tech,Weekly,Office,Shared Auto,3,3,3,3,2,1,1,0,0,0
Dharavi,3,36-45,Service,2-3x/week,Education,Shared Auto,4,4,3,3,4,0,0,1,0,0
Dharavi,3,26-35,IT/Tech,4-5x/week,Office,Shared Auto,3,3,4,3,3,0,0,0,0,1
Dharavi,3,18-25,IT/Tech,4-5x/week,Leisure,Shared Auto,3,3,3,3,4,1,1,0,0,1
Dharavi,3,36-45,Service,Daily,Office,Shared Auto,3,3,3,3,4,0,1,0,1,0
Dharavi,3,36-45,IT/Tech,Weekly,Office,Shared Auto,4,3,3,4,3,0,1,0,0,1
Dharavi,3,36-45,Service,2-3x/week,Leisure,Shared Auto,4,3,3,4,4,0,1,1,0,1
Dharavi,3,26-35,Service,Daily,Other,Shared Auto,3,3,3,4,3,0,0,1,0,0
Dharavi,3,36-45,Service,4-5x/week,Shopping,Shared Auto,4,3,3,4,4,1,1,0,1,1
Dharavi,3,26-35,Business,Rarely,Leisure,Shared Auto,3,3,3,3,4,1,0,0,1,1
Dharavi,3,26-35,Student,Daily,Shopping,Shared Auto,3,3,3,4,4,1,1,1,0,1
Dharavi,3,46-60,IT/Tech,4-5x/week,Office,Shared Auto,4,3,3,4,4,0,0,1,0,1
Dharavi,3,36-45,Service,Daily,Other,Shared Auto,4,4,3,4,4,0,0,1,0,1
Dharavi,3,18-25,Service,Rarely,Office,Shared Auto,4,3,2,3,3,1,0,0,1,1
Dharavi,3,18-25,Other,Daily,Other,Shared Auto,4,3,4,4,3,1,1,1,0,1
Dharavi,3,60+,Student,2-3x/week,Office,Shared Auto,3,3,3,4,3,1,0,1,0,1
Sitaladevi,3,36-45,Student,Weekly,Office,Shared Auto,4,2,2,2,2,1,1,0,1,0
Sitaladevi,3,26-35,Business,Daily,Shopping,Shared Auto,3,3,3,2,2,1,0,1,0,0
Sitaladevi,3,26-35,IT/Tech,4-5x/week,Office,Shared Auto,3,3,3,3,3,0,1,1,0,0
Sitaladevi,3,46-60,Business,Daily,Education,Shared Auto,3,3,3,3,3,1,1,0,0,1
Sitaladevi,3,26-35,Other,Weekly,Education,Shared Auto,4,3,2,3,2,0,0,0,1,0
Sitaladevi,3,26-35,IT/Tech,Rarely,Shopping,Shared Auto,4,3,3,3,3,0,1,1,0,1
Sitaladevi,3,26-35,IT/Tech,Daily,Leisure,Shared Auto,3,2,2,2,3,0,0,0,0,1
Sitaladevi,3,18-25,IT/Tech,Daily,Shopping,Shared Auto,4,2,2,2,2,0,0,0,0,0
Sitaladevi,3,36-45,Student,Daily,Leisure,Shared Auto,3,2,2,3,2,0,1,1,1,0
Sitaladevi,3,36-45,IT/Tech,2-3x/week,Office,Shared Auto,4,3,2,3,2,0,1,0,0,0
Sitaladevi,3,46-60,Service,2-3x/week,Office,Shared Auto,3,3,2,3,3,0,0,0,1,0
Sitaladevi,3,18-25,Other,Daily,Leisure,Shared Auto,3,2,2,3,2,0,1,1,0,0
Sitaladevi,3,46-60,Service,Daily,Leisure,Shared Auto,3,3,2,3,2,1,0,1,0,1
Sitaladevi,3,26-35,Service,4-5x/week,Education,Shared Auto,3,3,2,3,3,0,1,1,0,1
Sitaladevi,3,18-25,Other,Daily,Education,Shared Auto,3,3,2,3,3,1,0,0,0,1
Sitaladevi,3,46-60,IT/Tech,4-5x/week,Office,Shared Auto,3,3,3,4,3,0,0,0,0,1
Sitaladevi,3,18-25,Business,Daily,Education,Shared Auto,3,3,3,2,2,1,0,0,1,0
Sitaladevi,3,18-25,Other,Daily,Shopping,Shared Auto,3,2,2,3,3,0,0,1,0,0
Sitaladevi,3,18-25,Service,4-5x/week,Education,Shared Auto,4,3,2,3,2,0,1,0,0,0
Sitaladevi,3,26-35,Business,4-5x/week,Education,Shared Auto,3,3,2,3,3,0,1,0,0,1
Sitaladevi,3,36-45,Student,Weekly,Other,Shared Auto,4,2,2,3,3,1,1,0,1,1
Sitaladevi,3,18-25,Business,4-5x/week,Office,Shared Auto,4,3,3,2,3,1,0,0,1,0
Sitaladevi,3,36-45,IT/Tech,Daily,Office,Shared Auto,3,2,1,3,3,1,0,1,1,0
Sitaladevi,3,26-35,Service,Rarely,Shopping,Shared Auto,3,2,3,3,3,0,1,0,0,1
Sitaladevi,3,60+,Other,4-5x/week,Leisure,Shared Auto,4,2,2,3,2,1,1,0,1,1
Sitaladevi,3,26-35,IT/Tech,Daily,Office,Shared Auto,3,3,3,3,3,1,1,1,0,1
Sitaladevi,3,36-45,Business,Daily,Other,Shared Auto,3,3,2,2,2,1,0,1,0,1
Sitaladevi,3,60+,Student,4-5x/week,Education,Shared Auto,3,2,3,2,3,1,0,1,1,1
Sitaladevi,3,18-25,Service,4-5x/week,Education,Shared Auto,2,3,2,2,3,1,1,0,1,1
Sitaladevi,3,18-25,Service,Rarely,Office,Shared Auto,3,3,3,3,2,0,1,1,0,0
Sitaladevi,3,60+,Service,Daily,Office,Shared Auto,4,2,2,3,3,1,1,1,0,1
Sitaladevi,3,26-35,Service,Weekly,Office,Shared Auto,4,3,2,3,2,1,0,0,1,1
Sitaladevi,3,26-35,Student,2-3x/week,Leisure,Shared Auto,3,2,2,2,3,1,0,0,1,0
Sitaladevi,3,18-25,Student,4-5x/week,Office,Shared Auto,3,3,2,2,3,0,0,0,0,0
Sitaladevi,3,26-35,IT/Tech,2-3x/week,Office,Shared Auto,4,3,3,3,2,1,0,0,0,1
Sitaladevi,3,26-35,Business,Weekly,Office,Shared Auto,4,3,3,3,3,1,1,0,0,1
Sitaladevi,3,36-45,Other,Daily,Office,Shared Auto,4,3,2,3,3,1,1,1,0,1
Sitaladevi,3,18-25,Other,4-5x/week,Leisure,Shared Auto,3,3,2,2,3,0,1,0,1,1
Sitaladevi,3,18-25,Service,4-5x/week,Leisure,Shared Auto,3,2,2,2,3,0,1,1,0,1
Sitaladevi,3,18-25,IT/Tech,Daily,Office,Shared Auto,3,2,2,3,3,0,1,1,0,0
Sitaladevi,3,26-35,Student,Daily,Other,Shared Auto,4,2,3,3,2,1,0,0,1,1
Sitaladevi,3,18-25,Other,4-5x/week,Leisure,Shared Auto,4,3,2,3,3,0,0,0,1,1
Sitaladevi,3,36-45,IT/Tech,Daily,Other,Shared Auto,3,3,2,3,3,0,1,0,1,0
Sitaladevi,3,26-35,IT/Tech,4-5x/week,Shopping,Shared Auto,3,3,2,2,2,0,1,1,0,0
Sitaladevi,3,26-35,IT/Tech,Weekly,Office,Shared Auto,3,3,3,3,2,1,1,0,1,1
Sitaladevi,3,26-35,Service,Daily,Education,Shared Auto,4,2,2,3,2,0,1,0,0,1
Sitaladevi,3,26-35,Service,Daily,Shopping,Shared Auto,3,2,2,3,2,1,0,0,1,0
Sitaladevi,3,18-25,Student,4-5x/week,Office,Shared Auto,4,3,2,3,2,1,1,0,0,1
Sitaladevi,3,18-25,Service,Rarely,Office,Shared Auto,3,3,3,3,3,0,0,0,0,0
Sitaladevi,3,36-45,IT/Tech,2-3x/week,Other,Shared Auto,3,3,3,3,3,0,0,0,0,0
Sitaladevi,3,18-25,IT/Tech,4-5x/week,Education,Shared Auto,3,2,2,3,2,0,0,1,1,1
Sitaladevi,3,26-35,Service,Daily,Office,Shared Auto,3,3,2,3,3,1,0,0,0,0
Sitaladevi,3,46-60,IT/Tech,Daily,Office,Shared Auto,3,3,2,3,3,0,1,0,1,1
Sitaladevi,3,46-60,Student,Daily,Office,Shared Auto,4,3,3,3,3,0,0,1,1,1
Sitaladevi,3,18-25,IT/Tech,Daily,Office,Shared Auto,3,3,2,3,3,0,0,0,0,1
Sitaladevi,3,46-60,IT/Tech,Daily,Other,Shared Auto,3,3,2,3,3,1,1,1,1,0
Sitaladevi,3,18-25,Service,Daily,Office,Shared Auto,3,3,2,3,2,1,0,1,0,1
Sitaladevi,3,18-25,IT/Tech,Daily,Shopping,Shared Auto,2,2,2,2,2,1,1,1,1,1
Sitaladevi,3,26-35,Service,Daily,Education,Shared Auto,4,3,2,2,2,0,1,0,0,1
Sitaladevi,3,60+,Service,2-3x/week,Other,Shared Auto,3,3,2,3,3,0,1,0,0,1
Sitaladevi,3,46-60,Other,Daily,Office,Shared Auto,3,3,2,2,3,1,0,0,0,1
Sitaladevi,3,46-60,Service,Daily,Shopping,Shared Auto,4,3,3,2,2,1,0,0,0,1
Sitaladevi,3,36-45,Student,4-5x/week,Other,Shared Auto,4,3,2,3,3,1,1,1,0,0
Sitaladevi,3,26-35,Student,Weekly,Office,Shared Auto,2,2,3,2,2,0,1,0,1,0
Sitaladevi,3,18-25,Student,2-3x/week,Office,Shared Auto,5,3,2,2,3,1,0,1,0,0
Sitaladevi,3,26-35,Service,Daily,Shopping,Shared Auto,3,3,3,2,3,0,0,0,0,1
Sitaladevi,3,26-35,Service,Weekly,Office,Shared Auto,4,2,2,3,2,1,0,0,0,1
Sitaladevi,3,36-45,Other,Daily,Office,Shared Auto,3,3,2,2,2,0,0,0,1,0
Sitaladevi,3,26-35,Service,2-3x/week,Office,Shared Auto,3,3,3,3,2,1,0,0,0,1
Sitaladevi,3,26-35,IT/Tech,4-5x/week,Office,Shared Auto,3,3,3,3,2,0,0,1,0,0
Sitaladevi,3,26-35,Student,Weekly,Office,Shared Auto,3,2,2,3,3,1,1,1,1,1
Sitaladevi,3,60+,Student,Daily,Office,Shared Auto,3,3,3,3,3,1,1,0,1,1
Sitaladevi,3,60+,Service,2-3x/week,Leisure,Shared Auto,4,3,3,3,2,1,1,0,1,1
Sitaladevi,3,26-35,Business,Daily,Office,Shared Auto,3,3,2,2,3,1,0,0,0,1
Sitaladevi,3,36-45,IT/Tech,2-3x/week,Leisure,Shared Auto,4,3,3,3,2,0,1,0,1,1
Sitaladevi,3,46-60,Service,Daily,Other,Shared Auto,4,3,2,3,3,0,0,1,0,1
Sitaladevi,3,46-60,Service,Daily,Office,Shared Auto,3,3,2,3,3,0,0,0,0,1
Sitaladevi,3,18-25,Student,4-5x/week,Education,Shared Auto,4,3,3,3,3,0,0,1,0,1
Sitaladevi,3,26-35,Service,Daily,Office,Shared Auto,4,2,3,3,3,0,0,0,0,0
Sitaladevi,3,26-35,Business,Daily,Office,Shared Auto,4,3,3,3,3,1,1,0,1,1
Sitaladevi,3,26-35,Other,Daily,Office,Shared Auto,3,3,2,3,2,0,0,0,1,1
Sitaladevi,3,26-35,Business,2-3x/week,Leisure,Shared Auto,4,2,3,3,2,1,0,1,0,0
Sitaladevi,3,26-35,Student,Daily,Office,Shared Auto,3,2,2,3,2,0,1,0,0,1
Sitaladevi,3,26-35,IT/Tech,Daily,Leisure,Shared Auto,3,2,2,2,2,1,0,1,1,1
Sitaladevi,3,18-25,IT/Tech,Daily,Office,Shared Auto,4,3,2,3,3,0,0,1,0,0
Sitaladevi,3,18-25,Other,Daily,Office,Shared Auto,3,3,3,3,3,0,1,1,0,0
Sitaladevi,3,26-35,Business,Daily,Shopping,Shared Auto,4,3,3,3,2,1,0,1,1,1
Sitaladevi,3,18-25,Service,Daily,Leisure,Shared Auto,2,3,3,3,3,1,0,1,0,0
Sitaladevi,3,26-35,Business,Daily,Office,Shared Auto,4,4,2,2,2,0,1,1,0,0
Sitaladevi,3,26-35,Service,Daily,Office,Shared Auto,3,3,2,3,4,0,1,0,0,1
Sitaladevi,3,46-60,Service,Daily,Office,Shared Auto,3,3,3,2,3,0,1,1,1,0
Sitaladevi,3,18-25,IT/Tech,Daily,Office,Shared Auto,4,2,3,3,2,0,1,0,0,0
Sitaladevi,3,18-25,IT/Tech,Daily,Shopping,Shared Auto,3,3,3,2,3,1,0,0,1,1
Sitaladevi,3,36-45,Student,Daily,Leisure,Shared Auto,4,3,3,2,3,1,1,1,0,1
Sitaladevi,3,18-25,IT/Tech,Daily,Office,Shared Auto,3,3,3,3,3,0,0,0,0,1
Sitaladevi,3,26-35,Business,4-5x/week,Office,Shared Auto,3,2,3,3,3,0,1,0,1,0
Sitaladevi,3,46-60,Other,Daily,Office,Shared Auto,4,3,2,2,3,0,1,0,1,1
Sitaladevi,3,36-45,Business,Daily,Leisure,Shared Auto,4,3,2,3,3,1,0,0,1,1
Sitaladevi,3,36-45,IT/Tech,Daily,Office,Shared Auto,4,2,3,3,3,0,1,1,0,0
Sitaladevi,3,18-25,IT/Tech,Weekly,Other,Shared Auto,3,3,2,2,3,0,1,0,0,1
Sitaladevi,3,60+,Business,Weekly,Office,Shared Auto,3,3,2,2,3,0,1,0,0,0
Sitaladevi,3,26-35,Other,Daily,Other,Shared Auto,4,3,3,3,3,1,0,1,1,1
Sitaladevi,3,26-35,Service,Daily,Office,Shared Auto,4,3,3,3,3,0,0,1,0,0
Sitaladevi,3,18-25,Business,2-3x/week,Shopping,Shared Auto,4,2,2,2,3,0,0,1,0,1
Sitaladevi,3,36-45,Student,Daily,Office,Shared Auto,4,3,2,3,2,0,1,1,1,1
Sitaladevi,3,36-45,Business,2-3x/week,Shopping,Shared Auto,3,2,3,3,3,1,1,1,0,0
Sitaladevi,3,36-45,Student,Daily,Office,Shared Auto,3,3,2,2,3,0,0,1,1,0
Sitaladevi,3,26-35,Student,Weekly,Office,Shared Auto,4,3,2,3,3,0,0,1,1,0
Sitaladevi,3,26-35,Student,4-5x/week,Office,Shared Auto,3,3,2,3,3,1,0,0,1,1
Sitaladevi,3,18-25,Service,Daily,Education,Shared Auto,4,3,3,3,2,1,0,0,1,0
Sitaladevi,3,26-35,IT/Tech,Daily,Office,Shared Auto,3,2,2,3,3,0,0,0,1,0
Sitaladevi,3,46-60,Service,Daily,Office,Shared Auto,3,2,3,2,2,0,1,0,1,1
Sitaladevi,3,18-25,Other,4-5x/week,Office,Shared Auto,3,3,2,2,2,1,0,1,0,0
Sitaladevi,3,26-35,Student,Daily,Office,Shared Auto,2,3,3,3,2,0,1,1,0,0
Sitaladevi,3,46-60,Student,4-5x/week,Office,Shared Auto,3,3,2,3,2,0,0,1,1,0
Sitaladevi,3,26-35,Service,Daily,Shopping,Shared Auto,3,3,3,3,3,1,1,0,1,0
Dadar,3,26-35,Business,Daily,Leisure,BEST Bus,4,4,5,3,4,0,1,1,0,1
Dadar,3,26-35,Business,Daily,Education,BEST Bus,4,4,5,3,3,0,0,0,0,1
Dadar,3,26-35,IT/Tech,Weekly,Leisure,BEST Bus,4,4,4,3,3,1,0,0,1,1
Dadar,3,26-35,IT/Tech,Daily,Leisure,BEST Bus,4,4,5,3,4,0,0,0,0,1
Dadar,3,26-35,IT/Tech,4-5x/week,Other,BEST Bus,3,3,5,2,3,1,0,0,0,1
Dadar,3,26-35,Student,Daily,Leisure,BEST Bus,4,5,4,3,3,0,0,0,1,1
Dadar,3,46-60,IT/Tech,Weekly,Office,BEST Bus,5,4,5,3,3,1,0,0,0,1
Dadar,3,26-35,Service,2-3x/week,Other,BEST Bus,4,3,4,2,3,0,0,1,0,0
Dadar,3,26-35,IT/Tech,Daily,Office,BEST Bus,4,4,5,2,3,0,0,1,1,1
Dadar,3,46-60,Service,Daily,Leisure,BEST Bus,4,4,4,2,4,1,0,0,0,1
Dadar,3,18-25,Student,4-5x/week,Office,BEST Bus,4,3,5,2,3,0,0,0,1,1
Dadar,3,36-45,IT/Tech,Daily,Office,BEST Bus,4,3,4,2,4,1,0,0,0,1
Dadar,3,26-35,Service,Daily,Office,BEST Bus,3,3,5,2,3,1,0,1,1,1
Dadar,3,18-25,IT/Tech,2-3x/week,Office,BEST Bus,4,4,5,3,4,0,0,0,0,1
Dadar,3,18-25,Other,Daily,Education,BEST Bus,4,4,4,3,3,0,0,1,1,1
Dadar,3,26-35,Service,2-3x/week,Office,BEST Bus,5,3,4,2,4,1,0,0,0,1
Dadar,3,18-25,Student,4-5x/week,Education,BEST Bus,4,4,5,2,2,1,0,0,1,1
Dadar,3,26-35,IT/Tech,4-5x/week,Office,BEST Bus,4,4,5,3,4,1,0,1,0,1
Dadar,3,26-35,IT/Tech,Daily,Office,BEST Bus,3,4,4,3,3,0,0,0,0,1
Dadar,3,18-25,Business,Daily,Office,BEST Bus,4,4,4,2,3,1,0,0,1,1
Dadar,3,46-60,Service,2-3x/week,Office,BEST Bus,4,4,5,2,3,0,0,0,1,0
Dadar,3,26-35,IT/Tech,Rarely,Leisure,BEST Bus,4,4,4,3,3,0,0,0,0,1
Dadar,3,36-45,Service,Daily,Shopping,BEST Bus,3,4,5,3,4,0,0,0,1,1
Dadar,3,26-35,Student,2-3x/week,Education,BEST Bus,5,4,4,2,3,1,0,0,1,1
Dadar,3,60+,IT/Tech,Daily,Education,BEST Bus,4,4,5,3,3,1,0,0,1,1
Dadar,3,26-35,Other,4-5x/week,Shopping,BEST Bus,4,4,5,2,3,0,0,0,0,1
Dadar,3,36-45,Other,4-5x/week,Education,BEST Bus,3,3,5,2,3,0,0,0,1,1
Dadar,3,26-35,Other,4-5x/week,Education,BEST Bus,4,4,4,2,4,1,1,0,1,1
Dadar,3,60+,Student,Daily,Office,BEST Bus,3,4,5,3,3,1,0,0,1,1
Dadar,3,26-35,Other,Rarely,Education,BEST Bus,4,4,5,3,4,0,1,1,0,1
Dadar,3,60+,Service,2-3x/week,Office,BEST Bus,4,4,4,3,4,0,0,0,0,1
Dadar,3,18-25,IT/Tech,Daily,Other,BEST Bus,4,4,5,3,3,0,0,0,1,1
Dadar,3,26-35,Service,Daily,Other,BEST Bus,4,4,5,3,3,1,0,1,0,1
Dadar,3,26-35,IT/Tech,Daily,Office,BEST Bus,4,4,4,3,3,0,0,1,1,1
Dadar,3,18-25,Business,4-5x/week,Office,BEST Bus,4,4,5,2,3,0,1,0,1,1
Dadar,3,18-25,Service,4-5x/week,Leisure,BEST Bus,4,5,5,3,4,0,0,0,0,1
Dadar,3,18-25,Student,Rarely,Office,BEST Bus,4,4,4,2,3,0,1,0,1,1
Dadar,3,18-25,Business,Daily,Office,BEST Bus,4,4,5,3,3,0,0,0,0,1
Dadar,3,26-35,Business,2-3x/week,Office,BEST Bus,4,4,4,3,3,0,0,1,1,1
Dadar,3,60+,IT/Tech,Weekly,Office,BEST Bus,3,4,4,2,3,0,0,0,0,1
Dadar,3,26-35,IT/Tech,4-5x/week,Shopping,BEST Bus,5,4,4,3,3,0,1,1,1,1
Dadar,3,26-35,IT/Tech,Daily,Office,BEST Bus,4,3,5,2,4,0,0,0,1,1
Dadar,3,26-35,Service,Weekly,Leisure,BEST Bus,4,4,5,3,3,0,0,1,0,1
Dadar,3,18-25,Service,Daily,Office,BEST Bus,5,4,5,3,3,0,0,0,0,1
Dadar,3,18-25,IT/Tech,2-3x/week,Shopping,BEST Bus,4,4,5,2,2,0,0,0,0,1
Dadar,3,36-45,IT/Tech,2-3x/week,Office,BEST Bus,4,4,4,3,4,0,0,0,1,1
Dadar,3,26-35,IT/Tech,Daily,Shopping,BEST Bus,4,3,4,2,3,0,1,0,1,1
Dadar,3,36-45,Business,4-5x/week,Office,BEST Bus,4,4,4,2,3,1,0,1,0,1
Dadar,3,46-60,Student,Rarely,Leisure,BEST Bus,4,4,5,3,4,0,0,0,1,1
Dadar,3,26-35,IT/Tech,Daily,Office,BEST Bus,3,4,4,2,3,1,0,0,1,0
Dadar,3,18-25,IT/Tech,4-5x/week,Office,BEST Bus,3,4,4,3,3,0,0,0,1,1
Dadar,3,26-35,IT/Tech,Daily,Other,BEST Bus,4,3,5,2,3,1,0,0,0,1
Dadar,3,18-25,Business,Rarely,Education,BEST Bus,4,4,4,3,4,1,1,0,1,1
Dadar,3,36-45,Service,Rarely,Office,BEST Bus,4,4,5,3,3,0,1,1,0,1
Dadar,3,26-35,Business,Daily,Leisure,BEST Bus,4,4,5,2,4,0,0,0,0,1
Dadar,3,26-35,Student,Weekly,Office,BEST Bus,3,4,4,2,3,0,0,0,0,1
Dadar,3,18-25,Student,Daily,Other,BEST Bus,3,4,4,3,3,0,0,0,0,1
Dadar,3,26-35,IT/Tech,Rarely,Education,BEST Bus,5,4,5,3,4,0,0,1,0,1
Dadar,3,60+,Student,2-3x/week,Other,BEST Bus,4,4,4,3,4,0,1,0,1,1
Dadar,3,36-45,Student,Weekly,Shopping,BEST Bus,3,4,4,2,4,0,0,0,0,1
Dadar,3,26-35,Service,Daily,Shopping,BEST Bus,4,4,4,3,3,0,1,1,1,1
Dadar,3,46-60,Business,Weekly,Office,BEST Bus,4,3,5,3,3,0,1,0,0,1
Dadar,3,18-25,Student,Weekly,Office,BEST Bus,3,3,4,3,3,0,0,0,1,1
Dadar,3,18-25,Student,Daily,Shopping,BEST Bus,5,4,4,3,3,0,0,1,0,1
Dadar,3,26-35,IT/Tech,Daily,Education,BEST Bus,3,4,5,3,5,1,0,0,1,1
Dadar,3,46-60,Other,Daily,Office,BEST Bus,4,4,4,2,3,0,0,0,1,1
Dadar,3,36-45,Student,2-3x/week,Office,BEST Bus,3,4,5,2,4,0,0,0,0,1
Dadar,3,26-35,Student,4-5x/week,Education,BEST Bus,4,4,5,2,3,0,0,0,1,1
Dadar,3,36-45,Service,Daily,Other,BEST Bus,5,4,4,3,3,1,0,1,0,1
Dadar,3,36-45,Business,4-5x/week,Shopping,BEST Bus,4,4,4,3,3,1,0,1,0,1
Dadar,3,36-45,IT/Tech,4-5x/week,Office,BEST Bus,4,4,5,3,3,0,0,0,0,1
Dadar,3,36-45,Service,2-3x/week,Office,BEST Bus,3,4,5,3,3,0,0,0,1,1
Dadar,3,46-60,Business,Daily,Office,BEST Bus,4,3,4,3,3,0,0,1,1,1
Dadar,3,60+,IT/Tech,Daily,Office,BEST Bus,4,4,4,3,3,1,0,0,1,1
Dadar,3,26-35,Student,Daily,Education,BEST Bus,4,4,5,3,4,1,0,0,0,1
Dadar,3,18-25,Student,4-5x/week,Shopping,BEST Bus,5,4,5,3,3,0,0,1,0,0
Dadar,3,36-45,Service,Daily,Office,BEST Bus,3,4,4,2,3,0,0,0,0,1
Dadar,3,26-35,Business,Daily,Shopping,BEST Bus,4,4,5,2,3,1,0,0,0,1
Dadar,3,18-25,IT/Tech,Weekly,Shopping,BEST Bus,3,4,5,3,3,0,1,1,0,1
Dadar,3,36-45,IT/Tech,4-5x/week,Education,BEST Bus,4,4,5,3,4,1,0,0,1,1
Dadar,3,26-35,Business,4-5x/week,Shopping,BEST Bus,4,3,5,2,3,1,1,0,1,1
Dadar,3,36-45,IT/Tech,4-5x/week,Office,BEST Bus,4,4,4,2,4,0,0,0,1,1
Dadar,3,46-60,Service,4-5x/week,Leisure,BEST Bus,4,3,4,3,3,1,0,1,0,1
Dadar,3,18-25,Service,Daily,Office,BEST Bus,4,4,5,2,3,0,0,0,1,1
Dadar,3,36-45,Business,2-3x/week,Office,BEST Bus,5,4,5,3,4,0,0,0,0,1
Dadar,3,26-35,Other,4-5x/week,Education,BEST Bus,4,4,5,2,3,0,1,1,0,1
Dadar,3,18-25,IT/Tech,Weekly,Office,BEST Bus,3,3,5,2,3,0,0,1,1,1
Dadar,3,26-35,Student,Daily,Education,BEST Bus,4,4,5,3,4,0,1,1,1,1
Dadar,3,26-35,Student,Daily,Education,BEST Bus,4,4,4,3,3,0,0,0,1,1
Dadar,3,36-45,Student,Daily,Other,BEST Bus,3,4,5,2,4,0,0,1,1,1
Dadar,3,26-35,IT/Tech,4-5x/week,Office,BEST Bus,4,4,5,2,3,1,0,1,0,1
Dadar,3,26-35,Service,Daily,Office,BEST Bus,3,4,5,3,3,1,0,0,1,1
Dadar,3,18-25,Service,Rarely,Office,BEST Bus,4,4,5,2,4,0,0,0,0,1
Dadar,3,60+,Service,Daily,Office,BEST Bus,5,4,4,2,4,0,0,0,0,1
Dadar,3,46-60,Service,4-5x/week,Office,BEST Bus,5,4,5,3,3,0,1,0,1,1
Dadar,3,26-35,Student,Daily,Office,BEST Bus,4,4,5,3,3,0,0,0,1,1
Dadar,3,18-25,IT/Tech,4-5x/week,Education,BEST Bus,4,3,5,3,3,0,0,0,1,1
Dadar,3,36-45,Business,Daily,Office,BEST Bus,4,4,5,3,3,0,0,0,1,1
Dadar,3,26-35,IT/Tech,2-3x/week,Shopping,BEST Bus,3,4,5,2,4,0,0,0,1,1
Dadar,3,18-25,Service,Daily,Education,BEST Bus,4,4,4,3,3,0,0,0,1,1
Dadar,3,36-45,Student,2-3x/week,Other,BEST Bus,3,4,4,3,3,0,0,0,0,1
Dadar,3,18-25,Student,2-3x/week,Office,BEST Bus,4,5,5,3,3,0,0,1,0,1
Dadar,3,18-25,Service,Daily,Office,BEST Bus,3,4,5,2,3,0,0,1,1,1
Siddhivinayak,3,36-45,Service,Daily,Office,Auto Rickshaw,4,4,3,4,3,0,0,0,0,1
Siddhivinayak,3,18-25,Service,4-5x/week,Office,Auto Rickshaw,4,4,3,3,2,1,1,0,1,1
Siddhivinayak,3,26-35,IT/Tech,Rarely,Office,Auto Rickshaw,3,3,3,3,3,1,1,1,0,1
Siddhivinayak,3,36-45,IT/Tech,Daily,Office,Auto Rickshaw,3,3,3,4,3,1,0,1,1,1
Siddhivinayak,3,60+,Business,Daily,Office,Auto Rickshaw,3,3,3,4,3,0,0,0,1,1
Siddhivinayak,3,18-25,IT/Tech,4-5x/week,Leisure,Auto Rickshaw,4,3,2,3,4,0,0,0,0,1
Siddhivinayak,3,46-60,IT/Tech,Daily,Leisure,Auto Rickshaw,3,3,3,3,3,1,0,1,0,1
Siddhivinayak,3,26-35,Student,Daily,Office,Auto Rickshaw,3,4,2,3,4,1,0,0,0,1
Siddhivinayak,3,46-60,Student,Daily,Office,Auto Rickshaw,5,3,3,3,3,1,0,0,0,0
Siddhivinayak,3,18-25,IT/Tech,2-3x/week,Shopping,Auto Rickshaw,4,3,2,4,3,1,0,0,0,0
Siddhivinayak,3,26-35,IT/Tech,Daily,Office,Auto Rickshaw,4,4,2,3,3,1,1,1,0,1
Siddhivinayak,3,18-25,Student,Daily,Education,Auto Rickshaw,3,3,3,3,3,1,1,1,1,0
Siddhivinayak,3,36-45,Service,Daily,Office,Auto Rickshaw,4,3,3,3,3,1,0,0,0,1
Siddhivinayak,3,18-25,Business,4-5x/week,Office,Auto Rickshaw,3,3,3,3,2,1,0,1,1,0
Siddhivinayak,3,26-35,Service,Daily,Office,Auto Rickshaw,4,3,3,4,4,1,0,0,0,1
Siddhivinayak,3,26-35,Business,2-3x/week,Education,Auto Rickshaw,4,3,3,4,3,1,0,1,1,1
Siddhivinayak,3,36-45,Business,Weekly,Office,Auto Rickshaw,3,3,3,4,3,1,1,0,0,1
Siddhivinayak,3,26-35,Service,Daily,Education,Auto Rickshaw,4,3,3,3,3,1,0,0,0,1
Siddhivinayak,3,26-35,Business,Daily,Office,Auto Rickshaw,3,2,3,3,3,1,1,0,0,0
Siddhivinayak,3,36-45,Service,Weekly,Leisure,Auto Rickshaw,4,3,2,4,3,0,0,0,0,1
Siddhivinayak,3,46-60,Student,Daily,Leisure,Auto Rickshaw,3,4,3,4,4,1,1,0,1,1
Siddhivinayak,3,26-35,Student,Weekly,Office,Auto Rickshaw,4,2,3,4,4,0,0,1,0,0
Siddhivinayak,3,36-45,Service,Daily,Office,Auto Rickshaw,3,3,2,3,3,0,0,0,0,1
Siddhivinayak,3,26-35,IT/Tech,4-5x/week,Other,Auto Rickshaw,4,3,3,4,3,0,0,1,1,1
Siddhivinayak,3,46-60,Student,4-5x/week,Education,Auto Rickshaw,3,3,2,3,3,0,0,0,0,0
Siddhivinayak,3,60+,IT/Tech,Weekly,Education,Auto Rickshaw,3,3,3,3,3,1,0,0,0,1
Siddhivinayak,3,36-45,IT/Tech,4-5x/week,Office,Auto Rickshaw,4,3,2,3,3,0,0,0,1,1
Siddhivinayak,3,26-35,IT/Tech,Daily,Office,Auto Rickshaw,3,3,3,3,3,0,1,0,0,0
Siddhivinayak,3,26-35,Service,Weekly,Office,Auto Rickshaw,3,3,3,3,3,0,0,1,0,0
Siddhivinayak,3,26-35,Business,Daily,Office,Auto Rickshaw,4,3,3,3,3,0,0,0,1,1
Siddhivinayak,3,26-35,Student,2-3x/week,Shopping,Auto Rickshaw,3,3,2,3,3,0,1,1,1,1
Siddhivinayak,3,18-25,Student,Daily,Office,Auto Rickshaw,4,3,3,3,3,0,0,0,1,1
Siddhivinayak,3,36-45,Service,Daily,Education,Auto Rickshaw,3,3,2,3,3,0,1,1,1,1
Siddhivinayak,3,36-45,IT/Tech,4-5x/week,Shopping,Auto Rickshaw,4,3,2,4,3,0,1,0,0,1
Siddhivinayak,3,36-45,IT/Tech,4-5x/week,Other,Auto Rickshaw,3,4,3,5,3,1,0,0,0,1
Siddhivinayak,3,26-35,Other,4-5x/week,Shopping,Auto Rickshaw,4,3,3,4,4,0,0,0,0,0
Siddhivinayak,3,26-35,Service,Daily,Office,Auto Rickshaw,4,3,3,3,3,1,1,0,0,1
Siddhivinayak,3,60+,IT/Tech,2-3x/week,Office,Auto Rickshaw,3,3,3,3,3,1,0,0,1,1
Siddhivinayak,3,36-45,Student,4-5x/week,Shopping,Auto Rickshaw,4,3,3,3,3,0,0,0,0,1
Siddhivinayak,3,26-35,Other,Daily,Office,Auto Rickshaw,3,2,2,4,3,0,0,1,1,1
Siddhivinayak,3,26-35,IT/Tech,Daily,Other,Auto Rickshaw,4,3,3,4,3,1,1,0,0,1
Siddhivinayak,3,46-60,Service,Daily,Education,Auto Rickshaw,4,3,2,4,3,0,1,0,1,1
Siddhivinayak,3,26-35,Business,Daily,Office,Auto Rickshaw,4,4,3,5,2,0,1,1,1,1
Siddhivinayak,3,36-45,IT/Tech,Daily,Leisure,Auto Rickshaw,3,3,3,3,3,1,0,0,0,0
Siddhivinayak,3,26-35,Service,Weekly,Shopping,Auto Rickshaw,4,3,2,4,3,0,1,0,0,0
Siddhivinayak,3,26-35,Other,4-5x/week,Education,Auto Rickshaw,4,3,2,3,3,1,0,0,0,1
Siddhivinayak,3,36-45,IT/Tech,2-3x/week,Shopping,Auto Rickshaw,4,3,3,3,3,0,0,1,0,1
Siddhivinayak,3,36-45,Service,Weekly,Office,Auto Rickshaw,4,3,3,3,3,0,0,0,0,1
Siddhivinayak,3,36-45,IT/Tech,Daily,Office,Auto Rickshaw,4,4,3,3,4,0,0,1,1,1
Siddhivinayak,3,36-45,Student,4-5x/week,Education,Auto Rickshaw,4,3,3,3,2,0,0,0,0,1
Siddhivinayak,3,26-35,Other,Daily,Office,Auto Rickshaw,3,3,2,3,3,0,0,1,0,1
Siddhivinayak,3,26-35,IT/Tech,Daily,Office,Auto Rickshaw,3,3,3,4,3,1,0,1,0,1
Siddhivinayak,3,46-60,Other,Daily,Office,Auto Rickshaw,3,3,3,4,3,1,1,0,0,1
Siddhivinayak,3,36-45,Student,4-5x/week,Office,Auto Rickshaw,3,3,3,4,3,0,0,1,1,1
Siddhivinayak,3,18-25,Service,2-3x/week,Education,Auto Rickshaw,4,3,3,3,3,1,1,0,0,1
Siddhivinayak,3,18-25,Student,Daily,Office,Auto Rickshaw,4,3,2,3,3,0,0,0,1,0
Siddhivinayak,3,36-45,IT/Tech,4-5x/week,Office,Auto Rickshaw,3,4,3,3,3,1,1,0,1,1
Siddhivinayak,3,18-25,Service,2-3x/week,Office,Auto Rickshaw,4,3,3,4,4,1,0,0,0,0
Siddhivinayak,3,26-35,IT/Tech,Daily,Office,Auto Rickshaw,3,3,3,4,3,0,0,1,1,1
Siddhivinayak,3,18-25,IT/Tech,Daily,Education,Auto Rickshaw,3,4,3,3,3,0,0,0,0,1
Siddhivinayak,3,46-60,Service,4-5x/week,Leisure,Auto Rickshaw,4,3,3,3,3,0,0,1,1,0
Siddhivinayak,3,46-60,Service,4-5x/week,Office,Auto Rickshaw,3,3,3,4,4,0,0,0,0,1
Siddhivinayak,3,36-45,Service,Daily,Office,Auto Rickshaw,4,3,2,3,3,0,0,1,0,1
Siddhivinayak,3,18-25,IT/Tech,2-3x/week,Education,Auto Rickshaw,3,3,3,3,3,0,0,1,1,1
Siddhivinayak,3,18-25,Student,4-5x/week,Shopping,Auto Rickshaw,5,3,3,3,3,0,0,1,0,1
Siddhivinayak,3,18-25,IT/Tech,Rarely,Office,Auto Rickshaw,5,4,3,4,3,0,0,0,0,1
Siddhivinayak,3,46-60,Service,4-5x/week,Education,Auto Rickshaw,3,3,3,3,3,0,1,1,0,1
Siddhivinayak,3,18-25,Service,4-5x/week,Office,Auto Rickshaw,4,3,3,4,4,0,0,1,1,1
Siddhivinayak,3,18-25,Service,4-5x/week,Office,Auto Rickshaw,4,3,3,4,2,0,1,0,0,1
Siddhivinayak,3,26-35,Business,Daily,Office,Auto Rickshaw,4,3,3,4,3,0,0,1,1,1
Siddhivinayak,3,46-60,Other,Weekly,Education,Auto Rickshaw,4,3,3,4,3,0,0,1,0,1
Siddhivinayak,3,36-45,Business,Weekly,Office,Auto Rickshaw,4,3,3,3,3,1,1,1,0,1
Siddhivinayak,3,36-45,Student,Daily,Office,Auto Rickshaw,3,2,3,4,3,1,0,0,0,1
Siddhivinayak,3,18-25,Student,Weekly,Office,Auto Rickshaw,4,3,4,3,3,0,1,0,1,1
Siddhivinayak,3,26-35,Service,Daily,Office,Auto Rickshaw,3,3,3,4,3,0,1,0,0,1
Siddhivinayak,3,46-60,IT/Tech,Daily,Office,Auto Rickshaw,4,3,3,4,4,0,1,0,0,1
Siddhivinayak,3,60+,IT/Tech,Weekly,Leisure,Auto Rickshaw,4,3,3,4,3,0,0,0,0,0
Siddhivinayak,3,18-25,Service,Daily,Office,Auto Rickshaw,4,3,3,3,3,1,0,1,0,0
Siddhivinayak,3,36-45,IT/Tech,Daily,Office,Auto Rickshaw,5,3,3,3,3,0,1,0,0,1
Siddhivinayak,3,26-35,Other,4-5x/week,Office,Auto Rickshaw,3,3,3,3,3,0,1,0,0,0
Siddhivinayak,3,46-60,Service,4-5x/week,Office,Auto Rickshaw,3,3,3,4,3,0,0,1,1,1
Siddhivinayak,3,26-35,IT/Tech,Daily,Office,Auto Rickshaw,3,3,3,4,3,0,0,1,0,1
Siddhivinayak,3,36-45,IT/Tech,Daily,Office,Auto Rickshaw,3,3,3,3,3,1,1,0,0,1
Siddhivinayak,3,46-60,Student,Daily,Other,Auto Rickshaw,4,3,3,5,2,0,0,0,1,1
Siddhivinayak,3,18-25,Student,Rarely,Office,Auto Rickshaw,4,3,3,3,4,0,0,0,0,1
Siddhivinayak,3,36-45,IT/Tech,Daily,Leisure,Auto Rickshaw,4,3,2,4,3,0,0,1,0,1
Siddhivinayak,3,36-45,Student,Daily,Office,Auto Rickshaw,3,3,2,3,3,0,0,0,0,0
Siddhivinayak,3,26-35,IT/Tech,Daily,Shopping,Auto Rickshaw,3,2,3,3,4,1,0,0,1,1
Siddhivinayak,3,36-45,Other,Daily,Other,Auto Rickshaw,4,3,3,4,3,1,0,0,1,1
Siddhivinayak,3,26-35,Business,Daily,Office,Auto Rickshaw,3,3,3,4,3,0,0,1,1,1
Siddhivinayak,3,18-25,IT/Tech,Daily,Shopping,Auto Rickshaw,4,3,3,4,3,0,0,1,0,1
Siddhivinayak,3,26-35,Business,2-3x/week,Office,Auto Rickshaw,3,3,2,3,3,1,0,1,0,0
Siddhivinayak,3,26-35,Student,Daily,Other,Auto Rickshaw,4,3,3,4,2,0,1,1,0,1
Siddhivinayak,3,18-25,IT/Tech,4-5x/week,Education,Auto Rickshaw,4,3,3,4,3,1,1,0,1,1
Siddhivinayak,3,26-35,Business,4-5x/week,Education,Auto Rickshaw,4,3,3,3,3,1,0,1,0,1
Siddhivinayak,3,26-35,Service,4-5x/week,Office,Auto Rickshaw,4,4,3,3,3,1,1,1,1,1
Siddhivinayak,3,36-45,Business,Daily,Shopping,Auto Rickshaw,3,4,2,3,2,0,0,0,0,1
Siddhivinayak,3,18-25,Business,Weekly,Education,Auto Rickshaw,4,3,2,3,3,1,0,1,1,1
Siddhivinayak,3,36-45,Service,Daily,Office,Auto Rickshaw,3,3,3,4,3,1,1,1,0,1
Siddhivinayak,3,26-35,Student,2-3x/week,Office,Auto Rickshaw,4,3,2,4,3,1,0,0,1,0
Siddhivinayak,3,26-35,Business,Weekly,Shopping,Auto Rickshaw,4,2,2,3,3,0,0,1,0,0
Siddhivinayak,3,36-45,Business,Daily,Office,Auto Rickshaw,5,2,2,3,3,0,0,1,1,0
Siddhivinayak,3,36-45,Other,Daily,Office,Auto Rickshaw,4,3,3,4,3,0,0,0,1,1
Siddhivinayak,3,18-25,Service,4-5x/week,Shopping,Auto Rickshaw,4,3,2,3,3,0,1,0,0,0
Siddhivinayak,3,36-45,IT/Tech,4-5x/week,Office,Auto Rickshaw,4,3,3,3,3,1,1,0,0,1
Siddhivinayak,3,36-45,IT/Tech,Weekly,Office,Auto Rickshaw,3,3,3,3,3,0,1,0,1,1
Siddhivinayak,3,18-25,Student,4-5x/week,Shopping,Auto Rickshaw,4,3,3,4,3,0,1,0,0,0
Siddhivinayak,3,60+,IT/Tech,Daily,Office,Auto Rickshaw,4,3,3,4,3,0,1,1,1,0
Siddhivinayak,3,36-45,IT/Tech,2-3x/week,Office,Auto Rickshaw,4,3,3,4,3,0,0,0,0,1
Siddhivinayak,3,26-35,Business,Daily,Other,Auto Rickshaw,2,3,3,3,4,1,0,0,0,1
Siddhivinayak,3,26-35,Student,Daily,Shopping,Auto Rickshaw,4,3,2,4,3,0,1,1,0,0
Worli,3,26-35,Student,4-5x/week,Leisure,Shared Auto,4,2,2,3,3,1,1,0,1,1
Worli,3,46-60,Student,4-5x/week,Leisure,Shared Auto,3,3,3,3,2,0,0,1,0,1
Worli,3,36-45,Student,4-5x/week,Office,Shared Auto,4,2,3,4,3,1,1,1,0,0
Worli,3,36-45,Service,Daily,Office,Shared Auto,4,3,2,4,3,1,0,1,0,0
Worli,3,46-60,Other,Daily,Other,Shared Auto,4,3,3,4,2,1,1,0,0,1
Worli,3,26-35,Service,Daily,Education,Shared Auto,5,3,3,4,3,0,0,0,0,1
Worli,3,18-25,Service,Daily,Shopping,Shared Auto,4,3,3,4,3,1,1,0,0,1
Worli,3,36-45,Other,Daily,Other,Shared Auto,4,3,3,3,2,1,0,1,0,1
Worli,3,18-25,Business,Rarely,Shopping,Shared Auto,3,3,2,3,3,1,0,0,0,1
Worli,3,18-25,Student,4-5x/week,Office,Shared Auto,4,2,3,4,3,1,0,0,0,1
Worli,3,26-35,Other,4-5x/week,Shopping,Shared Auto,4,3,3,4,3,1,1,0,0,1
Worli,3,18-25,Business,4-5x/week,Office,Shared Auto,3,2,3,3,3,0,1,1,1,1
Worli,3,18-25,Student,Daily,Other,Shared Auto,3,3,3,3,2,1,0,1,0,0
Worli,3,26-35,Business,4-5x/week,Leisure,Shared Auto,3,2,3,4,3,0,1,0,0,1
Worli,3,26-35,Other,Daily,Office,Shared Auto,4,3,3,3,3,0,0,1,0,1
Worli,3,26-35,Other,Weekly,Office,Shared Auto,3,2,4,4,3,0,0,1,0,1
Worli,3,36-45,Student,Daily,Office,Shared Auto,4,4,3,4,2,0,1,0,0,0
Worli,3,36-45,Student,4-5x/week,Leisure,Shared Auto,4,2,2,3,3,0,1,0,0,1
Worli,3,46-60,Business,2-3x/week,Office,Shared Auto,4,3,3,4,3,0,0,0,0,1
Worli,3,26-35,Business,4-5x/week,Leisure,Shared Auto,3,2,3,4,2,1,0,1,0,1
Worli,3,18-25,Service,Daily,Other,Shared Auto,4,4,3,3,3,0,0,0,0,1
Worli,3,18-25,Other,Weekly,Office,Shared Auto,4,2,3,4,3,1,1,0,0,1
Worli,3,36-45,Service,4-5x/week,Office,Shared Auto,3,2,2,4,3,0,0,1,0,1
Worli,3,36-45,IT/Tech,4-5x/week,Office,Shared Auto,4,3,3,3,3,0,0,0,0,1
Worli,3,46-60,Service,Daily,Office,Shared Auto,5,2,2,4,3,0,1,1,0,1
Worli,3,46-60,Student,Daily,Office,Shared Auto,4,3,3,4,2,0,1,0,0,1
Worli,3,26-35,IT/Tech,Daily,Office,Shared Auto,3,3,3,4,3,1,1,1,0,1
Worli,3,26-35,Service,Rarely,Office,Shared Auto,4,3,2,3,3,1,1,0,0,1
Worli,3,26-35,IT/Tech,Daily,Shopping,Shared Auto,4,2,2,4,2,1,1,0,0,1
Worli,3,26-35,IT/Tech,Daily,Shopping,Shared Auto,4,3,2,3,2,1,0,1,0,1
Worli,3,26-35,Service,Daily,Shopping,Shared Auto,4,3,3,4,3,0,1,1,0,1
Worli,3,26-35,Service,Daily,Office,Shared Auto,4,2,3,3,3,1,0,0,0,1
Worli,3,26-35,IT/Tech,4-5x/week,Education,Shared Auto,3,2,3,3,2,0,0,0,1,1
Worli,3,26-35,IT/Tech,Daily,Office,Shared Auto,4,3,2,4,2,0,0,0,0,1
Worli,3,18-25,Student,Daily,Office,Shared Auto,5,2,3,4,3,0,0,1,0,1
Worli,3,36-45,Student,2-3x/week,Education,Shared Auto,3,3,3,5,2,1,1,1,0,1
Worli,3,18-25,IT/Tech,2-3x/week,Leisure,Shared Auto,3,2,2,4,3,1,0,1,0,0
Worli,3,26-35,Other,Daily,Shopping,Shared Auto,4,3,3,3,3,1,1,0,0,1
Worli,3,26-35,IT/Tech,Daily,Office,Shared Auto,5,2,3,3,3,1,1,1,0,1
Worli,3,46-60,IT/Tech,Daily,Office,Shared Auto,4,3,2,3,2,0,1,1,0,1
Worli,3,26-35,Student,Daily,Office,Shared Auto,4,3,3,4,3,1,1,1,0,0
Worli,3,18-25,Student,4-5x/week,Leisure,Shared Auto,3,3,3,4,3,1,1,0,0,1
Worli,3,18-25,Service,Daily,Office,Shared Auto,3,3,2,4,2,1,0,0,0,1
Worli,3,26-35,Service,Weekly,Office,Shared Auto,3,3,2,3,3,0,0,1,0,1
Worli,3,60+,Student,Daily,Office,Shared Auto,4,2,3,3,3,0,0,0,0,1
Worli,3,26-35,Service,4-5x/week,Education,Shared Auto,4,2,3,3,3,0,0,0,0,1
Worli,3,26-35,Service,4-5x/week,Education,Shared Auto,3,2,3,3,2,0,0,1,0,0
Worli,3,36-45,Business,Daily,Leisure,Shared Auto,4,3,3,4,3,1,0,0,0,0
Worli,3,18-25,Business,Daily,Office,Shared Auto,3,2,3,4,2,0,0,1,0,1
Worli,3,60+,Service,Daily,Office,Shared Auto,3,3,3,4,2,1,0,0,0,1
Worli,3,26-35,Service,Daily,Education,Shared Auto,4,2,2,4,3,1,1,1,0,1
Worli,3,18-25,IT/Tech,Daily,Education,Shared Auto,4,2,3,3,2,1,0,0,0,1
Worli,3,26-35,Business,Weekly,Other,Shared Auto,3,2,3,3,3,0,1,1,1,1
Worli,3,36-45,Service,2-3x/week,Other,Shared Auto,4,2,3,4,2,1,0,0,0,0
Worli,3,18-25,IT/Tech,2-3x/week,Office,Shared Auto,4,3,3,3,2,1,0,1,0,1
Worli,3,36-45,IT/Tech,Daily,Office,Shared Auto,3,3,3,4,3,0,0,0,0,1
Worli,3,18-25,Business,4-5x/week,Office,Shared Auto,3,3,3,4,3,1,1,1,0,1
Worli,3,46-60,IT/Tech,4-5x/week,Office,Shared Auto,4,3,3,3,2,0,0,1,0,1
Acharya Atre Chowk,3,26-35,IT/Tech,4-5x/week,Office,Shared Auto,4,2,3,3,3,1,1,0,0,0
Acharya Atre Chowk,3,26-35,Student,4-5x/week,Office,Shared Auto,3,2,3,3,2,1,1,1,1,1
Acharya Atre Chowk,3,26-35,Service,Rarely,Leisure,Shared Auto,3,1,2,3,3,1,1,1,0,1
Acharya Atre Chowk,3,26-35,Student,2-3x/week,Office,Shared Auto,3,3,2,3,3,1,0,1,1,1
Acharya Atre Chowk,3,36-45,Business,4-5x/week,Education,Shared Auto,4,2,3,4,3,1,1,0,0,0
Acharya Atre Chowk,3,18-25,IT/Tech,Daily,Office,Shared Auto,3,2,4,3,3,1,1,1,0,0
Acharya Atre Chowk,3,18-25,IT/Tech,Daily,Office,Shared Auto,4,2,3,3,3,0,0,1,0,1
Acharya Atre Chowk,3,36-45,IT/Tech,2-3x/week,Shopping,Shared Auto,4,2,3,3,2,1,1,1,1,1
Acharya Atre Chowk,3,18-25,Other,Weekly,Leisure,Shared Auto,3,3,3,3,3,0,0,0,1,1
Acharya Atre Chowk,3,18-25,IT/Tech,2-3x/week,Office,Shared Auto,4,2,2,3,4,0,0,1,1,0
Acharya Atre Chowk,3,18-25,Service,Daily,Education,Shared Auto,3,3,2,4,2,1,0,0,0,1
Acharya Atre Chowk,3,46-60,IT/Tech,Daily,Shopping,Shared Auto,5,3,3,4,3,1,0,0,1,1
Acharya Atre Chowk,3,26-35,Student,Daily,Other,Shared Auto,4,2,3,3,3,0,1,0,1,0
Acharya Atre Chowk,3,26-35,Other,Daily,Leisure,Shared Auto,4,2,3,2,2,0,0,0,1,1
Acharya Atre Chowk,3,18-25,Other,Daily,Office,Shared Auto,3,2,3,3,2,0,0,0,0,1
Acharya Atre Chowk,3,18-25,Student,4-5x/week,Shopping,Shared Auto,3,3,3,2,3,0,0,1,1,1
Acharya Atre Chowk,3,36-45,Student,2-3x/week,Other,Shared Auto,4,2,3,4,3,1,0,0,0,1
Acharya Atre Chowk,3,60+,Student,Daily,Office,Shared Auto,4,2,3,3,3,1,0,1,0,0
Acharya Atre Chowk,3,36-45,Service,Daily,Office,Shared Auto,4,2,3,3,3,1,0,0,0,1
Acharya Atre Chowk,3,18-25,IT/Tech,Daily,Other,Shared Auto,4,3,3,3,3,1,1,1,0,1
Acharya Atre Chowk,3,26-35,Student,4-5x/week,Shopping,Shared Auto,3,2,3,3,2,0,1,0,0,0
Acharya Atre Chowk,3,36-45,IT/Tech,Daily,Office,Shared Auto,3,2,3,3,3,0,0,1,0,0
Acharya Atre Chowk,3,60+,Other,4-5x/week,Education,Shared Auto,3,1,3,3,3,1,0,0,1,0
Acharya Atre Chowk,3,26-35,IT/Tech,4-5x/week,Other,Shared Auto,4,2,3,3,3,0,1,1,0,1
Acharya Atre Chowk,3,36-45,Student,2-3x/week,Education,Shared Auto,4,2,3,3,2,1,1,1,1,1
Acharya Atre Chowk,3,46-60,Business,Daily,Office,Shared Auto,3,2,4,3,3,0,1,0,1,1
Acharya Atre Chowk,3,46-60,IT/Tech,Daily,Office,Shared Auto,3,3,2,3,3,0,0,0,0,0
Acharya Atre Chowk,3,26-35,Student,Daily,Leisure,Shared Auto,4,2,3,3,3,0,0,1,0,1
Acharya Atre Chowk,3,36-45,IT/Tech,4-5x/week,Leisure,Shared Auto,4,2,4,3,3,0,1,0,1,1
Acharya Atre Chowk,3,60+,Other,Weekly,Education,Shared Auto,3,2,3,4,3,1,1,1,0,1
Acharya Atre Chowk,3,26-35,IT/Tech,Weekly,Education,Shared Auto,3,2,3,3,3,1,1,1,1,1
Acharya Atre Chowk,3,18-25,Service,Rarely,Office,Shared Auto,4,3,3,2,3,0,0,0,0,1
Acharya Atre Chowk,3,18-25,Student,Weekly,Office,Shared Auto,4,3,3,2,3,1,1,1,0,1
Acharya Atre Chowk,3,18-25,Business,2-3x/week,Other,Shared Auto,3,2,3,4,3,1,0,0,1,1
Acharya Atre Chowk,3,18-25,Service,4-5x/week,Office,Shared Auto,4,2,3,3,3,0,1,1,0,1
Acharya Atre Chowk,3,26-35,Other,Daily,Leisure,Shared Auto,3,3,3,3,3,1,0,0,0,0
Acharya Atre Chowk,3,18-25,Service,Daily,Education,Shared Auto,5,2,2,4,3,0,1,1,0,1
Acharya Atre Chowk,3,36-45,Other,Weekly,Office,Shared Auto,4,3,3,3,3,1,1,0,0,0
Acharya Atre Chowk,3,18-25,Student,Daily,Office,Shared Auto,4,3,3,2,3,0,0,1,0,1
Acharya Atre Chowk,3,26-35,Service,Daily,Office,Shared Auto,4,3,3,3,3,1,0,1,0,1
Acharya Atre Chowk,3,18-25,Service,Daily,Shopping,Shared Auto,3,3,2,3,3,1,0,1,0,1
Acharya Atre Chowk,3,26-35,Student,Daily,Office,Shared Auto,3,2,3,3,3,1,1,1,1,0
Acharya Atre Chowk,3,26-35,IT/Tech,Daily,Leisure,Shared Auto,4,2,4,3,3,1,0,0,0,1
Acharya Atre Chowk,3,36-45,IT/Tech,Weekly,Education,Shared Auto,3,3,3,3,3,0,0,0,0,1
Acharya Atre Chowk,3,18-25,Service,Daily,Office,Shared Auto,4,2,3,3,3,0,1,1,0,1
Acharya Atre Chowk,3,26-35,Student,Daily,Office,Shared Auto,4,2,3,4,3,0,0,1,0,0
Acharya Atre Chowk,3,26-35,IT/Tech,Daily,Office,Shared Auto,3,2,3,3,3,0,1,0,0,1
Acharya Atre Chowk,3,46-60,Student,Weekly,Shopping,Shared Auto,3,2,3,3,3,1,0,0,1,1
Acharya Atre Chowk,3,36-45,Business,Daily,Office,Shared Auto,4,2,2,3,2,0,0,0,0,0
Acharya Atre Chowk,3,36-45,Business,4-5x/week,Office,Shared Auto,3,3,3,4,3,0,1,1,0,1
Acharya Atre Chowk,3,26-35,Other,Daily,Shopping,Shared Auto,4,2,3,3,3,0,0,0,0,1
Acharya Atre Chowk,3,26-35,IT/Tech,Rarely,Shopping,Shared Auto,3,3,3,3,3,1,0,0,1,1
Acharya Atre Chowk,3,36-45,Student,2-3x/week,Education,Shared Auto,4,2,2,3,3,0,0,1,0,1
Acharya Atre Chowk,3,26-35,Business,2-3x/week,Other,Shared Auto,3,2,3,3,3,0,0,0,0,0
Acharya Atre Chowk,3,18-25,IT/Tech,Daily,Office,Shared Auto,4,2,2,3,3,0,0,1,0,1
Acharya Atre Chowk,3,26-35,Student,4-5x/week,Shopping,Shared Auto,3,2,3,3,2,1,1,0,0,0
Acharya Atre Chowk,3,26-35,Service,4-5x/week,Office,Shared Auto,4,2,3,3,3,0,0,1,1,1
Acharya Atre Chowk,3,36-45,Student,4-5x/week,Office,Shared Auto,4,2,3,4,2,1,0,0,0,0
Acharya Atre Chowk,3,36-45,Student,4-5x/week,Office,Shared Auto,2,3,3,3,3,1,0,0,0,1
Acharya Atre Chowk,3,46-60,IT/Tech,Daily,Shopping,Shared Auto,4,2,3,3,3,0,1,1,0,0
Acharya Atre Chowk,3,26-35,IT/Tech,2-3x/week,Office,Shared Auto,4,3,3,4,2,1,0,0,0,0
Acharya Atre Chowk,3,36-45,IT/Tech,Daily,Office,Shared Auto,3,2,3,3,3,0,0,1,1,0
Acharya Atre Chowk,3,46-60,Business,Weekly,Office,Shared Auto,3,3,3,4,2,0,1,1,1,0
Acharya Atre Chowk,3,36-45,Business,Daily,Office,Shared Auto,4,2,3,3,3,0,0,1,0,1
Acharya Atre Chowk,3,26-35,IT/Tech,Daily,Office,Shared Auto,4,3,3,3,2,1,0,1,0,0
Acharya Atre Chowk,3,18-25,Other,2-3x/week,Education,Shared Auto,4,2,2,3,2,0,0,0,1,1
Acharya Atre Chowk,3,18-25,IT/Tech,4-5x/week,Office,Shared Auto,4,2,3,4,3,1,0,0,0,1
Acharya Atre Chowk,3,36-45,Business,4-5x/week,Leisure,Shared Auto,3,2,3,3,2,0,1,0,1,0
Acharya Atre Chowk,3,26-35,Service,Daily,Shopping,Shared Auto,3,2,3,3,3,0,1,0,1,1
Acharya Atre Chowk,3,26-35,Business,Weekly,Office,Shared Auto,3,2,3,3,2,1,0,1,1,0
Acharya Atre Chowk,3,26-35,Student,Daily,Office,Shared Auto,3,2,3,4,3,1,0,0,0,0
Acharya Atre Chowk,3,26-35,IT/Tech,4-5x/week,Education,Shared Auto,4,3,3,3,2,1,1,0,1,1
Acharya Atre Chowk,3,46-60,Other,Weekly,Office,Shared Auto,4,2,2,3,2,1,1,1,0,0
Acharya Atre Chowk,3,46-60,Other,Daily,Leisure,Shared Auto,4,3,3,3,2,0,0,0,1,1
Acharya Atre Chowk,3,36-45,IT/Tech,Daily,Office,Shared Auto,3,2,2,3,3,0,0,1,0,1
Acharya Atre Chowk,3,18-25,Student,4-5x/week,Office,Shared Auto,3,2,3,4,3,0,0,1,0,1
Acharya Atre Chowk,3,18-25,Student,Daily,Shopping,Shared Auto,4,2,3,4,3,0,0,0,1,0
Acharya Atre Chowk,3,26-35,Service,2-3x/week,Shopping,Shared Auto,4,3,3,3,2,1,0,0,0,0
Acharya Atre Chowk,3,36-45,IT/Tech,4-5x/week,Leisure,Shared Auto,4,2,3,3,3,1,0,0,0,0
Acharya Atre Chowk,3,36-45,IT/Tech,Weekly,Office,Shared Auto,5,2,3,4,3,1,0,0,0,0
Acharya Atre Chowk,3,36-45,Business,2-3x/week,Education,Shared Auto,4,1,3,3,3,1,0,1,0,1
Acharya Atre Chowk,3,18-25,Other,2-3x/week,Office,Shared Auto,4,2,3,3,2,0,1,0,0,1
Acharya Atre Chowk,3,18-25,Student,Daily,Office,Shared Auto,4,3,3,3,3,0,0,1,0,1
Acharya Atre Chowk,3,18-25,IT/Tech,Rarely,Shopping,Shared Auto,3,3,3,3,3,0,1,1,0,0
Acharya Atre Chowk,3,26-35,IT/Tech,Daily,Office,Shared Auto,4,2,3,2,3,0,0,1,0,0
Acharya Atre Chowk,3,18-25,Service,4-5x/week,Other,Shared Auto,4,2,4,3,3,0,1,0,0,1
Acharya Atre Chowk,3,26-35,Student,Daily,Office,Shared Auto,4,2,4,2,3,1,1,1,0,1
Acharya Atre Chowk,3,26-35,IT/Tech,Daily,Office,Shared Auto,4,3,3,3,2,1,1,1,0,1
Acharya Atre Chowk,3,36-45,IT/Tech,Daily,Leisure,Shared Auto,4,3,3,3,3,1,0,1,0,0
Acharya Atre Chowk,3,46-60,Other,2-3x/week,Office,Shared Auto,3,2,2,3,3,0,0,0,0,0
Acharya Atre Chowk,3,36-45,Service,4-5x/week,Shopping,Shared Auto,3,2,3,2,2,0,0,1,1,1
Acharya Atre Chowk,3,60+,IT/Tech,4-5x/week,Office,Shared Auto,4,3,3,3,2,0,0,0,0,1
Acharya Atre Chowk,3,26-35,Service,2-3x/week,Office,Shared Auto,4,3,3,3,3,1,0,0,0,1
Acharya Atre Chowk,3,36-45,IT/Tech,Daily,Office,Shared Auto,4,2,3,3,3,1,0,1,1,1
Acharya Atre Chowk,3,36-45,Service,Daily,Office,Shared Auto,4,3,3,4,3,0,0,1,1,1
Acharya Atre Chowk,3,60+,Service,4-5x/week,Office,Shared Auto,3,2,2,3,3,1,1,1,1,0
Acharya Atre Chowk,3,36-45,Student,Daily,Office,Shared Auto,4,2,4,3,2,1,0,1,1,1
Acharya Atre Chowk,3,18-25,IT/Tech,Weekly,Office,Shared Auto,4,1,3,3,3,0,0,1,0,0
Acharya Atre Chowk,3,46-60,IT/Tech,Daily,Office,Shared Auto,4,2,2,3,3,0,1,0,0,0
Acharya Atre Chowk,3,46-60,IT/Tech,Weekly,Office,Shared Auto,4,2,3,3,3,1,1,0,0,0
Acharya Atre Chowk,3,36-45,Business,4-5x/week,Office,Shared Auto,4,3,2,3,3,1,0,0,0,0
Acharya Atre Chowk,3,36-45,Service,4-5x/week,Office,Shared Auto,3,3,2,3,3,1,0,0,0,1
Acharya Atre Chowk,3,36-45,IT/Tech,Daily,Office,Shared Auto,3,3,3,3,3,1,1,0,1,0
Acharya Atre Chowk,3,36-45,Student,4-5x/week,Office,Shared Auto,3,2,3,3,2,1,0,1,0,1
Acharya Atre Chowk,3,18-25,Student,Daily,Office,Shared Auto,4,3,2,4,3,1,0,1,0,1
Acharya Atre Chowk,3,18-25,Student,2-3x/week,Office,Shared Auto,3,2,3,3,3,1,0,0,1,0
Mahalaxmi,3,26-35,Business,Weekly,Other,Shared Auto,3,3,3,2,3,0,1,0,1,0
Mahalaxmi,3,26-35,Business,Daily,Office,Shared Auto,4,3,3,2,3,1,1,1,0,1
Mahalaxmi,3,26-35,Student,4-5x/week,Other,Shared Auto,3,2,3,3,3,1,0,1,1,0
Mahalaxmi,3,26-35,Service,Rarely,Shopping,Shared Auto,4,3,2,3,3,0,0,0,1,1
Mahalaxmi,3,36-45,Student,4-5x/week,Shopping,Shared Auto,3,3,4,3,3,1,1,1,1,1
Mahalaxmi,3,18-25,IT/Tech,Daily,Office,Shared Auto,4,2,3,3,3,0,1,0,0,1
Mahalaxmi,3,26-35,Other,Weekly,Shopping,Shared Auto,4,3,3,3,3,0,1,1,0,0
Mahalaxmi,3,36-45,Other,4-5x/week,Office,Shared Auto,3,3,3,3,3,1,0,0,0,1
Mahalaxmi,3,46-60,Service,Rarely,Office,Shared Auto,3,2,2,3,3,1,1,0,0,1
Mahalaxmi,3,36-45,IT/Tech,Weekly,Office,Shared Auto,3,3,3,3,3,0,0,1,1,0
Mahalaxmi,3,26-35,Business,2-3x/week,Office,Shared Auto,4,3,3,1,3,0,0,0,0,1
Mahalaxmi,3,60+,Student,4-5x/week,Office,Shared Auto,4,3,4,2,3,0,0,0,1,0
Mahalaxmi,3,18-25,IT/Tech,4-5x/week,Other,Shared Auto,4,3,3,3,3,1,0,0,1,1
Mahalaxmi,3,26-35,Student,Daily,Office,Shared Auto,3,2,3,2,3,0,0,1,0,1
Mahalaxmi,3,36-45,IT/Tech,4-5x/week,Shopping,Shared Auto,2,3,3,3,3,0,0,0,1,1
Mahalaxmi,3,36-45,IT/Tech,2-3x/week,Office,Shared Auto,4,2,2,3,3,1,0,0,1,1
Mahalaxmi,3,18-25,Service,2-3x/week,Office,Shared Auto,4,3,3,3,3,1,1,1,1,1
Mahalaxmi,3,60+,IT/Tech,4-5x/week,Office,Shared Auto,4,3,2,3,3,0,1,0,0,0
Mahalaxmi,3,60+,IT/Tech,2-3x/week,Office,Shared Auto,3,2,4,2,3,0,0,1,1,1
Mahalaxmi,3,18-25,Service,2-3x/week,Office,Shared Auto,4,3,3,2,3,1,0,0,0,0
Mahalaxmi,3,18-25,Service,Rarely,Shopping,Shared Auto,4,2,4,3,2,0,1,1,0,1
Mahalaxmi,3,36-45,IT/Tech,Daily,Office,Shared Auto,4,2,3,2,3,0,1,1,1,1
Mahalaxmi,3,36-45,Business,4-5x/week,Shopping,Shared Auto,3,2,3,3,4,0,1,1,0,1
Mahalaxmi,3,36-45,IT/Tech,Weekly,Other,Shared Auto,4,3,3,3,3,1,0,0,0,0
Mahalaxmi,3,46-60,Student,4-5x/week,Shopping,Shared Auto,4,2,3,2,3,1,0,1,0,1
Mahalaxmi,3,36-45,IT/Tech,Daily,Office,Shared Auto,3,3,3,2,3,0,1,0,1,1
Mahalaxmi,3,46-60,IT/Tech,Daily,Other,Shared Auto,4,3,3,3,3,1,0,0,0,1
Mahalaxmi,3,46-60,Business,4-5x/week,Office,Shared Auto,4,2,3,3,3,0,0,1,1,1
Mahalaxmi,3,26-35,Other,Daily,Education,Shared Auto,3,3,3,3,3,0,1,0,1,0
Mahalaxmi,3,18-25,Student,Daily,Shopping,Shared Auto,3,3,3,3,3,1,1,0,0,1
Mahalaxmi,3,26-35,Other,Daily,Office,Shared Auto,4,3,4,3,3,0,0,0,1,1
Mahalaxmi,3,18-25,Service,Daily,Other,Shared Auto,3,2,3,3,3,1,1,0,0,1
Mahalaxmi,3,18-25,Service,Rarely,Education,Shared Auto,4,3,3,3,3,0,1,0,0,1
Mahalaxmi,3,36-45,Service,Daily,Office,Shared Auto,4,2,4,2,2,1,1,1,1,1
Mahalaxmi,3,36-45,Student,4-5x/week,Office,Shared Auto,4,3,3,2,2,0,0,1,0,1
Mahalaxmi,3,26-35,IT/Tech,4-5x/week,Education,Shared Auto,4,3,2,3,3,1,1,0,1,1
Mahalaxmi,3,60+,Student,Daily,Other,Shared Auto,4,2,3,2,3,0,1,0,1,1
Mahalaxmi,3,18-25,Student,4-5x/week,Shopping,Shared Auto,3,2,2,2,2,0,0,1,1,1
Mahalaxmi,3,46-60,Student,2-3x/week,Shopping,Shared Auto,3,3,3,3,3,1,0,0,0,0
Mahalaxmi,3,36-45,IT/Tech,4-5x/week,Shopping,Shared Auto,4,2,3,3,3,1,0,0,1,0
Mahalaxmi,3,36-45,Student,2-3x/week,Shopping,Shared Auto,5,2,3,3,3,1,1,0,1,1
Mahalaxmi,3,18-25,Student,2-3x/week,Office,Shared Auto,3,2,3,2,3,1,0,1,0,0
Mahalaxmi,3,26-35,Other,Weekly,Shopping,Shared Auto,3,3,3,3,3,1,0,0,1,0
Mahalaxmi,3,26-35,Student,Daily,Office,Shared Auto,4,3,3,2,3,0,0,0,1,1
Mahalaxmi,3,18-25,Business,4-5x/week,Office,Shared Auto,3,2,4,3,3,0,1,0,0,0
Mahalaxmi,3,36-45,Other,4-5x/week,Leisure,Shared Auto,4,3,4,3,3,1,1,0,0,1
Mahalaxmi,3,60+,Student,Daily,Shopping,Shared Auto,4,2,3,2,3,0,1,0,0,1
Mahalaxmi,3,18-25,Other,Daily,Office,Shared Auto,3,3,2,2,3,1,1,0,1,1
Mahalaxmi,3,46-60,IT/Tech,2-3x/week,Office,Shared Auto,3,3,3,2,3,1,1,0,1,1
Mahalaxmi,3,46-60,Student,Daily,Education,Shared Auto,3,2,2,2,3,1,1,0,1,1
Mahalaxmi,3,26-35,Student,2-3x/week,Other,Shared Auto,3,2,3,2,3,0,1,0,1,1
Mahalaxmi,3,18-25,Business,2-3x/week,Other,Shared Auto,4,2,4,2,3,0,0,0,1,0
Mahalaxmi,3,60+,IT/Tech,Weekly,Other,Shared Auto,3,3,3,3,3,1,1,1,0,0
Mahalaxmi,3,26-35,Student,Weekly,Office,Shared Auto,4,3,3,3,3,1,0,0,0,0
Mahalaxmi,3,26-35,Business,Weekly,Office,Shared Auto,3,2,3,3,3,0,1,1,0,0
Mahalaxmi,3,36-45,Student,2-3x/week,Office,Shared Auto,4,3,2,3,4,0,0,0,1,1
Mahalaxmi,3,36-45,IT/Tech,Daily,Office,Shared Auto,3,2,3,3,3,0,0,0,0,1
Mahalaxmi,3,36-45,Student,2-3x/week,Office,Shared Auto,4,3,3,2,3,0,0,1,1,0
Mahalaxmi,3,26-35,IT/Tech,4-5x/week,Other,Shared Auto,4,3,3,2,3,1,1,0,1,1
Mahalaxmi,3,26-35,Other,Weekly,Leisure,Shared Auto,3,3,3,3,2,1,0,0,1,0
Mahalaxmi,3,26-35,Other,4-5x/week,Education,Shared Auto,4,3,2,3,3,1,0,0,0,0
Mahalaxmi,3,26-35,Business,Weekly,Office,Shared Auto,3,3,3,3,3,0,1,0,1,1
Mahalaxmi,3,36-45,IT/Tech,Weekly,Shopping,Shared Auto,4,2,3,2,3,1,0,0,1,1
Mahalaxmi,3,18-25,IT/Tech,Daily,Office,Shared Auto,3,3,3,3,3,0,0,1,0,0
Mahalaxmi,3,36-45,Other,4-5x/week,Leisure,Shared Auto,4,3,3,2,3,1,0,0,0,0
Mahalaxmi,3,26-35,Service,2-3x/week,Other,Shared Auto,4,3,3,4,3,0,0,0,0,0
Mahalaxmi,3,26-35,IT/Tech,Daily,Office,Shared Auto,3,3,3,3,3,1,1,1,0,1
Mahalaxmi,3,26-35,IT/Tech,4-5x/week,Shopping,Shared Auto,3,2,3,2,3,0,0,1,0,1
Mahalaxmi,3,46-60,IT/Tech,Daily,Education,Shared Auto,3,2,3,3,3,0,0,1,1,0
Mahalaxmi,3,26-35,IT/Tech,4-5x/week,Office,Shared Auto,3,3,3,3,3,0,1,1,0,1
Mahalaxmi,3,26-35,Student,Weekly,Office,Shared Auto,3,2,2,2,3,0,0,1,0,0
Mahalaxmi,3,18-25,Business,2-3x/week,Shopping,Shared Auto,3,3,3,2,3,0,1,0,0,1
Mahalaxmi,3,26-35,Business,4-5x/week,Office,Shared Auto,4,3,2,3,4,0,1,1,0,1
Mahalaxmi,3,46-60,Business,4-5x/week,Education,Shared Auto,4,2,3,2,3,0,0,1,1,1
Mahalaxmi,3,60+,Service,Weekly,Office,Shared Auto,4,3,3,3,3,1,1,1,1,1
Mahalaxmi,3,26-35,IT/Tech,2-3x/week,Shopping,Shared Auto,3,2,2,3,3,0,1,1,1,0
Mahalaxmi,3,26-35,Service,Daily,Leisure,Shared Auto,3,3,3,3,3,0,1,0,0,0
Mahalaxmi,3,18-25,IT/Tech,4-5x/week,Office,Shared Auto,3,3,3,2,3,0,1,1,0,1
Mahalaxmi,3,18-25,Business,Daily,Office,Shared Auto,3,2,3,3,3,1,1,0,0,1
Mahalaxmi,3,18-25,Other,Daily,Office,Shared Auto,3,3,4,2,3,0,0,0,0,0
Mahalaxmi,3,36-45,Business,Daily,Shopping,Shared Auto,3,3,3,3,2,1,0,0,1,1
Mahalaxmi,3,18-25,Other,2-3x/week,Office,Shared Auto,4,3,3,3,3,0,0,1,0,1
Mumbai Central,3,36-45,Other,2-3x/week,Office,BEST Bus,4,4,4,4,3,1,0,0,1,1
Mumbai Central,3,18-25,Service,4-5x/week,Office,BEST Bus,4,3,4,5,4,1,0,0,0,1
Mumbai Central,3,36-45,Service,2-3x/week,Education,BEST Bus,3,4,4,4,3,0,0,1,0,1
Mumbai Central,3,46-60,Service,Daily,Office,BEST Bus,4,4,3,4,4,0,0,1,0,1
Mumbai Central,3,36-45,IT/Tech,2-3x/week,Office,BEST Bus,4,4,3,5,3,1,0,0,0,1
Mumbai Central,3,18-25,Student,4-5x/week,Office,BEST Bus,4,5,4,3,3,1,0,1,0,1
Mumbai Central,3,26-35,IT/Tech,Daily,Leisure,BEST Bus,4,4,4,3,4,0,1,1,0,1
Mumbai Central,3,46-60,Business,Weekly,Leisure,BEST Bus,3,3,4,3,3,0,0,0,0,1
Mumbai Central,3,26-35,Business,Daily,Office,BEST Bus,3,3,5,4,3,0,0,0,0,1
Mumbai Central,3,36-45,Business,2-3x/week,Other,BEST Bus,4,3,4,4,4,0,0,1,0,1
Mumbai Central,3,26-35,IT/Tech,4-5x/week,Leisure,BEST Bus,4,4,3,4,3,0,0,0,0,1
Mumbai Central,3,36-45,IT/Tech,4-5x/week,Other,BEST Bus,4,4,3,4,3,0,0,0,0,1
Mumbai Central,3,26-35,Business,Daily,Education,BEST Bus,4,4,2,5,4,0,0,0,0,1
Mumbai Central,3,18-25,IT/Tech,Daily,Leisure,BEST Bus,3,3,4,5,3,0,0,0,0,1
Mumbai Central,3,46-60,IT/Tech,Daily,Shopping,BEST Bus,4,5,4,3,3,1,0,0,0,1
Mumbai Central,3,18-25,IT/Tech,Daily,Office,BEST Bus,4,3,4,4,3,1,0,1,0,1
Mumbai Central,3,18-25,Student,Rarely,Education,BEST Bus,4,3,3,4,3,0,0,0,0,0
Mumbai Central,3,36-45,Service,2-3x/week,Shopping,BEST Bus,3,4,3,4,3,0,0,0,0,1
Mumbai Central,3,18-25,IT/Tech,4-5x/week,Other,BEST Bus,4,4,3,3,4,0,0,0,0,1
Mumbai Central,3,26-35,Student,Daily,Other,BEST Bus,4,4,3,4,3,0,1,0,1,1
Mumbai Central,3,36-45,Service,Rarely,Shopping,BEST Bus,3,4,4,3,4,0,0,0,0,1
Mumbai Central,3,26-35,Business,4-5x/week,Office,BEST Bus,4,4,4,3,3,0,1,1,0,1
Mumbai Central,3,26-35,Student,Daily,Office,BEST Bus,3,4,4,5,4,0,0,0,1,0
Mumbai Central,3,18-25,Other,Daily,Office,BEST Bus,4,3,3,4,4,1,0,0,0,1
Mumbai Central,3,36-45,Service,Weekly,Office,BEST Bus,4,3,4,4,3,0,1,0,0,1
Mumbai Central,3,26-35,Business,Daily,Office,BEST Bus,3,4,4,4,3,0,0,0,0,1
Mumbai Central,3,26-35,Student,4-5x/week,Office,BEST Bus,3,3,4,4,4,0,1,0,0,1
Mumbai Central,3,18-25,IT/Tech,Weekly,Shopping,BEST Bus,4,4,4,3,4,1,0,0,0,1
Mumbai Central,3,26-35,Student,4-5x/week,Office,BEST Bus,4,4,4,4,2,1,1,0,0,0
Mumbai Central,3,46-60,Other,Daily,Other,BEST Bus,4,4,3,3,3,1,1,1,1,1
Mumbai Central,3,18-25,IT/Tech,Weekly,Leisure,BEST Bus,4,4,3,4,3,0,0,1,1,0
Mumbai Central,3,18-25,IT/Tech,Weekly,Other,BEST Bus,4,4,4,4,4,0,0,0,1,1
Mumbai Central,3,26-35,IT/Tech,Daily,Shopping,BEST Bus,5,4,4,4,3,1,0,0,0,1
Mumbai Central,3,18-25,Service,Daily,Education,BEST Bus,4,4,4,4,4,0,0,0,1,1
Mumbai Central,3,46-60,Service,4-5x/week,Office,BEST Bus,4,4,4,4,2,1,1,0,0,1
Mumbai Central,3,26-35,Service,2-3x/week,Office,BEST Bus,3,4,4,4,4,0,0,0,0,1
Mumbai Central,3,18-25,Student,Daily,Office,BEST Bus,4,4,4,4,3,0,0,0,0,1
Mumbai Central,3,46-60,Business,Daily,Office,BEST Bus,4,4,4,3,3,0,0,0,0,1
Mumbai Central,3,18-25,Other,4-5x/week,Education,BEST Bus,4,3,4,4,3,0,1,0,0,1
Mumbai Central,3,18-25,IT/Tech,Weekly,Office,BEST Bus,4,3,4,3,3,0,0,1,1,1
Mumbai Central,3,18-25,Service,Daily,Office,BEST Bus,4,4,3,4,3,1,0,1,1,1
Mumbai Central,3,26-35,Business,Daily,Office,BEST Bus,4,4,4,4,4,1,1,0,0,0
Mumbai Central,3,60+,Service,Rarely,Shopping,BEST Bus,4,4,4,4,3,0,0,0,0,1
Mumbai Central,3,26-35,Student,Weekly,Office,BEST Bus,5,4,3,3,3,1,0,0,1,1
Mumbai Central,3,18-25,IT/Tech,2-3x/week,Leisure,BEST Bus,3,4,4,4,4,0,0,1,0,1
Mumbai Central,3,26-35,IT/Tech,2-3x/week,Office,BEST Bus,3,3,3,4,3,1,0,1,0,1
Mumbai Central,3,46-60,Student,4-5x/week,Office,BEST Bus,4,4,4,4,3,0,0,0,0,1
Mumbai Central,3,18-25,Service,Weekly,Shopping,BEST Bus,5,4,3,4,3,0,0,1,0,1
Mumbai Central,3,18-25,Business,Daily,Shopping,BEST Bus,4,4,3,4,4,0,0,0,1,1
Mumbai Central,3,26-35,Service,2-3x/week,Leisure,BEST Bus,3,3,4,4,3,0,0,0,0,0
Grant Road,3,26-35,Service,Daily,Office,Shared Auto,4,3,3,4,2,0,1,0,1,0
Grant Road,3,26-35,Business,4-5x/week,Office,Shared Auto,2,3,3,4,3,0,1,1,0,1
Grant Road,3,18-25,Student,Weekly,Office,Shared Auto,4,3,3,4,2,0,0,1,0,0
Grant Road,3,26-35,IT/Tech,Rarely,Education,Shared Auto,4,2,3,5,2,1,0,1,0,0
Grant Road,3,26-35,IT/Tech,Rarely,Leisure,Shared Auto,3,3,4,5,2,0,1,1,0,1
Grant Road,3,46-60,Service,Daily,Leisure,Shared Auto,4,3,3,4,2,0,1,0,0,1
Grant Road,3,18-25,Service,Daily,Office,Shared Auto,3,3,4,4,3,0,1,0,0,0
Grant Road,3,26-35,Business,4-5x/week,Office,Shared Auto,4,3,3,4,3,1,0,1,0,1
Grant Road,3,18-25,IT/Tech,Daily,Shopping,Shared Auto,5,3,3,4,2,1,0,0,0,1
Grant Road,3,18-25,Student,Weekly,Office,Shared Auto,4,3,3,4,3,1,0,1,1,0
Grant Road,3,36-45,Service,Weekly,Shopping,Shared Auto,3,3,3,4,2,0,0,0,0,1
Grant Road,3,26-35,Business,4-5x/week,Office,Shared Auto,3,2,3,4,4,0,0,0,0,1
Grant Road,3,36-45,IT/Tech,4-5x/week,Office,Shared Auto,3,3,4,4,2,0,1,0,0,1
Grant Road,3,36-45,Service,Weekly,Education,Shared Auto,4,2,3,4,3,0,1,1,0,1
Grant Road,3,46-60,IT/Tech,Rarely,Office,Shared Auto,4,3,3,4,3,0,0,0,0,0
Grant Road,3,26-35,IT/Tech,Daily,Office,Shared Auto,3,2,3,5,3,0,0,1,0,1
Grant Road,3,26-35,Service,Daily,Leisure,Shared Auto,4,3,4,5,3,0,0,1,0,0
Grant Road,3,26-35,Other,Daily,Office,Shared Auto,3,3,3,4,3,1,1,0,0,0
Grant Road,3,18-25,Student,Daily,Office,Shared Auto,4,3,3,4,3,1,1,0,1,0
Grant Road,3,26-35,Student,Daily,Office,Shared Auto,3,3,4,4,2,0,0,0,0,1
Grant Road,3,36-45,Service,Rarely,Shopping,Shared Auto,4,3,3,5,3,0,1,1,0,0
Grant Road,3,26-35,IT/Tech,4-5x/week,Office,Shared Auto,3,3,3,4,3,0,1,1,0,0
Grant Road,3,26-35,Service,Daily,Leisure,Shared Auto,3,3,4,4,2,1,0,0,0,1
Grant Road,3,36-45,Student,Daily,Shopping,Shared Auto,4,2,3,4,2,1,0,0,0,1
Grant Road,3,26-35,Service,4-5x/week,Leisure,Shared Auto,3,2,3,4,3,1,0,0,0,1
Grant Road,3,26-35,Service,Weekly,Education,Shared Auto,3,3,3,5,3,1,0,1,0,1
Grant Road,3,26-35,IT/Tech,2-3x/week,Education,Shared Auto,3,3,3,4,3,1,0,0,0,1
Grant Road,3,36-45,Other,Daily,Other,Shared Auto,3,3,3,4,3,0,1,0,1,1
Grant Road,3,18-25,IT/Tech,Weekly,Office,Shared Auto,5,3,3,3,3,1,1,0,0,0
Grant Road,3,18-25,IT/Tech,2-3x/week,Office,Shared Auto,4,4,4,4,3,0,0,1,0,1
Grant Road,3,18-25,Business,4-5x/week,Leisure,Shared Auto,4,3,3,4,2,0,0,0,0,1
Grant Road,3,18-25,IT/Tech,Rarely,Office,Shared Auto,4,3,3,4,3,0,0,0,0,1
Grant Road,3,60+,IT/Tech,4-5x/week,Office,Shared Auto,4,4,3,4,3,1,1,0,0,1
Grant Road,3,26-35,IT/Tech,Daily,Office,Shared Auto,3,3,3,4,3,1,0,0,0,1
Grant Road,3,26-35,Service,Daily,Shopping,Shared Auto,4,3,4,4,3,0,0,1,0,1
Grant Road,3,18-25,Service,4-5x/week,Office,Shared Auto,3,3,3,4,3,0,0,1,0,0
Grant Road,3,26-35,IT/Tech,Weekly,Other,Shared Auto,3,3,4,4,3,1,1,0,0,1
Grant Road,3,26-35,Student,4-5x/week,Office,Shared Auto,3,3,3,5,3,0,0,0,0,1
Grant Road,3,46-60,Service,Daily,Other,Shared Auto,4,3,3,4,3,0,0,0,0,1
Grant Road,3,18-25,IT/Tech,2-3x/week,Leisure,Shared Auto,4,2,3,4,3,0,1,1,0,0
Grant Road,3,26-35,Business,2-3x/week,Office,Shared Auto,5,3,3,4,3,0,1,1,1,0
Grant Road,3,26-35,IT/Tech,Weekly,Office,Shared Auto,4,2,3,4,4,1,1,0,0,0
Grant Road,3,36-45,Other,Daily,Office,Shared Auto,4,2,3,5,3,0,1,1,0,0
Grant Road,3,18-25,Other,4-5x/week,Leisure,Shared Auto,4,3,3,5,3,1,1,1,1,1
Grant Road,3,36-45,Business,2-3x/week,Office,Shared Auto,4,3,3,4,3,0,0,1,0,1
Grant Road,3,36-45,Service,Daily,Shopping,Shared Auto,4,3,3,4,3,0,0,1,1,0
Grant Road,3,26-35,IT/Tech,Daily,Office,Shared Auto,4,3,3,4,3,0,0,0,0,1
Grant Road,3,36-45,Student,2-3x/week,Office,Shared Auto,4,3,3,4,3,1,0,0,0,0
Grant Road,3,26-35,Student,Daily,Office,Shared Auto,4,3,3,4,3,0,1,0,1,1
Grant Road,3,18-25,Student,Daily,Office,Shared Auto,4,2,3,4,3,0,0,0,1,1
Grant Road,3,36-45,Service,Daily,Other,Shared Auto,3,3,3,5,2,0,1,1,0,1
Grant Road,3,26-35,IT/Tech,Daily,Education,Shared Auto,4,4,3,4,2,0,0,1,0,1
Grant Road,3,26-35,Student,Daily,Leisure,Shared Auto,4,3,4,4,2,1,0,1,1,1
Grant Road,3,36-45,IT/Tech,4-5x/week,Office,Shared Auto,4,3,4,5,2,1,0,0,1,0
Grant Road,3,18-25,Business,4-5x/week,Other,Shared Auto,4,3,3,3,3,0,0,0,0,0
Grant Road,3,26-35,IT/Tech,2-3x/week,Shopping,Shared Auto,5,3,3,4,3,0,0,1,0,1
Grant Road,3,36-45,Other,2-3x/week,Education,Shared Auto,4,3,3,4,3,0,0,1,1,1
Grant Road,3,26-35,IT/Tech,Rarely,Other,Shared Auto,4,3,3,4,3,0,0,0,0,1
Grant Road,3,46-60,Business,Rarely,Education,Shared Auto,4,3,3,5,3,0,0,0,0,1
Grant Road,3,36-45,Service,Daily,Education,Shared Auto,3,3,3,4,3,1,0,0,0,0
Grant Road,3,18-25,Other,4-5x/week,Office,Shared Auto,3,3,3,4,2,1,0,0,1,1
Grant Road,3,36-45,Student,4-5x/week,Office,Shared Auto,4,3,3,4,3,1,1,1,0,1
Grant Road,3,36-45,Service,Daily,Office,Shared Auto,4,3,4,4,2,1,0,0,0,1
Grant Road,3,46-60,Student,Daily,Office,Shared Auto,4,3,4,4,3,0,1,1,1,1
Grant Road,3,46-60,Service,Weekly,Office,Shared Auto,4,3,3,4,3,0,1,1,1,1
Grant Road,3,18-25,Service,Daily,Shopping,Shared Auto,3,3,3,4,3,1,0,1,0,0
Grant Road,3,36-45,Service,4-5x/week,Office,Shared Auto,4,3,3,4,3,0,0,1,1,0
Grant Road,3,46-60,Service,Weekly,Office,Shared Auto,3,3,3,4,3,0,0,0,0,1
Grant Road,3,46-60,Service,Weekly,Office,Shared Auto,3,3,3,4,3,1,0,1,0,0
Grant Road,3,26-35,IT/Tech,Daily,Office,Shared Auto,4,2,3,4,3,1,0,0,1,1
Grant Road,3,36-45,Business,Daily,Leisure,Shared Auto,4,2,3,4,3,0,0,0,0,0
Grant Road,3,18-25,Business,Daily,Leisure,Shared Auto,4,3,4,4,4,0,0,0,0,1
Grant Road,3,18-25,Business,Daily,Office,Shared Auto,4,3,4,4,3,0,0,0,0,0
Grant Road,3,18-25,IT/Tech,Weekly,Office,Shared Auto,3,3,3,4,2,0,1,1,1,0
Grant Road,3,36-45,IT/Tech,Weekly,Office,Shared Auto,3,3,2,5,3,1,0,1,1,0
Grant Road,3,46-60,IT/Tech,4-5x/week,Education,Shared Auto,3,3,4,4,3,0,0,0,0,1
Grant Road,3,36-45,Service,Daily,Office,Shared Auto,3,3,3,4,3,1,0,1,0,1
Grant Road,3,18-25,Business,Daily,Office,Shared Auto,4,3,4,4,4,0,0,1,0,0
Grant Road,3,46-60,Other,Daily,Education,Shared Auto,3,3,3,3,2,0,0,0,0,1
Grant Road,3,46-60,IT/Tech,4-5x/week,Office,Shared Auto,4,3,3,4,3,0,0,1,0,1
Grant Road,3,36-45,Student,Daily,Office,Shared Auto,4,2,4,4,3,0,0,1,0,0
Grant Road,3,46-60,Business,Daily,Leisure,Shared Auto,4,3,3,4,3,0,1,0,0,1
Grant Road,3,46-60,IT/Tech,4-5x/week,Education,Shared Auto,4,3,3,4,3,0,0,1,0,1
Girgaon,3,18-25,Business,Daily,Office,Shared Auto,4,3,3,3,3,0,1,1,0,1
Girgaon,3,26-35,Service,Daily,Other,Shared Auto,4,3,2,4,2,1,1,0,0,1
Girgaon,3,36-45,Student,Daily,Office,Shared Auto,4,3,2,4,3,1,0,1,1,0
Girgaon,3,26-35,IT/Tech,Weekly,Office,Shared Auto,4,3,2,3,3,0,0,1,0,1
Girgaon,3,18-25,Other,4-5x/week,Office,Shared Auto,3,3,4,4,3,1,0,0,0,1
Girgaon,3,46-60,Student,Daily,Office,Shared Auto,4,3,4,3,3,0,0,1,0,1
Girgaon,3,36-45,IT/Tech,Daily,Office,Shared Auto,4,3,3,3,2,1,0,0,0,1
Girgaon,3,36-45,Business,Daily,Leisure,Shared Auto,4,3,4,4,3,0,1,0,0,1
Girgaon,3,36-45,IT/Tech,Weekly,Education,Shared Auto,4,3,3,4,3,1,1,1,0,1
Girgaon,3,18-25,Service,Daily,Education,Shared Auto,4,3,3,4,2,0,0,0,1,0
Girgaon,3,18-25,Other,Daily,Office,Shared Auto,4,2,2,4,3,0,0,1,0,1
Girgaon,3,36-45,Business,4-5x/week,Leisure,Shared Auto,4,3,3,4,3,1,0,1,0,1
Girgaon,3,36-45,Service,Daily,Shopping,Shared Auto,3,2,3,4,3,0,1,1,1,1
Girgaon,3,26-35,Service,2-3x/week,Office,Shared Auto,3,2,3,5,2,0,1,0,0,1
Girgaon,3,26-35,Business,4-5x/week,Shopping,Shared Auto,4,2,4,4,3,0,0,1,0,0
Girgaon,3,46-60,Service,4-5x/week,Office,Shared Auto,3,2,3,4,3,0,0,0,0,1
Girgaon,3,26-35,IT/Tech,Daily,Office,Shared Auto,4,2,3,3,3,1,0,0,1,1
Girgaon,3,36-45,IT/Tech,Weekly,Office,Shared Auto,4,3,4,3,3,0,0,0,0,1
Girgaon,3,46-60,Service,Daily,Office,Shared Auto,4,3,3,4,3,1,1,0,1,1
Girgaon,3,26-35,Student,Daily,Office,Shared Auto,4,3,3,4,3,0,1,1,0,1
Girgaon,3,46-60,IT/Tech,Daily,Education,Shared Auto,3,3,4,4,2,1,0,0,0,0
Girgaon,3,60+,Service,Daily,Education,Shared Auto,4,2,3,4,2,1,1,0,0,1
Girgaon,3,26-35,IT/Tech,Daily,Education,Shared Auto,4,3,4,4,3,0,0,1,0,1
Girgaon,3,26-35,Service,Daily,Office,Shared Auto,3,3,3,4,3,0,0,0,0,0
Girgaon,3,46-60,Other,Weekly,Education,Shared Auto,4,3,3,4,3,0,0,1,0,1
Girgaon,3,18-25,Business,4-5x/week,Office,Shared Auto,4,2,3,4,3,1,0,1,0,1
Girgaon,3,60+,Student,2-3x/week,Shopping,Shared Auto,4,2,3,4,2,0,1,0,1,0
Girgaon,3,26-35,Other,Daily,Office,Shared Auto,4,3,3,3,3,0,1,0,0,1
Girgaon,3,18-25,Other,2-3x/week,Education,Shared Auto,3,3,4,4,2,0,1,1,0,1
Girgaon,3,26-35,Service,4-5x/week,Office,Shared Auto,4,2,3,4,2,0,1,0,0,1
Girgaon,3,36-45,Service,4-5x/week,Office,Shared Auto,3,3,4,4,3,0,1,0,0,0
Girgaon,3,36-45,IT/Tech,Daily,Office,Shared Auto,4,3,3,5,3,1,0,1,0,0
Girgaon,3,36-45,Student,4-5x/week,Education,Shared Auto,4,3,3,4,3,0,1,1,0,0
Girgaon,3,26-35,Student,4-5x/week,Office,Shared Auto,3,2,4,4,3,1,0,0,0,1
Girgaon,3,46-60,Service,Daily,Office,Shared Auto,3,3,4,4,3,0,0,1,0,1
Girgaon,3,46-60,Service,4-5x/week,Office,Shared Auto,4,3,3,4,3,1,0,0,0,1
Girgaon,3,46-60,Business,4-5x/week,Leisure,Shared Auto,3,3,4,4,2,0,0,1,1,1
Girgaon,3,36-45,Business,2-3x/week,Shopping,Shared Auto,4,3,3,4,2,0,0,0,0,1
Girgaon,3,36-45,IT/Tech,4-5x/week,Shopping,Shared Auto,3,3,3,3,2,1,0,0,1,1
Girgaon,3,36-45,Business,4-5x/week,Office,Shared Auto,4,2,3,4,2,0,0,0,0,1
Girgaon,3,26-35,IT/Tech,2-3x/week,Leisure,Shared Auto,4,3,4,3,2,0,1,0,0,0
Girgaon,3,46-60,Other,4-5x/week,Education,Shared Auto,4,3,3,4,3,1,1,1,0,1
Girgaon,3,26-35,IT/Tech,Daily,Leisure,Shared Auto,4,3,3,4,2,0,0,1,0,0
Girgaon,3,18-25,Service,Daily,Other,Shared Auto,4,3,3,4,2,0,1,0,0,1
Girgaon,3,26-35,Service,Daily,Office,Shared Auto,4,3,3,4,3,1,1,1,0,1
Girgaon,3,26-35,Business,Daily,Education,Shared Auto,4,2,2,4,2,0,1,0,0,1
Girgaon,3,26-35,Service,Daily,Office,Shared Auto,4,3,3,4,2,0,0,0,0,0
Girgaon,3,18-25,IT/Tech,Daily,Office,Shared Auto,5,2,2,3,3,0,1,0,1,1
Girgaon,3,18-25,Service,Daily,Other,Shared Auto,5,3,3,4,3,0,0,1,0,0
Girgaon,3,26-35,Service,2-3x/week,Leisure,Shared Auto,4,3,3,4,2,1,1,1,1,1
Girgaon,3,60+,Service,2-3x/week,Office,Shared Auto,4,3,3,3,3,1,0,1,1,1
Girgaon,3,26-35,Student,Daily,Other,Shared Auto,5,2,4,3,4,1,1,1,0,0
Girgaon,3,60+,Other,Rarely,Office,Shared Auto,3,3,3,4,2,1,1,0,0,1
Girgaon,3,26-35,Student,Rarely,Leisure,Shared Auto,2,3,3,3,3,0,0,1,0,1
Girgaon,3,26-35,Service,Weekly,Education,Shared Auto,4,4,3,3,3,0,1,0,0,0
Girgaon,3,26-35,Service,4-5x/week,Office,Shared Auto,4,2,3,4,3,0,1,0,0,1
Girgaon,3,36-45,Service,Daily,Education,Shared Auto,4,3,3,4,2,0,1,0,0,1
Girgaon,3,26-35,Service,2-3x/week,Shopping,Shared Auto,4,3,2,4,3,1,0,1,1,1
Girgaon,3,26-35,Business,4-5x/week,Office,Shared Auto,4,3,3,4,3,1,1,1,0,0
Girgaon,3,46-60,IT/Tech,4-5x/week,Education,Shared Auto,4,3,3,4,3,0,1,0,0,1
Girgaon,3,26-35,IT/Tech,2-3x/week,Office,Shared Auto,4,3,3,4,3,0,0,1,0,1
Girgaon,3,36-45,Business,Daily,Office,Shared Auto,4,3,3,4,2,0,1,0,0,0
Girgaon,3,26-35,Student,Daily,Education,Shared Auto,4,2,3,3,2,1,0,0,0,0
Girgaon,3,18-25,IT/Tech,Daily,Office,Shared Auto,4,2,3,4,2,1,1,1,0,1
Girgaon,3,18-25,Student,4-5x/week,Leisure,Shared Auto,4,2,4,4,3,0,0,0,1,1
Girgaon,3,36-45,IT/Tech,4-5x/week,Shopping,Shared Auto,3,3,4,4,3,1,1,1,0,1
Girgaon,3,18-25,IT/Tech,Daily,Office,Shared Auto,5,2,4,4,2,0,1,0,0,1
Girgaon,3,18-25,Student,4-5x/week,Shopping,Shared Auto,5,3,3,3,3,0,0,0,0,1
Girgaon,3,36-45,Student,4-5x/week,Shopping,Shared Auto,4,2,3,4,3,0,0,1,1,0
Girgaon,3,26-35,IT/Tech,2-3x/week,Shopping,Shared Auto,4,3,3,4,2,0,1,0,0,0
Girgaon,3,26-35,Other,Daily,Shopping,Shared Auto,4,1,3,3,2,0,0,0,0,0
Girgaon,3,26-35,IT/Tech,4-5x/week,Office,Shared Auto,4,3,3,4,3,0,1,0,0,1
Girgaon,3,46-60,Service,Daily,Office,Shared Auto,3,3,4,4,2,0,1,0,0,1
Girgaon,3,26-35,Service,4-5x/week,Office,Shared Auto,5,3,3,3,3,0,0,0,0,1
Girgaon,3,18-25,IT/Tech,Daily,Education,Shared Auto,4,3,2,4,3,1,0,0,0,0
Girgaon,3,36-45,Service,Daily,Other,Shared Auto,3,3,3,4,3,0,1,1,1,1
Girgaon,3,36-45,Student,Weekly,Shopping,Shared Auto,3,2,3,4,3,1,0,0,0,0
Girgaon,3,18-25,IT/Tech,2-3x/week,Office,Shared Auto,3,3,2,4,2,0,1,1,1,1
Girgaon,3,18-25,Service,2-3x/week,Office,Shared Auto,4,3,3,3,2,1,1,1,0,1
Girgaon,3,18-25,Student,Daily,Leisure,Shared Auto,4,2,2,4,3,0,1,1,1,1
Girgaon,3,18-25,IT/Tech,4-5x/week,Office,Shared Auto,3,3,3,3,3,1,1,0,1,0
Girgaon,3,36-45,IT/Tech,4-5x/week,Office,Shared Auto,3,3,3,4,2,1,0,1,0,1
Girgaon,3,18-25,Student,Daily,Education,Shared Auto,3,2,3,4,3,0,0,1,1,1
Girgaon,3,18-25,Service,Daily,Office,Shared Auto,3,3,3,4,3,0,0,0,0,1
Girgaon,3,26-35,Student,Daily,Office,Shared Auto,4,3,3,4,2,0,0,0,0,1
Girgaon,3,36-45,Service,Rarely,Other,Shared Auto,3,3,3,4,2,1,0,1,0,1
Girgaon,3,46-60,Service,Daily,Leisure,Shared Auto,4,3,2,4,3,1,0,1,1,0
Girgaon,3,26-35,IT/Tech,Weekly,Office,Shared Auto,4,2,3,5,3,1,0,0,0,0
Girgaon,3,26-35,Student,4-5x/week,Office,Shared Auto,3,3,3,4,3,0,0,1,0,0
Girgaon,3,18-25,IT/Tech,Daily,Shopping,Shared Auto,3,2,3,4,3,1,0,1,0,1
Girgaon,3,46-60,Student,Daily,Shopping,Shared Auto,3,3,3,4,3,1,1,0,0,0
Girgaon,3,46-60,Business,4-5x/week,Leisure,Shared Auto,4,3,3,4,3,1,1,1,0,1
Girgaon,3,26-35,Student,Rarely,Office,Shared Auto,3,3,4,4,2,1,0,1,0,1
Girgaon,3,18-25,IT/Tech,Daily,Office,Shared Auto,4,2,3,4,3,0,1,0,0,1
Girgaon,3,36-45,Business,Daily,Office,Shared Auto,4,3,3,5,2,0,0,0,0,0
Girgaon,3,18-25,IT/Tech,Daily,Office,Shared Auto,3,2,3,4,3,0,1,1,0,0
Girgaon,3,46-60,Service,Daily,Office,Shared Auto,4,3,3,3,2,1,0,1,0,1
Girgaon,3,26-35,IT/Tech,Weekly,Other,Shared Auto,4,2,3,3,3,0,1,1,0,0
Girgaon,3,26-35,IT/Tech,Daily,Office,Shared Auto,4,3,3,4,3,1,0,0,0,0
Girgaon,3,46-60,IT/Tech,Daily,Office,Shared Auto,4,3,4,3,2,1,0,0,0,0
Girgaon,3,26-35,Service,Daily,Leisure,Shared Auto,3,2,3,5,3,1,0,0,0,0
Girgaon,3,36-45,IT/Tech,Daily,Office,Shared Auto,3,2,3,4,3,0,0,1,0,0
Girgaon,3,36-45,Student,2-3x/week,Education,Shared Auto,4,3,3,4,3,0,0,0,1,1
Girgaon,3,18-25,Business,Daily,Education,Shared Auto,2,2,3,4,3,1,0,0,0,1
Girgaon,3,36-45,Student,Daily,Office,Shared Auto,5,3,3,4,3,0,0,0,0,1
Girgaon,3,36-45,Student,Daily,Shopping,Shared Auto,3,3,3,5,3,1,0,1,0,1
Kalbadevi,3,36-45,Service,Daily,Office,BEST Bus,4,3,4,4,4,0,1,1,0,1
Kalbadevi,3,26-35,IT/Tech,Daily,Office,BEST Bus,4,3,3,3,4,0,0,1,0,0
Kalbadevi,3,46-60,Business,Daily,Office,BEST Bus,3,2,3,4,4,0,0,1,0,1
Kalbadevi,3,26-35,Student,4-5x/week,Office,BEST Bus,4,2,3,3,4,0,1,0,1,1
Kalbadevi,3,18-25,Service,4-5x/week,Office,BEST Bus,4,3,3,3,3,0,1,0,0,1
Kalbadevi,3,18-25,IT/Tech,4-5x/week,Office,BEST Bus,4,3,3,3,4,0,1,1,0,1
Kalbadevi,3,18-25,Other,Daily,Office,BEST Bus,4,2,3,3,4,0,0,0,0,1
Kalbadevi,3,18-25,Service,Daily,Shopping,BEST Bus,5,3,4,4,3,0,0,0,0,1
Kalbadevi,3,26-35,IT/Tech,Daily,Shopping,BEST Bus,4,3,3,3,4,0,1,1,0,1
Kalbadevi,3,26-35,Business,Daily,Office,BEST Bus,3,3,4,3,3,1,0,0,1,1
Kalbadevi,3,26-35,Service,2-3x/week,Office,BEST Bus,4,3,3,4,3,1,0,0,0,1
Kalbadevi,3,26-35,IT/Tech,4-5x/week,Shopping,BEST Bus,3,3,3,4,3,0,0,1,1,0
Kalbadevi,3,36-45,IT/Tech,2-3x/week,Office,BEST Bus,4,3,3,3,4,1,0,0,0,1
Kalbadevi,3,36-45,IT/Tech,Weekly,Office,BEST Bus,4,3,3,3,4,1,0,1,1,1
Kalbadevi,3,36-45,Other,Daily,Education,BEST Bus,4,3,3,3,4,1,0,1,0,1
Kalbadevi,3,26-35,Service,2-3x/week,Leisure,BEST Bus,4,3,3,4,4,1,0,0,1,1
Kalbadevi,3,46-60,Service,Daily,Shopping,BEST Bus,4,3,3,3,4,1,1,1,0,1
Kalbadevi,3,18-25,IT/Tech,Daily,Office,BEST Bus,3,3,3,4,4,0,1,0,0,1
Kalbadevi,3,36-45,Business,2-3x/week,Leisure,BEST Bus,4,3,3,3,3,0,1,1,0,1
Kalbadevi,3,26-35,Business,Daily,Education,BEST Bus,4,3,3,4,3,1,0,0,0,1
Kalbadevi,3,36-45,Business,Daily,Shopping,BEST Bus,4,3,3,4,4,1,0,0,0,1
Kalbadevi,3,26-35,IT/Tech,4-5x/week,Leisure,BEST Bus,3,3,4,4,3,1,1,1,1,0
Kalbadevi,3,18-25,Service,4-5x/week,Leisure,BEST Bus,4,3,4,3,4,0,0,1,0,1
Kalbadevi,3,36-45,Service,Daily,Leisure,BEST Bus,3,2,4,3,3,0,1,0,0,1
Kalbadevi,3,46-60,IT/Tech,2-3x/week,Leisure,BEST Bus,4,3,4,4,4,1,0,0,0,1
Kalbadevi,3,26-35,Student,Daily,Office,BEST Bus,4,3,3,4,3,0,1,1,0,1
Kalbadevi,3,18-25,Other,Daily,Leisure,BEST Bus,4,2,4,3,4,1,1,0,0,1
Kalbadevi,3,26-35,Student,Daily,Office,BEST Bus,4,3,3,4,4,0,0,0,0,1
Kalbadevi,3,36-45,Student,Daily,Other,BEST Bus,4,3,3,4,4,0,0,1,0,1
Kalbadevi,3,18-25,Service,Weekly,Office,BEST Bus,4,3,3,4,3,0,0,0,0,0
Kalbadevi,3,18-25,IT/Tech,Daily,Shopping,BEST Bus,4,3,3,4,4,0,0,0,0,1
Kalbadevi,3,18-25,Service,Weekly,Other,BEST Bus,4,3,4,3,3,0,1,1,0,1
Kalbadevi,3,36-45,Service,4-5x/week,Office,BEST Bus,4,2,4,3,3,0,0,0,0,1
Kalbadevi,3,26-35,Student,2-3x/week,Shopping,BEST Bus,4,4,3,4,4,0,1,0,0,1
Kalbadevi,3,18-25,Service,Daily,Office,BEST Bus,4,3,4,4,4,1,0,0,0,1
Kalbadevi,3,46-60,Other,Daily,Other,BEST Bus,4,3,3,3,4,1,0,0,0,1
Kalbadevi,3,26-35,Student,4-5x/week,Other,BEST Bus,3,3,3,4,4,1,0,0,0,1
Kalbadevi,3,18-25,Business,Daily,Office,BEST Bus,3,2,4,4,4,0,0,0,1,1
Kalbadevi,3,26-35,IT/Tech,4-5x/week,Leisure,BEST Bus,4,3,2,3,3,0,0,0,0,0
Kalbadevi,3,26-35,Service,4-5x/week,Education,BEST Bus,4,2,3,4,4,0,0,1,0,0
Kalbadevi,3,18-25,Service,Daily,Leisure,BEST Bus,3,3,4,4,5,0,0,1,0,1
Kalbadevi,3,26-35,Service,Daily,Office,BEST Bus,4,3,3,3,3,0,0,0,0,1
Kalbadevi,3,26-35,Other,Rarely,Leisure,BEST Bus,3,3,3,3,3,0,0,0,1,1
Kalbadevi,3,36-45,Other,Daily,Education,BEST Bus,4,3,3,4,4,1,0,1,0,1
Kalbadevi,3,18-25,Student,2-3x/week,Office,BEST Bus,3,3,3,4,4,0,0,0,1,1
Kalbadevi,3,46-60,Service,4-5x/week,Office,BEST Bus,3,3,4,3,3,1,0,0,0,1
Kalbadevi,3,46-60,IT/Tech,Daily,Office,BEST Bus,4,3,3,4,3,0,1,0,1,1
Kalbadevi,3,18-25,Service,Daily,Office,BEST Bus,3,3,3,3,4,0,0,1,0,1
Kalbadevi,3,46-60,Business,Daily,Shopping,BEST Bus,2,3,3,3,4,0,1,0,0,1
Kalbadevi,3,46-60,IT/Tech,2-3x/week,Education,BEST Bus,4,3,3,3,4,0,0,1,0,1
Kalbadevi,3,26-35,IT/Tech,Rarely,Office,BEST Bus,4,2,3,4,3,0,0,0,1,1
Kalbadevi,3,18-25,Student,Daily,Leisure,BEST Bus,4,3,3,4,3,1,0,0,0,1
Kalbadevi,3,46-60,Business,Daily,Shopping,BEST Bus,3,3,2,3,3,0,0,1,0,0
Kalbadevi,3,26-35,Business,Daily,Office,BEST Bus,4,3,3,4,4,0,1,1,0,1
Kalbadevi,3,36-45,IT/Tech,Daily,Education,BEST Bus,3,3,3,3,3,0,1,0,0,1
Kalbadevi,3,26-35,IT/Tech,Daily,Shopping,BEST Bus,4,3,3,4,4,1,0,1,0,1
Kalbadevi,3,26-35,Service,Daily,Other,BEST Bus,3,3,4,3,3,0,1,1,1,1
Kalbadevi,3,36-45,IT/Tech,4-5x/week,Shopping,BEST Bus,4,3,2,3,3,0,1,0,0,1
Kalbadevi,3,36-45,Business,2-3x/week,Shopping,BEST Bus,4,3,3,3,4,1,1,1,0,0
Kalbadevi,3,60+,Student,Daily,Leisure,BEST Bus,4,3,3,3,3,1,0,0,0,1
Kalbadevi,3,46-60,Service,Daily,Shopping,BEST Bus,4,3,3,3,4,1,1,0,0,1
Kalbadevi,3,46-60,Student,Daily,Leisure,BEST Bus,4,2,3,3,4,1,1,1,0,0
Kalbadevi,3,26-35,Student,Daily,Office,BEST Bus,4,3,3,3,3,0,0,0,1,1
Kalbadevi,3,18-25,Service,4-5x/week,Shopping,BEST Bus,3,3,3,3,4,0,0,0,1,1
Kalbadevi,3,18-25,Service,4-5x/week,Shopping,BEST Bus,4,2,3,3,4,1,0,0,0,1
Kalbadevi,3,26-35,IT/Tech,Daily,Shopping,BEST Bus,4,3,4,4,4,0,1,0,0,1
Kalbadevi,3,26-35,IT/Tech,Daily,Education,BEST Bus,3,3,4,3,4,0,0,1,0,0
Kalbadevi,3,60+,Other,Rarely,Education,BEST Bus,4,2,3,4,4,0,0,0,0,1
Kalbadevi,3,18-25,Service,Daily,Office,BEST Bus,3,3,4,3,4,1,0,0,1,1
Kalbadevi,3,36-45,Business,Rarely,Shopping,BEST Bus,4,3,3,4,4,0,0,0,0,1
Kalbadevi,3,26-35,Student,4-5x/week,Shopping,BEST Bus,3,4,3,3,4,1,0,1,1,1
Kalbadevi,3,26-35,Student,4-5x/week,Office,BEST Bus,4,3,4,3,3,0,0,0,0,1
Kalbadevi,3,46-60,Student,4-5x/week,Office,BEST Bus,3,3,3,3,3,0,0,0,1,1
Kalbadevi,3,26-35,Service,Daily,Education,BEST Bus,4,3,3,4,3,0,1,1,1,1
Kalbadevi,3,26-35,Student,Daily,Office,BEST Bus,4,3,3,3,4,1,1,0,1,1
Kalbadevi,3,18-25,Business,Daily,Other,BEST Bus,5,3,3,3,4,0,0,1,0,1
Kalbadevi,3,26-35,IT/Tech,Daily,Education,BEST Bus,4,3,4,3,3,1,0,0,0,0
Kalbadevi,3,26-35,IT/Tech,2-3x/week,Shopping,BEST Bus,4,3,3,4,3,1,0,0,0,1
Kalbadevi,3,26-35,Service,Weekly,Office,BEST Bus,3,3,3,4,4,0,0,1,0,1
Kalbadevi,3,36-45,IT/Tech,Daily,Leisure,BEST Bus,4,2,4,3,4,0,0,1,0,1
Kalbadevi,3,46-60,IT/Tech,4-5x/week,Office,BEST Bus,4,3,3,3,4,1,0,1,0,1
Kalbadevi,3,26-35,Student,Weekly,Leisure,BEST Bus,4,3,3,4,4,0,0,0,0,0
Kalbadevi,3,46-60,IT/Tech,Daily,Shopping,BEST Bus,3,3,4,3,3,0,0,0,0,1
Kalbadevi,3,18-25,Business,Daily,Office,BEST Bus,3,2,3,4,3,1,0,0,0,1
Kalbadevi,3,60+,IT/Tech,4-5x/week,Office,BEST Bus,4,3,3,3,3,0,0,0,0,1
Kalbadevi,3,36-45,IT/Tech,4-5x/week,Education,BEST Bus,4,3,3,4,4,1,1,0,1,0
Kalbadevi,3,18-25,Business,Daily,Office,BEST Bus,4,3,3,4,4,0,0,1,0,1
Kalbadevi,3,26-35,IT/Tech,Daily,Education,BEST Bus,4,3,3,4,4,0,1,0,1,1
Kalbadevi,3,46-60,Student,4-5x/week,Education,BEST Bus,4,3,4,3,3,0,0,1,0,1
Kalbadevi,3,36-45,Student,Daily,Other,BEST Bus,4,3,3,3,4,0,0,1,0,1
Kalbadevi,3,26-35,IT/Tech,Weekly,Education,BEST Bus,3,2,3,3,4,1,1,0,1,0
Kalbadevi,3,18-25,Business,4-5x/week,Office,BEST Bus,3,3,4,4,3,0,0,1,0,1
Kalbadevi,3,18-25,IT/Tech,2-3x/week,Education,BEST Bus,4,3,3,4,3,0,0,0,0,0
Kalbadevi,3,46-60,Service,Daily,Office,BEST Bus,4,3,3,4,4,0,0,0,0,0
Kalbadevi,3,36-45,IT/Tech,2-3x/week,Office,BEST Bus,4,3,3,4,4,1,1,0,0,0
Kalbadevi,3,36-45,Business,Daily,Education,BEST Bus,4,2,4,3,4,1,0,1,0,1
Kalbadevi,3,46-60,IT/Tech,Weekly,Shopping,BEST Bus,4,3,3,3,4,0,0,1,0,1
Kalbadevi,3,36-45,Service,Daily,Shopping,BEST Bus,4,3,4,4,4,1,0,1,0,1
Kalbadevi,3,26-35,Student,Daily,Education,BEST Bus,3,3,3,3,3,0,0,0,0,1
Kalbadevi,3,36-45,Business,Daily,Education,BEST Bus,4,3,3,4,3,0,0,0,1,0
Kalbadevi,3,36-45,IT/Tech,4-5x/week,Office,BEST Bus,3,3,3,3,4,1,1,0,0,1
Kalbadevi,3,36-45,IT/Tech,Daily,Leisure,BEST Bus,4,3,3,4,4,0,0,1,1,1
Kalbadevi,3,26-35,IT/Tech,2-3x/week,Office,BEST Bus,4,3,3,3,3,0,0,0,1,1
Kalbadevi,3,26-35,Service,Daily,Office,BEST Bus,4,3,3,4,3,0,0,1,1,1
CSMT,3,18-25,IT/Tech,Daily,Shopping,BEST Bus,4,3,5,3,4,0,0,1,0,1
CSMT,3,18-25,Service,Daily,Education,BEST Bus,4,3,4,3,4,0,1,0,1,1
CSMT,3,26-35,IT/Tech,Weekly,Office,BEST Bus,4,4,5,3,4,0,0,0,0,1
CSMT,3,26-35,IT/Tech,Daily,Office,BEST Bus,4,3,4,2,4,0,0,1,0,1
CSMT,3,60+,Service,Weekly,Office,BEST Bus,3,3,4,3,4,0,0,0,1,1
CSMT,3,60+,Business,4-5x/week,Other,BEST Bus,5,3,5,3,3,1,0,1,1,1
CSMT,3,26-35,Student,2-3x/week,Office,BEST Bus,4,3,5,3,3,1,0,0,0,1
CSMT,3,26-35,Student,2-3x/week,Office,BEST Bus,4,4,5,3,4,1,0,0,0,1
CSMT,3,26-35,Student,Weekly,Office,BEST Bus,4,3,5,3,4,0,1,0,1,1
CSMT,3,18-25,Student,Daily,Office,BEST Bus,5,3,5,3,4,0,0,0,1,1
CSMT,3,46-60,Service,4-5x/week,Office,BEST Bus,4,3,3,3,4,0,0,1,1,1
CSMT,3,26-35,Business,Daily,Education,BEST Bus,3,3,5,3,4,0,0,0,1,1
CSMT,3,26-35,IT/Tech,2-3x/week,Shopping,BEST Bus,3,3,4,2,4,0,0,0,0,1
CSMT,3,26-35,Service,Daily,Leisure,BEST Bus,3,4,5,3,4,0,0,0,0,1
CSMT,3,26-35,IT/Tech,2-3x/week,Office,BEST Bus,4,4,4,3,4,0,0,1,0,1
CSMT,3,18-25,Service,Weekly,Office,BEST Bus,4,4,5,3,4,1,0,0,0,1
CSMT,3,46-60,IT/Tech,4-5x/week,Office,BEST Bus,4,3,5,3,4,1,0,1,0,1
CSMT,3,46-60,Service,Daily,Office,BEST Bus,4,3,4,2,4,0,0,0,1,1
CSMT,3,18-25,IT/Tech,4-5x/week,Education,BEST Bus,4,3,5,2,3,0,1,1,0,1
CSMT,3,26-35,IT/Tech,Weekly,Other,BEST Bus,5,3,5,2,4,0,0,0,1,1
CSMT,3,36-45,Service,4-5x/week,Office,BEST Bus,4,3,4,2,4,0,0,0,1,1
CSMT,3,36-45,IT/Tech,Daily,Office,BEST Bus,4,4,5,2,4,0,1,1,0,0
CSMT,3,46-60,Service,2-3x/week,Leisure,BEST Bus,4,4,4,2,4,0,0,0,1,0
CSMT,3,18-25,Service,4-5x/week,Other,BEST Bus,4,4,5,3,3,0,0,0,0,1
CSMT,3,18-25,Other,4-5x/week,Office,BEST Bus,3,4,4,3,4,1,0,0,0,1
CSMT,3,46-60,Student,2-3x/week,Education,BEST Bus,3,3,5,2,4,0,0,0,1,1
CSMT,3,36-45,IT/Tech,Daily,Shopping,BEST Bus,4,3,5,2,4,0,0,0,1,1
CSMT,3,60+,IT/Tech,4-5x/week,Leisure,BEST Bus,3,3,4,3,4,0,1,1,1,1
CSMT,3,26-35,Other,2-3x/week,Leisure,BEST Bus,3,3,4,3,4,0,1,1,0,1
CSMT,3,18-25,Student,Daily,Office,BEST Bus,4,3,4,2,3,0,0,1,0,1
CSMT,3,18-25,Other,4-5x/week,Office,BEST Bus,4,3,5,2,4,0,0,0,1,1
CSMT,3,26-35,Service,Daily,Office,BEST Bus,4,4,4,2,3,0,0,0,0,1
CSMT,3,60+,Student,Weekly,Shopping,BEST Bus,5,3,5,3,3,0,1,0,0,1
CSMT,3,36-45,Service,Weekly,Office,BEST Bus,4,3,5,2,4,0,0,0,0,1
CSMT,3,36-45,IT/Tech,Daily,Education,BEST Bus,4,3,5,3,4,1,0,0,0,1
CSMT,3,18-25,Service,2-3x/week,Office,BEST Bus,4,3,4,2,4,1,0,0,1,1
CSMT,3,46-60,Student,4-5x/week,Leisure,BEST Bus,4,3,4,3,4,1,0,0,1,1
CSMT,3,26-35,Other,Daily,Office,BEST Bus,4,3,4,2,4,0,0,0,0,1
CSMT,3,18-25,Business,4-5x/week,Shopping,BEST Bus,4,3,4,2,4,0,1,0,0,1
CSMT,3,26-35,IT/Tech,Daily,Leisure,BEST Bus,4,3,5,3,4,0,0,0,1,1
CSMT,3,36-45,Business,4-5x/week,Education,BEST Bus,4,4,4,2,4,1,0,1,1,1
CSMT,3,18-25,Service,Weekly,Shopping,BEST Bus,3,4,5,3,3,0,0,1,0,1
CSMT,3,46-60,IT/Tech,Daily,Education,BEST Bus,4,4,5,2,5,0,1,1,0,1
CSMT,3,18-25,Service,4-5x/week,Shopping,BEST Bus,4,4,5,3,3,0,1,0,0,1
CSMT,3,46-60,Business,2-3x/week,Leisure,BEST Bus,4,4,5,3,3,0,0,0,1,1
CSMT,3,60+,Service,4-5x/week,Shopping,BEST Bus,4,3,5,2,3,0,0,0,0,1
CSMT,3,26-35,IT/Tech,Daily,Education,BEST Bus,4,3,4,3,4,0,0,0,1,0
CSMT,3,26-35,IT/Tech,Weekly,Office,BEST Bus,3,3,4,2,4,0,0,0,1,1
CSMT,3,26-35,Business,Weekly,Office,BEST Bus,4,3,4,2,4,0,0,1,1,1
CSMT,3,18-25,Student,4-5x/week,Shopping,BEST Bus,4,3,4,2,4,0,0,1,0,1
CSMT,3,26-35,Service,2-3x/week,Office,BEST Bus,4,3,4,3,3,0,0,0,0,1
CSMT,3,26-35,IT/Tech,Rarely,Shopping,BEST Bus,5,4,5,3,4,1,1,0,0,1
CSMT,3,26-35,IT/Tech,4-5x/week,Office,BEST Bus,4,4,4,3,3,0,0,0,1,1
CSMT,3,26-35,Business,4-5x/week,Shopping,BEST Bus,4,4,5,2,4,0,1,1,1,1
CSMT,3,36-45,Service,Daily,Office,BEST Bus,5,3,5,2,4,0,0,0,0,0
CSMT,3,18-25,Student,4-5x/week,Shopping,BEST Bus,4,4,4,2,4,0,0,0,0,1
CSMT,3,26-35,Service,4-5x/week,Office,BEST Bus,3,3,4,2,4,0,0,0,0,1
CSMT,3,18-25,IT/Tech,Daily,Education,BEST Bus,4,2,5,2,5,0,0,1,1,1
CSMT,3,18-25,Business,4-5x/week,Office,BEST Bus,4,3,5,2,3,1,1,1,0,1
CSMT,3,18-25,Business,4-5x/week,Office,BEST Bus,4,3,4,2,4,0,0,0,0,1
CSMT,3,26-35,Other,4-5x/week,Office,BEST Bus,3,4,5,3,4,0,0,0,1,1
CSMT,3,46-60,Student,Daily,Office,BEST Bus,4,4,4,2,4,0,0,0,1,1
CSMT,3,26-35,Student,Daily,Education,BEST Bus,4,2,4,3,4,1,1,0,0,1
CSMT,3,46-60,IT/Tech,Daily,Office,BEST Bus,5,3,5,2,4,0,1,1,1,1
CSMT,3,36-45,Student,Daily,Education,BEST Bus,4,3,5,3,4,0,0,1,0,1
CSMT,3,18-25,Business,Daily,Leisure,BEST Bus,5,4,4,3,3,0,0,0,0,0
CSMT,3,36-45,Business,Weekly,Leisure,BEST Bus,4,4,5,3,4,0,0,1,0,1
CSMT,3,26-35,IT/Tech,Daily,Office,BEST Bus,4,3,4,3,4,1,1,0,0,1
CSMT,3,18-25,Service,Daily,Education,BEST Bus,4,3,5,3,4,1,1,1,0,1
CSMT,3,18-25,Service,4-5x/week,Other,BEST Bus,3,3,5,2,4,0,0,0,1,1
CSMT,3,18-25,Other,Daily,Leisure,BEST Bus,4,3,4,2,4,0,0,0,0,1
CSMT,3,26-35,Business,Daily,Education,BEST Bus,3,3,4,2,3,0,1,1,1,1
CSMT,3,18-25,Service,Daily,Office,BEST Bus,5,4,5,2,4,0,0,0,1,1
CSMT,3,26-35,IT/Tech,4-5x/week,Other,BEST Bus,4,3,5,2,4,0,0,1,1,1
CSMT,3,26-35,IT/Tech,Daily,Office,BEST Bus,3,3,4,3,4,0,0,1,0,1
CSMT,3,26-35,IT/Tech,Daily,Other,BEST Bus,4,3,5,2,3,1,0,0,0,1
CSMT,3,18-25,Service,2-3x/week,Office,BEST Bus,5,3,5,3,4,0,0,0,0,1
CSMT,3,26-35,Service,Daily,Other,BEST Bus,3,3,4,2,3,0,0,1,0,1
CSMT,3,46-60,IT/Tech,4-5x/week,Office,BEST Bus,5,3,4,3,4,1,0,0,0,1
CSMT,3,36-45,IT/Tech,4-5x/week,Office,BEST Bus,3,3,5,3,4,0,1,0,0,1
CSMT,3,18-25,Service,2-3x/week,Office,BEST Bus,3,3,4,2,4,0,0,0,1,1
CSMT,3,36-45,Student,4-5x/week,Leisure,BEST Bus,4,3,4,3,4,0,0,0,0,1
CSMT,3,26-35,IT/Tech,Daily,Office,BEST Bus,4,2,4,3,4,0,0,0,0,1
CSMT,3,18-25,IT/Tech,Daily,Office,BEST Bus,5,4,5,2,4,0,1,0,0,1
CSMT,3,36-45,IT/Tech,Daily,Other,BEST Bus,3,4,5,2,4,0,0,1,0,0
CSMT,3,26-35,Student,Rarely,Office,BEST Bus,4,3,5,2,4,0,0,0,0,1
CSMT,3,36-45,Other,Daily,Office,BEST Bus,4,3,4,3,3,0,1,0,0,1
CSMT,3,26-35,IT/Tech,4-5x/week,Office,BEST Bus,4,3,5,3,4,1,0,1,0,1
CSMT,3,26-35,Student,Daily,Shopping,BEST Bus,4,3,4,2,4,0,0,1,1,1
CSMT,3,26-35,IT/Tech,Daily,Education,BEST Bus,4,3,4,3,4,0,0,1,0,1
CSMT,3,46-60,Business,4-5x/week,Shopping,BEST Bus,4,4,5,2,4,0,0,0,1,1
CSMT,3,26-35,Other,Rarely,Office,BEST Bus,4,3,5,3,4,0,0,0,1,1
CSMT,3,36-45,Other,Daily,Leisure,BEST Bus,3,4,5,3,4,0,0,0,1,1
CSMT,3,18-25,Business,Daily,Office,BEST Bus,3,4,4,2,4,0,0,0,1,1
CSMT,3,60+,Student,4-5x/week,Shopping,BEST Bus,4,4,5,3,4,1,0,0,0,1
CSMT,3,26-35,Service,2-3x/week,Shopping,BEST Bus,4,3,4,3,4,1,0,0,0,1
CSMT,3,18-25,Business,Weekly,Office,BEST Bus,3,3,5,2,3,0,0,0,0,1
CSMT,3,26-35,IT/Tech,2-3x/week,Shopping,BEST Bus,3,3,5,2,5,1,0,0,0,1
CSMT,3,26-35,IT/Tech,4-5x/week,Office,BEST Bus,3,4,5,2,4,1,0,0,0,1
CSMT,3,26-35,Service,Daily,Office,BEST Bus,4,3,4,2,4,0,0,0,1,1
CSMT,3,26-35,Student,Daily,Office,BEST Bus,5,3,5,2,3,0,0,0,1,1
CSMT,3,36-45,IT/Tech,Daily,Office,BEST Bus,5,3,4,2,4,0,0,1,1,1
CSMT,3,46-60,Other,2-3x/week,Shopping,BEST Bus,4,4,5,2,3,1,0,0,0,1
CSMT,3,46-60,Student,Daily,Office,BEST Bus,3,3,5,2,4,1,0,0,1,0
CSMT,3,26-35,Student,4-5x/week,Office,BEST Bus,4,4,5,2,4,0,0,1,0,1
CSMT,3,18-25,Business,4-5x/week,Education,BEST Bus,4,3,5,2,4,0,0,1,0,1
CSMT,3,36-45,Service,2-3x/week,Office,BEST Bus,4,4,4,2,4,1,0,0,0,1
CSMT,3,26-35,Student,Daily,Office,BEST Bus,4,3,5,2,3,0,0,0,1,1
CSMT,3,18-25,Service,Daily,Office,BEST Bus,4,3,4,3,4,0,0,0,0,1
CSMT,3,18-25,IT/Tech,2-3x/week,Shopping,BEST Bus,4,3,5,2,4,1,0,0,1,1
CSMT,3,36-45,Student,4-5x/week,Shopping,BEST Bus,4,3,4,3,4,0,0,0,0,1
CSMT,3,46-60,Service,Daily,Office,BEST Bus,4,3,5,3,4,0,1,1,1,1
CSMT,3,26-35,Other,Weekly,Leisure,BEST Bus,4,3,4,3,4,0,0,0,0,1
CSMT,3,60+,Other,2-3x/week,Office,BEST Bus,4,3,4,2,4,1,0,1,0,1
CSMT,3,36-45,Service,Daily,Other,BEST Bus,4,3,5,2,3,0,0,0,0,1
CSMT,3,26-35,Business,2-3x/week,Office,BEST Bus,4,3,4,3,4,1,0,0,1,1
Hutatma Chowk,3,18-25,IT/Tech,Daily,Education,Shared Auto,4,2,2,3,3,0,1,1,1,1
Hutatma Chowk,3,18-25,Service,2-3x/week,Shopping,Shared Auto,4,3,2,4,2,1,0,0,0,1
Hutatma Chowk,3,18-25,IT/Tech,4-5x/week,Office,Shared Auto,3,3,2,4,2,0,0,0,0,0
Hutatma Chowk,3,36-45,Business,Daily,Office,Shared Auto,4,3,2,2,3,1,0,1,0,0
Hutatma Chowk,3,36-45,Service,4-5x/week,Leisure,Shared Auto,4,3,2,3,3,1,1,0,1,1
Hutatma Chowk,3,36-45,IT/Tech,4-5x/week,Other,Shared Auto,3,2,2,4,2,0,0,0,0,1
Hutatma Chowk,3,60+,Student,Daily,Office,Shared Auto,3,2,2,3,3,0,0,0,1,1
Hutatma Chowk,3,60+,Service,Daily,Office,Shared Auto,4,3,2,3,4,1,0,0,1,1
Hutatma Chowk,3,26-35,IT/Tech,Daily,Shopping,Shared Auto,4,2,2,4,3,0,1,1,0,0
Hutatma Chowk,3,26-35,Service,Daily,Office,Shared Auto,3,2,2,2,3,1,0,1,0,1
Hutatma Chowk,3,18-25,IT/Tech,Daily,Office,Shared Auto,4,2,2,3,3,1,1,1,0,0
Hutatma Chowk,3,18-25,Other,Rarely,Office,Shared Auto,4,2,3,4,3,0,0,1,0,0
Hutatma Chowk,3,18-25,IT/Tech,Daily,Leisure,Shared Auto,4,3,1,2,3,0,0,0,0,1
Hutatma Chowk,3,60+,Student,Daily,Office,Shared Auto,4,2,2,4,2,0,1,0,0,1
Hutatma Chowk,3,26-35,Business,Weekly,Other,Shared Auto,4,2,2,3,3,0,1,0,1,0
Hutatma Chowk,3,18-25,Service,Daily,Office,Shared Auto,3,3,2,3,3,0,0,0,0,0
Hutatma Chowk,3,18-25,Service,Weekly,Office,Shared Auto,4,3,2,3,3,0,1,0,0,0
Hutatma Chowk,3,60+,Business,2-3x/week,Leisure,Shared Auto,3,2,2,3,2,1,0,0,0,1
Hutatma Chowk,3,18-25,IT/Tech,4-5x/week,Shopping,Shared Auto,3,2,2,3,3,1,1,0,1,1
Hutatma Chowk,3,26-35,Service,2-3x/week,Shopping,Shared Auto,3,2,3,3,3,0,0,0,0,1
Hutatma Chowk,3,46-60,Student,4-5x/week,Office,Shared Auto,4,2,3,3,3,1,0,0,0,1
Hutatma Chowk,3,26-35,Other,Weekly,Office,Shared Auto,4,3,2,3,2,1,1,0,0,1
Hutatma Chowk,3,18-25,Service,Daily,Education,Shared Auto,3,2,3,3,3,1,1,1,0,1
Hutatma Chowk,3,18-25,Business,Daily,Leisure,Shared Auto,4,2,2,4,3,0,0,1,1,1
Hutatma Chowk,3,26-35,IT/Tech,Rarely,Education,Shared Auto,3,3,2,2,2,0,1,0,0,1
Hutatma Chowk,3,18-25,Service,2-3x/week,Shopping,Shared Auto,4,2,2,3,2,0,0,1,1,1
Hutatma Chowk,3,60+,Service,Daily,Office,Shared Auto,4,2,2,3,3,1,0,1,1,1
Hutatma Chowk,3,26-35,IT/Tech,Daily,Office,Shared Auto,4,2,2,3,3,0,0,0,0,1
Hutatma Chowk,3,26-35,Student,Daily,Office,Shared Auto,4,2,3,3,3,0,0,1,1,0
Hutatma Chowk,3,26-35,Service,4-5x/week,Office,Shared Auto,4,3,2,4,3,1,0,1,0,0
Hutatma Chowk,3,26-35,IT/Tech,Daily,Shopping,Shared Auto,4,2,2,3,2,0,0,0,0,1
Hutatma Chowk,3,18-25,Student,4-5x/week,Leisure,Shared Auto,4,3,1,3,4,1,0,1,0,0
Hutatma Chowk,3,18-25,IT/Tech,2-3x/week,Shopping,Shared Auto,4,2,2,3,3,1,0,0,1,1
Hutatma Chowk,3,46-60,Student,2-3x/week,Office,Shared Auto,3,3,1,3,3,1,0,1,1,0
Hutatma Chowk,3,26-35,Service,Daily,Shopping,Shared Auto,4,2,2,2,3,1,0,0,0,1
Hutatma Chowk,3,46-60,Student,Rarely,Leisure,Shared Auto,3,2,2,3,2,1,0,0,0,1
Hutatma Chowk,3,60+,Student,2-3x/week,Office,Shared Auto,3,2,2,2,2,1,1,0,0,0
Hutatma Chowk,3,26-35,Service,4-5x/week,Education,Shared Auto,3,3,3,3,2,0,1,0,0,0
Hutatma Chowk,3,18-25,Service,4-5x/week,Education,Shared Auto,4,3,2,3,3,1,0,0,1,1
Hutatma Chowk,3,26-35,IT/Tech,Daily,Shopping,Shared Auto,3,2,2,3,2,0,0,0,1,1
Hutatma Chowk,3,46-60,Student,Daily,Leisure,Shared Auto,3,2,2,3,2,0,1,1,0,0
Hutatma Chowk,3,36-45,Other,2-3x/week,Office,Shared Auto,4,2,1,3,3,0,0,0,0,1
Hutatma Chowk,3,18-25,Service,4-5x/week,Education,Shared Auto,4,2,2,3,3,1,0,1,0,1
Hutatma Chowk,3,26-35,IT/Tech,4-5x/week,Education,Shared Auto,3,2,2,3,2,1,0,1,0,1
Hutatma Chowk,3,26-35,IT/Tech,Daily,Other,Shared Auto,4,3,2,3,3,1,0,0,0,0
Hutatma Chowk,3,46-60,Student,Daily,Office,Shared Auto,3,2,2,3,3,1,1,1,0,1
Hutatma Chowk,3,26-35,Service,2-3x/week,Office,Shared Auto,3,2,2,3,2,0,0,0,1,1
Hutatma Chowk,3,26-35,Other,Daily,Office,Shared Auto,3,2,2,3,3,1,1,0,0,1
Hutatma Chowk,3,26-35,Service,Daily,Shopping,Shared Auto,4,2,1,3,2,0,0,0,0,1
Hutatma Chowk,3,26-35,Service,2-3x/week,Office,Shared Auto,5,2,2,3,2,0,1,1,0,1
Hutatma Chowk,3,26-35,IT/Tech,4-5x/week,Office,Shared Auto,4,2,2,3,2,1,0,1,0,1
Hutatma Chowk,3,18-25,Other,2-3x/week,Education,Shared Auto,3,3,1,3,3,1,0,0,0,1
Hutatma Chowk,3,36-45,Service,Daily,Office,Shared Auto,2,2,3,3,3,1,0,1,1,0
Churchgate,3,18-25,Business,Weekly,Office,BEST Bus,3,3,4,3,4,0,0,1,0,1
Churchgate,3,18-25,Service,Daily,Office,BEST Bus,4,4,3,3,3,0,0,0,1,1
Churchgate,3,26-35,Business,Daily,Office,BEST Bus,4,3,4,2,3,0,1,0,1,1
Churchgate,3,18-25,IT/Tech,Rarely,Office,BEST Bus,3,3,4,2,3,0,0,1,1,1
Churchgate,3,36-45,Student,Daily,Office,BEST Bus,4,2,3,2,4,1,1,0,1,1
Churchgate,3,18-25,Service,4-5x/week,Office,BEST Bus,4,3,3,2,3,0,1,0,1,1
Churchgate,3,60+,IT/Tech,Daily,Office,BEST Bus,4,3,4,2,3,0,0,0,1,0
Churchgate,3,36-45,Service,Daily,Other,BEST Bus,4,3,3,2,3,0,0,0,0,1
Churchgate,3,18-25,Other,Daily,Education,BEST Bus,4,3,4,2,4,1,1,0,1,0
Churchgate,3,36-45,Business,2-3x/week,Shopping,BEST Bus,3,3,4,4,4,0,0,0,0,1
Churchgate,3,46-60,Business,4-5x/week,Office,BEST Bus,3,3,4,3,3,0,0,1,1,1
Churchgate,3,26-35,Service,Daily,Education,BEST Bus,4,3,3,2,4,0,0,0,0,0
Churchgate,3,36-45,Other,Rarely,Office,BEST Bus,4,3,3,3,3,0,1,0,0,1
Churchgate,3,36-45,IT/Tech,4-5x/week,Office,BEST Bus,4,3,4,2,4,1,1,0,1,1
Churchgate,3,26-35,IT/Tech,Daily,Other,BEST Bus,4,2,3,3,3,0,0,0,0,1
Churchgate,3,46-60,Service,Daily,Shopping,BEST Bus,4,3,3,3,3,0,0,1,1,1
Churchgate,3,60+,Service,Weekly,Shopping,BEST Bus,4,3,4,3,3,0,1,1,1,1
Churchgate,3,18-25,IT/Tech,4-5x/week,Office,BEST Bus,4,3,4,2,3,0,0,0,1,1
Churchgate,3,36-45,IT/Tech,4-5x/week,Office,BEST Bus,4,3,3,3,4,0,1,0,0,1
Churchgate,3,60+,Student,Rarely,Education,BEST Bus,3,3,4,3,3,0,0,0,0,1
Churchgate,3,46-60,Service,Daily,Office,BEST Bus,4,3,4,3,3,0,0,0,0,1
Churchgate,3,18-25,IT/Tech,Daily,Education,BEST Bus,4,3,3,2,3,1,1,0,0,1
Churchgate,3,18-25,Service,Daily,Office,BEST Bus,3,3,3,2,3,1,0,0,1,1
Churchgate,3,18-25,Business,Daily,Shopping,BEST Bus,4,3,4,2,3,0,0,0,0,1
Churchgate,3,26-35,IT/Tech,Daily,Leisure,BEST Bus,4,3,4,2,3,1,0,0,1,1
Churchgate,3,60+,Other,Daily,Office,BEST Bus,3,3,3,2,3,0,0,0,0,1
Churchgate,3,18-25,IT/Tech,Daily,Shopping,BEST Bus,4,3,3,3,3,0,0,1,0,1
Churchgate,3,26-35,IT/Tech,4-5x/week,Other,BEST Bus,4,2,4,3,4,1,0,1,1,1
Churchgate,3,36-45,Other,Daily,Office,BEST Bus,3,3,4,3,4,0,1,1,1,1
Churchgate,3,46-60,Other,Weekly,Office,BEST Bus,3,3,4,3,4,1,0,0,0,1
Churchgate,3,36-45,IT/Tech,Daily,Shopping,BEST Bus,4,3,4,3,3,1,1,0,1,1
Churchgate,3,26-35,IT/Tech,Daily,Leisure,BEST Bus,3,3,4,2,4,0,0,1,0,1
Churchgate,3,36-45,IT/Tech,Daily,Education,BEST Bus,3,3,3,2,3,0,0,0,0,1
Churchgate,3,26-35,Student,Weekly,Leisure,BEST Bus,3,2,4,3,4,0,0,0,0,0
Churchgate,3,18-25,Student,Weekly,Office,BEST Bus,4,3,4,2,3,1,1,0,1,0
Churchgate,3,26-35,Service,Daily,Shopping,BEST Bus,4,3,4,3,4,1,1,1,1,1
Churchgate,3,26-35,IT/Tech,4-5x/week,Office,BEST Bus,4,3,4,2,3,1,0,1,0,1
Churchgate,3,26-35,Business,Daily,Office,BEST Bus,3,2,4,2,3,0,1,0,1,1
Churchgate,3,18-25,IT/Tech,4-5x/week,Office,BEST Bus,3,3,4,3,3,1,1,0,0,0
Churchgate,3,26-35,IT/Tech,Daily,Education,BEST Bus,4,3,4,3,4,1,0,1,0,1
Churchgate,3,36-45,Service,4-5x/week,Office,BEST Bus,4,3,4,3,4,0,0,0,1,1
Churchgate,3,18-25,Service,Daily,Office,BEST Bus,4,3,4,3,3,1,0,1,0,1
Churchgate,3,26-35,Business,Daily,Office,BEST Bus,3,3,3,2,3,1,0,0,1,1
Churchgate,3,26-35,IT/Tech,2-3x/week,Office,BEST Bus,4,2,3,3,3,0,1,0,0,1
Churchgate,3,46-60,Service,Daily,Leisure,BEST Bus,3,3,3,2,4,0,0,0,1,0
Churchgate,3,36-45,IT/Tech,4-5x/week,Office,BEST Bus,4,3,4,2,3,0,1,0,1,1
Churchgate,3,26-35,Business,Daily,Office,BEST Bus,3,3,3,3,3,0,0,1,0,0
Churchgate,3,18-25,Student,Daily,Office,BEST Bus,4,3,3,3,3,1,0,1,0,1
Churchgate,3,18-25,Business,4-5x/week,Leisure,BEST Bus,3,3,4,3,3,1,0,0,0,1
Churchgate,3,26-35,Service,2-3x/week,Office,BEST Bus,4,3,3,2,3,0,0,0,0,1
Churchgate,3,18-25,Student,Daily,Office,BEST Bus,4,2,3,2,4,1,0,1,1,1
Churchgate,3,18-25,Business,4-5x/week,Office,BEST Bus,4,3,4,2,3,0,1,0,1,1
Churchgate,3,26-35,IT/Tech,4-5x/week,Other,BEST Bus,3,3,4,2,3,0,1,0,1,0
Churchgate,3,26-35,Service,4-5x/week,Other,BEST Bus,4,3,4,2,3,0,0,1,1,1
Churchgate,3,18-25,Business,Daily,Other,BEST Bus,4,3,3,3,4,0,0,0,0,1
Churchgate,3,46-60,Service,Daily,Other,BEST Bus,3,3,4,2,4,1,0,1,1,0
Churchgate,3,18-25,Service,Daily,Other,BEST Bus,4,3,3,3,3,0,0,0,1,1
Churchgate,3,26-35,Student,2-3x/week,Office,BEST Bus,4,3,4,2,3,1,0,0,1,1
Churchgate,3,36-45,Student,Daily,Office,BEST Bus,4,3,3,2,3,0,1,1,1,1
Churchgate,3,36-45,Other,4-5x/week,Office,BEST Bus,4,2,4,3,3,0,0,0,0,1
Churchgate,3,36-45,Service,Weekly,Office,BEST Bus,3,3,4,3,3,1,0,1,0,1
Churchgate,3,26-35,Student,Daily,Other,BEST Bus,4,3,3,3,4,0,0,0,0,1
Churchgate,3,26-35,IT/Tech,Daily,Leisure,BEST Bus,4,3,3,3,3,0,1,0,1,1
Churchgate,3,18-25,Business,4-5x/week,Office,BEST Bus,4,3,4,2,3,1,0,0,1,1
Churchgate,3,18-25,Student,Daily,Office,BEST Bus,4,3,3,3,4,0,0,0,1,1
Churchgate,3,18-25,IT/Tech,2-3x/week,Office,BEST Bus,4,4,4,2,3,0,1,0,0,1
Churchgate,3,60+,Business,2-3x/week,Office,BEST Bus,5,3,4,3,3,0,0,0,1,1
Churchgate,3,36-45,Service,Daily,Office,BEST Bus,4,3,4,3,4,0,0,0,1,0
Churchgate,3,36-45,Student,Daily,Office,BEST Bus,4,3,4,3,3,0,1,0,0,0
Churchgate,3,26-35,Business,4-5x/week,Office,BEST Bus,4,3,4,3,3,1,0,1,0,1
Churchgate,3,46-60,Service,2-3x/week,Office,BEST Bus,3,2,4,3,3,0,1,0,1,1
Churchgate,3,60+,Service,2-3x/week,Office,BEST Bus,4,3,3,2,4,0,0,0,1,1
Churchgate,3,46-60,Business,2-3x/week,Shopping,BEST Bus,4,2,4,2,3,0,0,0,1,1
Churchgate,3,26-35,Business,4-5x/week,Office,BEST Bus,4,3,4,3,4,0,0,1,0,0
Churchgate,3,26-35,IT/Tech,Daily,Office,BEST Bus,3,3,4,3,4,0,0,0,1,1
Churchgate,3,18-25,Student,Daily,Education,BEST Bus,4,3,3,3,3,0,0,0,0,1
Churchgate,3,18-25,IT/Tech,4-5x/week,Office,BEST Bus,5,3,4,3,3,0,0,1,1,1
Churchgate,3,46-60,Business,Weekly,Other,BEST Bus,3,3,3,3,3,1,0,0,1,1
Churchgate,3,36-45,Other,Weekly,Shopping,BEST Bus,4,3,4,2,4,0,0,1,1,1
Churchgate,3,46-60,Student,Daily,Leisure,BEST Bus,4,3,3,3,4,1,0,0,0,1
Churchgate,3,26-35,IT/Tech,Daily,Office,BEST Bus,4,3,4,2,4,0,0,0,0,1
Churchgate,3,26-35,Student,4-5x/week,Office,BEST Bus,3,3,3,2,3,0,0,0,0,1
Churchgate,3,18-25,IT/Tech,Daily,Shopping,BEST Bus,3,3,4,2,3,1,0,0,1,1
Churchgate,3,26-35,Service,4-5x/week,Shopping,BEST Bus,4,3,3,2,3,0,0,1,0,1
Churchgate,3,26-35,IT/Tech,Daily,Office,BEST Bus,4,3,4,2,4,0,0,1,0,1
Churchgate,3,26-35,Service,Daily,Education,BEST Bus,3,4,4,2,4,0,0,0,0,1
Churchgate,3,60+,IT/Tech,2-3x/week,Education,BEST Bus,4,2,4,2,3,0,0,0,1,1
Churchgate,3,26-35,Business,2-3x/week,Office,BEST Bus,4,3,3,3,3,0,0,0,1,1
Churchgate,3,26-35,Other,Daily,Office,BEST Bus,4,2,3,3,3,0,0,0,0,1
Churchgate,3,18-25,Service,4-5x/week,Office,BEST Bus,4,3,4,3,3,0,0,1,1,1
Churchgate,3,46-60,Business,Daily,Shopping,BEST Bus,4,3,4,3,3,0,0,0,1,1
Churchgate,3,36-45,Service,Rarely,Office,BEST Bus,4,3,4,2,3,0,0,0,0,1
Churchgate,3,18-25,IT/Tech,2-3x/week,Leisure,BEST Bus,3,3,4,3,4,0,0,1,1,1
Churchgate,3,46-60,Other,Daily,Other,BEST Bus,3,4,4,3,3,1,0,1,0,1
Churchgate,3,26-35,Service,Rarely,Office,BEST Bus,4,3,4,4,4,1,0,0,1,1
Churchgate,3,36-45,IT/Tech,Daily,Education,BEST Bus,4,3,5,2,4,0,1,0,1,1
Churchgate,3,26-35,IT/Tech,Daily,Education,BEST Bus,3,3,4,1,3,0,0,1,0,0
Churchgate,3,26-35,Service,4-5x/week,Office,BEST Bus,3,3,4,3,3,0,1,1,0,1
Churchgate,3,46-60,IT/Tech,4-5x/week,Shopping,BEST Bus,5,3,3,2,4,0,0,0,0,0
Churchgate,3,18-25,Service,Daily,Education,BEST Bus,3,3,3,3,3,1,0,0,0,0
Churchgate,3,18-25,Service,Daily,Office,BEST Bus,3,3,3,3,3,0,0,0,0,1
Churchgate,3,46-60,Service,Daily,Education,BEST Bus,5,2,4,3,4,1,0,0,0,1
Churchgate,3,18-25,IT/Tech,4-5x/week,Office,BEST Bus,4,3,4,3,3,0,1,0,1,1
Churchgate,3,26-35,Student,4-5x/week,Shopping,BEST Bus,3,3,3,2,3,0,0,1,0,1
Vidhan Bhavan,3,46-60,Student,4-5x/week,Office,Shared Auto,3,1,2,4,3,0,1,0,1,1
Vidhan Bhavan,3,26-35,Other,4-5x/week,Shopping,Shared Auto,3,2,2,4,2,0,1,1,0,0
Vidhan Bhavan,3,26-35,IT/Tech,4-5x/week,Education,Shared Auto,3,2,2,3,3,0,0,0,0,1
Vidhan Bhavan,3,36-45,Service,4-5x/week,Office,Shared Auto,3,2,3,4,3,1,1,0,0,0
Vidhan Bhavan,3,26-35,Other,2-3x/week,Office,Shared Auto,4,2,3,4,3,0,1,0,0,1
Vidhan Bhavan,3,26-35,IT/Tech,Daily,Office,Shared Auto,3,2,3,4,2,0,1,1,0,1
Vidhan Bhavan,3,26-35,Business,2-3x/week,Education,Shared Auto,4,2,2,4,3,0,1,0,0,1
Vidhan Bhavan,3,18-25,IT/Tech,Daily,Shopping,Shared Auto,4,2,2,4,3,1,1,1,1,1
Vidhan Bhavan,3,26-35,IT/Tech,Daily,Education,Shared Auto,4,2,3,4,3,1,1,0,0,1
Vidhan Bhavan,3,18-25,Service,Daily,Office,Shared Auto,3,2,3,3,2,0,1,0,1,1
Vidhan Bhavan,3,18-25,Business,4-5x/week,Office,Shared Auto,3,3,3,3,3,1,0,0,0,1
Vidhan Bhavan,3,26-35,Student,Daily,Shopping,Shared Auto,3,2,3,4,3,0,0,1,0,0
Vidhan Bhavan,3,26-35,Other,Daily,Office,Shared Auto,4,2,3,3,3,1,1,1,1,0
Vidhan Bhavan,3,18-25,IT/Tech,Daily,Other,Shared Auto,3,2,3,4,2,0,1,1,1,0
Vidhan Bhavan,3,26-35,Service,Weekly,Education,Shared Auto,4,3,2,4,2,1,1,0,0,1
Vidhan Bhavan,3,46-60,Service,4-5x/week,Other,Shared Auto,3,2,3,4,3,1,1,1,0,0
Vidhan Bhavan,3,26-35,Business,2-3x/week,Office,Shared Auto,4,2,3,5,3,1,0,1,0,0
Vidhan Bhavan,3,26-35,Service,4-5x/week,Education,Shared Auto,3,2,3,4,3,1,1,1,0,0
Vidhan Bhavan,3,18-25,IT/Tech,Rarely,Office,Shared Auto,3,2,2,4,3,1,0,1,0,0
Vidhan Bhavan,3,26-35,IT/Tech,Weekly,Office,Shared Auto,4,2,2,4,3,1,0,0,0,0
Vidhan Bhavan,3,18-25,IT/Tech,Daily,Leisure,Shared Auto,3,2,3,3,3,1,0,0,0,0
Vidhan Bhavan,3,18-25,Student,4-5x/week,Shopping,Shared Auto,4,2,3,5,2,0,0,0,0,1
Vidhan Bhavan,3,26-35,IT/Tech,4-5x/week,Office,Shared Auto,3,2,3,4,3,1,1,0,0,1
Vidhan Bhavan,3,26-35,Service,Weekly,Education,Shared Auto,3,2,2,4,3,1,0,0,1,1
Vidhan Bhavan,3,26-35,Business,Daily,Office,Shared Auto,4,2,2,4,3,1,1,0,0,1
Vidhan Bhavan,3,26-35,IT/Tech,Weekly,Education,Shared Auto,3,3,3,3,3,1,0,1,0,0
Vidhan Bhavan,3,46-60,Student,2-3x/week,Office,Shared Auto,4,3,3,4,3,0,1,0,1,0
Vidhan Bhavan,3,46-60,IT/Tech,2-3x/week,Office,Shared Auto,4,3,2,4,2,0,0,1,0,1
Vidhan Bhavan,3,36-45,IT/Tech,2-3x/week,Office,Shared Auto,4,2,2,4,3,1,0,0,0,1
Vidhan Bhavan,3,36-45,IT/Tech,4-5x/week,Office,Shared Auto,3,3,3,3,3,0,0,0,0,1
Vidhan Bhavan,3,26-35,Student,4-5x/week,Education,Shared Auto,4,3,2,4,2,0,0,1,0,0
Vidhan Bhavan,3,36-45,Other,4-5x/week,Office,Shared Auto,3,2,2,4,3,0,1,0,0,1
Vidhan Bhavan,3,26-35,IT/Tech,Daily,Education,Shared Auto,4,3,3,4,3,0,1,1,0,1
Vidhan Bhavan,3,36-45,Service,Daily,Office,Shared Auto,3,2,2,3,3,1,1,0,0,0
Vidhan Bhavan,3,46-60,IT/Tech,Daily,Office,Shared Auto,3,2,3,4,3,1,1,0,0,1
Vidhan Bhavan,3,26-35,Other,4-5x/week,Office,Shared Auto,3,2,3,4,3,0,0,0,1,1
Vidhan Bhavan,3,26-35,Business,Daily,Shopping,Shared Auto,4,2,2,4,3,0,1,1,0,1
Vidhan Bhavan,3,26-35,Other,Daily,Office,Shared Auto,4,2,2,4,3,0,0,0,0,1
Vidhan Bhavan,3,46-60,Business,4-5x/week,Office,Shared Auto,3,2,2,4,3,0,1,0,0,1
Vidhan Bhavan,3,26-35,Student,Daily,Shopping,Shared Auto,3,3,3,3,3,1,1,1,0,1
Vidhan Bhavan,3,18-25,IT/Tech,Daily,Office,Shared Auto,4,3,3,4,3,0,1,1,0,1
Vidhan Bhavan,3,26-35,Service,2-3x/week,Leisure,Shared Auto,4,2,3,4,2,1,0,0,0,0
Vidhan Bhavan,3,36-45,Service,Daily,Office,Shared Auto,3,2,3,4,3,1,1,1,0,1
Vidhan Bhavan,3,26-35,IT/Tech,Daily,Office,Shared Auto,3,3,3,4,2,0,0,0,0,1
Vidhan Bhavan,3,26-35,IT/Tech,4-5x/week,Leisure,Shared Auto,4,2,2,4,2,0,0,1,0,1
Vidhan Bhavan,3,26-35,Other,Weekly,Leisure,Shared Auto,4,2,2,4,3,0,1,0,0,0
Vidhan Bhavan,3,36-45,Student,Daily,Office,Shared Auto,3,2,3,4,2,0,0,1,0,1
Vidhan Bhavan,3,26-35,IT/Tech,2-3x/week,Office,Shared Auto,3,2,2,4,2,1,0,1,0,0
Vidhan Bhavan,3,36-45,Student,4-5x/week,Office,Shared Auto,3,2,3,4,3,0,1,1,0,1
Vidhan Bhavan,3,46-60,Service,Daily,Shopping,Shared Auto,4,2,2,4,3,0,0,1,0,1
Vidhan Bhavan,3,36-45,Business,Daily,Office,Shared Auto,4,3,1,4,3,1,1,1,0,1
Vidhan Bhavan,3,26-35,Business,4-5x/week,Shopping,Shared Auto,3,2,3,4,3,0,1,1,0,0
Vidhan Bhavan,3,26-35,Service,4-5x/week,Shopping,Shared Auto,3,2,3,4,3,0,1,0,0,0
Vidhan Bhavan,3,26-35,Business,4-5x/week,Shopping,Shared Auto,3,2,2,4,3,1,0,1,0,0
Vidhan Bhavan,3,46-60,Other,4-5x/week,Shopping,Shared Auto,3,2,3,4,3,0,0,1,0,1
Vidhan Bhavan,3,36-45,IT/Tech,Weekly,Office,Shared Auto,3,3,3,5,3,0,0,0,0,0
Vidhan Bhavan,3,36-45,Other,4-5x/week,Office,Shared Auto,3,3,2,4,2,0,1,0,0,1
Vidhan Bhavan,3,26-35,Student,Daily,Shopping,Shared Auto,3,2,2,4,3,1,1,0,0,1
Vidhan Bhavan,3,18-25,Service,Daily,Office,Shared Auto,3,2,2,4,2,0,1,1,0,1
Vidhan Bhavan,3,18-25,Student,Weekly,Education,Shared Auto,4,2,3,4,2,1,0,0,0,1
Vidhan Bhavan,3,36-45,IT/Tech,Daily,Office,Shared Auto,4,3,3,4,3,0,1,1,0,1
Vidhan Bhavan,3,36-45,IT/Tech,Daily,Office,Shared Auto,4,2,3,4,2,0,0,0,0,1
Vidhan Bhavan,3,46-60,IT/Tech,4-5x/week,Office,Shared Auto,4,3,3,4,3,0,0,0,0,0
Vidhan Bhavan,3,26-35,Business,Daily,Education,Shared Auto,3,2,2,4,3,0,0,0,0,1
Vidhan Bhavan,3,46-60,Other,Daily,Office,Shared Auto,4,2,2,4,3,1,1,1,0,1
Vidhan Bhavan,3,26-35,Student,Weekly,Office,Shared Auto,3,2,2,3,3,1,0,1,0,1
Vidhan Bhavan,3,46-60,IT/Tech,Weekly,Office,Shared Auto,4,2,3,4,2,0,1,1,0,1
Vidhan Bhavan,3,26-35,IT/Tech,Rarely,Office,Shared Auto,3,2,3,4,2,0,1,0,0,0
Vidhan Bhavan,3,26-35,Business,Daily,Office,Shared Auto,5,2,2,4,3,0,1,0,0,0
Vidhan Bhavan,3,36-45,Student,Daily,Office,Shared Auto,4,3,4,4,3,0,0,0,0,1
Vidhan Bhavan,3,36-45,Service,Daily,Education,Shared Auto,3,2,3,4,3,1,0,1,1,1
Vidhan Bhavan,3,18-25,IT/Tech,2-3x/week,Office,Shared Auto,5,3,2,4,2,1,1,0,0,1
Vidhan Bhavan,3,36-45,Service,Daily,Education,Shared Auto,4,2,2,4,3,0,0,1,0,1
Vidhan Bhavan,3,46-60,IT/Tech,Daily,Office,Shared Auto,3,2,2,4,3,0,0,0,0,1
Vidhan Bhavan,3,46-60,IT/Tech,4-5x/week,Office,Shared Auto,3,3,3,4,3,1,1,1,0,0
Vidhan Bhavan,3,18-25,IT/Tech,Rarely,Education,Shared Auto,3,2,3,3,3,0,0,1,0,1
Vidhan Bhavan,3,60+,IT/Tech,Daily,Shopping,Shared Auto,3,2,2,4,3,0,1,1,0,1
Vidhan Bhavan,3,18-25,Business,2-3x/week,Shopping,Shared Auto,4,2,3,3,2,0,1,0,0,1
Vidhan Bhavan,3,36-45,Service,Daily,Office,Shared Auto,3,2,3,5,2,1,1,1,0,1
Vidhan Bhavan,3,18-25,Other,Weekly,Office,Shared Auto,4,2,2,4,3,0,1,0,0,1
Vidhan Bhavan,3,18-25,IT/Tech,Daily,Other,Shared Auto,3,2,2,5,3,1,0,1,1,1
Vidhan Bhavan,3,26-35,IT/Tech,4-5x/week,Education,Shared Auto,4,2,3,4,3,0,0,0,0,1
Vidhan Bhavan,3,26-35,Service,4-5x/week,Other,Shared Auto,3,2,3,4,3,1,0,0,1,0
Vidhan Bhavan,3,26-35,Student,2-3x/week,Education,Shared Auto,3,2,2,3,3,1,1,0,0,1
Vidhan Bhavan,3,18-25,Student,4-5x/week,Leisure,Shared Auto,3,2,2,4,3,1,1,0,0,1
Vidhan Bhavan,3,18-25,Student,Daily,Education,Shared Auto,4,3,3,3,3,1,0,1,0,1
Vidhan Bhavan,3,26-35,IT/Tech,Daily,Leisure,Shared Auto,4,2,2,4,3,0,0,1,0,1
Vidhan Bhavan,3,60+,IT/Tech,Rarely,Office,Shared Auto,3,3,3,4,3,1,0,0,0,1
Vidhan Bhavan,3,36-45,Service,2-3x/week,Education,Shared Auto,4,2,3,4,3,0,1,1,0,0
Vidhan Bhavan,3,18-25,Student,Daily,Shopping,Shared Auto,3,2,2,4,2,1,0,1,0,0
Vidhan Bhavan,3,36-45,Service,Daily,Shopping,Shared Auto,4,2,3,5,3,1,0,0,0,1
Vidhan Bhavan,3,26-35,IT/Tech,2-3x/week,Shopping,Shared Auto,3,2,3,4,3,0,1,0,0,0
Vidhan Bhavan,3,36-45,Service,Daily,Shopping,Shared Auto,4,2,3,4,3,1,1,1,0,0
Nariman Point,3,46-60,IT/Tech,Daily,Education,Shared Auto,3,2,2,4,3,0,0,0,0,0
Nariman Point,3,26-35,Service,4-5x/week,Office,Shared Auto,3,1,3,4,2,0,1,0,1,0
Nariman Point,3,18-25,IT/Tech,Daily,Shopping,Shared Auto,4,2,2,4,2,1,1,0,1,0
Nariman Point,3,36-45,IT/Tech,4-5x/week,Leisure,Shared Auto,4,1,2,4,2,0,0,0,0,0
Nariman Point,3,46-60,IT/Tech,Daily,Office,Shared Auto,3,2,3,4,2,0,0,0,0,1
Nariman Point,3,46-60,IT/Tech,4-5x/week,Education,Shared Auto,4,2,3,4,2,1,1,0,0,0
Nariman Point,3,18-25,IT/Tech,4-5x/week,Education,Shared Auto,3,2,2,5,2,0,0,0,0,0
Nariman Point,3,26-35,Business,2-3x/week,Leisure,Shared Auto,4,2,3,4,2,0,0,1,0,1
Nariman Point,3,26-35,IT/Tech,4-5x/week,Office,Shared Auto,3,1,2,5,2,0,0,0,0,1
Nariman Point,3,60+,Service,2-3x/week,Office,Shared Auto,4,1,3,4,1,0,1,1,0,0
Nariman Point,3,26-35,IT/Tech,2-3x/week,Office,Shared Auto,3,2,3,3,2,1,1,0,0,0
Nariman Point,3,36-45,Service,2-3x/week,Shopping,Shared Auto,3,2,3,4,2,1,0,1,0,1
Nariman Point,3,26-35,IT/Tech,4-5x/week,Education,Shared Auto,4,1,3,4,2,0,1,1,0,1
Nariman Point,3,26-35,Student,Daily,Shopping,Shared Auto,4,2,2,5,3,1,1,0,0,1
Nariman Point,3,26-35,Business,2-3x/week,Education,Shared Auto,4,2,2,4,3,1,1,0,0,0
Nariman Point,3,46-60,Student,4-5x/week,Shopping,Shared Auto,4,2,2,4,2,0,1,1,1,0
Nariman Point,3,18-25,Student,Daily,Office,Shared Auto,4,2,3,4,2,0,1,0,0,0
Nariman Point,3,18-25,Business,2-3x/week,Office,Shared Auto,4,2,3,5,2,0,1,0,1,1
Nariman Point,3,46-60,IT/Tech,Daily,Shopping,Shared Auto,3,1,3,5,2,0,0,0,1,1
Nariman Point,3,46-60,IT/Tech,Rarely,Office,Shared Auto,2,3,2,4,2,1,0,0,1,1
Nariman Point,3,36-45,IT/Tech,Weekly,Office,Shared Auto,3,2,2,4,2,1,1,1,1,1
Nariman Point,3,60+,IT/Tech,Daily,Office,Shared Auto,3,3,3,3,1,0,0,0,1,0
Nariman Point,3,18-25,Business,4-5x/week,Office,Shared Auto,4,2,3,4,2,0,1,0,0,0
Nariman Point,3,46-60,IT/Tech,Daily,Office,Shared Auto,3,2,2,4,2,0,1,0,0,1
Nariman Point,3,26-35,Service,Daily,Other,Shared Auto,3,3,3,5,3,0,1,0,0,1
Nariman Point,3,46-60,Service,Daily,Leisure,Shared Auto,4,2,2,4,2,1,1,0,0,0
Nariman Point,3,26-35,Other,Daily,Office,Shared Auto,3,2,3,4,2,1,0,1,0,1
Nariman Point,3,36-45,IT/Tech,Daily,Education,Shared Auto,4,2,2,4,2,1,0,0,0,0
Nariman Point,3,46-60,Service,Daily,Other,Shared Auto,3,1,2,4,2,0,1,1,0,1
Nariman Point,3,26-35,Student,Daily,Education,Shared Auto,3,2,3,4,2,0,1,1,0,0
Nariman Point,3,36-45,Business,Daily,Office,Shared Auto,3,3,2,4,3,1,1,1,0,1
Nariman Point,3,26-35,IT/Tech,Daily,Leisure,Shared Auto,3,1,2,4,3,1,1,1,0,0
Nariman Point,3,18-25,Service,2-3x/week,Office,Shared Auto,4,2,3,4,1,1,1,1,0,1
Nariman Point,3,26-35,IT/Tech,Daily,Office,Shared Auto,3,2,3,4,2,0,0,1,0,1
Nariman Point,3,36-45,Service,2-3x/week,Shopping,Shared Auto,4,2,3,5,2,1,0,0,0,0
Nariman Point,3,18-25,Other,Rarely,Office,Shared Auto,3,3,2,4,2,1,0,0,0,1
Nariman Point,3,26-35,IT/Tech,Weekly,Shopping,Shared Auto,3,2,3,4,3,1,0,0,0,1
Nariman Point,3,36-45,IT/Tech,Daily,Office,Shared Auto,4,2,2,4,2,1,1,0,1,1
Nariman Point,3,26-35,IT/Tech,4-5x/week,Office,Shared Auto,3,2,3,5,1,1,1,0,0,1
Nariman Point,3,18-25,Student,Daily,Office,Shared Auto,3,1,2,5,3,0,0,1,0,1
Nariman Point,3,26-35,Student,Daily,Office,Shared Auto,3,2,3,4,2,0,1,0,0,0
Nariman Point,3,26-35,IT/Tech,2-3x/week,Office,Shared Auto,2,2,2,4,2,0,1,0,0,1
Nariman Point,3,18-25,IT/Tech,Daily,Office,Shared Auto,4,2,2,4,2,0,0,0,0,0
Nariman Point,3,26-35,IT/Tech,2-3x/week,Education,Shared Auto,4,2,2,4,2,1,1,0,0,1
Nariman Point,3,46-60,IT/Tech,Daily,Other,Shared Auto,3,2,3,4,2,1,0,1,1,1
Nariman Point,3,26-35,IT/Tech,Daily,Education,Shared Auto,4,1,2,4,3,0,1,1,0,0
Nariman Point,3,26-35,Service,Daily,Office,Shared Auto,3,2,2,4,2,0,1,0,1,1
Nariman Point,3,46-60,Business,Daily,Shopping,Shared Auto,3,2,2,4,2,0,1,1,0,0
Nariman Point,3,26-35,Business,Weekly,Education,Shared Auto,3,2,2,5,2,1,1,0,0,0
Nariman Point,3,18-25,IT/Tech,Rarely,Office,Shared Auto,3,1,3,4,2,1,0,1,0,1
Nariman Point,3,26-35,Service,Rarely,Education,Shared Auto,4,3,3,4,2,0,0,1,0,0
Nariman Point,3,26-35,Service,Daily,Other,Shared Auto,3,2,2,4,2,0,1,0,0,1
Nariman Point,3,18-25,Business,2-3x/week,Leisure,Shared Auto,3,2,3,4,2,0,0,0,0,0
Nariman Point,3,18-25,Service,Daily,Education,Shared Auto,4,2,2,4,2,0,0,1,0,1
Nariman Point,3,26-35,Service,2-3x/week,Shopping,Shared Auto,4,2,2,3,2,1,1,0,0,0
Nariman Point,3,26-35,IT/Tech,Weekly,Office,Shared Auto,3,2,3,5,2,0,0,0,0,0
Nariman Point,3,36-45,Other,Weekly,Office,Shared Auto,3,2,2,5,2,1,0,1,1,0
Nariman Point,3,36-45,Student,4-5x/week,Leisure,Shared Auto,4,2,2,4,2,0,1,1,0,1
Nariman Point,3,26-35,Service,2-3x/week,Office,Shared Auto,4,1,3,5,2,0,0,0,0,1
Nariman Point,3,18-25,Other,4-5x/week,Office,Shared Auto,4,2,2,4,2,0,0,1,0,0
Nariman Point,3,60+,Student,4-5x/week,Other,Shared Auto,4,2,3,5,2,1,1,1,0,0
Nariman Point,3,36-45,Service,4-5x/week,Leisure,Shared Auto,4,2,2,4,1,0,1,1,0,1
Nariman Point,3,60+,Other,4-5x/week,Office,Shared Auto,4,2,2,4,2,1,0,0,0,1
Cuffe Parade,3,26-35,Service,Daily,Other,Shared Auto,4,1,2,3,3,0,0,1,0,0
Cuffe Parade,3,26-35,Student,Weekly,Office,Shared Auto,3,2,3,2,2,1,1,0,0,1
Cuffe Parade,3,36-45,Other,2-3x/week,Office,Shared Auto,2,2,2,3,3,1,0,0,1,0
Cuffe Parade,3,26-35,Business,4-5x/week,Office,Shared Auto,3,1,2,2,3,1,0,1,1,1
Cuffe Parade,3,60+,Business,Daily,Education,Shared Auto,3,1,2,3,3,0,1,1,0,1
Cuffe Parade,3,26-35,Business,Daily,Office,Shared Auto,4,2,2,3,3,1,0,1,0,1
Cuffe Parade,3,26-35,Student,Daily,Leisure,Shared Auto,4,2,2,3,3,1,0,1,1,0
Cuffe Parade,3,36-45,Student,2-3x/week,Office,Shared Auto,3,1,1,3,2,1,1,0,0,0
Cuffe Parade,3,18-25,Student,Daily,Shopping,Shared Auto,4,2,2,3,2,1,0,1,0,0
Cuffe Parade,3,26-35,Business,Daily,Office,Shared Auto,3,3,2,3,2,1,0,0,0,0
Cuffe Parade,3,36-45,Service,4-5x/week,Office,Shared Auto,3,3,2,3,3,0,1,0,1,0
Cuffe Parade,3,36-45,Other,Daily,Education,Shared Auto,3,2,1,2,3,0,1,0,1,0
Cuffe Parade,3,26-35,Student,Daily,Office,Shared Auto,3,2,2,2,3,1,1,1,1,0
Cuffe Parade,3,36-45,Student,Daily,Office,Shared Auto,4,2,2,3,2,1,1,0,0,1
Cuffe Parade,3,36-45,IT/Tech,Rarely,Other,Shared Auto,3,2,2,3,3,1,0,0,0,0
Cuffe Parade,3,26-35,Other,4-5x/week,Office,Shared Auto,3,2,2,2,3,0,1,0,1,0
Cuffe Parade,3,18-25,IT/Tech,Daily,Office,Shared Auto,3,1,2,2,2,1,1,0,0,1
Cuffe Parade,3,18-25,Student,Daily,Office,Shared Auto,4,2,2,2,2,0,1,1,0,0
Cuffe Parade,3,26-35,Student,2-3x/week,Education,Shared Auto,3,2,2,3,3,1,1,1,0,0
Cuffe Parade,3,60+,IT/Tech,Daily,Office,Shared Auto,4,2,3,2,3,1,0,0,1,1
Cuffe Parade,3,46-60,Student,Daily,Office,Shared Auto,4,3,2,3,3,0,0,0,0,0
Cuffe Parade,3,36-45,Business,Daily,Office,Shared Auto,3,1,2,2,2,1,0,1,1,1
Cuffe Parade,3,18-25,Business,Daily,Leisure,Shared Auto,4,2,2,3,2,0,0,1,0,1
Cuffe Parade,3,18-25,Student,4-5x/week,Office,Shared Auto,3,2,2,3,2,1,1,1,0,1
Cuffe Parade,3,46-60,Student,Weekly,Office,Shared Auto,3,1,2,3,2,1,1,1,1,0
Cuffe Parade,3,46-60,Student,2-3x/week,Office,Shared Auto,3,2,2,3,3,0,1,0,1,1
Cuffe Parade,3,36-45,IT/Tech,Daily,Shopping,Shared Auto,3,2,3,2,2,0,0,1,1,1
Cuffe Parade,3,26-35,IT/Tech,Daily,Office,Shared Auto,4,2,2,3,3,0,1,1,0,1
Cuffe Parade,3,26-35,IT/Tech,4-5x/week,Office,Shared Auto,3,2,1,2,2,1,0,1,0,1
Cuffe Parade,3,26-35,IT/Tech,4-5x/week,Office,Shared Auto,3,2,2,3,2,0,0,1,0,1
Cuffe Parade,3,36-45,Student,4-5x/week,Office,Shared Auto,3,2,3,2,3,0,1,1,0,0
Cuffe Parade,3,46-60,Service,Daily,Office,Shared Auto,3,2,3,3,2,1,0,1,0,0
Cuffe Parade,3,46-60,IT/Tech,Daily,Leisure,Shared Auto,3,2,2,3,2,1,1,1,0,0
Cuffe Parade,3,26-35,IT/Tech,2-3x/week,Office,Shared Auto,3,2,1,2,3,1,0,1,1,1
Cuffe Parade,3,36-45,Service,Daily,Other,Shared Auto,2,2,2,3,3,1,1,0,0,0
Cuffe Parade,3,26-35,Service,Daily,Shopping,Shared Auto,4,2,2,3,2,1,0,1,0,1
Cuffe Parade,3,18-25,Business,4-5x/week,Office,Shared Auto,3,1,2,3,2,1,0,0,1,0
Cuffe Parade,3,26-35,Student,Daily,Shopping,Shared Auto,4,2,2,3,2,1,1,1,0,0
Cuffe Parade,3,36-45,Business,4-5x/week,Office,Shared Auto,2,2,2,2,2,0,0,0,0,0
Cuffe Parade,3,46-60,IT/Tech,Daily,Office,Shared Auto,3,2,2,3,2,1,1,0,1,1
Cuffe Parade,3,18-25,Service,4-5x/week,Leisure,Shared Auto,3,2,2,3,3,1,0,0,1,1
Cuffe Parade,3,36-45,Other,Daily,Office,Shared Auto,4,2,3,3,2,1,0,0,0,0
Cuffe Parade,3,36-45,Service,Daily,Shopping,Shared Auto,3,2,2,2,3,0,1,1,1,1
Cuffe Parade,3,60+,Service,Daily,Education,Shared Auto,4,1,2,3,2,0,1,1,0,0
Cuffe Parade,3,26-35,Student,Weekly,Office,Shared Auto,3,2,2,2,2,1,1,1,0,1
Cuffe Parade,3,26-35,Other,4-5x/week,Other,Shared Auto,4,2,3,3,3,1,1,1,1,1
Cuffe Parade,3,26-35,Business,Weekly,Office,Shared Auto,3,2,2,3,3,1,1,1,0,0
Cuffe Parade,3,18-25,Student,4-5x/week,Leisure,Shared Auto,3,2,3,2,3,1,1,0,0,1
Cuffe Parade,3,18-25,Service,Daily,Other,Shared Auto,3,2,2,3,3,1,1,1,0,1
Cuffe Parade,3,26-35,IT/Tech,Daily,Leisure,Shared Auto,3,2,3,3,3,0,0,1,0,0
Cuffe Parade,3,26-35,Other,4-5x/week,Other,Shared Auto,3,2,3,3,2,1,1,1,0,1
Cuffe Parade,3,60+,Service,Daily,Office,Shared Auto,3,2,2,3,2,1,0,1,1,1
Cuffe Parade,3,26-35,Service,Daily,Education,Shared Auto,3,2,2,2,2,0,0,1,0,0
Cuffe Parade,3,60+,Other,2-3x/week,Office,Shared Auto,4,1,3,3,2,1,1,1,0,0
Cuffe Parade,3,26-35,IT/Tech,2-3x/week,Office,Shared Auto,3,3,2,3,3,1,0,0,1,0
Cuffe Parade,3,26-35,Service,2-3x/week,Office,Shared Auto,4,2,2,3,2,1,1,0,1,0
Cuffe Parade,3,36-45,Student,Weekly,Office,Shared Auto,3,3,3,3,3,0,0,0,1,1
Cuffe Parade,3,46-60,Service,Daily,Office,Shared Auto,3,3,2,2,3,1,0,1,0,1
Cuffe Parade,3,26-35,Service,2-3x/week,Office,Shared Auto,4,2,2,3,3,1,0,0,1,1
Cuffe Parade,3,18-25,Student,Daily,Shopping,Shared Auto,3,2,2,3,2,1,1,0,1,1
Cuffe Parade,3,36-45,IT/Tech,Daily,Education,Shared Auto,4,2,3,3,2,1,1,0,0,0
Cuffe Parade,3,26-35,Business,Daily,Office,Shared Auto,3,1,2,2,2,0,1,0,1,0
Cuffe Parade,3,60+,Service,Rarely,Office,Shared Auto,3,2,2,3,3,1,0,1,1,1
Cuffe Parade,3,36-45,IT/Tech,Daily,Leisure,Shared Auto,3,2,3,3,2,1,1,1,1,0
Cuffe Parade,3,18-25,Business,2-3x/week,Leisure,Shared Auto,3,3,2,3,3,0,0,1,1,0
Cuffe Parade,3,46-60,IT/Tech,Daily,Office,Shared Auto,4,2,2,3,2,1,1,1,1,0
Cuffe Parade,3,36-45,Business,Daily,Leisure,Shared Auto,3,2,2,3,2,1,1,1,1,0
Cuffe Parade,3,36-45,Service,4-5x/week,Office,Shared Auto,4,3,1,3,2,1,1,0,1,0
Cuffe Parade,3,26-35,Business,Daily,Office,Shared Auto,3,2,2,3,2,1,1,1,1,0
Cuffe Parade,3,60+,Service,Weekly,Office,Shared Auto,3,2,3,3,2,1,0,0,0,1
Cuffe Parade,3,26-35,IT/Tech,4-5x/week,Office,Shared Auto,3,1,1,3,3,0,1,1,1,1
Dahisar (E) 2A,2A,26-35,Service,2-3x/week,Leisure,BEST Bus,4,4,4,3,2,1,0,0,1,0
Dahisar (E) 2A,2A,36-45,Business,Daily,Leisure,BEST Bus,2,3,3,4,2,0,0,0,1,1
Dahisar (E) 2A,2A,18-25,Student,4-5x/week,Office,BEST Bus,2,3,4,3,2,1,0,0,0,0
Dahisar (E) 2A,2A,36-45,IT/Tech,2-3x/week,Office,BEST Bus,4,3,4,3,2,1,1,0,0,1
Dahisar (E) 2A,2A,26-35,Business,Daily,Education,BEST Bus,5,3,4,4,2,0,0,1,1,0
Dahisar (E) 2A,2A,26-35,Business,4-5x/week,Shopping,BEST Bus,4,3,4,3,2,0,0,0,1,0
Dahisar (E) 2A,2A,26-35,IT/Tech,4-5x/week,Shopping,BEST Bus,3,3,4,3,2,1,0,0,1,0
Dahisar (E) 2A,2A,18-25,Service,4-5x/week,Office,BEST Bus,4,3,4,3,2,1,1,1,0,0
Dahisar (E) 2A,2A,18-25,Service,4-5x/week,Office,BEST Bus,4,3,4,4,3,0,0,0,1,1
Dahisar (E) 2A,2A,36-45,Student,Daily,Leisure,BEST Bus,4,3,3,4,2,0,0,0,1,1
Dahisar (E) 2A,2A,46-60,Service,4-5x/week,Office,BEST Bus,5,4,4,3,2,0,1,0,0,1
Dahisar (E) 2A,2A,18-25,Business,Daily,Office,BEST Bus,4,3,4,3,3,1,0,1,1,1
Dahisar (E) 2A,2A,36-45,Business,Daily,Office,BEST Bus,5,3,4,4,3,0,0,1,0,0
Dahisar (E) 2A,2A,18-25,IT/Tech,Daily,Office,BEST Bus,4,3,4,3,2,0,1,0,1,1
Dahisar (E) 2A,2A,26-35,Service,2-3x/week,Office,BEST Bus,3,4,3,4,3,0,0,0,0,0
Dahisar (E) 2A,2A,18-25,Student,4-5x/week,Other,BEST Bus,4,3,4,3,2,0,1,1,1,0
Dahisar (E) 2A,2A,26-35,Student,Daily,Education,BEST Bus,3,3,4,3,2,1,0,0,0,0
Dahisar (E) 2A,2A,18-25,Service,Daily,Office,BEST Bus,4,4,3,3,2,1,1,0,0,0
Dahisar (E) 2A,2A,18-25,Student,4-5x/week,Office,BEST Bus,4,4,4,4,2,0,1,0,0,1
Dahisar (E) 2A,2A,18-25,IT/Tech,4-5x/week,Shopping,BEST Bus,4,4,4,4,2,1,1,0,0,0
Dahisar (E) 2A,2A,36-45,IT/Tech,Daily,Office,BEST Bus,5,4,4,3,3,1,0,0,0,1
Dahisar (E) 2A,2A,18-25,Other,4-5x/week,Office,BEST Bus,3,3,4,3,2,1,1,1,0,1
Dahisar (E) 2A,2A,46-60,IT/Tech,4-5x/week,Other,BEST Bus,5,4,4,3,3,1,0,0,0,1
Dahisar (E) 2A,2A,26-35,Other,4-5x/week,Office,BEST Bus,3,3,4,4,3,0,0,0,1,1
Dahisar (E) 2A,2A,36-45,Business,Daily,Office,BEST Bus,4,3,4,3,3,0,0,1,1,1
Dahisar (E) 2A,2A,36-45,IT/Tech,2-3x/week,Office,BEST Bus,5,4,4,3,2,0,0,1,1,0
Dahisar (E) 2A,2A,26-35,Student,Weekly,Office,BEST Bus,3,3,3,3,2,1,0,1,0,1
Dahisar (E) 2A,2A,36-45,Service,2-3x/week,Other,BEST Bus,3,4,4,4,3,0,1,1,0,1
Dahisar (E) 2A,2A,26-35,IT/Tech,4-5x/week,Leisure,BEST Bus,3,3,4,3,2,0,0,1,1,0
Dahisar (E) 2A,2A,26-35,Other,Daily,Education,BEST Bus,3,3,5,4,3,0,0,0,1,1
Dahisar (E) 2A,2A,26-35,Service,Daily,Shopping,BEST Bus,4,2,4,4,3,0,1,0,0,1
Dahisar (E) 2A,2A,46-60,Service,2-3x/week,Leisure,BEST Bus,4,4,4,4,3,0,0,1,0,1
Dahisar (E) 2A,2A,26-35,Student,4-5x/week,Office,BEST Bus,4,3,4,3,2,0,0,1,1,0
Dahisar (E) 2A,2A,36-45,IT/Tech,Weekly,Office,BEST Bus,3,3,4,3,3,1,1,0,0,0
Dahisar (E) 2A,2A,36-45,Student,2-3x/week,Office,BEST Bus,4,3,4,3,1,0,0,0,0,1
Dahisar (E) 2A,2A,26-35,Service,Daily,Office,BEST Bus,4,3,4,4,2,1,0,1,1,1
Dahisar (E) 2A,2A,46-60,Student,4-5x/week,Office,BEST Bus,4,2,5,3,2,1,0,0,0,1
Dahisar (E) 2A,2A,18-25,IT/Tech,Daily,Other,BEST Bus,4,3,3,3,3,0,0,0,0,1
Dahisar (E) 2A,2A,18-25,Other,Daily,Education,BEST Bus,3,3,4,4,2,0,0,0,1,1
Dahisar (E) 2A,2A,18-25,IT/Tech,2-3x/week,Office,BEST Bus,4,3,5,3,2,0,0,1,1,1
Dahisar (E) 2A,2A,36-45,Service,Daily,Office,BEST Bus,3,4,4,4,2,0,0,0,0,1
Dahisar (E) 2A,2A,60+,Other,4-5x/week,Office,BEST Bus,4,3,4,4,3,1,0,0,1,1
Dahisar (E) 2A,2A,18-25,Other,4-5x/week,Shopping,BEST Bus,4,3,4,3,3,1,0,1,0,1
Dahisar (E) 2A,2A,26-35,Service,Weekly,Office,BEST Bus,3,4,4,3,2,0,1,1,1,1
Dahisar (E) 2A,2A,18-25,IT/Tech,2-3x/week,Office,BEST Bus,4,3,4,3,3,0,0,1,0,1
Dahisar (E) 2A,2A,18-25,Service,4-5x/week,Office,BEST Bus,3,3,3,3,3,0,0,1,0,1
Dahisar (E) 2A,2A,26-35,Service,Daily,Office,BEST Bus,4,4,4,3,2,0,0,0,0,1
Dahisar (E) 2A,2A,36-45,IT/Tech,4-5x/week,Office,BEST Bus,4,3,4,3,1,0,0,0,1,1
Dahisar (E) 2A,2A,26-35,IT/Tech,2-3x/week,Shopping,BEST Bus,4,4,4,3,2,0,0,0,0,1
Dahisar (E) 2A,2A,46-60,Other,4-5x/week,Leisure,BEST Bus,4,4,4,3,2,1,0,0,0,0
Dahisar (E) 2A,2A,18-25,IT/Tech,Daily,Office,BEST Bus,3,3,4,4,3,0,0,0,0,1
Dahisar (E) 2A,2A,18-25,IT/Tech,Daily,Office,BEST Bus,3,3,5,4,3,1,0,0,1,1
Dahisar (E) 2A,2A,18-25,Service,Daily,Leisure,BEST Bus,4,3,3,3,2,1,0,1,0,1
Dahisar (E) 2A,2A,26-35,Other,2-3x/week,Office,BEST Bus,3,3,4,4,2,0,0,0,1,1
Dahisar (E) 2A,2A,46-60,Student,Daily,Other,BEST Bus,4,4,3,4,3,1,0,1,1,1
Dahisar (E) 2A,2A,26-35,Other,Daily,Office,BEST Bus,4,3,3,4,3,0,0,1,0,1
Dahisar (E) 2A,2A,18-25,IT/Tech,Daily,Office,BEST Bus,4,4,4,3,3,0,1,1,0,1
Dahisar (E) 2A,2A,26-35,IT/Tech,Daily,Leisure,BEST Bus,3,3,5,4,2,1,1,0,0,0
Dahisar (E) 2A,2A,36-45,IT/Tech,Weekly,Office,BEST Bus,3,3,4,3,2,1,0,1,1,0
Dahisar (E) 2A,2A,26-35,Service,4-5x/week,Office,BEST Bus,3,4,4,4,2,0,0,1,1,1
Dahisar (E) 2A,2A,18-25,IT/Tech,Daily,Other,BEST Bus,4,4,4,4,2,0,1,0,0,1
Dahisar (E) 2A,2A,46-60,IT/Tech,Weekly,Office,BEST Bus,3,4,4,3,2,1,0,0,0,1
Dahisar (E) 2A,2A,26-35,Service,Daily,Education,BEST Bus,3,3,4,3,3,0,0,0,0,1
Dahisar (E) 2A,2A,18-25,Business,Daily,Office,BEST Bus,3,4,4,3,2,0,0,1,0,1
Dahisar (E) 2A,2A,26-35,Business,Daily,Office,BEST Bus,4,4,4,4,3,0,0,1,0,1
Dahisar (E) 2A,2A,18-25,IT/Tech,4-5x/week,Leisure,BEST Bus,3,4,3,3,2,1,1,0,1,1
Dahisar (E) 2A,2A,46-60,Student,Daily,Office,BEST Bus,4,3,4,3,3,0,0,1,1,1
Dahisar (E) 2A,2A,36-45,IT/Tech,2-3x/week,Leisure,BEST Bus,4,3,3,3,2,0,0,0,0,1
Dahisar (E) 2A,2A,26-35,IT/Tech,Daily,Office,BEST Bus,5,3,5,3,2,1,1,0,0,1
Dahisar (E) 2A,2A,36-45,Business,4-5x/week,Other,BEST Bus,3,4,4,3,2,0,0,0,0,0
Dahisar (E) 2A,2A,36-45,IT/Tech,Daily,Shopping,BEST Bus,4,4,4,3,2,0,1,0,0,0
Dahisar (E) 2A,2A,18-25,Service,4-5x/week,Office,BEST Bus,4,3,4,3,2,0,0,0,1,1
Dahisar (E) 2A,2A,26-35,Student,2-3x/week,Shopping,BEST Bus,3,3,4,3,2,0,0,0,1,1
Dahisar (E) 2A,2A,26-35,Business,4-5x/week,Office,BEST Bus,3,3,3,3,2,0,1,0,0,1
Dahisar (E) 2A,2A,26-35,Service,Daily,Shopping,BEST Bus,3,3,4,3,2,1,1,1,0,0
Dahisar (E) 2A,2A,26-35,Business,2-3x/week,Other,BEST Bus,3,4,4,4,2,0,0,0,0,1
Dahisar (E) 2A,2A,46-60,Other,Daily,Office,BEST Bus,4,4,5,3,2,1,0,1,1,1
Dahisar (E) 2A,2A,46-60,Student,2-3x/week,Shopping,BEST Bus,4,3,4,4,2,0,1,0,1,1
Dahisar (E) 2A,2A,18-25,Service,Daily,Office,BEST Bus,4,4,4,3,3,1,0,1,0,1
Dahisar (E) 2A,2A,46-60,Business,2-3x/week,Office,BEST Bus,4,3,3,3,4,0,1,1,0,1
Dahisar (E) 2A,2A,26-35,Student,Daily,Office,BEST Bus,4,3,4,3,2,0,1,0,0,0
Dahisar (E) 2A,2A,18-25,Student,Daily,Office,BEST Bus,3,3,4,3,2,1,0,0,0,0
Dahisar (E) 2A,2A,26-35,Business,2-3x/week,Office,BEST Bus,4,3,4,3,3,1,0,0,1,0
Dahisar (E) 2A,2A,18-25,Service,Rarely,Education,BEST Bus,4,4,4,3,2,0,0,0,0,1
Dahisar (E) 2A,2A,46-60,Other,Daily,Other,BEST Bus,5,4,4,3,3,1,0,1,0,0
Dahisar (E) 2A,2A,26-35,IT/Tech,4-5x/week,Office,BEST Bus,4,3,4,4,2,0,0,1,1,0
Dahisar (E) 2A,2A,46-60,Student,Weekly,Other,BEST Bus,4,3,3,4,2,0,0,1,0,1
Dahisar (E) 2A,2A,26-35,Service,4-5x/week,Office,BEST Bus,3,3,3,3,3,0,0,0,0,1
Dahisar (E) 2A,2A,46-60,IT/Tech,4-5x/week,Office,BEST Bus,4,3,4,3,2,0,0,0,0,1
Dahisar (E) 2A,2A,26-35,Service,Daily,Shopping,BEST Bus,4,4,4,3,3,1,0,0,1,1
Dahisar (E) 2A,2A,26-35,IT/Tech,Rarely,Office,BEST Bus,3,4,4,3,3,1,0,0,0,0
Dahisar (E) 2A,2A,46-60,Other,2-3x/week,Leisure,BEST Bus,3,3,3,4,3,0,1,0,0,0
Dahisar (E) 2A,2A,18-25,Service,Daily,Education,BEST Bus,3,4,4,3,3,1,0,0,0,1
Dahisar (E) 2A,2A,60+,Business,4-5x/week,Shopping,BEST Bus,3,3,4,3,2,0,1,0,1,0
Dahisar (E) 2A,2A,36-45,IT/Tech,Daily,Leisure,BEST Bus,4,4,4,3,3,1,0,0,1,0
Dahisar (E) 2A,2A,26-35,IT/Tech,2-3x/week,Shopping,BEST Bus,3,3,4,4,3,0,0,0,0,1
Dahisar (E) 2A,2A,26-35,Student,4-5x/week,Office,BEST Bus,3,3,4,3,3,1,0,1,1,1
Dahisar (E) 2A,2A,26-35,Student,Daily,Office,BEST Bus,3,3,4,4,2,1,1,1,1,1
Dahisar (E) 2A,2A,46-60,Service,Daily,Office,BEST Bus,3,4,4,4,2,0,1,0,0,1
Dahisar (E) 2A,2A,18-25,IT/Tech,4-5x/week,Education,BEST Bus,4,3,5,4,2,0,0,0,1,1
Dahisar (E) 2A,2A,26-35,Service,4-5x/week,Shopping,BEST Bus,4,4,4,3,3,1,1,0,0,1
Dahisar (E) 2A,2A,26-35,Other,4-5x/week,Other,BEST Bus,4,3,4,4,2,1,0,0,1,0
Dahisar (E) 2A,2A,26-35,Student,Daily,Office,BEST Bus,4,4,5,4,3,0,0,0,0,1
Dahisar (E) 2A,2A,26-35,Service,2-3x/week,Office,BEST Bus,5,3,3,3,2,1,0,1,0,1
Dahisar (E) 2A,2A,36-45,IT/Tech,Daily,Leisure,BEST Bus,4,4,4,3,2,1,0,0,1,0
Dahisar (E) 2A,2A,36-45,Student,Daily,Office,BEST Bus,3,3,4,3,2,0,0,0,1,1
Dahisar (E) 2A,2A,26-35,IT/Tech,4-5x/week,Office,BEST Bus,3,3,4,3,2,1,0,0,1,1
Dahisar (E) 2A,2A,60+,Business,2-3x/week,Leisure,BEST Bus,4,3,4,4,3,1,1,0,1,1
Dahisar (E) 2A,2A,36-45,IT/Tech,Daily,Leisure,BEST Bus,4,4,3,4,2,0,1,0,0,1
Dahisar (E) 2A,2A,26-35,Student,4-5x/week,Education,BEST Bus,4,4,5,3,3,0,0,1,0,0
Dahisar (E) 2A,2A,26-35,IT/Tech,2-3x/week,Leisure,BEST Bus,4,3,4,3,1,0,0,1,1,1
Dahisar (E) 2A,2A,26-35,Service,Daily,Office,BEST Bus,5,3,4,4,2,0,0,0,1,1
Dahisar (E) 2A,2A,36-45,IT/Tech,Weekly,Office,BEST Bus,3,3,4,4,2,0,0,0,0,0
Dahisar (E) 2A,2A,46-60,Business,Daily,Office,BEST Bus,4,3,4,3,2,0,1,0,1,0
Dahisar (E) 2A,2A,46-60,Student,4-5x/week,Shopping,BEST Bus,4,4,4,3,3,1,0,0,0,1
Dahisar (E) 2A,2A,26-35,Student,2-3x/week,Education,BEST Bus,4,3,4,4,2,0,0,0,1,1
Dahisar (E) 2A,2A,26-35,IT/Tech,2-3x/week,Office,BEST Bus,5,3,4,3,3,1,0,0,0,1
Dahisar (E) 2A,2A,46-60,Student,Daily,Education,BEST Bus,4,3,4,3,3,0,0,1,0,1
Anand Nagar,2A,46-60,Student,4-5x/week,Shopping,Shared Auto,3,2,2,3,3,1,1,1,0,1
Anand Nagar,2A,46-60,Student,Daily,Other,Shared Auto,4,2,3,3,2,1,0,0,0,1
Anand Nagar,2A,26-35,Student,4-5x/week,Office,Shared Auto,4,2,3,3,2,0,1,1,1,0
Anand Nagar,2A,46-60,Business,4-5x/week,Office,Shared Auto,3,2,3,4,3,1,1,0,1,1
Anand Nagar,2A,26-35,IT/Tech,Daily,Office,Shared Auto,3,2,3,3,1,1,1,1,0,1
Anand Nagar,2A,26-35,Student,Daily,Office,Shared Auto,3,2,3,3,3,0,0,1,1,1
Anand Nagar,2A,26-35,Student,Weekly,Office,Shared Auto,4,3,3,3,2,0,1,1,1,0
Anand Nagar,2A,26-35,Business,4-5x/week,Office,Shared Auto,3,2,2,3,2,1,0,0,0,1
Anand Nagar,2A,36-45,Student,4-5x/week,Education,Shared Auto,3,2,3,3,3,1,0,0,1,0
Anand Nagar,2A,36-45,Business,Daily,Office,Shared Auto,4,2,3,3,2,1,0,1,0,0
Anand Nagar,2A,18-25,IT/Tech,Daily,Other,Shared Auto,4,2,2,3,3,0,0,0,1,0
Anand Nagar,2A,36-45,Business,4-5x/week,Leisure,Shared Auto,4,2,3,4,2,0,1,0,1,1
Anand Nagar,2A,26-35,IT/Tech,Daily,Education,Shared Auto,3,2,2,3,2,0,1,1,1,0
Anand Nagar,2A,26-35,Business,4-5x/week,Office,Shared Auto,3,2,3,4,2,0,1,0,1,0
Anand Nagar,2A,36-45,IT/Tech,Daily,Office,Shared Auto,3,3,3,3,2,1,1,0,0,1
Anand Nagar,2A,18-25,Student,Daily,Office,Shared Auto,3,2,2,3,3,0,1,0,0,0
Anand Nagar,2A,18-25,IT/Tech,2-3x/week,Office,Shared Auto,3,2,3,3,3,1,1,0,1,0
Anand Nagar,2A,26-35,IT/Tech,Daily,Education,Shared Auto,3,2,2,4,3,0,1,0,1,0
Anand Nagar,2A,36-45,Service,Daily,Office,Shared Auto,3,2,2,3,3,1,0,1,1,0
Anand Nagar,2A,26-35,Other,4-5x/week,Other,Shared Auto,4,2,2,3,3,1,0,0,0,0
Anand Nagar,2A,26-35,Service,Daily,Office,Shared Auto,3,2,3,3,2,0,0,0,0,1
Anand Nagar,2A,26-35,Student,Daily,Office,Shared Auto,3,1,3,3,2,0,0,0,0,0
Anand Nagar,2A,36-45,Student,Daily,Leisure,Shared Auto,2,2,2,3,2,0,1,1,1,1
Anand Nagar,2A,36-45,Other,2-3x/week,Office,Shared Auto,3,2,3,3,2,0,1,1,0,0
Anand Nagar,2A,18-25,IT/Tech,2-3x/week,Shopping,Shared Auto,3,2,3,3,3,0,0,1,0,0
Anand Nagar,2A,26-35,IT/Tech,4-5x/week,Education,Shared Auto,3,2,2,4,2,0,1,0,1,1
Anand Nagar,2A,18-25,Student,4-5x/week,Other,Shared Auto,4,2,2,3,2,1,0,1,0,1
Anand Nagar,2A,26-35,IT/Tech,4-5x/week,Office,Shared Auto,4,2,2,3,2,0,0,1,0,0
Anand Nagar,2A,26-35,IT/Tech,Daily,Shopping,Shared Auto,4,2,3,4,2,1,0,1,1,0
Anand Nagar,2A,46-60,Student,2-3x/week,Office,Shared Auto,4,2,3,4,2,0,1,0,0,1
Anand Nagar,2A,18-25,IT/Tech,4-5x/week,Office,Shared Auto,4,2,3,3,2,0,1,1,1,0
Anand Nagar,2A,46-60,Student,4-5x/week,Education,Shared Auto,4,2,3,4,1,1,1,0,1,1
Anand Nagar,2A,60+,Business,4-5x/week,Office,Shared Auto,4,2,3,4,3,1,1,0,0,0
Anand Nagar,2A,36-45,Business,Weekly,Leisure,Shared Auto,3,2,2,3,3,0,0,1,1,0
Anand Nagar,2A,26-35,Student,Daily,Office,Shared Auto,3,2,2,3,2,0,1,1,0,1
Anand Nagar,2A,26-35,Business,Daily,Leisure,Shared Auto,4,2,2,3,2,0,0,1,0,1
Anand Nagar,2A,18-25,Service,Daily,Office,Shared Auto,3,2,3,3,2,0,0,0,0,0
Anand Nagar,2A,26-35,IT/Tech,2-3x/week,Office,Shared Auto,2,2,3,3,2,0,0,1,0,1
Anand Nagar,2A,26-35,Business,Weekly,Office,Shared Auto,4,2,2,4,3,0,1,0,0,0
Anand Nagar,2A,18-25,Service,2-3x/week,Leisure,Shared Auto,3,2,3,2,2,1,1,1,0,0
Anand Nagar,2A,18-25,Service,Daily,Office,Shared Auto,3,3,2,3,2,1,1,0,1,1
Anand Nagar,2A,18-25,IT/Tech,Daily,Office,Shared Auto,4,2,3,4,2,0,1,1,0,0
Anand Nagar,2A,26-35,Other,2-3x/week,Office,Shared Auto,2,2,2,2,3,0,0,0,0,1
Anand Nagar,2A,18-25,Student,4-5x/week,Education,Shared Auto,3,2,3,4,2,0,1,1,0,0
Anand Nagar,2A,36-45,Other,4-5x/week,Office,Shared Auto,4,2,3,3,3,1,1,0,0,0
Anand Nagar,2A,60+,Student,Daily,Office,Shared Auto,3,3,2,3,2,1,1,0,0,1
Anand Nagar,2A,18-25,Service,Weekly,Office,Shared Auto,3,2,3,3,3,0,0,1,1,1
Anand Nagar,2A,36-45,Student,Daily,Office,Shared Auto,3,2,2,3,2,1,1,1,0,0
Anand Nagar,2A,36-45,Service,4-5x/week,Office,Shared Auto,3,2,2,3,2,0,0,1,1,0
Anand Nagar,2A,26-35,Student,Rarely,Education,Shared Auto,3,3,3,4,3,0,1,0,1,1
Anand Nagar,2A,26-35,IT/Tech,2-3x/week,Office,Shared Auto,3,2,3,3,3,0,1,1,1,0
Anand Nagar,2A,36-45,Business,Daily,Office,Shared Auto,2,2,3,3,2,1,0,0,0,1
Anand Nagar,2A,46-60,Other,Weekly,Education,Shared Auto,3,2,3,3,2,0,0,0,0,1
Anand Nagar,2A,36-45,IT/Tech,Daily,Leisure,Shared Auto,3,1,3,3,2,1,1,0,1,1
Anand Nagar,2A,36-45,Service,2-3x/week,Leisure,Shared Auto,3,2,3,3,2,0,0,0,0,1
Anand Nagar,2A,18-25,Service,2-3x/week,Shopping,Shared Auto,3,2,3,3,2,1,1,1,1,0
Anand Nagar,2A,18-25,IT/Tech,Rarely,Shopping,Shared Auto,4,2,2,3,3,0,1,1,1,0
Anand Nagar,2A,26-35,Service,Rarely,Education,Shared Auto,3,2,3,3,2,1,0,0,0,0
Anand Nagar,2A,26-35,Service,4-5x/week,Office,Shared Auto,3,2,3,4,2,1,1,1,0,1
Anand Nagar,2A,26-35,Other,2-3x/week,Office,Shared Auto,3,2,2,3,3,1,1,0,0,0
Anand Nagar,2A,36-45,Business,4-5x/week,Education,Shared Auto,4,2,3,3,2,1,0,1,0,0
Anand Nagar,2A,36-45,Business,Daily,Education,Shared Auto,3,2,3,3,2,0,1,1,0,0
Anand Nagar,2A,18-25,Business,Daily,Other,Shared Auto,4,2,2,4,2,1,0,0,1,1
Anand Nagar,2A,46-60,Student,4-5x/week,Office,Shared Auto,4,2,2,3,3,1,1,0,1,1
Anand Nagar,2A,60+,Service,2-3x/week,Office,Shared Auto,3,2,2,4,2,0,0,0,1,0
Anand Nagar,2A,26-35,IT/Tech,Weekly,Office,Shared Auto,3,3,3,3,2,0,1,0,0,1
Anand Nagar,2A,26-35,Student,Daily,Leisure,Shared Auto,3,2,2,2,3,1,0,1,0,1
Anand Nagar,2A,36-45,Service,Daily,Shopping,Shared Auto,3,2,4,2,2,1,0,1,0,0
Anand Nagar,2A,26-35,Student,4-5x/week,Office,Shared Auto,3,2,2,4,2,1,1,1,1,1
Anand Nagar,2A,26-35,Service,4-5x/week,Other,Shared Auto,4,1,2,3,3,0,0,0,0,0
Anand Nagar,2A,36-45,Business,Daily,Other,Shared Auto,3,2,2,3,2,1,0,0,0,0
Anand Nagar,2A,36-45,Other,4-5x/week,Education,Shared Auto,4,2,3,3,2,1,1,0,1,1
Anand Nagar,2A,46-60,Student,Daily,Office,Shared Auto,4,2,2,3,3,1,1,0,1,1
Anand Nagar,2A,60+,Service,4-5x/week,Leisure,Shared Auto,3,2,2,3,2,1,0,1,0,1
Anand Nagar,2A,36-45,Service,Weekly,Office,Shared Auto,3,2,3,4,2,1,1,0,0,1
Anand Nagar,2A,36-45,Student,4-5x/week,Office,Shared Auto,3,2,3,3,2,1,1,0,0,1
Anand Nagar,2A,36-45,IT/Tech,Daily,Office,Shared Auto,4,2,3,3,2,1,1,1,1,1
Anand Nagar,2A,46-60,IT/Tech,Daily,Other,Shared Auto,3,2,2,3,3,0,0,1,0,0
Anand Nagar,2A,36-45,Business,Daily,Office,Shared Auto,3,2,3,3,2,0,1,0,0,0
Anand Nagar,2A,36-45,Other,4-5x/week,Office,Shared Auto,3,3,2,2,2,0,1,0,0,0
Anand Nagar,2A,60+,Service,4-5x/week,Leisure,Shared Auto,2,3,2,3,2,1,0,1,1,1
Anand Nagar,2A,36-45,Service,Weekly,Office,Shared Auto,4,3,3,4,3,0,1,1,0,1
Anand Nagar,2A,26-35,IT/Tech,Daily,Shopping,Shared Auto,4,1,3,3,2,1,1,1,1,1
Anand Nagar,2A,36-45,Other,Daily,Office,Shared Auto,4,2,3,4,3,0,1,1,1,1
Anand Nagar,2A,18-25,IT/Tech,Daily,Office,Shared Auto,4,2,3,3,3,1,0,0,0,0
Anand Nagar,2A,18-25,Business,Daily,Office,Shared Auto,3,2,2,3,2,1,0,1,1,1
Anand Nagar,2A,26-35,IT/Tech,Daily,Office,Shared Auto,4,1,3,3,1,1,0,0,1,1
Anand Nagar,2A,26-35,Service,2-3x/week,Office,Shared Auto,4,2,2,3,3,1,1,1,1,0
Anand Nagar,2A,26-35,Service,4-5x/week,Office,Shared Auto,3,2,3,3,2,1,1,1,0,0
Anand Nagar,2A,26-35,Business,Daily,Office,Shared Auto,3,2,3,3,2,0,0,1,1,0
Kandarpada,2A,18-25,Student,Daily,Education,Shared Auto,3,2,3,3,2,1,0,0,0,0
Kandarpada,2A,36-45,Other,4-5x/week,Education,Shared Auto,4,2,2,4,2,0,0,1,1,0
Kandarpada,2A,26-35,IT/Tech,Daily,Education,Shared Auto,3,3,4,3,3,1,0,1,0,1
Kandarpada,2A,60+,Student,4-5x/week,Leisure,Shared Auto,4,3,3,4,2,0,1,0,1,0
Kandarpada,2A,26-35,IT/Tech,2-3x/week,Leisure,Shared Auto,4,1,4,4,2,1,1,0,0,1
Kandarpada,2A,26-35,Student,4-5x/week,Education,Shared Auto,4,2,3,4,3,1,1,0,0,0
Kandarpada,2A,26-35,Service,4-5x/week,Office,Shared Auto,4,3,3,3,2,1,1,0,0,1
Kandarpada,2A,26-35,IT/Tech,Daily,Office,Shared Auto,3,2,3,3,3,0,0,0,0,1
Kandarpada,2A,36-45,Service,2-3x/week,Office,Shared Auto,3,2,3,3,3,0,1,1,0,0
Kandarpada,2A,36-45,Other,2-3x/week,Shopping,Shared Auto,3,3,3,3,3,0,1,0,0,1
Kandarpada,2A,46-60,Other,Daily,Office,Shared Auto,4,3,3,4,3,1,0,0,0,1
Kandarpada,2A,36-45,Service,2-3x/week,Leisure,Shared Auto,4,2,3,4,3,0,1,0,0,1
Kandarpada,2A,18-25,IT/Tech,Daily,Office,Shared Auto,4,2,3,3,2,0,0,1,0,1
Kandarpada,2A,46-60,Student,Daily,Shopping,Shared Auto,3,2,3,3,3,1,1,1,0,0
Kandarpada,2A,26-35,Student,4-5x/week,Office,Shared Auto,5,3,3,3,3,1,1,1,1,0
Kandarpada,2A,36-45,IT/Tech,Weekly,Office,Shared Auto,3,2,4,3,2,1,0,0,0,0
Kandarpada,2A,26-35,Student,Rarely,Shopping,Shared Auto,4,2,3,3,2,1,0,1,0,0
Kandarpada,2A,36-45,Service,Daily,Shopping,Shared Auto,3,2,3,3,2,0,0,0,0,1
Kandarpada,2A,18-25,Service,Daily,Office,Shared Auto,3,3,3,4,2,1,0,1,0,0
Kandarpada,2A,60+,IT/Tech,Daily,Office,Shared Auto,4,2,2,4,3,1,1,0,1,0
Kandarpada,2A,26-35,Other,Weekly,Office,Shared Auto,3,3,3,3,3,1,1,0,0,0
Kandarpada,2A,26-35,IT/Tech,4-5x/week,Education,Shared Auto,3,3,3,3,2,0,1,1,0,0
Kandarpada,2A,26-35,IT/Tech,Daily,Other,Shared Auto,3,2,3,3,3,1,1,1,0,1
Kandarpada,2A,26-35,IT/Tech,Daily,Education,Shared Auto,4,2,3,3,3,0,0,0,1,0
Kandarpada,2A,36-45,Student,Weekly,Leisure,Shared Auto,4,3,3,2,2,1,1,1,0,0
Kandarpada,2A,26-35,Student,4-5x/week,Education,Shared Auto,4,3,3,3,2,0,1,1,0,1
Kandarpada,2A,18-25,Student,Daily,Office,Shared Auto,3,3,3,3,3,0,0,1,0,1
Kandarpada,2A,26-35,Business,4-5x/week,Education,Shared Auto,5,2,3,3,2,0,0,0,0,1
Kandarpada,2A,18-25,Service,4-5x/week,Office,Shared Auto,3,2,3,3,2,1,0,0,1,1
Kandarpada,2A,46-60,Student,Rarely,Office,Shared Auto,3,2,3,4,2,1,0,1,0,0
Kandarpada,2A,26-35,Business,Daily,Office,Shared Auto,4,3,3,4,2,1,1,1,0,1
Kandarpada,2A,18-25,IT/Tech,4-5x/week,Office,Shared Auto,3,2,3,4,1,1,1,0,0,1
Kandarpada,2A,26-35,IT/Tech,Daily,Office,Shared Auto,3,3,4,4,3,0,1,1,0,0
Kandarpada,2A,36-45,Service,4-5x/week,Shopping,Shared Auto,3,3,3,3,3,0,1,1,0,1
Kandarpada,2A,18-25,Student,4-5x/week,Other,Shared Auto,3,3,3,4,2,0,1,1,0,0
Kandarpada,2A,18-25,Student,Daily,Office,Shared Auto,4,3,3,3,2,0,1,1,0,1
Kandarpada,2A,18-25,Business,Daily,Office,Shared Auto,4,3,3,3,3,1,1,0,0,0
Kandarpada,2A,18-25,Student,Rarely,Office,Shared Auto,5,3,3,3,2,1,1,1,0,1
Kandarpada,2A,18-25,Other,Weekly,Leisure,Shared Auto,4,3,3,3,3,1,0,0,1,0
Kandarpada,2A,18-25,IT/Tech,2-3x/week,Office,Shared Auto,4,2,3,3,2,0,0,1,0,1
Kandarpada,2A,18-25,Service,Weekly,Office,Shared Auto,4,2,4,4,3,1,1,0,0,0
Kandarpada,2A,26-35,IT/Tech,Daily,Office,Shared Auto,4,4,3,4,3,0,1,1,1,1
Kandarpada,2A,26-35,IT/Tech,Daily,Office,Shared Auto,3,2,3,3,3,1,0,0,0,0
Kandarpada,2A,26-35,IT/Tech,2-3x/week,Shopping,Shared Auto,4,2,3,3,2,0,0,1,0,1
Kandarpada,2A,18-25,Business,2-3x/week,Shopping,Shared Auto,4,3,3,3,2,1,0,0,0,1
Kandarpada,2A,18-25,IT/Tech,Weekly,Office,Shared Auto,3,2,3,3,3,0,1,0,1,1
Kandarpada,2A,60+,Student,4-5x/week,Shopping,Shared Auto,3,2,3,3,3,0,1,1,1,1
Kandarpada,2A,18-25,Student,Daily,Office,Shared Auto,4,2,3,4,3,0,1,1,0,1
Kandarpada,2A,36-45,Business,Daily,Office,Shared Auto,4,2,3,4,2,0,1,1,0,0
Kandarpada,2A,36-45,Student,4-5x/week,Shopping,Shared Auto,4,3,3,3,2,0,0,1,1,0
Kandarpada,2A,36-45,Service,Daily,Shopping,Shared Auto,4,2,4,3,3,1,1,1,0,0
Kandarpada,2A,46-60,Student,Rarely,Office,Shared Auto,4,2,3,3,2,0,0,1,1,0
Kandarpada,2A,46-60,Service,Weekly,Shopping,Shared Auto,4,3,3,4,2,1,1,0,1,0
Kandarpada,2A,26-35,Service,Daily,Leisure,Shared Auto,4,3,3,3,3,1,1,0,0,1
Kandarpada,2A,26-35,Service,Daily,Office,Shared Auto,4,3,3,3,3,0,0,1,0,0
Kandarpada,2A,26-35,Service,Daily,Office,Shared Auto,5,3,3,3,2,0,0,1,1,1
Kandarpada,2A,18-25,Other,4-5x/week,Leisure,Shared Auto,4,3,3,3,2,0,0,0,0,0
Kandarpada,2A,26-35,Student,Daily,Office,Shared Auto,4,2,3,3,2,1,1,0,1,1
Kandarpada,2A,18-25,Other,Weekly,Leisure,Shared Auto,4,3,3,4,3,0,0,1,1,1
Kandarpada,2A,36-45,IT/Tech,4-5x/week,Office,Shared Auto,5,3,3,3,2,1,0,1,0,0
Kandarpada,2A,36-45,Service,Daily,Office,Shared Auto,3,2,3,3,2,0,0,0,0,0
Kandarpada,2A,26-35,Service,Daily,Office,Shared Auto,3,2,3,3,2,1,0,0,0,1
Kandarpada,2A,36-45,Student,Daily,Office,Shared Auto,3,2,3,4,3,1,1,1,0,1
Kandarpada,2A,18-25,Service,2-3x/week,Leisure,Shared Auto,4,2,3,3,3,0,1,0,0,1
Kandarpada,2A,36-45,Service,4-5x/week,Office,Shared Auto,4,3,3,3,2,1,1,1,1,1
Kandarpada,2A,26-35,Other,Weekly,Education,Shared Auto,4,2,3,3,2,1,0,0,0,1
Kandarpada,2A,18-25,Service,Daily,Office,Shared Auto,3,2,3,4,3,1,0,0,1,1
Kandarpada,2A,26-35,Student,Daily,Office,Shared Auto,3,2,3,3,2,0,1,0,0,0
Kandarpada,2A,36-45,Business,2-3x/week,Office,Shared Auto,4,2,3,3,3,0,0,1,0,1
Kandarpada,2A,36-45,Other,4-5x/week,Office,Shared Auto,4,3,3,4,2,0,0,0,0,1
Kandarpada,2A,18-25,IT/Tech,2-3x/week,Education,Shared Auto,4,2,3,3,3,1,1,1,0,0
Kandarpada,2A,46-60,IT/Tech,Weekly,Office,Shared Auto,4,3,3,3,2,0,1,1,0,1
Kandarpada,2A,26-35,Student,Rarely,Education,Shared Auto,4,3,3,3,3,1,0,0,0,0
Kandarpada,2A,36-45,Other,4-5x/week,Education,Shared Auto,3,2,3,4,4,0,1,1,0,0
Kandarpada,2A,46-60,Service,Weekly,Leisure,Shared Auto,3,3,3,3,3,0,0,0,1,1
Kandarpada,2A,18-25,IT/Tech,Weekly,Education,Shared Auto,4,3,3,4,3,1,0,0,0,1
Kandarpada,2A,46-60,Business,2-3x/week,Office,Shared Auto,4,2,2,4,2,0,1,0,1,1
Kandarpada,2A,36-45,Service,2-3x/week,Shopping,Shared Auto,3,2,3,3,3,0,0,0,1,1
Kandarpada,2A,36-45,IT/Tech,Daily,Office,Shared Auto,4,2,4,3,3,1,0,0,1,1
Kandarpada,2A,26-35,Service,2-3x/week,Education,Shared Auto,2,2,3,4,2,0,1,0,1,0
Kandarpada,2A,46-60,Service,Daily,Office,Shared Auto,4,1,3,3,2,0,1,0,0,1
Kandarpada,2A,36-45,IT/Tech,Weekly,Office,Shared Auto,4,2,3,3,3,1,1,1,0,0
Kandarpada,2A,36-45,Other,Daily,Office,Shared Auto,4,2,3,4,3,1,1,1,0,1
Kandarpada,2A,36-45,Service,Daily,Other,Shared Auto,4,2,3,2,3,1,1,0,0,1
Kandarpada,2A,18-25,Service,Weekly,Office,Shared Auto,3,2,3,4,2,1,1,1,1,1
Kandarpada,2A,26-35,IT/Tech,Daily,Education,Shared Auto,4,2,3,3,2,0,0,0,1,0
Kandarpada,2A,36-45,Student,Daily,Office,Shared Auto,3,1,3,3,2,0,0,1,0,1
Kandarpada,2A,26-35,IT/Tech,2-3x/week,Other,Shared Auto,3,2,3,4,3,1,0,0,0,1
Kandarpada,2A,18-25,Service,4-5x/week,Education,Shared Auto,3,3,3,3,3,0,0,0,0,0
Kandarpada,2A,26-35,Business,Daily,Other,Shared Auto,3,3,3,3,3,1,0,0,0,0
Kandarpada,2A,18-25,Other,Daily,Office,Shared Auto,3,3,3,3,2,1,0,0,0,0
Kandarpada,2A,46-60,Student,4-5x/week,Office,Shared Auto,4,1,3,5,3,1,1,0,0,0
Kandarpada,2A,18-25,IT/Tech,Daily,Education,Shared Auto,3,2,3,4,3,1,1,1,0,1
Kandarpada,2A,26-35,Other,Daily,Leisure,Shared Auto,3,2,3,3,2,1,1,0,1,0
Kandarpada,2A,36-45,Service,4-5x/week,Shopping,Shared Auto,3,3,3,3,3,1,1,0,0,0
Kandarpada,2A,18-25,IT/Tech,Daily,Office,Shared Auto,5,2,3,4,3,1,0,0,0,0
Kandarpada,2A,18-25,Other,Weekly,Office,Shared Auto,4,2,3,3,2,1,1,1,1,0
Kandarpada,2A,26-35,IT/Tech,Daily,Shopping,Shared Auto,4,2,4,4,2,0,1,0,1,1
Kandarpada,2A,46-60,Service,4-5x/week,Leisure,Shared Auto,4,2,3,4,2,0,0,1,0,1
Kandarpada,2A,18-25,IT/Tech,4-5x/week,Office,Shared Auto,4,2,3,3,2,1,0,1,0,0
Kandarpada,2A,26-35,IT/Tech,Daily,Other,Shared Auto,3,3,3,3,3,1,0,1,0,1
Kandarpada,2A,46-60,Service,Daily,Other,Shared Auto,4,2,4,3,3,1,1,1,0,0
Kandarpada,2A,18-25,Business,Daily,Office,Shared Auto,3,3,3,3,1,0,1,0,0,0
Kandarpada,2A,26-35,IT/Tech,Daily,Shopping,Shared Auto,4,2,2,3,3,0,1,0,1,0
Kandarpada,2A,18-25,IT/Tech,Daily,Shopping,Shared Auto,3,2,3,3,2,0,1,0,0,0
Kandarpada,2A,26-35,Student,4-5x/week,Office,Shared Auto,3,2,3,4,3,1,0,1,0,0
Kandarpada,2A,18-25,IT/Tech,Daily,Office,Shared Auto,4,2,3,4,2,1,0,0,0,0
Kandarpada,2A,36-45,Business,Daily,Office,Shared Auto,4,2,3,3,3,0,1,0,1,1
Kandarpada,2A,26-35,Service,4-5x/week,Office,Shared Auto,2,2,3,3,3,1,0,0,0,1
Kandarpada,2A,36-45,Business,2-3x/week,Office,Shared Auto,4,3,4,4,3,1,1,1,0,0
Kandarpada,2A,26-35,IT/Tech,4-5x/week,Office,Shared Auto,4,2,3,3,2,1,0,1,0,1
Kandarpada,2A,18-25,Student,2-3x/week,Office,Shared Auto,4,2,3,4,2,1,1,0,0,0
Kandarpada,2A,36-45,Service,Daily,Office,Shared Auto,3,2,3,3,2,1,0,1,1,0
Kandarpada,2A,18-25,IT/Tech,4-5x/week,Office,Shared Auto,4,2,3,3,2,0,1,1,0,0
Kandarpada,2A,26-35,Service,Weekly,Shopping,Shared Auto,4,2,3,4,1,0,1,0,0,1
Kandarpada,2A,46-60,Student,Daily,Education,Shared Auto,3,2,3,3,2,1,0,0,0,0
Kandarpada,2A,26-35,Service,Daily,Office,Shared Auto,4,2,3,4,3,0,0,0,0,0
Mandapeshwar,2A,26-35,Business,Daily,Education,Shared Auto,3,2,3,2,2,0,0,1,0,1
Mandapeshwar,2A,18-25,IT/Tech,Daily,Shopping,Shared Auto,3,3,2,2,2,1,1,0,1,1
Mandapeshwar,2A,18-25,Business,2-3x/week,Shopping,Shared Auto,4,2,2,2,2,0,1,1,1,0
Mandapeshwar,2A,26-35,IT/Tech,Daily,Leisure,Shared Auto,3,2,2,2,2,0,0,1,1,1
Mandapeshwar,2A,26-35,Student,2-3x/week,Shopping,Shared Auto,2,2,3,3,2,1,1,1,0,0
Mandapeshwar,2A,18-25,Business,2-3x/week,Office,Shared Auto,3,2,2,3,2,1,1,1,1,0
Mandapeshwar,2A,46-60,Service,Weekly,Leisure,Shared Auto,4,2,3,3,2,0,1,0,1,1
Mandapeshwar,2A,18-25,Business,Daily,Shopping,Shared Auto,4,2,2,3,3,0,0,1,1,0
Mandapeshwar,2A,46-60,Student,4-5x/week,Office,Shared Auto,3,2,1,3,2,0,0,0,1,1
Mandapeshwar,2A,26-35,Service,Weekly,Office,Shared Auto,3,2,2,3,2,0,1,1,0,0
Mandapeshwar,2A,26-35,Service,Daily,Leisure,Shared Auto,4,2,2,2,2,1,1,0,0,1
Mandapeshwar,2A,60+,Other,Weekly,Shopping,Shared Auto,2,2,3,3,2,0,1,1,1,1
Mandapeshwar,2A,46-60,Student,4-5x/week,Leisure,Shared Auto,3,2,2,2,2,1,1,1,0,1
Mandapeshwar,2A,46-60,Service,Daily,Leisure,Shared Auto,3,2,3,2,2,1,1,0,1,1
Mandapeshwar,2A,46-60,Business,Daily,Education,Shared Auto,3,2,3,2,2,0,0,1,0,0
Mandapeshwar,2A,18-25,Business,4-5x/week,Office,Shared Auto,3,2,3,2,2,1,0,1,0,1
Mandapeshwar,2A,26-35,Student,Weekly,Office,Shared Auto,3,2,2,2,2,0,1,1,1,0
Mandapeshwar,2A,26-35,Service,Daily,Shopping,Shared Auto,3,1,2,2,3,1,1,1,1,0
Mandapeshwar,2A,18-25,Student,4-5x/week,Education,Shared Auto,2,2,2,3,2,1,0,1,0,0
Mandapeshwar,2A,46-60,Service,4-5x/week,Office,Shared Auto,3,3,2,2,3,0,0,1,0,0
Mandapeshwar,2A,18-25,Other,Daily,Office,Shared Auto,3,2,2,2,2,1,1,1,1,0
Mandapeshwar,2A,18-25,Service,Rarely,Leisure,Shared Auto,4,2,3,2,2,0,1,0,1,1
Mandapeshwar,2A,26-35,IT/Tech,4-5x/week,Shopping,Shared Auto,3,1,2,2,2,0,1,0,1,1
Mandapeshwar,2A,36-45,Service,Daily,Shopping,Shared Auto,4,3,2,3,3,1,0,0,0,1
Mandapeshwar,2A,36-45,IT/Tech,Daily,Office,Shared Auto,4,2,2,2,3,1,0,1,1,0
Mandapeshwar,2A,26-35,Service,4-5x/week,Leisure,Shared Auto,4,2,3,3,3,1,0,1,1,0
Mandapeshwar,2A,46-60,Student,Rarely,Office,Shared Auto,4,3,2,3,2,0,1,0,0,1
Mandapeshwar,2A,26-35,Service,Daily,Other,Shared Auto,3,2,2,3,2,0,0,1,0,0
Mandapeshwar,2A,26-35,IT/Tech,Daily,Shopping,Shared Auto,2,1,2,2,2,0,1,1,1,1
Mandapeshwar,2A,26-35,Business,Daily,Office,Shared Auto,3,2,2,3,2,0,1,0,1,1
Mandapeshwar,2A,46-60,Business,Daily,Office,Shared Auto,2,2,3,3,2,1,1,0,1,1
Mandapeshwar,2A,18-25,Student,Weekly,Education,Shared Auto,4,2,2,3,2,1,1,1,1,0
Mandapeshwar,2A,18-25,Business,Daily,Shopping,Shared Auto,3,3,2,2,2,1,0,1,0,1
Mandapeshwar,2A,46-60,IT/Tech,Daily,Office,Shared Auto,4,2,3,2,3,0,0,1,0,1
Mandapeshwar,2A,26-35,Business,Daily,Shopping,Shared Auto,3,3,2,2,2,0,0,0,1,0
Mandapeshwar,2A,36-45,Student,Daily,Office,Shared Auto,3,2,2,2,2,1,0,0,1,0
Mandapeshwar,2A,26-35,Student,Daily,Education,Shared Auto,3,2,3,2,2,0,1,1,0,1
Mandapeshwar,2A,26-35,Business,Daily,Office,Shared Auto,4,3,3,2,2,1,1,1,0,0
Mandapeshwar,2A,26-35,IT/Tech,4-5x/week,Office,Shared Auto,2,2,2,2,2,0,0,0,0,0
Mandapeshwar,2A,36-45,Service,4-5x/week,Education,Shared Auto,3,3,2,2,2,0,0,0,0,0
Mandapeshwar,2A,36-45,Student,Weekly,Office,Shared Auto,4,3,2,3,2,1,0,0,0,1
Mandapeshwar,2A,18-25,Other,4-5x/week,Office,Shared Auto,3,2,3,2,2,0,0,0,1,0
Mandapeshwar,2A,36-45,Service,Daily,Office,Shared Auto,3,2,3,2,2,1,1,0,0,1
Mandapeshwar,2A,46-60,Business,Daily,Shopping,Shared Auto,3,2,3,3,2,1,0,1,0,1
Mandapeshwar,2A,18-25,Other,Daily,Education,Shared Auto,3,2,3,3,3,1,0,0,1,1
Mandapeshwar,2A,26-35,IT/Tech,Daily,Office,Shared Auto,3,3,3,3,2,1,0,0,0,0
Mandapeshwar,2A,26-35,Student,Daily,Shopping,Shared Auto,3,3,2,2,2,0,0,1,0,1
Mandapeshwar,2A,36-45,Other,Daily,Leisure,Shared Auto,3,2,3,3,2,1,1,0,0,0
Mandapeshwar,2A,26-35,IT/Tech,Daily,Office,Shared Auto,4,2,2,3,2,1,0,1,0,0
Mandapeshwar,2A,60+,Service,4-5x/week,Shopping,Shared Auto,4,2,3,3,2,1,0,0,1,1
Mandapeshwar,2A,60+,Service,Daily,Office,Shared Auto,3,2,3,3,2,1,1,1,0,1
Mandapeshwar,2A,26-35,IT/Tech,Daily,Office,Shared Auto,3,2,2,3,2,1,1,0,0,1
Mandapeshwar,2A,36-45,Student,Daily,Office,Shared Auto,3,2,2,3,2,1,0,1,1,0
Mandapeshwar,2A,26-35,Service,Daily,Office,Shared Auto,3,2,2,2,2,0,0,1,1,1
Mandapeshwar,2A,18-25,Student,4-5x/week,Office,Shared Auto,4,2,2,2,2,0,0,1,0,1
Mandapeshwar,2A,26-35,Student,Daily,Education,Shared Auto,4,2,3,2,3,1,0,1,0,0
Mandapeshwar,2A,46-60,Student,4-5x/week,Other,Shared Auto,3,2,3,2,2,1,1,1,1,1
Mandapeshwar,2A,36-45,Other,2-3x/week,Leisure,Shared Auto,2,2,3,3,2,1,1,1,0,0
Mandapeshwar,2A,36-45,Student,4-5x/week,Other,Shared Auto,3,2,2,2,2,0,1,0,0,1
Mandapeshwar,2A,46-60,IT/Tech,4-5x/week,Office,Shared Auto,3,2,2,3,2,1,0,1,0,1
Mandapeshwar,2A,18-25,Service,4-5x/week,Education,Shared Auto,3,2,3,3,2,1,1,0,0,0
Mandapeshwar,2A,26-35,Service,Rarely,Office,Shared Auto,3,2,2,2,3,1,0,1,1,1
Mandapeshwar,2A,46-60,Student,Daily,Education,Shared Auto,3,2,2,3,2,1,1,1,1,0
Mandapeshwar,2A,36-45,Service,Daily,Education,Shared Auto,4,2,2,3,2,0,0,1,0,1
Mandapeshwar,2A,18-25,Service,Weekly,Office,Shared Auto,4,1,3,2,2,1,1,0,1,0
Mandapeshwar,2A,46-60,Student,2-3x/week,Shopping,Shared Auto,3,2,2,2,2,1,1,1,1,1
Mandapeshwar,2A,46-60,Business,4-5x/week,Office,Shared Auto,3,2,3,2,3,0,1,1,0,0
Mandapeshwar,2A,26-35,Student,4-5x/week,Other,Shared Auto,4,3,3,2,2,1,1,1,1,1
Mandapeshwar,2A,26-35,Service,Daily,Other,Shared Auto,4,2,3,3,2,1,0,1,1,1
Mandapeshwar,2A,36-45,Service,Daily,Shopping,Shared Auto,3,2,3,2,2,0,0,0,0,0
Mandapeshwar,2A,26-35,Other,Weekly,Education,Shared Auto,3,2,3,3,2,0,0,1,1,0
Mandapeshwar,2A,36-45,IT/Tech,Daily,Office,Shared Auto,3,2,3,3,2,1,0,1,0,0
Mandapeshwar,2A,36-45,Service,2-3x/week,Office,Shared Auto,3,3,2,2,2,0,0,0,1,0
Mandapeshwar,2A,46-60,Service,Daily,Office,Shared Auto,4,2,2,2,3,1,1,0,1,1
Mandapeshwar,2A,26-35,IT/Tech,2-3x/week,Education,Shared Auto,4,2,3,2,2,1,0,1,1,1
Mandapeshwar,2A,46-60,Service,4-5x/week,Other,Shared Auto,3,2,1,3,2,1,0,0,0,0
Mandapeshwar,2A,36-45,Service,2-3x/week,Leisure,Shared Auto,3,3,2,2,2,1,0,1,1,1
Mandapeshwar,2A,18-25,Other,Rarely,Shopping,Shared Auto,4,2,2,2,3,0,1,0,0,0
Mandapeshwar,2A,26-35,Student,Daily,Other,Shared Auto,3,2,2,2,1,1,1,1,1,1
Mandapeshwar,2A,18-25,Service,Daily,Office,Shared Auto,3,2,2,3,2,1,0,1,1,0
Mandapeshwar,2A,18-25,IT/Tech,Daily,Education,Shared Auto,3,2,2,3,2,0,1,1,0,0
Mandapeshwar,2A,26-35,IT/Tech,Daily,Office,Shared Auto,4,3,3,2,2,0,0,0,0,1
Mandapeshwar,2A,18-25,Business,Daily,Education,Shared Auto,3,3,2,3,2,0,1,1,0,1
Mandapeshwar,2A,26-35,Student,4-5x/week,Office,Shared Auto,3,2,2,2,2,1,1,1,0,0
Mandapeshwar,2A,18-25,Service,Daily,Office,Shared Auto,3,2,3,3,2,0,1,0,0,1
Mandapeshwar,2A,26-35,Student,2-3x/week,Shopping,Shared Auto,3,2,3,2,2,1,1,0,0,0
Mandapeshwar,2A,18-25,Business,2-3x/week,Education,Shared Auto,3,2,3,2,2,1,1,1,0,0
Mandapeshwar,2A,18-25,Other,4-5x/week,Office,Shared Auto,4,2,3,2,2,1,1,1,1,1
Mandapeshwar,2A,46-60,Business,Daily,Other,Shared Auto,3,2,3,3,3,0,1,1,1,1
Mandapeshwar,2A,26-35,IT/Tech,Daily,Leisure,Shared Auto,3,3,3,2,2,1,1,1,0,0
Mandapeshwar,2A,18-25,Service,Daily,Office,Shared Auto,3,2,2,3,2,1,0,1,0,0
Mandapeshwar,2A,18-25,Business,4-5x/week,Office,Shared Auto,3,2,2,2,2,1,0,0,1,0
Mandapeshwar,2A,18-25,Service,Daily,Office,Shared Auto,3,3,3,3,2,0,0,0,0,0
Mandapeshwar,2A,36-45,Other,2-3x/week,Shopping,Shared Auto,3,2,3,3,2,1,0,1,0,0
Mandapeshwar,2A,36-45,IT/Tech,Daily,Office,Shared Auto,4,2,3,2,2,0,0,1,0,1
Mandapeshwar,2A,36-45,IT/Tech,4-5x/week,Office,Shared Auto,3,2,3,2,2,1,0,0,1,0
Mandapeshwar,2A,36-45,Service,2-3x/week,Leisure,Shared Auto,4,2,3,3,2,0,0,1,0,1
Eksar,2A,26-35,Other,Daily,Office,Shared Auto,4,3,1,2,3,0,1,0,0,0
Eksar,2A,18-25,Business,2-3x/week,Office,Shared Auto,3,2,2,3,2,1,0,1,0,0
Eksar,2A,36-45,IT/Tech,Daily,Other,Shared Auto,3,2,2,3,2,1,1,0,0,0
Eksar,2A,26-35,IT/Tech,Daily,Shopping,Shared Auto,3,3,2,3,2,0,0,0,1,1
Eksar,2A,36-45,Service,Daily,Other,Shared Auto,3,2,3,3,2,0,0,1,1,1
Eksar,2A,18-25,Business,4-5x/week,Office,Shared Auto,3,3,2,3,2,0,0,0,0,0
Eksar,2A,60+,Service,Daily,Shopping,Shared Auto,4,3,1,2,2,1,0,1,0,0
Eksar,2A,36-45,IT/Tech,Daily,Education,Shared Auto,4,2,3,3,2,1,0,1,1,1
Eksar,2A,26-35,Service,Daily,Education,Shared Auto,2,3,2,2,3,1,1,0,1,1
Eksar,2A,26-35,Other,Daily,Shopping,Shared Auto,3,2,2,3,3,1,1,0,1,0
Eksar,2A,46-60,Student,Daily,Office,Shared Auto,4,3,2,3,2,1,1,1,1,1
Eksar,2A,18-25,Business,Daily,Office,Shared Auto,4,3,2,2,2,0,1,1,0,1
Eksar,2A,26-35,Student,Daily,Office,Shared Auto,4,3,2,2,2,1,0,1,0,0
Eksar,2A,26-35,Service,4-5x/week,Office,Shared Auto,3,2,2,3,2,1,0,1,1,0
Eksar,2A,46-60,IT/Tech,4-5x/week,Office,Shared Auto,3,3,2,2,2,1,0,1,0,0
Eksar,2A,26-35,IT/Tech,2-3x/week,Other,Shared Auto,3,3,2,2,3,0,0,1,1,0
Eksar,2A,26-35,IT/Tech,Rarely,Office,Shared Auto,3,3,2,3,2,0,0,0,0,1
Eksar,2A,60+,Student,Daily,Education,Shared Auto,3,3,2,2,3,0,0,0,1,1
Eksar,2A,36-45,Student,4-5x/week,Shopping,Shared Auto,4,3,2,3,2,1,1,0,0,0
Eksar,2A,18-25,Service,Daily,Education,Shared Auto,4,2,2,3,2,1,1,1,0,1
Eksar,2A,26-35,Student,Daily,Office,Shared Auto,3,3,2,3,3,1,0,0,0,0
Eksar,2A,46-60,Student,Daily,Shopping,Shared Auto,3,2,2,3,2,1,0,1,0,1
Eksar,2A,26-35,Service,Rarely,Office,Shared Auto,4,3,2,3,2,0,1,0,1,0
Eksar,2A,18-25,IT/Tech,Daily,Office,Shared Auto,3,2,2,2,2,0,1,1,0,0
Eksar,2A,36-45,Student,4-5x/week,Office,Shared Auto,3,3,2,3,2,1,1,1,1,0
Eksar,2A,36-45,Service,Weekly,Office,Shared Auto,3,3,2,3,2,0,0,1,1,0
Eksar,2A,26-35,Service,4-5x/week,Education,Shared Auto,3,2,2,3,3,1,1,0,1,1
Eksar,2A,46-60,Business,Weekly,Office,Shared Auto,4,2,2,2,2,0,0,0,1,1
Eksar,2A,26-35,Business,Daily,Office,Shared Auto,4,3,2,2,2,1,1,0,1,0
Eksar,2A,26-35,IT/Tech,Rarely,Leisure,Shared Auto,4,3,2,3,2,1,0,1,1,0
Eksar,2A,18-25,Service,Daily,Other,Shared Auto,3,2,2,3,2,0,1,1,0,0
Eksar,2A,26-35,Other,Daily,Leisure,Shared Auto,3,2,2,3,3,1,1,0,1,1
Eksar,2A,26-35,Student,4-5x/week,Leisure,Shared Auto,3,3,2,3,2,1,1,0,0,1
Eksar,2A,26-35,Service,Daily,Shopping,Shared Auto,4,3,2,3,2,1,0,0,0,0
Eksar,2A,46-60,Business,4-5x/week,Office,Shared Auto,3,3,2,3,3,0,1,1,1,0
Eksar,2A,36-45,Service,4-5x/week,Shopping,Shared Auto,3,2,2,3,3,1,0,1,0,1
Eksar,2A,36-45,IT/Tech,Daily,Education,Shared Auto,3,3,2,3,2,1,1,1,0,0
Eksar,2A,26-35,Service,Daily,Office,Shared Auto,3,3,2,2,2,1,1,1,1,1
Eksar,2A,18-25,Student,4-5x/week,Shopping,Shared Auto,3,3,2,3,3,1,0,0,0,0
Eksar,2A,36-45,Business,4-5x/week,Shopping,Shared Auto,3,2,2,3,2,0,1,1,1,0
Eksar,2A,26-35,IT/Tech,4-5x/week,Shopping,Shared Auto,4,3,2,2,3,1,1,1,0,1
Eksar,2A,26-35,Service,Weekly,Leisure,Shared Auto,4,2,2,3,3,0,1,1,1,0
Eksar,2A,26-35,Service,Daily,Office,Shared Auto,4,3,3,3,2,0,1,0,1,1
Eksar,2A,26-35,IT/Tech,Daily,Office,Shared Auto,4,2,2,3,2,1,0,1,1,1
Eksar,2A,18-25,Student,2-3x/week,Shopping,Shared Auto,3,2,2,2,3,0,0,1,0,1
Eksar,2A,46-60,IT/Tech,Daily,Office,Shared Auto,3,3,2,3,2,0,0,0,1,1
Borivali (W),2A,26-35,IT/Tech,Daily,Office,BEST Bus,4,5,4,3,4,0,0,0,0,0
Borivali (W),2A,26-35,Student,4-5x/week,Office,BEST Bus,4,5,4,3,4,1,0,0,1,1
Borivali (W),2A,46-60,IT/Tech,Daily,Education,BEST Bus,4,4,4,3,3,0,0,0,1,1
Borivali (W),2A,36-45,Service,4-5x/week,Other,BEST Bus,4,3,4,4,4,0,0,0,0,1
Borivali (W),2A,26-35,Business,Rarely,Leisure,BEST Bus,3,4,3,3,4,1,1,1,0,1
Borivali (W),2A,18-25,Business,Weekly,Office,BEST Bus,5,4,4,3,4,0,1,1,0,1
Borivali (W),2A,36-45,Other,4-5x/week,Office,BEST Bus,4,3,4,3,4,1,0,0,0,1
Borivali (W),2A,36-45,Service,Daily,Office,BEST Bus,4,3,4,3,4,1,0,0,0,1
Borivali (W),2A,46-60,Other,2-3x/week,Shopping,BEST Bus,4,4,3,2,4,0,0,0,0,1
Borivali (W),2A,36-45,IT/Tech,Rarely,Shopping,BEST Bus,3,4,4,3,4,1,0,0,1,1
Borivali (W),2A,36-45,Other,Daily,Shopping,BEST Bus,4,4,4,3,4,0,1,0,0,1
Borivali (W),2A,36-45,Service,4-5x/week,Education,BEST Bus,4,4,4,3,4,0,1,0,0,1
Borivali (W),2A,18-25,IT/Tech,Daily,Shopping,BEST Bus,4,3,4,3,3,1,0,1,1,1
Borivali (W),2A,36-45,Student,Daily,Office,BEST Bus,4,4,4,2,4,0,1,0,0,1
Borivali (W),2A,26-35,Business,Daily,Office,BEST Bus,3,4,4,3,4,0,0,0,1,0
Borivali (W),2A,36-45,IT/Tech,Daily,Office,BEST Bus,5,4,4,3,3,0,1,0,0,1
Borivali (W),2A,46-60,Student,4-5x/week,Office,BEST Bus,4,4,3,2,3,0,0,0,0,1
Borivali (W),2A,18-25,Service,4-5x/week,Office,BEST Bus,3,4,4,4,3,0,1,0,0,1
Borivali (W),2A,26-35,IT/Tech,Rarely,Office,BEST Bus,4,3,4,3,4,0,0,0,1,1
Borivali (W),2A,18-25,Service,4-5x/week,Office,BEST Bus,4,4,3,3,5,1,0,0,1,1
Borivali (W),2A,18-25,Service,Daily,Education,BEST Bus,4,3,4,3,3,0,0,1,1,1
Borivali (W),2A,46-60,IT/Tech,Daily,Leisure,BEST Bus,5,4,4,3,4,0,0,0,0,1
Borivali (W),2A,18-25,Business,Daily,Office,BEST Bus,4,4,3,3,3,0,0,0,0,1
Borivali (W),2A,46-60,Business,Daily,Office,BEST Bus,4,4,4,3,3,1,0,1,0,1
Borivali (W),2A,46-60,IT/Tech,Rarely,Shopping,BEST Bus,4,4,4,3,3,0,0,1,0,1
Borivali (W),2A,26-35,IT/Tech,Weekly,Shopping,BEST Bus,3,4,4,3,4,0,1,0,0,1
Borivali (W),2A,26-35,Student,4-5x/week,Shopping,BEST Bus,4,4,4,3,4,1,0,1,1,1
Borivali (W),2A,36-45,Service,Daily,Office,BEST Bus,4,4,4,3,4,0,0,0,0,1
Borivali (W),2A,36-45,Other,Daily,Office,BEST Bus,4,4,4,3,3,0,0,1,1,1
Borivali (W),2A,46-60,Business,Rarely,Leisure,BEST Bus,4,4,3,3,4,0,0,1,0,0
Borivali (W),2A,26-35,IT/Tech,Daily,Office,BEST Bus,4,3,3,3,4,0,0,0,1,1
Borivali (W),2A,26-35,Business,Daily,Education,BEST Bus,3,4,3,4,4,0,0,0,0,1
Borivali (W),2A,26-35,Service,Daily,Leisure,BEST Bus,3,3,4,3,4,0,1,1,0,0
Borivali (W),2A,26-35,Student,Weekly,Office,BEST Bus,3,4,4,2,3,1,0,0,0,1
Borivali (W),2A,60+,Service,Daily,Office,BEST Bus,4,3,3,3,4,0,0,0,1,1
Borivali (W),2A,18-25,Service,4-5x/week,Leisure,BEST Bus,3,3,4,4,3,1,0,0,1,0
Borivali (W),2A,26-35,Business,2-3x/week,Shopping,BEST Bus,4,3,4,3,3,0,0,1,0,1
Borivali (W),2A,36-45,IT/Tech,4-5x/week,Leisure,BEST Bus,4,4,3,3,3,1,0,1,0,1
Borivali (W),2A,60+,Service,4-5x/week,Office,BEST Bus,4,5,3,3,4,0,0,0,1,1
Borivali (W),2A,26-35,Service,Rarely,Education,BEST Bus,3,4,3,3,3,0,0,0,0,1
Borivali (W),2A,26-35,IT/Tech,Daily,Office,BEST Bus,4,4,4,4,4,0,0,0,0,1
Borivali (W),2A,60+,Service,Daily,Office,BEST Bus,4,4,4,3,4,0,0,0,0,1
Borivali (W),2A,26-35,Student,4-5x/week,Education,BEST Bus,4,4,4,3,3,0,0,0,0,1
Borivali (W),2A,26-35,Service,2-3x/week,Office,BEST Bus,5,4,4,4,4,0,0,1,1,0
Borivali (W),2A,36-45,Business,Weekly,Leisure,BEST Bus,3,4,4,3,3,0,0,0,1,1
Borivali (W),2A,18-25,IT/Tech,Daily,Shopping,BEST Bus,4,3,3,3,4,0,0,0,1,1
Borivali (W),2A,18-25,IT/Tech,Daily,Office,BEST Bus,4,4,5,3,4,0,0,0,0,1
Borivali (W),2A,26-35,Other,Weekly,Office,BEST Bus,3,3,4,3,3,0,0,0,0,1
Borivali (W),2A,18-25,Service,Daily,Leisure,BEST Bus,4,4,3,3,4,1,0,0,1,1
Borivali (W),2A,26-35,Service,4-5x/week,Office,BEST Bus,4,3,4,3,4,0,1,0,1,1
Borivali (W),2A,36-45,Student,4-5x/week,Office,BEST Bus,4,3,4,3,4,0,0,1,0,1
Borivali (W),2A,36-45,Service,Daily,Office,BEST Bus,4,3,5,3,4,0,0,0,0,1
Borivali (W),2A,18-25,Business,Daily,Education,BEST Bus,4,3,4,3,4,1,0,0,0,1
Borivali (W),2A,18-25,IT/Tech,Weekly,Office,BEST Bus,4,4,4,2,3,0,0,0,0,1
Borivali (W),2A,18-25,IT/Tech,4-5x/week,Education,BEST Bus,3,4,4,3,4,0,0,0,0,1
Shimpoli,2A,46-60,Student,Rarely,Education,Shared Auto,3,3,3,3,2,0,0,1,0,0
Shimpoli,2A,36-45,IT/Tech,Rarely,Office,Shared Auto,3,3,2,3,3,0,1,0,0,0
Shimpoli,2A,26-35,Service,Daily,Leisure,Shared Auto,4,2,2,2,3,0,0,0,0,0
Shimpoli,2A,26-35,IT/Tech,Daily,Office,Shared Auto,3,2,2,2,2,1,1,1,0,0
Shimpoli,2A,18-25,IT/Tech,Daily,Education,Shared Auto,4,2,1,2,3,1,0,0,0,0
Shimpoli,2A,18-25,IT/Tech,Daily,Education,Shared Auto,3,3,1,3,3,0,0,0,0,1
Shimpoli,2A,36-45,IT/Tech,Daily,Shopping,Shared Auto,3,2,3,3,3,1,0,1,1,1
Shimpoli,2A,26-35,Student,2-3x/week,Leisure,Shared Auto,4,2,2,2,3,1,1,1,1,0
Shimpoli,2A,46-60,Service,4-5x/week,Office,Shared Auto,5,3,1,2,3,1,0,0,0,1
Shimpoli,2A,18-25,Service,4-5x/week,Office,Shared Auto,4,3,2,2,3,1,0,0,0,0
Shimpoli,2A,46-60,IT/Tech,Daily,Education,Shared Auto,3,3,2,2,3,0,0,1,1,1
Shimpoli,2A,18-25,IT/Tech,4-5x/week,Office,Shared Auto,3,2,2,2,3,1,1,1,1,1
Shimpoli,2A,26-35,IT/Tech,4-5x/week,Education,Shared Auto,3,3,3,3,3,0,0,0,1,1
Shimpoli,2A,26-35,Service,Daily,Office,Shared Auto,3,3,2,2,3,1,1,1,0,1
Shimpoli,2A,60+,Student,4-5x/week,Office,Shared Auto,3,3,2,3,2,1,0,1,0,0
Shimpoli,2A,36-45,Service,4-5x/week,Office,Shared Auto,3,3,2,2,3,0,0,1,1,0
Shimpoli,2A,26-35,Other,Daily,Other,Shared Auto,3,3,2,3,2,0,1,1,1,1
Shimpoli,2A,26-35,Service,4-5x/week,Education,Shared Auto,3,2,3,3,2,1,0,1,1,1
Shimpoli,2A,26-35,IT/Tech,Daily,Office,Shared Auto,4,2,1,2,2,0,1,0,0,0
Shimpoli,2A,46-60,IT/Tech,4-5x/week,Office,Shared Auto,3,3,2,3,2,0,0,1,0,0
Shimpoli,2A,26-35,Student,2-3x/week,Education,Shared Auto,3,3,2,2,3,1,0,1,1,1
Shimpoli,2A,36-45,Other,Daily,Leisure,Shared Auto,4,3,2,3,3,0,1,1,1,0
Shimpoli,2A,36-45,IT/Tech,Daily,Education,Shared Auto,4,3,3,2,3,0,1,1,0,1
Shimpoli,2A,18-25,Student,Daily,Education,Shared Auto,3,3,1,2,3,1,1,1,1,0
Shimpoli,2A,26-35,Service,Daily,Leisure,Shared Auto,3,2,3,3,3,0,0,1,1,0
Shimpoli,2A,46-60,Student,Daily,Leisure,Shared Auto,4,3,2,2,3,1,0,0,1,0
Shimpoli,2A,18-25,Service,Weekly,Leisure,Shared Auto,3,3,2,2,2,0,0,0,1,1
Shimpoli,2A,46-60,Service,Daily,Other,Shared Auto,3,2,2,3,3,0,1,0,1,1
Shimpoli,2A,18-25,Business,Daily,Office,Shared Auto,3,3,3,2,3,0,0,1,1,0
Shimpoli,2A,36-45,Service,2-3x/week,Shopping,Shared Auto,3,2,1,2,3,0,1,0,0,0
Shimpoli,2A,36-45,IT/Tech,Daily,Office,Shared Auto,4,3,2,3,2,0,0,0,0,0
Shimpoli,2A,46-60,Service,2-3x/week,Other,Shared Auto,4,3,2,3,3,1,0,1,1,0
Shimpoli,2A,26-35,Student,4-5x/week,Leisure,Shared Auto,4,2,1,2,2,0,0,0,0,0
Shimpoli,2A,18-25,Student,4-5x/week,Shopping,Shared Auto,3,3,2,3,3,1,1,1,1,0
Shimpoli,2A,46-60,IT/Tech,4-5x/week,Office,Shared Auto,4,3,2,3,3,0,1,1,1,1
Shimpoli,2A,26-35,Service,Daily,Shopping,Shared Auto,3,2,2,2,3,0,1,1,1,0
Shimpoli,2A,26-35,Business,Daily,Office,Shared Auto,3,2,3,2,3,1,1,0,0,0
Shimpoli,2A,46-60,IT/Tech,4-5x/week,Shopping,Shared Auto,4,2,2,2,2,1,1,0,1,0
Shimpoli,2A,36-45,Service,2-3x/week,Office,Shared Auto,5,3,2,3,3,1,1,0,0,1
Shimpoli,2A,26-35,Service,4-5x/week,Office,Shared Auto,3,2,2,3,2,0,1,1,0,0
Shimpoli,2A,18-25,IT/Tech,Daily,Education,Shared Auto,3,2,2,3,2,1,1,1,0,1
Shimpoli,2A,26-35,Student,2-3x/week,Leisure,Shared Auto,4,3,2,2,3,1,1,0,0,1
Shimpoli,2A,46-60,Service,Daily,Shopping,Shared Auto,4,2,2,2,3,0,0,0,0,0
Shimpoli,2A,18-25,IT/Tech,2-3x/week,Education,Shared Auto,4,2,2,2,3,1,0,0,1,1
Shimpoli,2A,60+,Student,Weekly,Office,Shared Auto,4,2,2,2,2,1,1,0,0,0
Shimpoli,2A,36-45,IT/Tech,2-3x/week,Leisure,Shared Auto,3,2,2,2,3,1,0,0,0,1
Shimpoli,2A,26-35,IT/Tech,2-3x/week,Office,Shared Auto,3,2,2,2,2,0,1,0,1,1
Shimpoli,2A,26-35,Student,Daily,Education,Shared Auto,3,3,2,2,3,0,1,1,1,0
Shimpoli,2A,18-25,IT/Tech,Weekly,Other,Shared Auto,3,2,2,2,3,0,0,0,0,1
Shimpoli,2A,18-25,Other,Daily,Office,Shared Auto,4,2,2,3,2,0,0,1,1,1
Shimpoli,2A,18-25,Student,Daily,Office,Shared Auto,4,2,3,2,3,1,0,0,1,0
Shimpoli,2A,36-45,Business,Daily,Office,Shared Auto,3,2,2,2,2,1,0,0,1,1
Shimpoli,2A,46-60,Business,Daily,Office,Shared Auto,3,3,2,3,2,0,1,1,1,1
Shimpoli,2A,36-45,IT/Tech,Daily,Office,Shared Auto,3,3,2,3,3,0,1,1,0,1
Shimpoli,2A,26-35,IT/Tech,Daily,Education,Shared Auto,3,2,2,2,3,1,1,0,0,1
Shimpoli,2A,26-35,Other,Rarely,Shopping,Shared Auto,4,3,2,2,2,1,1,1,1,1
Shimpoli,2A,26-35,Student,4-5x/week,Education,Shared Auto,4,3,2,3,2,1,1,0,1,1
Shimpoli,2A,26-35,Student,4-5x/week,Education,Shared Auto,4,2,2,3,3,1,0,0,1,1
Shimpoli,2A,46-60,Student,Daily,Shopping,Shared Auto,4,2,3,2,3,1,1,1,1,1
Shimpoli,2A,26-35,Other,Daily,Office,Shared Auto,4,2,3,2,3,1,0,0,1,0
Shimpoli,2A,18-25,IT/Tech,Daily,Shopping,Shared Auto,2,3,2,2,2,1,0,1,0,1
Shimpoli,2A,36-45,IT/Tech,Rarely,Office,Shared Auto,3,2,3,2,2,0,0,1,1,1
Shimpoli,2A,60+,Student,Rarely,Office,Shared Auto,4,2,2,3,3,0,1,0,1,0
Shimpoli,2A,26-35,Business,2-3x/week,Other,Shared Auto,4,3,2,2,2,1,1,0,1,0
Shimpoli,2A,26-35,IT/Tech,4-5x/week,Leisure,Shared Auto,4,3,2,3,3,0,1,0,0,0
Shimpoli,2A,26-35,IT/Tech,Rarely,Leisure,Shared Auto,3,2,1,2,3,0,0,1,1,1
Shimpoli,2A,46-60,IT/Tech,2-3x/week,Leisure,Shared Auto,3,2,3,2,2,1,0,0,0,0
Shimpoli,2A,18-25,Business,Daily,Other,Shared Auto,4,2,2,2,3,1,0,1,1,0
Shimpoli,2A,18-25,Service,Daily,Office,Shared Auto,4,3,2,3,3,0,0,1,1,1
Shimpoli,2A,60+,IT/Tech,Weekly,Education,Shared Auto,3,3,3,2,3,1,0,1,1,0
Shimpoli,2A,60+,Other,Daily,Education,Shared Auto,4,3,2,3,3,0,0,1,0,1
Shimpoli,2A,60+,IT/Tech,Weekly,Education,Shared Auto,4,3,3,3,3,0,1,1,0,0
Shimpoli,2A,18-25,Other,Daily,Office,Shared Auto,3,2,3,2,3,0,1,1,1,0
Shimpoli,2A,36-45,IT/Tech,4-5x/week,Education,Shared Auto,4,3,2,3,3,1,1,0,0,1
Shimpoli,2A,26-35,Other,Daily,Shopping,Shared Auto,3,3,2,2,3,1,0,1,1,0
Shimpoli,2A,18-25,Other,Daily,Education,Shared Auto,3,2,2,2,2,0,0,1,1,0
Shimpoli,2A,60+,IT/Tech,4-5x/week,Office,Shared Auto,4,2,2,3,2,0,1,0,0,0
Shimpoli,2A,18-25,Other,4-5x/week,Office,Shared Auto,4,3,2,2,3,0,0,1,1,1
Shimpoli,2A,26-35,Service,Daily,Office,Shared Auto,3,2,2,2,2,0,1,1,0,1
Shimpoli,2A,36-45,Service,Daily,Office,Shared Auto,4,3,2,3,1,1,0,1,0,1
Shimpoli,2A,26-35,IT/Tech,Daily,Education,Shared Auto,3,3,2,2,3,1,0,1,0,1
Shimpoli,2A,26-35,Student,Rarely,Office,Shared Auto,3,2,2,3,3,0,0,0,0,0
Shimpoli,2A,26-35,Student,2-3x/week,Office,Shared Auto,3,3,3,3,2,0,0,1,0,0
Shimpoli,2A,18-25,Service,Daily,Office,Shared Auto,4,3,2,2,3,0,1,0,1,1
Shimpoli,2A,18-25,Service,4-5x/week,Office,Shared Auto,3,4,2,2,2,1,1,0,0,1
Shimpoli,2A,60+,IT/Tech,4-5x/week,Office,Shared Auto,3,2,2,2,3,1,0,0,0,1
Shimpoli,2A,18-25,Business,Rarely,Education,Shared Auto,4,2,2,2,3,0,1,1,1,1
Shimpoli,2A,46-60,IT/Tech,Daily,Office,Shared Auto,3,2,3,3,3,0,1,1,1,1
Shimpoli,2A,26-35,Service,Weekly,Shopping,Shared Auto,3,2,2,2,2,1,0,0,1,0
Shimpoli,2A,46-60,Other,Daily,Office,Shared Auto,3,3,2,3,3,0,1,1,1,1
Shimpoli,2A,46-60,Other,4-5x/week,Office,Shared Auto,4,3,2,2,3,1,1,0,0,1
Shimpoli,2A,46-60,IT/Tech,Daily,Office,Shared Auto,3,3,2,2,2,1,0,1,1,0
Shimpoli,2A,36-45,IT/Tech,Daily,Office,Shared Auto,4,2,3,3,3,1,1,1,1,0
Shimpoli,2A,26-35,Student,Daily,Office,Shared Auto,4,3,2,3,3,1,0,0,1,0
Shimpoli,2A,18-25,Business,4-5x/week,Shopping,Shared Auto,3,2,1,2,3,1,1,1,1,1
Shimpoli,2A,46-60,Other,4-5x/week,Office,Shared Auto,3,2,2,2,3,0,0,0,0,1
Shimpoli,2A,26-35,Service,2-3x/week,Leisure,Shared Auto,4,2,2,2,2,1,1,0,1,0
Shimpoli,2A,26-35,IT/Tech,4-5x/week,Office,Shared Auto,4,2,2,2,3,1,0,1,0,0
Shimpoli,2A,26-35,Service,Daily,Education,Shared Auto,3,3,2,2,3,1,0,1,0,1
Shimpoli,2A,18-25,Service,Weekly,Office,Shared Auto,3,3,2,3,2,0,1,1,0,1
Shimpoli,2A,26-35,Student,Daily,Education,Shared Auto,4,2,2,2,2,1,0,0,0,1
Shimpoli,2A,46-60,Student,Daily,Leisure,Shared Auto,4,3,2,2,2,1,1,0,1,0
Shimpoli,2A,46-60,Service,Weekly,Education,Shared Auto,3,2,2,2,3,0,0,0,1,0
Shimpoli,2A,36-45,IT/Tech,Daily,Education,Shared Auto,3,3,2,2,3,1,1,1,1,1
Shimpoli,2A,36-45,Service,Daily,Office,Shared Auto,4,3,2,2,3,0,1,1,1,1
Shimpoli,2A,26-35,IT/Tech,4-5x/week,Education,Shared Auto,4,2,2,2,3,1,1,0,1,0
Shimpoli,2A,26-35,IT/Tech,Daily,Office,Shared Auto,4,3,2,2,3,1,0,0,1,1
Shimpoli,2A,60+,Service,Daily,Other,Shared Auto,4,3,1,2,2,0,1,0,1,1
Shimpoli,2A,18-25,Other,2-3x/week,Leisure,Shared Auto,4,3,3,2,2,0,1,1,1,1
Shimpoli,2A,18-25,Student,4-5x/week,Office,Shared Auto,3,3,2,3,3,0,1,0,0,0
Shimpoli,2A,46-60,Student,2-3x/week,Shopping,Shared Auto,3,3,3,3,2,0,1,0,1,1
Shimpoli,2A,26-35,Student,Daily,Education,Shared Auto,3,3,2,2,3,1,0,0,0,1
Shimpoli,2A,36-45,IT/Tech,4-5x/week,Shopping,Shared Auto,3,3,2,3,3,0,1,0,1,0
Shimpoli,2A,18-25,IT/Tech,Weekly,Office,Shared Auto,4,3,3,2,2,1,0,1,0,1
Shimpoli,2A,18-25,Business,Daily,Office,Shared Auto,4,2,2,2,2,1,1,0,1,1
Kandivali (W),2A,26-35,Student,Weekly,Leisure,BEST Bus,4,4,4,4,3,0,1,0,0,0
Kandivali (W),2A,18-25,Student,Rarely,Office,BEST Bus,4,4,4,4,3,0,0,0,0,1
Kandivali (W),2A,36-45,Service,Weekly,Other,BEST Bus,4,4,3,4,2,1,1,0,0,1
Kandivali (W),2A,26-35,Other,4-5x/week,Office,BEST Bus,4,4,3,3,2,0,0,0,1,1
Kandivali (W),2A,36-45,Student,4-5x/week,Office,BEST Bus,4,4,4,4,3,1,1,0,0,1
Kandivali (W),2A,36-45,IT/Tech,2-3x/week,Leisure,BEST Bus,5,3,4,3,3,1,0,0,0,1
Kandivali (W),2A,18-25,Service,Rarely,Education,BEST Bus,3,3,4,4,3,0,0,0,0,1
Kandivali (W),2A,36-45,IT/Tech,Rarely,Office,BEST Bus,4,4,4,4,3,0,1,1,0,1
Kandivali (W),2A,36-45,Service,Daily,Education,BEST Bus,4,4,3,3,3,0,0,0,0,1
Kandivali (W),2A,26-35,IT/Tech,Weekly,Office,BEST Bus,4,4,5,3,2,0,0,1,1,1
Kandivali (W),2A,18-25,Service,Daily,Education,BEST Bus,3,4,4,4,3,0,0,0,0,1
Kandivali (W),2A,18-25,IT/Tech,4-5x/week,Education,BEST Bus,4,3,3,3,3,0,0,0,0,1
Kandivali (W),2A,26-35,Other,Weekly,Leisure,BEST Bus,3,4,3,4,3,0,0,0,0,1
Kandivali (W),2A,26-35,Service,Daily,Leisure,BEST Bus,4,4,4,4,3,0,0,0,0,0
Kandivali (W),2A,18-25,IT/Tech,4-5x/week,Office,BEST Bus,3,3,3,4,3,1,0,0,0,1
Kandivali (W),2A,18-25,Student,4-5x/week,Leisure,BEST Bus,4,3,4,4,3,0,0,0,0,1
Kandivali (W),2A,18-25,IT/Tech,Daily,Office,BEST Bus,3,4,3,3,4,0,1,0,1,1
Kandivali (W),2A,36-45,Service,Daily,Office,BEST Bus,4,4,3,4,3,0,0,0,0,0
Kandivali (W),2A,36-45,IT/Tech,Daily,Office,BEST Bus,4,3,4,3,3,0,0,1,0,1
Kandivali (W),2A,36-45,Student,4-5x/week,Office,BEST Bus,3,4,4,4,3,0,0,0,0,0
Kandivali (W),2A,26-35,Other,2-3x/week,Office,BEST Bus,4,3,3,3,3,0,0,0,0,1
Kandivali (W),2A,46-60,IT/Tech,Daily,Education,BEST Bus,4,3,4,4,3,0,1,0,0,1
Kandivali (W),2A,26-35,Business,Rarely,Office,BEST Bus,4,4,4,3,3,0,0,1,0,1
Kandivali (W),2A,36-45,Business,Daily,Office,BEST Bus,3,4,3,3,3,0,0,1,1,1
Kandivali (W),2A,18-25,Service,4-5x/week,Office,BEST Bus,5,3,4,3,3,0,0,0,0,1
Kandivali (W),2A,26-35,Service,Rarely,Education,BEST Bus,4,4,4,4,3,0,0,0,0,0
Kandivali (W),2A,60+,Service,2-3x/week,Office,BEST Bus,3,4,4,4,2,0,0,0,1,1
Kandivali (W),2A,26-35,Student,Daily,Office,BEST Bus,3,3,4,4,2,1,0,0,1,1
Kandivali (W),2A,18-25,Business,Daily,Office,BEST Bus,4,4,4,4,3,0,1,0,1,0
Kandivali (W),2A,46-60,Other,Daily,Shopping,BEST Bus,4,4,4,3,3,0,1,0,0,1
Kandivali (W),2A,26-35,IT/Tech,Daily,Shopping,BEST Bus,4,4,3,4,4,1,1,1,0,0
Kandivali (W),2A,18-25,Student,4-5x/week,Office,BEST Bus,3,4,3,4,2,0,0,0,0,1
Kandivali (W),2A,18-25,Business,4-5x/week,Leisure,BEST Bus,3,3,4,4,2,0,0,0,0,1
Kandivali (W),2A,18-25,Business,4-5x/week,Office,BEST Bus,4,4,4,4,3,0,0,0,1,0
Kandivali (W),2A,18-25,Other,4-5x/week,Office,BEST Bus,4,3,4,4,3,0,0,0,0,0
Kandivali (W),2A,26-35,Business,Daily,Shopping,BEST Bus,3,4,3,3,3,0,0,0,0,1
Kandivali (W),2A,46-60,Service,4-5x/week,Office,BEST Bus,4,4,4,3,3,0,0,1,1,1
Kandivali (W),2A,36-45,IT/Tech,Daily,Office,BEST Bus,5,4,3,4,3,0,0,1,0,1
Kandivali (W),2A,36-45,IT/Tech,Rarely,Other,BEST Bus,4,4,4,4,3,1,0,0,0,1
Kandivali (W),2A,46-60,Other,4-5x/week,Office,BEST Bus,4,3,4,3,3,0,0,1,0,1
Kandivali (W),2A,26-35,Student,4-5x/week,Office,BEST Bus,3,4,4,3,3,1,0,0,1,1
Kandivali (W),2A,46-60,Business,Weekly,Office,BEST Bus,3,4,4,3,2,0,0,1,1,1
Kandivali (W),2A,18-25,Business,4-5x/week,Other,BEST Bus,4,4,3,4,2,1,0,0,0,1
Kandivali (W),2A,26-35,Other,2-3x/week,Office,BEST Bus,5,4,4,4,2,1,0,1,0,0
Kandivali (W),2A,26-35,Business,Rarely,Office,BEST Bus,4,4,3,4,3,0,0,0,1,0
Kandivali (W),2A,46-60,Student,4-5x/week,Office,BEST Bus,4,4,3,2,2,0,1,0,0,1
Kandivali (W),2A,36-45,Service,Weekly,Shopping,BEST Bus,3,4,4,3,3,0,0,0,0,1
Kandivali (W),2A,36-45,Other,Daily,Other,BEST Bus,4,4,4,3,3,0,0,0,0,1
Kandivali (W),2A,18-25,Business,Daily,Leisure,BEST Bus,4,4,4,4,3,1,1,0,0,1
Kandivali (W),2A,60+,Student,2-3x/week,Leisure,BEST Bus,4,4,4,3,3,1,0,1,1,1
Kandivali (W),2A,26-35,IT/Tech,Daily,Office,BEST Bus,3,4,3,4,3,1,0,1,1,1
Kandivali (W),2A,26-35,Business,Daily,Office,BEST Bus,4,4,3,4,3,0,1,0,0,1
Kandivali (W),2A,18-25,Service,Daily,Office,BEST Bus,3,3,4,4,3,0,0,0,0,1
Kandivali (W),2A,26-35,Service,2-3x/week,Shopping,BEST Bus,5,4,3,3,2,0,0,1,0,1
Kandivali (W),2A,18-25,Student,4-5x/week,Office,BEST Bus,5,3,3,3,3,0,0,0,0,0
Kandivali (W),2A,26-35,Student,4-5x/week,Office,BEST Bus,4,3,4,3,3,0,1,1,0,1
Kandivali (W),2A,18-25,Other,Rarely,Education,BEST Bus,4,4,3,4,3,1,1,0,1,0
Kandivali (W),2A,18-25,IT/Tech,4-5x/week,Education,BEST Bus,4,3,4,3,3,1,0,0,1,1
Kandivali (W),2A,18-25,Student,Weekly,Leisure,BEST Bus,4,3,3,4,3,0,0,1,0,0
Kandivali (W),2A,46-60,Student,4-5x/week,Office,BEST Bus,4,3,4,3,2,0,0,1,0,0
Kandivali (W),2A,18-25,IT/Tech,Daily,Office,BEST Bus,4,3,4,4,2,0,0,0,0,0
Kandivali (W),2A,36-45,IT/Tech,4-5x/week,Office,BEST Bus,4,4,4,4,3,1,0,0,0,1
Kandivali (W),2A,46-60,Business,2-3x/week,Education,BEST Bus,4,4,3,4,3,0,0,1,0,1
Kandivali (W),2A,26-35,Other,2-3x/week,Shopping,BEST Bus,4,4,3,4,3,0,0,0,1,1
Kandivali (W),2A,18-25,Service,Rarely,Office,BEST Bus,4,4,4,3,3,0,0,0,0,1
Kandivali (W),2A,18-25,Service,Daily,Education,BEST Bus,4,4,4,4,3,0,0,1,0,1
Kandivali (W),2A,18-25,Student,Daily,Office,BEST Bus,3,3,4,3,3,0,0,0,1,0
Kandivali (W),2A,26-35,Business,2-3x/week,Shopping,BEST Bus,4,3,4,4,2,0,0,0,0,0
Kandivali (W),2A,36-45,Business,2-3x/week,Office,BEST Bus,4,3,3,3,3,0,0,1,0,0
Kandivali (W),2A,46-60,IT/Tech,Weekly,Education,BEST Bus,4,4,3,3,2,0,1,0,0,1
Kandivali (W),2A,18-25,Student,Daily,Office,BEST Bus,4,3,4,4,3,0,0,0,0,1
Kandivali (W),2A,26-35,IT/Tech,Daily,Education,BEST Bus,4,3,3,3,3,0,0,0,0,1
Kandivali (W),2A,26-35,Service,2-3x/week,Shopping,BEST Bus,4,4,4,3,3,0,1,1,0,0
Kandivali (W),2A,26-35,Other,Daily,Other,BEST Bus,4,3,3,3,3,0,0,0,1,0
Kandivali (W),2A,26-35,IT/Tech,4-5x/week,Education,BEST Bus,4,3,3,4,3,0,0,0,0,1
Kandivali (W),2A,46-60,Business,Rarely,Shopping,BEST Bus,4,4,3,4,3,0,1,1,1,0
Kandivali (W),2A,18-25,Service,2-3x/week,Office,BEST Bus,4,5,3,4,3,1,1,0,0,0
Kandivali (W),2A,36-45,IT/Tech,Weekly,Office,BEST Bus,4,4,4,4,3,1,0,1,0,1
Kandivali (W),2A,26-35,Other,Weekly,Leisure,BEST Bus,4,3,3,4,3,0,0,1,1,0
Kandivali (W),2A,26-35,IT/Tech,4-5x/week,Office,BEST Bus,4,4,4,4,3,0,0,1,0,0
Kandivali (W),2A,18-25,Business,2-3x/week,Office,BEST Bus,4,4,4,3,3,0,0,1,0,1
Kandivali (W),2A,18-25,Service,Daily,Office,BEST Bus,4,3,4,3,3,1,0,0,0,1
Kandivali (W),2A,26-35,IT/Tech,Daily,Office,BEST Bus,4,4,3,4,3,0,0,0,0,1
Kandivali (W),2A,18-25,Student,Daily,Office,BEST Bus,4,4,5,4,2,0,1,0,0,0
Kandivali (W),2A,26-35,IT/Tech,Daily,Education,BEST Bus,4,3,4,4,3,0,0,1,0,0
Kandivali (W),2A,26-35,Service,2-3x/week,Education,BEST Bus,4,4,4,3,3,1,0,0,0,1
Kandivali (W),2A,18-25,Student,Daily,Office,BEST Bus,3,4,4,3,2,1,0,0,0,0
Kandivali (W),2A,26-35,IT/Tech,2-3x/week,Office,BEST Bus,4,3,3,4,3,1,1,0,0,1
Kandivali (W),2A,18-25,IT/Tech,Weekly,Office,BEST Bus,4,3,3,4,2,1,0,0,0,1
Kandivali (W),2A,26-35,Other,2-3x/week,Office,BEST Bus,4,4,3,4,4,1,0,0,0,1
Kandivali (W),2A,26-35,IT/Tech,4-5x/week,Office,BEST Bus,5,4,4,3,3,0,1,0,0,1
Kandivali (W),2A,18-25,Student,Daily,Office,BEST Bus,4,4,3,4,3,0,1,0,0,1
Kandivali (W),2A,36-45,IT/Tech,Daily,Shopping,BEST Bus,3,4,4,4,2,0,0,0,0,1
Kandivali (W),2A,26-35,IT/Tech,2-3x/week,Shopping,BEST Bus,4,4,4,4,3,0,1,1,0,0
Kandivali (W),2A,26-35,IT/Tech,4-5x/week,Office,BEST Bus,4,4,4,4,3,1,0,0,0,1
Dahanukarwadi,2A,26-35,IT/Tech,4-5x/week,Office,Shared Auto,3,2,3,3,3,0,1,0,0,0
Dahanukarwadi,2A,26-35,IT/Tech,Weekly,Shopping,Shared Auto,4,3,1,3,2,0,1,0,0,1
Dahanukarwadi,2A,18-25,Business,Daily,Shopping,Shared Auto,3,2,2,4,2,1,1,0,1,1
Dahanukarwadi,2A,26-35,Service,Daily,Office,Shared Auto,3,2,3,3,3,1,1,1,0,1
Dahanukarwadi,2A,18-25,IT/Tech,4-5x/week,Office,Shared Auto,3,2,3,3,2,0,1,1,1,1
Dahanukarwadi,2A,18-25,IT/Tech,Daily,Education,Shared Auto,3,2,2,3,3,1,1,0,0,1
Dahanukarwadi,2A,26-35,IT/Tech,2-3x/week,Office,Shared Auto,4,1,2,3,3,1,0,0,0,1
Dahanukarwadi,2A,18-25,Business,Rarely,Education,Shared Auto,3,3,3,3,2,0,1,0,1,1
Dahanukarwadi,2A,18-25,IT/Tech,4-5x/week,Other,Shared Auto,4,2,3,3,2,1,0,0,0,0
Dahanukarwadi,2A,60+,IT/Tech,Rarely,Leisure,Shared Auto,4,2,2,3,3,1,0,0,0,0
Dahanukarwadi,2A,18-25,Business,2-3x/week,Other,Shared Auto,3,2,3,3,2,0,1,1,1,0
Dahanukarwadi,2A,18-25,IT/Tech,4-5x/week,Other,Shared Auto,3,2,2,4,3,0,0,1,1,0
Dahanukarwadi,2A,46-60,Service,Daily,Other,Shared Auto,4,2,2,3,2,1,1,1,1,1
Dahanukarwadi,2A,26-35,Service,Daily,Education,Shared Auto,3,2,3,4,2,0,0,1,0,1
Dahanukarwadi,2A,36-45,Business,2-3x/week,Office,Shared Auto,4,2,2,4,2,1,0,1,1,1
Dahanukarwadi,2A,26-35,IT/Tech,Daily,Office,Shared Auto,4,2,3,3,3,0,0,1,0,1
Dahanukarwadi,2A,46-60,Service,4-5x/week,Office,Shared Auto,3,1,3,3,2,0,1,0,0,0
Dahanukarwadi,2A,46-60,Other,Daily,Office,Shared Auto,3,2,3,3,2,1,1,1,0,1
Dahanukarwadi,2A,60+,Service,Daily,Leisure,Shared Auto,3,2,2,3,3,0,1,0,0,0
Dahanukarwadi,2A,26-35,Student,Daily,Leisure,Shared Auto,3,2,3,3,2,1,0,0,0,0
Dahanukarwadi,2A,18-25,Business,2-3x/week,Office,Shared Auto,4,2,2,3,2,1,1,0,0,0
Dahanukarwadi,2A,26-35,Student,Weekly,Shopping,Shared Auto,3,2,2,3,3,0,1,1,0,0
Dahanukarwadi,2A,26-35,Student,Daily,Leisure,Shared Auto,4,2,2,4,3,1,1,1,0,0
Dahanukarwadi,2A,46-60,IT/Tech,4-5x/week,Education,Shared Auto,4,2,3,4,3,1,1,0,0,0
Dahanukarwadi,2A,26-35,IT/Tech,Daily,Other,Shared Auto,4,2,3,3,2,1,0,0,1,1
Dahanukarwadi,2A,46-60,IT/Tech,4-5x/week,Education,Shared Auto,4,2,2,3,3,1,1,0,1,1
Dahanukarwadi,2A,26-35,Student,Daily,Leisure,Shared Auto,4,2,2,3,2,1,1,1,1,0
Dahanukarwadi,2A,18-25,IT/Tech,Daily,Leisure,Shared Auto,3,3,4,3,3,0,0,1,1,1
Dahanukarwadi,2A,36-45,IT/Tech,Rarely,Other,Shared Auto,3,2,3,3,2,1,0,0,1,1
Dahanukarwadi,2A,26-35,IT/Tech,Daily,Leisure,Shared Auto,3,2,3,3,2,0,0,0,0,0
Dahanukarwadi,2A,46-60,IT/Tech,Daily,Office,Shared Auto,3,2,3,3,3,0,0,1,1,1
Dahanukarwadi,2A,36-45,Service,4-5x/week,Leisure,Shared Auto,4,3,2,3,2,0,0,0,1,0
Dahanukarwadi,2A,26-35,IT/Tech,2-3x/week,Office,Shared Auto,4,2,2,4,3,0,0,1,0,0
Dahanukarwadi,2A,36-45,IT/Tech,2-3x/week,Office,Shared Auto,3,3,3,3,2,0,0,1,0,1
Dahanukarwadi,2A,60+,Service,Weekly,Education,Shared Auto,3,2,3,4,3,1,1,0,1,0
Dahanukarwadi,2A,36-45,Service,4-5x/week,Office,Shared Auto,4,2,3,3,3,1,1,1,0,0
Dahanukarwadi,2A,18-25,Business,Daily,Education,Shared Auto,4,2,3,3,3,1,0,0,0,1
Dahanukarwadi,2A,36-45,Student,Rarely,Office,Shared Auto,4,2,3,3,2,1,1,0,1,1
Dahanukarwadi,2A,26-35,Business,4-5x/week,Education,Shared Auto,3,2,3,3,3,0,0,1,1,1
Dahanukarwadi,2A,36-45,Student,4-5x/week,Shopping,Shared Auto,3,3,3,3,2,1,0,0,1,1
Dahanukarwadi,2A,18-25,Service,4-5x/week,Leisure,Shared Auto,3,2,2,3,3,0,0,1,1,0
Dahanukarwadi,2A,26-35,Business,2-3x/week,Office,Shared Auto,3,1,2,4,2,0,0,1,1,1
Dahanukarwadi,2A,26-35,Business,Daily,Leisure,Shared Auto,3,3,3,3,2,1,0,0,0,1
Dahanukarwadi,2A,36-45,Other,2-3x/week,Office,Shared Auto,4,3,4,3,3,1,1,1,0,1
Dahanukarwadi,2A,46-60,Other,2-3x/week,Other,Shared Auto,3,2,3,3,2,1,1,0,1,0
Dahanukarwadi,2A,18-25,Service,2-3x/week,Office,Shared Auto,4,2,2,3,2,1,1,1,0,1
Dahanukarwadi,2A,46-60,IT/Tech,Daily,Office,Shared Auto,3,2,2,3,3,0,0,1,1,1
Dahanukarwadi,2A,26-35,Service,Rarely,Education,Shared Auto,4,2,3,3,2,1,1,0,1,0
Dahanukarwadi,2A,26-35,IT/Tech,4-5x/week,Office,Shared Auto,3,2,3,3,3,0,1,0,0,0
Dahanukarwadi,2A,18-25,Service,4-5x/week,Other,Shared Auto,3,2,3,3,3,1,1,0,1,1
Dahanukarwadi,2A,26-35,IT/Tech,Daily,Office,Shared Auto,3,2,3,3,3,1,1,1,1,0
Dahanukarwadi,2A,46-60,Service,Daily,Shopping,Shared Auto,4,2,3,4,2,0,0,1,0,0
Dahanukarwadi,2A,26-35,Service,4-5x/week,Office,Shared Auto,4,2,2,3,3,0,0,1,0,1
Dahanukarwadi,2A,46-60,Business,Daily,Education,Shared Auto,3,3,3,3,3,1,1,1,1,0
Dahanukarwadi,2A,46-60,IT/Tech,4-5x/week,Office,Shared Auto,3,2,3,3,2,1,0,0,0,1
Dahanukarwadi,2A,18-25,Student,4-5x/week,Office,Shared Auto,3,1,2,3,2,0,0,0,0,1
Dahanukarwadi,2A,60+,Other,Rarely,Office,Shared Auto,3,3,1,3,2,0,0,1,1,0
Dahanukarwadi,2A,18-25,Other,Daily,Office,Shared Auto,3,3,2,3,3,1,0,1,0,0
Dahanukarwadi,2A,46-60,Business,4-5x/week,Leisure,Shared Auto,2,2,2,3,3,1,1,1,0,0
Dahanukarwadi,2A,36-45,Business,Daily,Education,Shared Auto,3,2,2,4,2,1,1,0,0,1
Dahanukarwadi,2A,18-25,IT/Tech,2-3x/week,Office,Shared Auto,3,2,3,3,3,1,1,0,1,0
Dahanukarwadi,2A,36-45,Student,Rarely,Leisure,Shared Auto,3,2,3,4,2,0,0,1,0,1
Dahanukarwadi,2A,18-25,IT/Tech,2-3x/week,Office,Shared Auto,3,2,2,3,3,1,0,0,1,1
Dahanukarwadi,2A,60+,Business,Daily,Other,Shared Auto,3,2,2,4,2,0,0,1,1,1
Dahanukarwadi,2A,18-25,Service,4-5x/week,Office,Shared Auto,2,2,3,3,2,0,1,0,0,1
Dahanukarwadi,2A,18-25,Business,Daily,Education,Shared Auto,4,3,3,3,3,0,0,1,0,0
Dahanukarwadi,2A,26-35,Business,2-3x/week,Shopping,Shared Auto,3,2,3,3,3,1,1,0,0,0
Dahanukarwadi,2A,26-35,Service,Weekly,Office,Shared Auto,3,2,3,3,2,1,1,1,0,1
Dahanukarwadi,2A,26-35,Business,Daily,Office,Shared Auto,3,2,2,4,2,1,0,1,0,1
Dahanukarwadi,2A,26-35,Service,Daily,Office,Shared Auto,4,2,3,3,3,0,1,0,1,1
Dahanukarwadi,2A,26-35,Service,Daily,Education,Shared Auto,4,2,3,3,3,0,1,1,0,1
Dahanukarwadi,2A,46-60,IT/Tech,4-5x/week,Office,Shared Auto,3,2,3,4,3,1,0,0,1,0
Dahanukarwadi,2A,36-45,Other,4-5x/week,Education,Shared Auto,3,2,3,3,3,0,0,1,1,0
Dahanukarwadi,2A,60+,IT/Tech,Daily,Office,Shared Auto,3,2,3,3,4,1,1,1,0,1
Dahanukarwadi,2A,36-45,IT/Tech,Daily,Shopping,Shared Auto,3,2,3,4,3,1,0,1,1,0
Dahanukarwadi,2A,26-35,Service,Daily,Other,Shared Auto,3,1,3,3,3,1,1,1,1,1
Dahanukarwadi,2A,26-35,IT/Tech,Daily,Office,Shared Auto,3,2,2,3,2,0,0,0,0,0
Dahanukarwadi,2A,26-35,Student,4-5x/week,Office,Shared Auto,3,2,3,3,3,1,0,0,1,0
Dahanukarwadi,2A,26-35,Student,Daily,Shopping,Shared Auto,3,2,3,2,3,1,0,0,0,0
Dahanukarwadi,2A,26-35,Student,Weekly,Education,Shared Auto,4,2,3,3,2,1,1,0,1,1
Dahanukarwadi,2A,26-35,IT/Tech,Weekly,Office,Shared Auto,4,2,3,3,3,0,1,1,1,1
Dahanukarwadi,2A,26-35,Service,Daily,Office,Shared Auto,3,2,2,4,2,0,0,1,0,1
Dahanukarwadi,2A,26-35,Service,Rarely,Education,Shared Auto,3,2,3,4,2,1,0,0,0,1
Dahanukarwadi,2A,18-25,IT/Tech,2-3x/week,Other,Shared Auto,3,2,3,3,2,0,0,1,0,0
Dahanukarwadi,2A,36-45,Other,4-5x/week,Education,Shared Auto,3,2,3,4,3,1,1,0,1,0
Dahanukarwadi,2A,36-45,Student,2-3x/week,Office,Shared Auto,3,2,2,3,2,1,0,1,1,0
Valnai-Meeth Chowky,2A,26-35,IT/Tech,Rarely,Office,Shared Auto,3,3,2,3,2,0,0,1,0,1
Valnai-Meeth Chowky,2A,26-35,Student,Daily,Office,Shared Auto,4,3,2,4,3,1,0,0,0,1
Valnai-Meeth Chowky,2A,26-35,IT/Tech,Daily,Shopping,Shared Auto,3,2,2,4,3,0,1,0,0,1
Valnai-Meeth Chowky,2A,60+,Other,4-5x/week,Office,Shared Auto,3,2,2,4,3,0,0,1,1,0
Valnai-Meeth Chowky,2A,18-25,Other,Daily,Leisure,Shared Auto,4,2,2,4,2,1,1,1,0,1
Valnai-Meeth Chowky,2A,46-60,Business,Daily,Office,Shared Auto,4,2,3,4,2,0,1,0,1,1
Valnai-Meeth Chowky,2A,26-35,Student,Daily,Office,Shared Auto,4,3,3,4,3,1,0,1,1,0
Valnai-Meeth Chowky,2A,36-45,Business,4-5x/week,Shopping,Shared Auto,3,2,2,3,3,1,1,1,0,0
Valnai-Meeth Chowky,2A,36-45,Student,4-5x/week,Education,Shared Auto,3,2,3,4,3,1,1,1,0,0
Valnai-Meeth Chowky,2A,36-45,IT/Tech,Daily,Office,Shared Auto,3,2,3,4,2,1,1,0,0,0
Valnai-Meeth Chowky,2A,36-45,Student,Daily,Education,Shared Auto,3,3,3,4,3,0,1,1,0,0
Valnai-Meeth Chowky,2A,26-35,Student,Rarely,Office,Shared Auto,3,2,3,4,3,0,1,1,1,1
Valnai-Meeth Chowky,2A,26-35,Other,Daily,Leisure,Shared Auto,4,2,3,4,3,0,1,0,1,1
Valnai-Meeth Chowky,2A,18-25,IT/Tech,2-3x/week,Education,Shared Auto,3,2,2,4,3,0,1,1,0,0
Valnai-Meeth Chowky,2A,46-60,Business,Daily,Shopping,Shared Auto,3,3,2,4,3,1,0,0,0,1
Valnai-Meeth Chowky,2A,26-35,IT/Tech,4-5x/week,Office,Shared Auto,4,3,3,4,2,1,1,0,0,1
Valnai-Meeth Chowky,2A,36-45,Student,Daily,Office,Shared Auto,4,2,2,4,3,0,0,1,0,0
Valnai-Meeth Chowky,2A,36-45,IT/Tech,Weekly,Office,Shared Auto,3,3,2,3,2,1,0,1,0,1
Valnai-Meeth Chowky,2A,26-35,IT/Tech,4-5x/week,Other,Shared Auto,5,3,3,4,3,1,0,0,0,1
Valnai-Meeth Chowky,2A,36-45,Student,2-3x/week,Education,Shared Auto,3,3,3,4,2,1,0,1,0,0
Valnai-Meeth Chowky,2A,26-35,Student,Daily,Leisure,Shared Auto,3,2,2,4,3,1,1,1,0,1
Valnai-Meeth Chowky,2A,26-35,IT/Tech,Daily,Education,Shared Auto,4,2,2,3,3,1,1,0,1,0
Valnai-Meeth Chowky,2A,26-35,Service,Daily,Shopping,Shared Auto,3,3,3,4,3,1,0,1,0,0
Valnai-Meeth Chowky,2A,26-35,IT/Tech,Daily,Shopping,Shared Auto,3,2,3,3,2,0,1,0,1,1
Valnai-Meeth Chowky,2A,36-45,IT/Tech,4-5x/week,Leisure,Shared Auto,4,2,3,4,3,1,0,1,0,0
Valnai-Meeth Chowky,2A,46-60,IT/Tech,Daily,Office,Shared Auto,4,3,2,3,3,0,1,0,0,1
Valnai-Meeth Chowky,2A,26-35,Service,4-5x/week,Leisure,Shared Auto,3,2,3,4,3,0,1,1,0,0
Valnai-Meeth Chowky,2A,36-45,Other,4-5x/week,Office,Shared Auto,4,3,3,4,2,1,1,0,1,1
Valnai-Meeth Chowky,2A,26-35,Business,Daily,Office,Shared Auto,3,2,3,4,2,1,0,0,1,1
Valnai-Meeth Chowky,2A,46-60,Business,4-5x/week,Education,Shared Auto,3,2,3,3,2,1,0,1,0,1
Valnai-Meeth Chowky,2A,18-25,Business,Daily,Office,Shared Auto,4,3,3,4,2,1,1,0,0,1
Valnai-Meeth Chowky,2A,36-45,Student,Daily,Office,Shared Auto,4,2,3,4,2,1,0,0,0,1
Valnai-Meeth Chowky,2A,60+,Other,Daily,Office,Shared Auto,3,2,3,3,3,0,1,1,0,0
Valnai-Meeth Chowky,2A,36-45,Student,Daily,Office,Shared Auto,3,3,3,4,3,0,0,0,0,1
Valnai-Meeth Chowky,2A,26-35,IT/Tech,Daily,Leisure,Shared Auto,3,3,3,4,3,1,1,0,0,1
Valnai-Meeth Chowky,2A,36-45,Service,Daily,Education,Shared Auto,3,2,3,4,3,1,1,0,1,1
Valnai-Meeth Chowky,2A,26-35,IT/Tech,Daily,Leisure,Shared Auto,4,3,2,3,2,1,0,0,0,0
Valnai-Meeth Chowky,2A,18-25,Business,4-5x/week,Office,Shared Auto,3,3,2,4,3,1,1,0,0,0
Valnai-Meeth Chowky,2A,18-25,Business,Daily,Office,Shared Auto,3,3,3,4,3,0,0,0,0,1
Valnai-Meeth Chowky,2A,18-25,IT/Tech,Daily,Education,Shared Auto,3,3,2,4,2,0,1,1,1,0
Valnai-Meeth Chowky,2A,36-45,Service,Daily,Other,Shared Auto,3,2,3,3,2,1,0,1,0,1
Valnai-Meeth Chowky,2A,46-60,Service,Daily,Office,Shared Auto,3,3,3,4,3,1,1,0,0,0
Valnai-Meeth Chowky,2A,26-35,Student,4-5x/week,Education,Shared Auto,3,2,2,3,3,1,0,0,0,0
Valnai-Meeth Chowky,2A,60+,Business,Daily,Office,Shared Auto,3,2,3,4,3,1,1,1,1,1
Valnai-Meeth Chowky,2A,46-60,Service,Daily,Office,Shared Auto,3,3,3,4,2,0,0,0,1,0
Valnai-Meeth Chowky,2A,18-25,Business,Daily,Education,Shared Auto,4,2,3,4,3,0,1,0,0,1
Valnai-Meeth Chowky,2A,60+,IT/Tech,Daily,Office,Shared Auto,4,2,2,4,2,0,1,0,1,0
Valnai-Meeth Chowky,2A,46-60,IT/Tech,2-3x/week,Shopping,Shared Auto,3,2,2,4,3,1,0,0,0,0
Valnai-Meeth Chowky,2A,26-35,Other,Daily,Office,Shared Auto,3,2,2,4,3,1,1,1,0,0
Valnai-Meeth Chowky,2A,36-45,Student,4-5x/week,Other,Shared Auto,3,1,2,4,3,0,1,0,0,1
Valnai-Meeth Chowky,2A,18-25,Service,Rarely,Leisure,Shared Auto,3,3,2,3,3,1,0,0,0,0
Valnai-Meeth Chowky,2A,26-35,Student,Daily,Office,Shared Auto,4,2,3,3,3,1,1,1,0,0
Valnai-Meeth Chowky,2A,26-35,Student,2-3x/week,Office,Shared Auto,4,3,2,3,3,0,0,1,0,1
Valnai-Meeth Chowky,2A,26-35,Service,Weekly,Office,Shared Auto,3,2,2,3,3,1,1,1,0,1
Valnai-Meeth Chowky,2A,18-25,Student,Daily,Office,Shared Auto,3,2,3,4,2,0,1,1,1,1
Valnai-Meeth Chowky,2A,26-35,Service,4-5x/week,Office,Shared Auto,3,2,3,4,3,1,0,1,1,1
Valnai-Meeth Chowky,2A,26-35,IT/Tech,4-5x/week,Education,Shared Auto,4,2,2,3,3,0,1,0,0,1
Valnai-Meeth Chowky,2A,36-45,Business,Daily,Leisure,Shared Auto,3,2,2,4,3,0,1,1,0,1
Valnai-Meeth Chowky,2A,36-45,IT/Tech,Daily,Office,Shared Auto,4,3,3,4,3,1,0,1,0,1
Valnai-Meeth Chowky,2A,18-25,Service,4-5x/week,Education,Shared Auto,4,2,3,3,2,0,1,0,1,0
Valnai-Meeth Chowky,2A,18-25,Business,Daily,Leisure,Shared Auto,3,2,2,3,3,0,1,1,0,0
Valnai-Meeth Chowky,2A,26-35,Service,2-3x/week,Other,Shared Auto,3,2,3,4,3,1,1,0,1,0
Valnai-Meeth Chowky,2A,26-35,IT/Tech,Weekly,Office,Shared Auto,4,2,3,4,3,0,0,0,1,1
Valnai-Meeth Chowky,2A,18-25,Service,4-5x/week,Office,Shared Auto,3,2,3,4,3,1,0,0,0,1
Valnai-Meeth Chowky,2A,26-35,Student,Weekly,Office,Shared Auto,4,2,3,4,2,1,1,1,0,0
Valnai-Meeth Chowky,2A,18-25,Service,Weekly,Office,Shared Auto,4,3,3,3,3,1,0,1,0,1
Valnai-Meeth Chowky,2A,36-45,Other,Daily,Leisure,Shared Auto,3,2,3,3,1,0,0,1,0,0
Valnai-Meeth Chowky,2A,36-45,Service,Daily,Shopping,Shared Auto,3,3,2,4,2,1,1,1,1,1
Valnai-Meeth Chowky,2A,36-45,Student,Daily,Other,Shared Auto,4,2,2,3,3,0,0,0,0,1
Valnai-Meeth Chowky,2A,26-35,IT/Tech,2-3x/week,Shopping,Shared Auto,3,3,2,3,3,0,0,0,0,1
Valnai-Meeth Chowky,2A,36-45,Business,4-5x/week,Shopping,Shared Auto,3,2,2,4,2,1,1,0,0,0
Valnai-Meeth Chowky,2A,60+,Service,4-5x/week,Office,Shared Auto,3,3,3,3,2,0,1,0,0,0
Valnai-Meeth Chowky,2A,36-45,Student,Daily,Office,Shared Auto,3,3,3,3,2,1,1,0,0,1
Valnai-Meeth Chowky,2A,46-60,IT/Tech,2-3x/week,Education,Shared Auto,3,2,3,4,2,1,1,1,0,0
Valnai-Meeth Chowky,2A,36-45,Service,Daily,Leisure,Shared Auto,4,3,2,4,3,1,0,0,0,1
Valnai-Meeth Chowky,2A,18-25,Student,4-5x/week,Office,Shared Auto,3,3,3,4,2,0,0,1,0,0
Valnai-Meeth Chowky,2A,36-45,Service,Weekly,Other,Shared Auto,3,3,3,4,3,1,1,1,0,1
Valnai-Meeth Chowky,2A,18-25,Student,Daily,Leisure,Shared Auto,3,3,3,4,3,1,0,1,0,1
Valnai-Meeth Chowky,2A,18-25,Business,Weekly,Office,Shared Auto,3,2,3,4,2,0,0,0,0,1
Valnai-Meeth Chowky,2A,26-35,Service,Daily,Office,Shared Auto,4,2,3,4,3,1,1,1,0,1
Valnai-Meeth Chowky,2A,36-45,Student,Daily,Shopping,Shared Auto,4,3,3,5,3,1,1,0,0,1
Valnai-Meeth Chowky,2A,26-35,Service,Daily,Leisure,Shared Auto,3,3,2,4,2,0,0,0,0,0
Valnai-Meeth Chowky,2A,26-35,Service,Daily,Leisure,Shared Auto,3,3,3,3,3,1,0,1,1,1
Valnai-Meeth Chowky,2A,26-35,Student,2-3x/week,Office,Shared Auto,4,2,3,4,3,1,0,1,0,0
Valnai-Meeth Chowky,2A,36-45,Student,Daily,Office,Shared Auto,3,2,2,4,3,1,0,1,0,1
Valnai-Meeth Chowky,2A,36-45,IT/Tech,Daily,Shopping,Shared Auto,4,2,3,4,3,0,1,0,0,1
Valnai-Meeth Chowky,2A,18-25,Other,Daily,Education,Shared Auto,3,2,2,3,2,0,0,0,1,1
Valnai-Meeth Chowky,2A,26-35,Service,2-3x/week,Shopping,Shared Auto,3,3,2,4,2,0,1,1,1,1
Valnai-Meeth Chowky,2A,36-45,Business,4-5x/week,Shopping,Shared Auto,2,3,2,4,3,1,1,0,0,0
Valnai-Meeth Chowky,2A,26-35,IT/Tech,4-5x/week,Other,Shared Auto,3,3,2,3,3,0,1,0,1,1
Valnai-Meeth Chowky,2A,18-25,Student,Rarely,Office,Shared Auto,4,2,3,3,3,1,1,0,0,0
Valnai-Meeth Chowky,2A,36-45,Service,2-3x/week,Education,Shared Auto,3,3,3,4,3,0,1,0,1,0
Valnai-Meeth Chowky,2A,26-35,Service,Daily,Leisure,Shared Auto,3,3,2,4,3,1,0,0,0,1
Valnai-Meeth Chowky,2A,26-35,Other,2-3x/week,Education,Shared Auto,3,3,3,4,2,1,1,1,1,0
Valnai-Meeth Chowky,2A,60+,IT/Tech,2-3x/week,Leisure,Shared Auto,3,2,2,4,3,0,0,1,1,1
Valnai-Meeth Chowky,2A,46-60,Service,Daily,Office,Shared Auto,3,3,3,4,2,0,1,1,1,0
Valnai-Meeth Chowky,2A,18-25,Service,Daily,Office,Shared Auto,3,3,3,3,3,0,1,1,0,1
Valnai-Meeth Chowky,2A,26-35,Business,Rarely,Shopping,Shared Auto,4,2,3,3,3,1,0,1,0,0
Valnai-Meeth Chowky,2A,26-35,Service,Daily,Shopping,Shared Auto,3,2,3,4,2,0,1,1,0,1
Valnai-Meeth Chowky,2A,26-35,Student,Daily,Shopping,Shared Auto,2,3,2,3,3,0,1,1,0,0
Valnai-Meeth Chowky,2A,18-25,Service,Daily,Office,Shared Auto,4,2,2,4,2,0,0,1,0,1
Valnai-Meeth Chowky,2A,26-35,IT/Tech,Daily,Education,Shared Auto,3,2,2,4,3,0,1,1,0,1
Valnai-Meeth Chowky,2A,36-45,Student,Daily,Education,Shared Auto,3,2,2,3,2,1,1,1,0,0
Valnai-Meeth Chowky,2A,46-60,Student,4-5x/week,Office,Shared Auto,3,2,2,4,2,1,1,1,0,0
Valnai-Meeth Chowky,2A,26-35,IT/Tech,Daily,Office,Shared Auto,3,2,3,4,3,0,0,0,0,1
Valnai-Meeth Chowky,2A,36-45,Student,2-3x/week,Education,Shared Auto,3,3,2,4,3,1,0,0,0,1
Valnai-Meeth Chowky,2A,26-35,IT/Tech,Daily,Shopping,Shared Auto,4,2,2,4,2,0,0,1,0,0
Valnai-Meeth Chowky,2A,46-60,IT/Tech,2-3x/week,Other,Shared Auto,3,2,3,4,3,1,1,0,0,1
Malad (W),2A,60+,Student,4-5x/week,Office,BEST Bus,4,3,4,3,3,0,0,0,1,1
Malad (W),2A,26-35,Student,Weekly,Leisure,BEST Bus,4,4,5,3,4,0,0,0,0,1
Malad (W),2A,18-25,IT/Tech,2-3x/week,Office,BEST Bus,3,4,4,2,3,1,1,0,0,1
Malad (W),2A,18-25,Other,Daily,Office,BEST Bus,4,4,4,2,3,1,0,0,1,1
Malad (W),2A,46-60,Service,Daily,Education,BEST Bus,4,4,4,3,3,0,0,1,0,1
Malad (W),2A,18-25,Business,Daily,Office,BEST Bus,3,4,4,2,2,0,0,1,0,0
Malad (W),2A,26-35,Business,2-3x/week,Shopping,BEST Bus,4,4,4,3,3,1,0,0,0,1
Malad (W),2A,26-35,IT/Tech,4-5x/week,Education,BEST Bus,4,4,4,3,3,0,0,0,1,1
Malad (W),2A,18-25,IT/Tech,Daily,Office,BEST Bus,3,5,4,3,3,0,1,0,1,1
Malad (W),2A,36-45,IT/Tech,Daily,Office,BEST Bus,4,5,5,3,4,1,0,0,0,1
Malad (W),2A,18-25,Service,Daily,Office,BEST Bus,4,4,4,3,2,0,0,0,0,0
Malad (W),2A,26-35,IT/Tech,4-5x/week,Office,BEST Bus,3,4,5,3,3,1,0,0,1,1
Malad (W),2A,26-35,IT/Tech,Daily,Office,BEST Bus,5,4,4,3,4,0,0,0,0,1
Malad (W),2A,26-35,IT/Tech,4-5x/week,Office,BEST Bus,4,5,5,3,3,0,0,1,0,1
Malad (W),2A,46-60,Other,Daily,Shopping,BEST Bus,3,4,4,2,3,0,0,0,1,1
Malad (W),2A,26-35,Student,Daily,Other,BEST Bus,4,4,5,2,3,1,1,0,0,1
Malad (W),2A,18-25,IT/Tech,Daily,Education,BEST Bus,4,4,4,3,4,0,0,0,0,1
Malad (W),2A,26-35,Service,Daily,Education,BEST Bus,4,4,4,2,3,0,0,0,0,0
Malad (W),2A,18-25,Business,4-5x/week,Other,BEST Bus,4,4,5,3,3,1,0,0,0,1
Malad (W),2A,26-35,IT/Tech,Daily,Office,BEST Bus,3,4,4,3,4,0,0,0,0,1
Malad (W),2A,36-45,Service,4-5x/week,Shopping,BEST Bus,3,4,4,3,3,1,0,0,0,1
Malad (W),2A,18-25,Service,2-3x/week,Education,BEST Bus,4,4,4,2,3,0,0,0,1,1
Malad (W),2A,46-60,IT/Tech,Daily,Office,BEST Bus,3,3,4,2,4,1,0,0,1,1
Malad (W),2A,26-35,Business,Daily,Office,BEST Bus,3,4,4,3,3,1,1,0,0,0
Malad (W),2A,36-45,IT/Tech,Daily,Leisure,BEST Bus,3,4,4,3,3,0,1,1,1,1
Malad (W),2A,36-45,Student,Daily,Office,BEST Bus,3,4,4,3,3,0,0,1,0,1
Malad (W),2A,18-25,Student,4-5x/week,Education,BEST Bus,3,3,5,3,3,0,1,0,1,1
Malad (W),2A,26-35,Service,Daily,Shopping,BEST Bus,4,4,4,3,3,1,1,1,1,0
Malad (W),2A,26-35,Service,Daily,Shopping,BEST Bus,4,4,4,3,3,0,0,0,1,1
Malad (W),2A,26-35,IT/Tech,Weekly,Shopping,BEST Bus,4,4,4,2,3,0,0,0,0,0
Malad (W),2A,26-35,Student,2-3x/week,Office,BEST Bus,4,3,4,3,3,0,0,0,1,0
Malad (W),2A,26-35,IT/Tech,2-3x/week,Office,BEST Bus,3,4,4,3,3,1,0,0,0,1
Malad (W),2A,26-35,Service,Daily,Education,BEST Bus,4,4,4,3,3,0,1,1,0,1
Malad (W),2A,26-35,Service,Daily,Leisure,BEST Bus,4,4,5,3,4,0,0,0,0,1
Malad (W),2A,36-45,Business,4-5x/week,Shopping,BEST Bus,4,4,4,3,3,1,0,1,1,1
Malad (W),2A,36-45,Student,Daily,Shopping,BEST Bus,4,4,5,3,3,1,0,0,0,1
Malad (W),2A,46-60,Business,Daily,Other,BEST Bus,4,4,4,3,4,0,1,1,1,1
Malad (W),2A,18-25,Business,4-5x/week,Office,BEST Bus,3,4,4,3,3,0,0,0,0,1
Malad (W),2A,46-60,Service,Weekly,Office,BEST Bus,4,5,4,3,3,1,0,1,0,1
Malad (W),2A,18-25,IT/Tech,4-5x/week,Shopping,BEST Bus,3,4,4,2,3,0,0,1,1,0
Malad (W),2A,26-35,Service,Weekly,Education,BEST Bus,3,4,4,3,4,1,1,0,0,1
Malad (W),2A,18-25,IT/Tech,Daily,Education,BEST Bus,2,4,4,3,4,1,0,1,0,1
Malad (W),2A,36-45,Business,4-5x/week,Office,BEST Bus,4,4,3,3,3,0,0,0,0,0
Malad (W),2A,18-25,IT/Tech,Daily,Office,BEST Bus,4,4,4,3,3,0,0,1,0,1
Malad (W),2A,26-35,Service,Daily,Office,BEST Bus,3,5,5,3,3,0,1,1,0,1
Malad (W),2A,26-35,IT/Tech,2-3x/week,Office,BEST Bus,4,5,4,2,3,0,0,0,1,1
Malad (W),2A,18-25,IT/Tech,Daily,Office,BEST Bus,4,3,4,3,3,1,0,0,0,1
Malad (W),2A,36-45,Service,Rarely,Office,BEST Bus,3,4,4,3,3,1,0,0,1,0
Malad (W),2A,26-35,Student,4-5x/week,Office,BEST Bus,4,4,4,2,3,1,0,0,1,1
Malad (W),2A,36-45,Other,4-5x/week,Office,BEST Bus,3,3,4,3,3,0,0,0,0,1
Malad (W),2A,26-35,Service,Daily,Other,BEST Bus,3,4,5,3,3,0,1,0,1,1
Malad (W),2A,46-60,Student,Daily,Office,BEST Bus,4,4,4,2,3,0,0,0,1,0
Malad (W),2A,26-35,Service,4-5x/week,Leisure,BEST Bus,3,4,4,3,3,0,0,0,1,0
Malad (W),2A,46-60,Service,4-5x/week,Leisure,BEST Bus,4,5,4,3,3,0,0,1,0,1
Malad (W),2A,36-45,Service,Daily,Office,BEST Bus,4,3,5,2,3,1,0,0,0,1
Malad (W),2A,36-45,Student,Daily,Office,BEST Bus,3,4,4,3,3,0,0,0,1,1
Malad (W),2A,26-35,IT/Tech,Daily,Leisure,BEST Bus,4,4,4,3,3,1,1,0,1,1
Malad (W),2A,18-25,IT/Tech,Daily,Shopping,BEST Bus,4,4,5,2,4,1,0,0,1,1
Malad (W),2A,46-60,IT/Tech,Daily,Office,BEST Bus,3,4,4,3,4,0,0,0,0,1
Malad (W),2A,18-25,Student,4-5x/week,Office,BEST Bus,3,5,5,3,3,0,1,1,0,1
Malad (W),2A,26-35,Service,4-5x/week,Office,BEST Bus,3,4,4,3,3,0,0,0,0,1
Malad (W),2A,46-60,Business,Daily,Shopping,BEST Bus,4,4,5,3,3,0,0,0,0,1
Malad (W),2A,26-35,Service,Daily,Education,BEST Bus,4,4,5,3,3,0,0,0,0,0
Malad (W),2A,26-35,Student,Daily,Office,BEST Bus,4,4,4,3,3,0,0,0,0,0
Malad (W),2A,36-45,Business,4-5x/week,Office,BEST Bus,3,4,4,3,3,0,0,0,1,1
Malad (W),2A,26-35,IT/Tech,Daily,Shopping,BEST Bus,4,5,4,3,3,0,1,0,0,1
Malad (W),2A,26-35,Service,Daily,Office,BEST Bus,3,4,4,3,3,0,1,0,0,1
Malad (W),2A,26-35,Student,Weekly,Education,BEST Bus,4,4,4,3,3,0,1,0,1,1
Malad (W),2A,18-25,Student,Daily,Office,BEST Bus,3,3,4,3,3,0,1,0,1,1
Malad (W),2A,26-35,IT/Tech,Daily,Office,BEST Bus,3,4,5,3,4,0,0,0,0,1
Malad (W),2A,26-35,Student,Rarely,Leisure,BEST Bus,5,4,4,3,4,0,0,0,1,1
Malad (W),2A,46-60,IT/Tech,2-3x/week,Education,BEST Bus,4,4,5,3,3,0,0,0,0,1
Malad (W),2A,26-35,Other,Rarely,Leisure,BEST Bus,3,4,4,2,3,0,1,0,1,1
Malad (W),2A,26-35,Student,Daily,Office,BEST Bus,4,4,4,2,3,0,0,0,1,1
Malad (W),2A,26-35,Student,Daily,Shopping,BEST Bus,3,3,4,2,3,0,1,0,0,1
Malad (W),2A,18-25,Business,Rarely,Education,BEST Bus,4,4,4,3,3,0,0,0,0,1
Malad (W),2A,36-45,Student,2-3x/week,Office,BEST Bus,4,3,4,2,2,0,0,1,1,1
Malad (W),2A,46-60,Business,Rarely,Office,BEST Bus,4,5,4,2,3,0,0,0,1,1
Malad (W),2A,36-45,Service,Weekly,Other,BEST Bus,4,3,4,2,4,1,0,0,0,1
Malad (W),2A,18-25,IT/Tech,4-5x/week,Shopping,BEST Bus,2,4,4,3,3,0,0,1,0,1
Malad (W),2A,26-35,Service,Daily,Other,BEST Bus,4,4,4,3,3,0,1,0,1,1
Malad (W),2A,18-25,Student,Daily,Leisure,BEST Bus,3,5,4,3,3,0,1,1,0,1
Malad (W),2A,18-25,Student,4-5x/week,Office,BEST Bus,4,4,4,2,3,0,0,0,1,1
Malad (W),2A,26-35,Business,Daily,Office,BEST Bus,4,4,5,2,3,1,0,1,0,1
Malad (W),2A,26-35,IT/Tech,Daily,Office,BEST Bus,3,5,4,2,3,0,0,1,0,1
Malad (W),2A,36-45,IT/Tech,Daily,Office,BEST Bus,4,4,4,3,3,0,1,1,0,0
Malad (W),2A,18-25,Other,Weekly,Shopping,BEST Bus,4,4,5,3,2,0,0,0,1,1
Malad (W),2A,26-35,IT/Tech,Daily,Office,BEST Bus,4,3,5,3,4,0,0,0,1,0
Malad (W),2A,26-35,Service,4-5x/week,Office,BEST Bus,4,4,4,3,3,0,1,0,1,1
Malad (W),2A,26-35,IT/Tech,Weekly,Education,BEST Bus,3,4,4,2,3,1,0,1,1,1
Malad (W),2A,36-45,IT/Tech,4-5x/week,Education,BEST Bus,3,4,3,3,3,1,0,0,0,1
Malad (W),2A,36-45,Business,Daily,Office,BEST Bus,3,4,4,2,4,0,0,1,0,0
Malad (W),2A,46-60,Student,Daily,Education,BEST Bus,2,4,5,2,3,0,1,0,0,1
Malad (W),2A,26-35,IT/Tech,Daily,Office,BEST Bus,4,4,5,3,3,0,0,0,0,1
Malad (W),2A,26-35,Student,4-5x/week,Office,BEST Bus,4,4,4,3,3,0,0,1,0,1
Malad (W),2A,60+,Other,Weekly,Office,BEST Bus,4,3,4,3,3,0,0,0,1,1
Lower Malad,2A,18-25,Business,Weekly,Office,Shared Auto,4,2,2,5,2,0,0,0,0,1
Lower Malad,2A,18-25,IT/Tech,4-5x/week,Leisure,Shared Auto,4,2,3,4,2,1,1,1,1,1
Lower Malad,2A,18-25,IT/Tech,4-5x/week,Office,Shared Auto,4,3,3,3,2,1,1,1,1,1
Lower Malad,2A,36-45,Other,Weekly,Leisure,Shared Auto,3,3,2,4,3,0,0,1,0,0
Lower Malad,2A,18-25,Business,Daily,Office,Shared Auto,3,3,3,4,2,0,0,0,0,1
Lower Malad,2A,26-35,Service,4-5x/week,Office,Shared Auto,4,2,2,4,3,0,0,1,0,0
Lower Malad,2A,26-35,Business,Weekly,Leisure,Shared Auto,3,2,3,4,2,0,0,0,0,0
Lower Malad,2A,26-35,IT/Tech,Daily,Office,Shared Auto,4,2,3,4,3,1,1,1,1,0
Lower Malad,2A,26-35,IT/Tech,Daily,Education,Shared Auto,4,3,3,4,2,0,1,0,0,1
Lower Malad,2A,18-25,Student,Daily,Leisure,Shared Auto,4,2,4,4,3,1,1,0,0,0
Lower Malad,2A,26-35,Business,4-5x/week,Office,Shared Auto,4,2,3,4,2,0,0,1,0,1
Lower Malad,2A,46-60,Service,Weekly,Leisure,Shared Auto,4,2,3,4,3,0,1,0,0,0
Lower Malad,2A,36-45,Service,Daily,Office,Shared Auto,4,2,3,4,3,0,1,1,0,1
Lower Malad,2A,36-45,Business,2-3x/week,Office,Shared Auto,5,3,3,4,2,1,1,0,0,1
Lower Malad,2A,26-35,Service,2-3x/week,Office,Shared Auto,3,2,3,4,2,0,0,1,0,1
Lower Malad,2A,36-45,Business,Rarely,Shopping,Shared Auto,4,3,3,4,3,1,1,0,0,0
Lower Malad,2A,36-45,IT/Tech,Weekly,Office,Shared Auto,3,2,3,4,2,0,0,0,0,0
Lower Malad,2A,18-25,Service,4-5x/week,Office,Shared Auto,5,3,3,4,2,1,0,0,1,1
Lower Malad,2A,18-25,Other,4-5x/week,Office,Shared Auto,4,3,3,4,3,0,0,1,0,0
Lower Malad,2A,36-45,IT/Tech,Daily,Office,Shared Auto,3,3,3,4,3,1,0,0,1,0
Lower Malad,2A,26-35,Business,Daily,Shopping,Shared Auto,3,2,3,4,2,1,1,1,0,1
Lower Malad,2A,36-45,IT/Tech,4-5x/week,Leisure,Shared Auto,4,3,3,5,2,0,1,1,0,0
Lower Malad,2A,18-25,Service,Weekly,Shopping,Shared Auto,3,3,3,4,2,1,0,0,1,0
Lower Malad,2A,46-60,Other,Weekly,Shopping,Shared Auto,3,3,2,4,2,1,1,1,0,1
Lower Malad,2A,26-35,Student,4-5x/week,Education,Shared Auto,4,3,3,5,2,0,1,1,1,0
Lower Malad,2A,36-45,Business,2-3x/week,Leisure,Shared Auto,4,2,3,3,1,0,1,1,0,1
Lower Malad,2A,36-45,Business,Daily,Education,Shared Auto,4,2,3,4,2,0,0,0,0,1
Lower Malad,2A,26-35,Student,2-3x/week,Office,Shared Auto,3,2,3,3,2,0,1,0,0,1
Lower Malad,2A,36-45,IT/Tech,Rarely,Office,Shared Auto,4,2,3,4,2,1,1,1,0,1
Lower Malad,2A,18-25,Student,4-5x/week,Office,Shared Auto,3,2,3,4,3,0,0,1,1,1
Lower Malad,2A,46-60,IT/Tech,2-3x/week,Office,Shared Auto,4,2,3,4,2,1,0,0,0,1
Lower Malad,2A,18-25,Service,2-3x/week,Office,Shared Auto,4,2,3,4,2,1,1,0,0,1
Lower Malad,2A,46-60,Other,Daily,Office,Shared Auto,3,3,3,5,3,0,1,0,0,1
Lower Malad,2A,36-45,IT/Tech,4-5x/week,Office,Shared Auto,3,2,3,3,2,0,0,0,0,1
Lower Malad,2A,18-25,Other,2-3x/week,Office,Shared Auto,3,3,2,4,2,0,1,0,0,1
Lower Malad,2A,18-25,Other,Daily,Office,Shared Auto,3,3,2,4,2,0,0,1,0,0
Lower Malad,2A,26-35,Other,Weekly,Education,Shared Auto,4,2,3,4,2,0,0,1,0,1
Lower Malad,2A,18-25,Business,4-5x/week,Office,Shared Auto,5,2,3,4,3,0,0,0,0,0
Lower Malad,2A,36-45,IT/Tech,Daily,Leisure,Shared Auto,4,2,3,4,3,1,0,0,0,1
Lower Malad,2A,36-45,Business,Weekly,Shopping,Shared Auto,3,2,3,4,2,1,1,1,0,0
Lower Malad,2A,60+,Service,4-5x/week,Shopping,Shared Auto,3,2,3,4,2,1,1,1,1,1
Lower Malad,2A,36-45,Business,Daily,Office,Shared Auto,4,2,3,4,2,1,1,0,0,0
Lower Malad,2A,36-45,Student,Daily,Office,Shared Auto,3,3,3,4,2,0,1,0,0,1
Lower Malad,2A,36-45,IT/Tech,Daily,Leisure,Shared Auto,3,2,2,4,2,0,1,1,1,0
Lower Malad,2A,18-25,IT/Tech,Daily,Shopping,Shared Auto,4,2,3,4,3,0,0,1,1,1
Lower Malad,2A,36-45,IT/Tech,4-5x/week,Shopping,Shared Auto,5,2,3,4,3,1,1,1,0,0
Lower Malad,2A,18-25,IT/Tech,4-5x/week,Other,Shared Auto,4,3,3,4,3,1,0,0,0,1
Lower Malad,2A,26-35,Business,4-5x/week,Office,Shared Auto,5,2,2,3,3,1,0,1,0,1
Lower Malad,2A,46-60,Service,4-5x/week,Office,Shared Auto,4,2,3,4,2,1,0,0,0,1
Lower Malad,2A,46-60,IT/Tech,Daily,Office,Shared Auto,4,2,4,4,3,0,0,1,0,0
Lower Malad,2A,36-45,Service,4-5x/week,Education,Shared Auto,5,3,4,4,2,0,0,1,0,0
Lower Malad,2A,46-60,Service,4-5x/week,Education,Shared Auto,4,2,3,5,2,1,1,1,1,1
Lower Malad,2A,26-35,Student,4-5x/week,Office,Shared Auto,3,2,3,4,3,1,1,0,0,0
Lower Malad,2A,36-45,Other,Weekly,Leisure,Shared Auto,4,3,3,4,2,1,0,1,1,1
Lower Malad,2A,18-25,IT/Tech,Daily,Other,Shared Auto,4,2,3,4,2,1,0,1,0,0
Lower Malad,2A,36-45,Business,Daily,Shopping,Shared Auto,3,1,3,4,2,1,1,1,1,0
Lower Malad,2A,36-45,Business,Daily,Shopping,Shared Auto,3,2,3,4,3,1,0,1,0,1
Lower Malad,2A,26-35,Service,2-3x/week,Leisure,Shared Auto,4,2,3,3,2,0,1,0,0,1
Lower Malad,2A,18-25,Service,Daily,Other,Shared Auto,3,2,3,4,2,0,0,0,0,1
Lower Malad,2A,26-35,Business,Weekly,Office,Shared Auto,3,2,3,3,2,1,1,0,1,1
Lower Malad,2A,18-25,Business,Daily,Other,Shared Auto,4,3,3,4,3,0,0,0,0,1
Lower Malad,2A,26-35,Business,Daily,Office,Shared Auto,4,2,3,4,3,1,1,0,0,0
Lower Malad,2A,36-45,IT/Tech,2-3x/week,Office,Shared Auto,3,2,3,4,3,0,1,0,0,1
Lower Malad,2A,36-45,Business,4-5x/week,Leisure,Shared Auto,4,2,2,4,3,1,1,0,0,1
Lower Malad,2A,26-35,Service,Daily,Education,Shared Auto,4,3,3,4,2,0,0,0,0,0
Lower Malad,2A,18-25,IT/Tech,4-5x/week,Office,Shared Auto,4,3,4,4,2,1,1,0,1,0
Lower Malad,2A,26-35,Service,Daily,Other,Shared Auto,4,2,3,4,3,0,0,1,0,1
Lower Malad,2A,46-60,Student,4-5x/week,Office,Shared Auto,4,3,3,4,2,0,1,1,0,1
Lower Malad,2A,26-35,Service,4-5x/week,Education,Shared Auto,4,2,3,4,2,1,1,0,1,0
Lower Malad,2A,46-60,Other,Daily,Leisure,Shared Auto,4,2,3,4,3,0,0,0,0,1
Lower Malad,2A,26-35,IT/Tech,Daily,Education,Shared Auto,2,2,3,4,3,1,0,0,0,1
Lower Malad,2A,18-25,Student,Weekly,Office,Shared Auto,4,2,3,4,3,1,0,0,0,0
Lower Malad,2A,18-25,Business,Daily,Education,Shared Auto,4,2,2,4,2,1,0,0,1,1
Lower Malad,2A,26-35,Business,Weekly,Office,Shared Auto,4,2,3,4,2,0,1,0,0,1
Lower Malad,2A,46-60,Student,4-5x/week,Office,Shared Auto,4,3,2,4,2,1,0,1,1,0
Lower Malad,2A,18-25,IT/Tech,2-3x/week,Office,Shared Auto,5,2,3,4,2,1,1,1,0,1
Lower Malad,2A,26-35,IT/Tech,4-5x/week,Office,Shared Auto,4,3,3,4,2,0,0,1,0,0
Lower Malad,2A,26-35,Service,4-5x/week,Leisure,Shared Auto,4,2,3,4,1,0,1,0,0,0
Lower Malad,2A,26-35,Business,2-3x/week,Leisure,Shared Auto,3,2,3,5,3,0,0,0,0,0
Lower Malad,2A,36-45,Service,Daily,Education,Shared Auto,4,2,3,3,2,1,1,1,1,1
Lower Malad,2A,46-60,Service,4-5x/week,Leisure,Shared Auto,3,2,2,4,2,1,0,0,0,0
Lower Malad,2A,36-45,Student,2-3x/week,Other,Shared Auto,4,3,3,4,2,1,0,0,1,0
Lower Malad,2A,18-25,IT/Tech,Daily,Other,Shared Auto,4,2,3,4,3,1,0,0,0,0
Lower Malad,2A,26-35,Service,Daily,Office,Shared Auto,4,3,3,4,2,0,1,0,0,1
Lower Malad,2A,18-25,Student,Daily,Office,Shared Auto,4,2,3,5,3,0,1,1,0,1
Lower Malad,2A,26-35,Student,2-3x/week,Education,Shared Auto,4,2,3,3,2,1,0,1,0,1
Lower Malad,2A,26-35,Student,Daily,Office,Shared Auto,4,2,3,3,3,1,0,1,0,0
Lower Malad,2A,46-60,IT/Tech,Rarely,Education,Shared Auto,4,3,2,3,2,0,1,0,1,1
Lower Malad,2A,36-45,IT/Tech,2-3x/week,Education,Shared Auto,4,2,3,4,2,0,1,1,1,1
Lower Malad,2A,60+,Student,Daily,Education,Shared Auto,4,3,4,4,2,1,0,1,0,0
Lower Malad,2A,36-45,Business,4-5x/week,Leisure,Shared Auto,4,3,2,4,3,0,0,1,0,1
Lower Malad,2A,26-35,Business,Daily,Education,Shared Auto,3,3,3,4,2,0,1,0,0,1
Lower Malad,2A,26-35,Service,Rarely,Office,Shared Auto,3,2,3,5,3,1,0,0,1,0
Lower Malad,2A,26-35,IT/Tech,Daily,Leisure,Shared Auto,4,3,3,3,3,0,0,0,0,0
Lower Malad,2A,36-45,Student,Rarely,Shopping,Shared Auto,4,2,3,4,2,0,1,0,0,1
Lower Malad,2A,26-35,Student,Daily,Leisure,Shared Auto,3,3,3,4,2,0,0,1,0,0
Lower Malad,2A,18-25,Other,Weekly,Shopping,Shared Auto,3,2,3,4,3,0,1,1,0,1
Lower Malad,2A,36-45,Service,Rarely,Other,Shared Auto,4,2,3,3,1,0,0,0,0,0
Lower Malad,2A,26-35,Business,Daily,Education,Shared Auto,4,2,3,4,3,1,0,1,1,1
Lower Malad,2A,18-25,Service,Daily,Office,Shared Auto,4,2,3,4,2,0,0,1,0,1
Lower Malad,2A,18-25,Student,Daily,Office,Shared Auto,3,3,3,4,2,1,0,0,0,1
Lower Malad,2A,26-35,IT/Tech,4-5x/week,Other,Shared Auto,4,2,4,4,2,0,1,0,0,1
Lower Malad,2A,18-25,Service,Daily,Office,Shared Auto,4,2,3,5,2,0,0,1,1,1
Lower Malad,2A,46-60,IT/Tech,4-5x/week,Education,Shared Auto,4,2,3,4,2,1,0,0,0,1
Lower Malad,2A,26-35,Student,4-5x/week,Office,Shared Auto,3,2,2,4,2,0,0,1,0,1
Lower Malad,2A,18-25,IT/Tech,2-3x/week,Education,Shared Auto,4,2,3,4,2,1,0,0,0,0
Lower Malad,2A,26-35,IT/Tech,Daily,Office,Shared Auto,4,2,3,5,2,0,0,1,1,1
Lower Malad,2A,18-25,Student,4-5x/week,Education,Shared Auto,4,2,3,4,3,1,1,1,0,1
Lower Malad,2A,26-35,Student,4-5x/week,Office,Shared Auto,3,3,3,4,3,1,1,0,0,0
Lower Malad,2A,46-60,Business,4-5x/week,Education,Shared Auto,3,3,4,4,3,1,1,1,1,1
Lower Malad,2A,18-25,IT/Tech,Daily,Office,Shared Auto,4,3,3,4,2,1,0,1,0,1
Lower Malad,2A,60+,Service,Daily,Office,Shared Auto,3,2,3,4,2,1,0,1,0,1
Lower Malad,2A,26-35,IT/Tech,2-3x/week,Other,Shared Auto,4,3,2,4,2,0,1,1,0,0
Bangur Nagar,2A,46-60,Other,Daily,Leisure,Shared Auto,3,3,2,3,3,0,1,1,0,0
Bangur Nagar,2A,18-25,Service,Daily,Office,Shared Auto,4,2,2,3,3,0,0,1,1,1
Bangur Nagar,2A,26-35,Service,Daily,Office,Shared Auto,4,1,2,3,3,0,1,0,0,1
Bangur Nagar,2A,18-25,IT/Tech,4-5x/week,Shopping,Shared Auto,4,2,2,3,3,0,1,0,0,1
Bangur Nagar,2A,18-25,IT/Tech,Daily,Office,Shared Auto,4,2,3,3,3,0,0,1,1,1
Bangur Nagar,2A,26-35,Student,Daily,Shopping,Shared Auto,3,2,2,3,4,0,1,1,0,0
Bangur Nagar,2A,36-45,IT/Tech,Daily,Office,Shared Auto,4,2,2,3,3,0,0,0,0,0
Bangur Nagar,2A,18-25,IT/Tech,4-5x/week,Office,Shared Auto,3,2,3,4,3,1,0,0,0,1
Bangur Nagar,2A,46-60,Service,4-5x/week,Leisure,Shared Auto,3,2,2,3,3,0,0,1,0,1
Bangur Nagar,2A,18-25,Other,Daily,Office,Shared Auto,3,2,2,3,3,1,0,1,1,0
Bangur Nagar,2A,18-25,Other,4-5x/week,Office,Shared Auto,4,2,3,3,4,1,0,0,1,1
Bangur Nagar,2A,46-60,Business,Weekly,Education,Shared Auto,3,2,3,3,3,1,0,0,0,0
Bangur Nagar,2A,18-25,IT/Tech,Daily,Shopping,Shared Auto,4,3,3,3,2,0,1,1,0,0
Bangur Nagar,2A,18-25,Business,2-3x/week,Leisure,Shared Auto,4,2,2,2,2,1,1,0,1,0
Bangur Nagar,2A,18-25,IT/Tech,Daily,Office,Shared Auto,3,3,4,3,3,0,0,1,0,0
Bangur Nagar,2A,26-35,IT/Tech,4-5x/week,Office,Shared Auto,4,2,2,3,3,0,1,0,0,0
Bangur Nagar,2A,18-25,IT/Tech,Daily,Shopping,Shared Auto,2,2,3,2,3,0,0,0,1,1
Bangur Nagar,2A,26-35,Service,Daily,Office,Shared Auto,4,2,2,3,3,1,0,0,1,1
Bangur Nagar,2A,26-35,Service,2-3x/week,Shopping,Shared Auto,3,2,2,3,2,0,1,1,0,1
Bangur Nagar,2A,26-35,Business,2-3x/week,Office,Shared Auto,4,3,2,3,3,0,0,1,0,1
Bangur Nagar,2A,18-25,Service,4-5x/week,Education,Shared Auto,4,3,3,3,3,1,0,1,0,1
Bangur Nagar,2A,36-45,Service,Daily,Office,Shared Auto,3,2,2,3,3,1,0,1,0,0
Bangur Nagar,2A,26-35,Service,2-3x/week,Office,Shared Auto,3,3,3,2,3,0,0,1,1,0
Bangur Nagar,2A,36-45,Other,Daily,Shopping,Shared Auto,4,3,2,3,2,1,0,0,1,1
Bangur Nagar,2A,26-35,Service,Daily,Office,Shared Auto,3,2,2,4,4,0,0,0,0,1
Bangur Nagar,2A,46-60,Service,2-3x/week,Office,Shared Auto,4,2,3,3,3,0,0,0,0,0
Bangur Nagar,2A,26-35,Student,2-3x/week,Office,Shared Auto,2,2,2,3,3,0,1,1,1,0
Bangur Nagar,2A,18-25,Other,Weekly,Education,Shared Auto,4,2,2,3,3,1,1,1,0,1
Bangur Nagar,2A,60+,Student,Daily,Office,Shared Auto,3,2,2,3,3,1,0,1,1,1
Bangur Nagar,2A,26-35,Other,4-5x/week,Office,Shared Auto,3,2,2,2,3,1,0,0,1,1
Bangur Nagar,2A,26-35,Business,4-5x/week,Shopping,Shared Auto,3,3,2,3,4,0,0,0,0,1
Bangur Nagar,2A,26-35,IT/Tech,4-5x/week,Shopping,Shared Auto,4,2,2,3,3,1,0,1,0,0
Bangur Nagar,2A,18-25,Service,4-5x/week,Office,Shared Auto,3,2,2,3,3,0,0,1,0,1
Bangur Nagar,2A,26-35,Student,Weekly,Leisure,Shared Auto,4,1,2,3,3,0,1,1,1,1
Bangur Nagar,2A,46-60,Other,Daily,Office,Shared Auto,4,2,3,3,3,0,0,0,0,0
Bangur Nagar,2A,36-45,Business,4-5x/week,Office,Shared Auto,3,2,3,3,3,0,0,1,0,1
Bangur Nagar,2A,60+,Service,Daily,Other,Shared Auto,4,2,2,3,3,0,0,1,1,0
Bangur Nagar,2A,18-25,IT/Tech,4-5x/week,Office,Shared Auto,4,2,3,3,3,0,1,1,0,1
Bangur Nagar,2A,18-25,Service,4-5x/week,Shopping,Shared Auto,3,2,3,3,4,1,0,0,0,0
Bangur Nagar,2A,36-45,Business,Daily,Other,Shared Auto,3,2,3,3,3,0,0,0,0,1
Bangur Nagar,2A,36-45,Student,Weekly,Education,Shared Auto,4,2,2,3,3,1,1,0,1,0
Bangur Nagar,2A,26-35,Service,2-3x/week,Education,Shared Auto,4,2,2,3,3,0,1,1,0,0
Bangur Nagar,2A,26-35,Service,4-5x/week,Leisure,Shared Auto,4,2,2,3,2,0,1,1,1,0
Bangur Nagar,2A,60+,IT/Tech,2-3x/week,Office,Shared Auto,3,2,3,3,3,1,0,1,0,1
Bangur Nagar,2A,18-25,IT/Tech,Daily,Education,Shared Auto,3,2,2,3,3,1,1,0,1,0
Bangur Nagar,2A,46-60,IT/Tech,Weekly,Office,Shared Auto,3,2,2,3,3,1,0,1,0,1
Bangur Nagar,2A,18-25,Other,4-5x/week,Shopping,Shared Auto,4,2,2,3,3,0,0,1,1,1
Bangur Nagar,2A,18-25,Service,Rarely,Other,Shared Auto,4,2,3,3,3,1,1,0,0,1
Bangur Nagar,2A,36-45,Other,2-3x/week,Office,Shared Auto,3,2,3,4,3,1,0,0,0,1
Bangur Nagar,2A,26-35,IT/Tech,2-3x/week,Shopping,Shared Auto,3,2,3,3,3,1,0,1,1,0
Goregaon (W),2A,26-35,IT/Tech,Weekly,Education,BEST Bus,3,4,4,2,2,0,1,1,1,1
Goregaon (W),2A,46-60,Business,4-5x/week,Shopping,BEST Bus,4,4,4,2,3,0,0,1,0,0
Goregaon (W),2A,18-25,Student,Rarely,Leisure,BEST Bus,3,4,4,3,3,1,0,1,1,1
Goregaon (W),2A,18-25,IT/Tech,Daily,Shopping,BEST Bus,4,3,3,2,3,0,0,0,0,1
Goregaon (W),2A,18-25,Service,4-5x/week,Office,BEST Bus,3,4,5,3,3,0,0,0,1,1
Goregaon (W),2A,36-45,Service,4-5x/week,Education,BEST Bus,4,3,4,2,2,0,1,0,1,0
Goregaon (W),2A,60+,IT/Tech,4-5x/week,Leisure,BEST Bus,3,3,4,3,3,0,0,1,1,0
Goregaon (W),2A,36-45,IT/Tech,Daily,Leisure,BEST Bus,4,4,4,3,2,0,0,0,0,1
Goregaon (W),2A,46-60,Service,Daily,Leisure,BEST Bus,4,4,3,2,2,0,1,0,0,0
Goregaon (W),2A,18-25,Student,4-5x/week,Office,BEST Bus,4,3,4,3,3,0,0,0,0,1
Goregaon (W),2A,36-45,IT/Tech,4-5x/week,Office,BEST Bus,3,4,4,3,3,0,1,1,1,1
Goregaon (W),2A,36-45,IT/Tech,4-5x/week,Office,BEST Bus,4,3,4,3,3,1,0,0,1,0
Goregaon (W),2A,26-35,Other,Daily,Shopping,BEST Bus,3,4,4,2,3,1,0,1,1,1
Goregaon (W),2A,18-25,Student,2-3x/week,Office,BEST Bus,4,3,4,2,3,1,1,0,1,1
Goregaon (W),2A,26-35,Business,4-5x/week,Office,BEST Bus,4,3,4,2,4,0,0,0,0,1
Goregaon (W),2A,46-60,Business,2-3x/week,Office,BEST Bus,4,4,4,3,3,0,1,0,1,1
Goregaon (W),2A,36-45,Student,4-5x/week,Other,BEST Bus,4,3,3,2,3,0,0,0,1,1
Goregaon (W),2A,18-25,Service,Daily,Office,BEST Bus,4,4,4,3,3,0,0,0,0,0
Goregaon (W),2A,36-45,Other,Daily,Other,BEST Bus,4,3,4,3,3,0,0,1,1,0
Goregaon (W),2A,36-45,Other,Weekly,Education,BEST Bus,4,3,4,3,3,0,0,1,1,1
Goregaon (W),2A,36-45,Business,4-5x/week,Shopping,BEST Bus,4,3,4,2,3,1,0,1,1,1
Goregaon (W),2A,46-60,IT/Tech,Daily,Office,BEST Bus,4,4,4,2,2,0,0,1,0,1
Goregaon (W),2A,18-25,Service,Daily,Office,BEST Bus,3,3,4,3,4,1,0,0,0,1
Goregaon (W),2A,26-35,IT/Tech,Rarely,Office,BEST Bus,3,3,4,3,3,0,0,1,1,1
Goregaon (W),2A,60+,Service,Weekly,Office,BEST Bus,3,4,3,3,3,0,0,0,0,1
Goregaon (W),2A,26-35,Business,4-5x/week,Office,BEST Bus,4,4,4,3,3,1,1,1,1,1
Goregaon (W),2A,46-60,Other,4-5x/week,Office,BEST Bus,4,3,4,2,3,0,0,1,0,1
Goregaon (W),2A,46-60,Service,2-3x/week,Shopping,BEST Bus,4,4,3,2,2,0,0,0,1,1
Goregaon (W),2A,26-35,IT/Tech,Daily,Education,BEST Bus,3,3,4,3,2,0,1,0,1,1
Goregaon (W),2A,46-60,Business,Daily,Education,BEST Bus,4,4,4,2,4,1,0,0,1,1
Goregaon (W),2A,18-25,IT/Tech,Daily,Office,BEST Bus,4,4,3,2,3,0,0,0,0,1
Goregaon (W),2A,36-45,IT/Tech,2-3x/week,Office,BEST Bus,3,3,4,3,3,1,0,0,1,0
Goregaon (W),2A,26-35,Student,2-3x/week,Education,BEST Bus,4,3,4,2,3,1,0,1,1,1
Goregaon (W),2A,26-35,IT/Tech,Daily,Office,BEST Bus,3,4,4,2,3,0,0,0,0,1
Goregaon (W),2A,46-60,Student,4-5x/week,Office,BEST Bus,4,3,4,2,3,1,1,1,0,1
Goregaon (W),2A,26-35,IT/Tech,Daily,Shopping,BEST Bus,4,3,4,3,2,0,0,1,1,1
Goregaon (W),2A,26-35,Student,4-5x/week,Shopping,BEST Bus,4,4,4,2,3,0,1,1,1,1
Goregaon (W),2A,36-45,Student,2-3x/week,Office,BEST Bus,3,4,4,2,2,0,1,0,1,1
Goregaon (W),2A,26-35,IT/Tech,4-5x/week,Office,BEST Bus,4,4,4,3,3,0,1,1,1,1
Goregaon (W),2A,26-35,Service,Weekly,Office,BEST Bus,3,4,4,2,3,0,0,0,0,1
Goregaon (W),2A,46-60,Service,Weekly,Shopping,BEST Bus,4,3,4,3,2,0,1,0,1,1
Goregaon (W),2A,46-60,Student,Daily,Leisure,BEST Bus,4,4,5,2,3,1,0,0,1,1
Goregaon (W),2A,36-45,IT/Tech,Daily,Office,BEST Bus,4,3,4,3,3,0,0,0,1,0
Goregaon (W),2A,26-35,IT/Tech,4-5x/week,Other,BEST Bus,4,4,4,3,2,1,0,1,0,1
Goregaon (W),2A,26-35,Service,Daily,Education,BEST Bus,4,3,4,3,3,1,1,0,1,1
Goregaon (W),2A,36-45,IT/Tech,Daily,Office,BEST Bus,3,4,4,3,2,1,1,1,1,1
Goregaon (W),2A,36-45,Student,Daily,Other,BEST Bus,4,3,4,3,3,0,0,0,0,1
Oshiwara,2A,26-35,IT/Tech,2-3x/week,Office,Shared Auto,3,2,2,2,3,1,0,0,1,0
Oshiwara,2A,18-25,Student,2-3x/week,Shopping,Shared Auto,4,2,2,3,3,0,1,0,1,1
Oshiwara,2A,46-60,Student,Daily,Office,Shared Auto,4,2,2,2,3,1,0,0,0,1
Oshiwara,2A,26-35,IT/Tech,Daily,Office,Shared Auto,4,2,1,2,3,0,1,1,1,1
Oshiwara,2A,18-25,Student,Weekly,Office,Shared Auto,4,2,3,3,4,1,1,1,1,1
Oshiwara,2A,36-45,Other,Daily,Office,Shared Auto,3,2,2,2,3,0,0,1,1,1
Oshiwara,2A,26-35,Business,4-5x/week,Office,Shared Auto,3,2,2,3,4,0,0,0,0,0
Oshiwara,2A,46-60,Student,4-5x/week,Other,Shared Auto,4,2,2,3,3,0,0,0,0,0
Oshiwara,2A,26-35,IT/Tech,2-3x/week,Office,Shared Auto,3,2,2,2,3,1,0,1,0,1
Oshiwara,2A,46-60,Service,4-5x/week,Office,Shared Auto,4,2,2,2,3,1,0,0,0,0
Oshiwara,2A,36-45,Service,Rarely,Education,Shared Auto,3,2,2,3,3,1,1,0,1,0
Oshiwara,2A,36-45,Other,4-5x/week,Education,Shared Auto,4,2,2,2,3,1,0,1,0,1
Oshiwara,2A,36-45,IT/Tech,Daily,Shopping,Shared Auto,4,2,2,3,3,1,0,0,0,1
Oshiwara,2A,26-35,Student,2-3x/week,Office,Shared Auto,3,3,2,2,3,1,1,0,1,0
Oshiwara,2A,26-35,Business,Daily,Office,Shared Auto,4,2,3,2,3,1,0,1,0,0
Oshiwara,2A,18-25,Business,Daily,Shopping,Shared Auto,3,2,2,2,3,0,0,0,1,1
Oshiwara,2A,18-25,Other,Daily,Leisure,Shared Auto,3,2,3,2,3,0,0,0,1,1
Oshiwara,2A,26-35,IT/Tech,2-3x/week,Education,Shared Auto,3,3,2,2,3,1,1,1,0,0
Oshiwara,2A,26-35,Service,2-3x/week,Office,Shared Auto,3,2,1,3,3,0,0,1,0,1
Oshiwara,2A,26-35,Student,Weekly,Shopping,Shared Auto,3,2,2,1,3,0,1,1,0,1
Oshiwara,2A,18-25,Service,Rarely,Office,Shared Auto,4,2,2,2,3,1,0,1,1,1
Oshiwara,2A,46-60,IT/Tech,4-5x/week,Office,Shared Auto,4,2,2,3,3,0,0,1,1,1
Oshiwara,2A,26-35,IT/Tech,Daily,Office,Shared Auto,4,2,1,3,3,1,1,0,0,1
Oshiwara,2A,46-60,Other,Daily,Office,Shared Auto,4,2,2,3,2,0,1,0,0,0
Oshiwara,2A,26-35,Service,Daily,Office,Shared Auto,4,3,2,2,3,1,1,0,0,0
Oshiwara,2A,36-45,IT/Tech,4-5x/week,Office,Shared Auto,4,2,1,3,3,0,1,1,0,1
Oshiwara,2A,18-25,IT/Tech,Daily,Shopping,Shared Auto,3,2,2,2,3,0,0,0,1,1
Oshiwara,2A,26-35,Other,4-5x/week,Office,Shared Auto,4,2,1,3,3,0,0,0,1,1
Oshiwara,2A,18-25,Student,2-3x/week,Office,Shared Auto,4,2,1,3,4,1,0,1,0,1
Oshiwara,2A,18-25,Student,Daily,Other,Shared Auto,5,2,2,3,3,1,0,0,1,1
Oshiwara,2A,18-25,Student,4-5x/week,Office,Shared Auto,3,3,2,3,3,1,1,1,0,1
Oshiwara,2A,18-25,Other,4-5x/week,Office,Shared Auto,4,2,1,2,3,1,0,0,0,1
Oshiwara,2A,26-35,Service,Daily,Office,Shared Auto,4,2,2,2,3,0,0,1,0,1
Oshiwara,2A,46-60,Other,Daily,Leisure,Shared Auto,3,3,3,2,3,1,0,1,1,1
Oshiwara,2A,18-25,IT/Tech,Daily,Other,Shared Auto,4,3,2,2,3,0,1,0,1,1
Oshiwara,2A,36-45,Student,Daily,Leisure,Shared Auto,3,2,1,2,3,1,1,1,1,1
Oshiwara,2A,36-45,Service,4-5x/week,Education,Shared Auto,4,2,2,3,3,0,1,0,1,1
Oshiwara,2A,26-35,Student,4-5x/week,Leisure,Shared Auto,4,2,2,2,3,1,0,0,1,0
Oshiwara,2A,18-25,IT/Tech,Daily,Office,Shared Auto,4,2,3,2,3,1,0,1,0,0
Oshiwara,2A,36-45,Student,Daily,Other,Shared Auto,4,2,2,3,4,1,1,1,1,0
Oshiwara,2A,46-60,Student,4-5x/week,Education,Shared Auto,5,3,2,2,3,0,0,0,0,1
Oshiwara,2A,26-35,Student,4-5x/week,Office,Shared Auto,4,2,3,2,3,0,1,0,0,1
Oshiwara,2A,60+,Service,Daily,Office,Shared Auto,3,2,3,3,3,1,1,1,1,1
Oshiwara,2A,26-35,IT/Tech,Rarely,Shopping,Shared Auto,4,2,2,2,2,1,1,0,0,0
Oshiwara,2A,46-60,Other,Daily,Shopping,Shared Auto,3,2,2,3,4,1,0,0,1,1
Oshiwara,2A,18-25,Business,4-5x/week,Other,Shared Auto,4,2,1,3,3,0,0,0,1,1
Oshiwara,2A,36-45,Student,4-5x/week,Office,Shared Auto,4,2,2,3,3,1,0,0,1,0
Oshiwara,2A,18-25,Student,Daily,Office,Shared Auto,3,2,2,2,3,0,1,0,1,1
Oshiwara,2A,18-25,IT/Tech,Rarely,Shopping,Shared Auto,3,2,2,3,3,1,1,0,0,0
Oshiwara,2A,26-35,IT/Tech,Daily,Leisure,Shared Auto,3,3,2,2,4,1,0,0,0,0
Oshiwara,2A,26-35,Service,Daily,Office,Shared Auto,3,1,1,2,3,0,1,0,0,0
Oshiwara,2A,46-60,IT/Tech,2-3x/week,Office,Shared Auto,4,2,1,3,3,1,1,0,0,1
Oshiwara,2A,36-45,Business,Daily,Office,Shared Auto,4,2,2,2,3,1,0,0,1,0
Oshiwara,2A,18-25,IT/Tech,Daily,Office,Shared Auto,3,2,1,2,3,0,0,0,0,0
Oshiwara,2A,36-45,IT/Tech,Daily,Leisure,Shared Auto,4,2,2,3,3,0,1,1,0,0
Oshiwara,2A,36-45,IT/Tech,Daily,Office,Shared Auto,5,2,1,3,3,0,0,1,0,1
Oshiwara,2A,36-45,Service,Daily,Office,Shared Auto,4,2,2,2,3,0,1,0,1,1
Oshiwara,2A,18-25,Service,Weekly,Office,Shared Auto,4,2,2,3,3,0,0,1,0,1
Oshiwara,2A,46-60,Service,2-3x/week,Leisure,Shared Auto,3,2,2,2,3,1,0,1,1,1
Oshiwara,2A,36-45,Business,4-5x/week,Office,Shared Auto,3,1,2,3,3,0,0,1,0,1
Oshiwara,2A,36-45,Student,2-3x/week,Office,Shared Auto,3,2,2,2,3,0,1,0,1,0
Oshiwara,2A,26-35,IT/Tech,Daily,Shopping,Shared Auto,4,2,2,3,4,1,1,1,1,0
Oshiwara,2A,36-45,Other,Daily,Office,Shared Auto,4,2,2,2,2,0,1,0,1,1
Oshiwara,2A,26-35,Business,4-5x/week,Office,Shared Auto,4,3,2,3,3,0,1,0,1,0
Oshiwara,2A,26-35,Business,Daily,Leisure,Shared Auto,4,2,2,2,3,1,1,1,0,1
Oshiwara,2A,26-35,Student,Daily,Leisure,Shared Auto,4,2,2,2,3,0,0,0,1,1
Oshiwara,2A,26-35,Other,4-5x/week,Office,Shared Auto,4,2,1,2,3,1,0,0,1,0
Oshiwara,2A,18-25,Student,Daily,Office,Shared Auto,3,3,1,3,4,0,0,0,0,1
Oshiwara,2A,36-45,Service,Daily,Office,Shared Auto,5,3,2,3,3,1,0,0,1,1
Oshiwara,2A,36-45,Service,4-5x/week,Office,Shared Auto,4,3,2,2,2,1,0,0,0,0
Oshiwara,2A,36-45,Student,4-5x/week,Office,Shared Auto,4,2,1,2,3,0,1,0,0,0
Oshiwara,2A,18-25,Service,4-5x/week,Shopping,Shared Auto,3,2,1,2,3,0,0,1,0,1
Oshiwara,2A,18-25,Service,2-3x/week,Education,Shared Auto,4,3,1,3,3,1,0,1,1,1
Oshiwara,2A,36-45,Other,Daily,Office,Shared Auto,4,2,2,4,3,0,1,0,0,1
Oshiwara,2A,60+,IT/Tech,Daily,Shopping,Shared Auto,3,2,2,3,3,0,0,1,0,1
Oshiwara,2A,26-35,Service,Daily,Office,Shared Auto,4,2,2,3,3,0,0,1,0,0
Oshiwara,2A,36-45,Service,Daily,Shopping,Shared Auto,4,2,3,3,3,0,1,0,1,1
Oshiwara,2A,26-35,Service,Weekly,Shopping,Shared Auto,4,2,2,3,4,0,1,1,1,1
Oshiwara,2A,18-25,Student,Daily,Education,Shared Auto,5,3,3,2,4,0,1,0,0,0
Oshiwara,2A,18-25,Service,Daily,Education,Shared Auto,3,2,2,2,3,0,0,0,0,0
Oshiwara,2A,46-60,IT/Tech,2-3x/week,Office,Shared Auto,3,2,3,3,3,0,1,0,1,0
Oshiwara,2A,26-35,Student,Daily,Office,Shared Auto,4,2,2,3,3,0,1,1,0,1
Oshiwara,2A,36-45,Student,Rarely,Shopping,Shared Auto,3,2,2,3,3,1,0,0,0,1
Oshiwara,2A,36-45,Service,Weekly,Office,Shared Auto,4,3,2,3,3,0,1,0,1,1
Oshiwara,2A,26-35,IT/Tech,Rarely,Office,Shared Auto,4,2,2,2,3,1,0,0,0,1
Oshiwara,2A,18-25,Student,Daily,Shopping,Shared Auto,4,3,2,3,2,1,0,1,0,0
Oshiwara,2A,46-60,Business,4-5x/week,Education,Shared Auto,3,2,2,3,3,0,0,1,0,1
Oshiwara,2A,60+,Other,Daily,Office,Shared Auto,5,3,2,1,2,1,0,1,0,1
Oshiwara,2A,18-25,IT/Tech,4-5x/week,Office,Shared Auto,4,2,1,3,3,1,1,1,1,1
Oshiwara,2A,36-45,Student,4-5x/week,Office,Shared Auto,4,2,2,3,3,0,0,1,1,0
Oshiwara,2A,18-25,IT/Tech,4-5x/week,Office,Shared Auto,4,2,2,3,3,0,0,1,0,0
Oshiwara,2A,26-35,IT/Tech,2-3x/week,Leisure,Shared Auto,5,2,2,3,3,0,0,0,0,1
Oshiwara,2A,26-35,Service,Daily,Office,Shared Auto,3,2,1,3,2,1,0,1,0,1
Oshiwara,2A,46-60,Student,Daily,Education,Shared Auto,3,2,2,3,3,0,0,0,1,0
Oshiwara,2A,18-25,Other,Daily,Leisure,Shared Auto,3,3,1,3,3,0,0,0,1,1
Oshiwara,2A,46-60,Service,Rarely,Office,Shared Auto,3,2,1,3,3,0,0,1,0,1
Oshiwara,2A,26-35,Service,2-3x/week,Office,Shared Auto,3,2,2,3,3,0,1,0,1,1
Oshiwara,2A,26-35,Student,Weekly,Office,Shared Auto,4,2,2,3,2,0,1,0,1,1
Oshiwara,2A,18-25,Service,Weekly,Other,Shared Auto,4,2,2,3,3,1,1,1,1,1
Oshiwara,2A,36-45,Student,4-5x/week,Office,Shared Auto,4,2,2,2,2,0,1,0,0,0
Lower Oshiwara,2A,46-60,IT/Tech,2-3x/week,Office,Shared Auto,3,3,3,4,3,1,0,0,0,0
Lower Oshiwara,2A,26-35,Business,Weekly,Office,Shared Auto,3,3,3,4,4,1,0,0,0,0
Lower Oshiwara,2A,46-60,Other,Daily,Office,Shared Auto,3,3,3,4,3,1,0,0,0,1
Lower Oshiwara,2A,26-35,IT/Tech,2-3x/week,Leisure,Shared Auto,4,2,2,4,3,1,1,1,0,1
Lower Oshiwara,2A,18-25,Other,Daily,Education,Shared Auto,3,3,2,4,2,1,0,0,0,1
Lower Oshiwara,2A,36-45,Other,Daily,Office,Shared Auto,3,3,3,3,2,0,1,1,0,1
Lower Oshiwara,2A,46-60,IT/Tech,Daily,Leisure,Shared Auto,3,3,3,4,3,1,1,0,0,1
Lower Oshiwara,2A,26-35,Service,Daily,Office,Shared Auto,3,2,2,4,3,0,0,1,1,1
Lower Oshiwara,2A,26-35,IT/Tech,4-5x/week,Leisure,Shared Auto,4,2,2,4,3,1,1,1,1,0
Lower Oshiwara,2A,36-45,Service,2-3x/week,Office,Shared Auto,4,3,3,3,3,1,1,1,1,1
Lower Oshiwara,2A,26-35,Other,2-3x/week,Leisure,Shared Auto,3,2,3,4,3,1,1,0,1,1
Lower Oshiwara,2A,36-45,Service,4-5x/week,Shopping,Shared Auto,4,3,4,4,2,1,0,1,0,0
Lower Oshiwara,2A,36-45,Service,Daily,Education,Shared Auto,3,2,2,4,3,0,0,0,0,1
Lower Oshiwara,2A,18-25,Service,2-3x/week,Office,Shared Auto,4,4,2,4,3,1,1,0,0,1
Lower Oshiwara,2A,46-60,Service,2-3x/week,Shopping,Shared Auto,4,3,2,4,2,0,0,1,0,1
Lower Oshiwara,2A,46-60,Service,Daily,Leisure,Shared Auto,3,3,2,4,2,1,0,0,0,0
Lower Oshiwara,2A,36-45,Student,Rarely,Office,Shared Auto,3,3,3,4,4,0,0,1,0,1
Lower Oshiwara,2A,46-60,Student,Weekly,Leisure,Shared Auto,4,2,2,3,3,1,0,0,0,1
Lower Oshiwara,2A,36-45,Other,Weekly,Education,Shared Auto,4,3,2,4,3,1,1,1,0,0
Lower Oshiwara,2A,18-25,Student,Rarely,Office,Shared Auto,3,4,2,4,3,0,0,0,0,0
Lower Oshiwara,2A,26-35,Service,Daily,Office,Shared Auto,4,2,3,4,1,1,1,0,0,1
Lower Oshiwara,2A,36-45,Service,Daily,Shopping,Shared Auto,4,3,3,5,3,0,1,1,0,1
Lower Oshiwara,2A,18-25,Student,Daily,Office,Shared Auto,3,3,2,4,3,0,1,1,1,1
Lower Oshiwara,2A,18-25,Student,2-3x/week,Office,Shared Auto,4,3,3,3,3,1,1,1,0,0
Lower Oshiwara,2A,26-35,IT/Tech,Daily,Leisure,Shared Auto,3,3,2,4,2,0,0,0,0,0
Lower Oshiwara,2A,36-45,Service,2-3x/week,Office,Shared Auto,3,2,2,4,3,0,0,0,0,0
Lower Oshiwara,2A,18-25,IT/Tech,2-3x/week,Office,Shared Auto,3,2,3,4,2,0,1,0,0,0
Lower Oshiwara,2A,26-35,IT/Tech,Weekly,Office,Shared Auto,3,3,3,4,2,0,0,1,0,1
Lower Oshiwara,2A,36-45,Service,Daily,Education,Shared Auto,4,2,3,4,3,1,0,0,0,0
Lower Oshiwara,2A,46-60,Student,Daily,Leisure,Shared Auto,4,3,2,4,3,0,1,0,0,1
Lower Oshiwara,2A,18-25,IT/Tech,Daily,Education,Shared Auto,3,3,3,4,2,1,0,0,1,0
Lower Oshiwara,2A,26-35,IT/Tech,Daily,Education,Shared Auto,2,3,3,4,3,1,1,0,0,0
Lower Oshiwara,2A,46-60,Business,Daily,Shopping,Shared Auto,4,2,2,4,3,0,0,1,0,1
Lower Oshiwara,2A,18-25,Student,Daily,Leisure,Shared Auto,3,3,3,4,4,0,1,0,1,0
Lower Oshiwara,2A,46-60,IT/Tech,4-5x/week,Other,Shared Auto,2,3,3,3,2,1,0,1,0,1
Lower Oshiwara,2A,18-25,IT/Tech,Daily,Office,Shared Auto,3,2,3,3,3,1,1,0,1,1
Lower Oshiwara,2A,36-45,IT/Tech,Daily,Office,Shared Auto,3,2,2,3,2,1,1,0,0,1
Lower Oshiwara,2A,26-35,Business,4-5x/week,Education,Shared Auto,4,2,2,4,3,1,0,0,0,1
Lower Oshiwara,2A,18-25,IT/Tech,4-5x/week,Office,Shared Auto,4,3,2,3,2,0,0,1,0,1
Lower Oshiwara,2A,18-25,Student,Daily,Office,Shared Auto,3,3,3,4,3,1,1,1,1,1
Lower Oshiwara,2A,26-35,Service,Daily,Leisure,Shared Auto,5,3,2,4,1,1,0,1,0,1
Lower Oshiwara,2A,36-45,IT/Tech,4-5x/week,Office,Shared Auto,3,3,3,4,3,1,0,0,0,0
Lower Oshiwara,2A,36-45,Service,Daily,Office,Shared Auto,3,3,3,4,3,0,0,0,1,1
Lower Oshiwara,2A,18-25,IT/Tech,Weekly,Education,Shared Auto,3,3,3,4,3,0,0,0,0,1
Lower Oshiwara,2A,18-25,Service,Daily,Other,Shared Auto,3,3,2,4,2,0,0,1,0,1
Lower Oshiwara,2A,18-25,Business,2-3x/week,Leisure,Shared Auto,3,3,2,4,3,0,1,0,0,0
Lower Oshiwara,2A,18-25,Business,Weekly,Office,Shared Auto,3,2,2,4,3,1,1,0,1,1
Lower Oshiwara,2A,36-45,Student,2-3x/week,Office,Shared Auto,3,3,3,4,2,0,0,0,0,1
Lower Oshiwara,2A,18-25,IT/Tech,4-5x/week,Office,Shared Auto,4,3,2,3,2,1,0,0,1,0
Lower Oshiwara,2A,18-25,Service,4-5x/week,Office,Shared Auto,4,3,3,4,2,0,1,0,0,0
Lower Oshiwara,2A,36-45,Service,2-3x/week,Leisure,Shared Auto,3,3,3,4,3,1,1,0,1,1
Lower Oshiwara,2A,18-25,Service,Daily,Office,Shared Auto,3,3,2,4,3,0,0,1,0,0
Lower Oshiwara,2A,18-25,Service,Daily,Office,Shared Auto,3,3,3,4,3,1,1,0,0,1
Lower Oshiwara,2A,26-35,Service,Daily,Office,Shared Auto,3,3,3,4,3,0,1,0,1,0
Lower Oshiwara,2A,18-25,Other,2-3x/week,Office,Shared Auto,4,3,2,5,3,1,1,0,0,1
Lower Oshiwara,2A,18-25,IT/Tech,Daily,Shopping,Shared Auto,4,3,2,4,3,0,0,1,1,0
Lower Oshiwara,2A,18-25,Service,4-5x/week,Office,Shared Auto,3,3,2,4,3,1,0,0,0,1
Lower Oshiwara,2A,46-60,IT/Tech,Daily,Office,Shared Auto,3,3,3,4,3,0,1,0,0,0
Lower Oshiwara,2A,26-35,IT/Tech,Daily,Office,Shared Auto,3,2,3,3,3,0,0,1,0,0
Lower Oshiwara,2A,18-25,Other,4-5x/week,Leisure,Shared Auto,4,3,2,4,3,1,1,0,0,0
Lower Oshiwara,2A,18-25,IT/Tech,Daily,Education,Shared Auto,3,3,3,4,3,1,1,0,0,0
Lower Oshiwara,2A,26-35,Service,Daily,Office,Shared Auto,3,2,3,5,4,1,1,1,0,1
Lower Oshiwara,2A,26-35,Other,Daily,Office,Shared Auto,3,3,2,4,2,1,1,1,1,0
Lower Oshiwara,2A,26-35,IT/Tech,2-3x/week,Office,Shared Auto,3,3,3,4,2,0,0,1,0,0
Lower Oshiwara,2A,18-25,Business,Daily,Office,Shared Auto,3,3,2,4,2,1,0,0,0,1
Lower Oshiwara,2A,60+,IT/Tech,4-5x/week,Shopping,Shared Auto,3,3,2,4,3,1,0,0,0,1
Lower Oshiwara,2A,36-45,Other,4-5x/week,Other,Shared Auto,4,3,3,4,3,0,0,0,0,0
Lower Oshiwara,2A,36-45,Student,4-5x/week,Leisure,Shared Auto,4,3,3,4,2,0,1,0,0,1
Lower Oshiwara,2A,18-25,Service,4-5x/week,Office,Shared Auto,3,3,3,4,2,1,0,0,1,0
Lower Oshiwara,2A,46-60,IT/Tech,Daily,Education,Shared Auto,3,2,2,4,3,0,0,0,0,0
Lower Oshiwara,2A,46-60,IT/Tech,Daily,Leisure,Shared Auto,3,3,3,3,2,1,0,0,0,1
Lower Oshiwara,2A,46-60,IT/Tech,Rarely,Education,Shared Auto,3,2,3,4,2,1,0,1,0,0
Lower Oshiwara,2A,26-35,Student,Daily,Office,Shared Auto,3,2,2,4,3,1,0,0,0,1
Lower Oshiwara,2A,18-25,Service,4-5x/week,Leisure,Shared Auto,3,3,3,4,2,0,0,0,0,1
Lower Oshiwara,2A,46-60,Other,Daily,Shopping,Shared Auto,4,2,2,4,3,0,1,0,1,0
Lower Oshiwara,2A,26-35,Other,Weekly,Office,Shared Auto,2,3,2,4,3,1,1,0,1,1
Lower Oshiwara,2A,36-45,Other,4-5x/week,Office,Shared Auto,3,2,2,4,3,1,1,1,1,0
Lower Oshiwara,2A,26-35,Other,Rarely,Education,Shared Auto,4,2,2,3,3,1,0,0,0,1
Lower Oshiwara,2A,46-60,IT/Tech,2-3x/week,Office,Shared Auto,3,2,2,3,3,0,0,1,1,0
Lower Oshiwara,2A,18-25,Other,4-5x/week,Office,Shared Auto,3,3,2,4,3,0,1,1,0,1
Lower Oshiwara,2A,26-35,Business,4-5x/week,Office,Shared Auto,3,3,3,4,3,1,1,0,0,0
Lower Oshiwara,2A,36-45,Business,Daily,Office,Shared Auto,3,2,3,4,3,1,1,1,0,1
Lower Oshiwara,2A,26-35,IT/Tech,Weekly,Office,Shared Auto,3,3,3,4,1,0,0,0,0,0
DN Nagar,2A,60+,Other,Daily,Shopping,BEST Bus,4,4,4,4,3,0,0,1,1,1
DN Nagar,2A,46-60,IT/Tech,Daily,Education,BEST Bus,4,3,4,3,3,1,1,1,0,0
DN Nagar,2A,36-45,Business,4-5x/week,Shopping,BEST Bus,3,3,4,4,3,0,1,0,0,1
DN Nagar,2A,36-45,Other,Daily,Leisure,BEST Bus,4,3,3,3,3,0,0,1,0,0
DN Nagar,2A,26-35,Business,Weekly,Office,BEST Bus,3,3,4,3,3,0,1,0,1,1
DN Nagar,2A,26-35,IT/Tech,2-3x/week,Office,BEST Bus,4,3,5,3,3,0,1,0,1,1
DN Nagar,2A,26-35,Business,Daily,Office,BEST Bus,4,4,3,4,3,0,1,0,0,0
DN Nagar,2A,46-60,Other,4-5x/week,Office,BEST Bus,3,3,4,4,3,0,0,1,0,1
DN Nagar,2A,36-45,Student,4-5x/week,Office,BEST Bus,4,3,4,4,3,1,0,1,1,1
DN Nagar,2A,18-25,Service,Daily,Shopping,BEST Bus,3,4,3,3,2,1,0,1,0,1
DN Nagar,2A,18-25,IT/Tech,Daily,Office,BEST Bus,3,4,4,3,2,0,0,0,0,0
DN Nagar,2A,36-45,IT/Tech,Daily,Education,BEST Bus,4,3,3,3,3,0,0,0,0,1
DN Nagar,2A,36-45,Service,Daily,Education,BEST Bus,4,4,3,3,3,0,0,0,0,1
DN Nagar,2A,60+,Service,4-5x/week,Office,BEST Bus,3,3,3,4,3,1,0,0,0,1
DN Nagar,2A,46-60,IT/Tech,2-3x/week,Office,BEST Bus,4,3,3,4,3,1,1,0,1,0
DN Nagar,2A,18-25,IT/Tech,4-5x/week,Other,BEST Bus,3,3,4,3,2,1,1,0,1,1
DN Nagar,2A,18-25,Business,Daily,Office,BEST Bus,4,4,3,3,3,1,0,0,1,1
DN Nagar,2A,36-45,IT/Tech,Daily,Shopping,BEST Bus,4,3,4,4,4,0,1,0,0,0
DN Nagar,2A,26-35,Service,4-5x/week,Office,BEST Bus,3,3,4,4,3,1,1,0,0,0
DN Nagar,2A,26-35,Service,2-3x/week,Leisure,BEST Bus,3,4,4,4,2,0,0,1,1,1
DN Nagar,2A,26-35,Business,Daily,Leisure,BEST Bus,3,4,3,3,2,0,0,0,0,1
DN Nagar,2A,26-35,Other,Daily,Education,BEST Bus,3,4,4,4,2,1,1,0,0,1
DN Nagar,2A,60+,Other,Daily,Leisure,BEST Bus,4,3,3,4,2,0,0,0,0,1
DN Nagar,2A,26-35,IT/Tech,Daily,Office,BEST Bus,5,4,3,4,3,0,0,1,0,0
DN Nagar,2A,26-35,Service,Daily,Shopping,BEST Bus,3,4,3,3,3,1,0,1,0,0
DN Nagar,2A,36-45,Service,Daily,Shopping,BEST Bus,3,3,3,4,3,0,0,1,1,0
DN Nagar,2A,26-35,IT/Tech,Daily,Shopping,BEST Bus,3,3,3,3,2,0,0,0,0,1
DN Nagar,2A,60+,Other,Daily,Education,BEST Bus,4,4,3,3,2,0,0,1,0,1
DN Nagar,2A,26-35,IT/Tech,Weekly,Office,BEST Bus,3,4,4,3,4,1,1,1,0,1
DN Nagar,2A,36-45,Student,4-5x/week,Education,BEST Bus,4,3,3,4,4,0,1,1,0,1
DN Nagar,2A,26-35,Service,2-3x/week,Office,BEST Bus,3,3,3,3,3,1,1,1,0,1
DN Nagar,2A,18-25,Other,4-5x/week,Leisure,BEST Bus,3,4,4,4,3,1,1,0,0,0
DN Nagar,2A,18-25,Student,Daily,Leisure,BEST Bus,3,4,3,5,3,1,0,0,1,0
DN Nagar,2A,18-25,IT/Tech,4-5x/week,Office,BEST Bus,2,4,3,3,3,0,0,1,0,1
DN Nagar,2A,26-35,Student,Daily,Office,BEST Bus,3,3,4,3,3,0,0,0,0,1
DN Nagar,2A,26-35,Business,Daily,Shopping,BEST Bus,4,4,3,4,3,0,0,1,1,1
DN Nagar,2A,46-60,Service,4-5x/week,Other,BEST Bus,4,3,3,4,2,0,0,1,0,1
DN Nagar,2A,36-45,Student,Daily,Leisure,BEST Bus,4,3,4,3,3,0,1,1,0,1
DN Nagar,2A,46-60,Service,Daily,Office,BEST Bus,4,4,4,3,3,0,1,0,0,1
DN Nagar,2A,26-35,IT/Tech,Daily,Shopping,BEST Bus,4,4,3,3,3,0,0,1,1,1
DN Nagar,2A,18-25,Service,4-5x/week,Leisure,BEST Bus,5,3,3,4,3,0,0,1,0,1
DN Nagar,2A,18-25,Business,Daily,Office,BEST Bus,4,4,3,4,3,1,0,0,1,1
DN Nagar,2A,46-60,IT/Tech,Weekly,Office,BEST Bus,4,4,4,4,3,0,0,0,0,1
DN Nagar,2A,26-35,IT/Tech,Rarely,Other,BEST Bus,3,4,4,3,3,0,0,0,0,0
DN Nagar,2A,60+,Student,2-3x/week,Office,BEST Bus,3,3,4,3,3,1,0,1,0,1
DN Nagar,2A,26-35,IT/Tech,4-5x/week,Office,BEST Bus,4,3,3,3,2,1,0,1,1,1
DN Nagar,2A,26-35,IT/Tech,Daily,Office,BEST Bus,3,4,4,3,4,0,0,0,1,0
DN Nagar,2A,18-25,Student,4-5x/week,Office,BEST Bus,5,4,3,3,3,1,1,0,0,0
DN Nagar,2A,46-60,IT/Tech,Weekly,Education,BEST Bus,2,4,4,4,2,0,1,0,0,1
DN Nagar,2A,26-35,Business,Daily,Office,BEST Bus,4,4,3,3,3,0,0,1,1,1
DN Nagar,2A,46-60,Service,Weekly,Education,BEST Bus,4,4,4,4,3,0,0,0,0,0
DN Nagar,2A,26-35,IT/Tech,Daily,Office,BEST Bus,3,3,3,3,3,0,0,1,1,1
DN Nagar,2A,18-25,Service,Rarely,Shopping,BEST Bus,3,4,4,4,3,0,0,0,0,1
DN Nagar,2A,26-35,Student,4-5x/week,Leisure,BEST Bus,4,4,4,3,3,0,0,0,1,0
DN Nagar,2A,36-45,Student,4-5x/week,Education,BEST Bus,4,3,4,3,4,1,1,0,1,1
DN Nagar,2A,36-45,Service,Daily,Education,BEST Bus,4,4,3,3,2,0,1,0,0,0
DN Nagar,2A,60+,Student,4-5x/week,Office,BEST Bus,4,3,3,3,3,0,0,0,0,1
DN Nagar,2A,26-35,IT/Tech,Daily,Shopping,BEST Bus,5,4,3,3,3,0,1,0,1,1
DN Nagar,2A,46-60,Other,4-5x/week,Office,BEST Bus,3,4,4,3,3,1,1,0,0,1
DN Nagar,2A,46-60,Service,Daily,Education,BEST Bus,5,4,4,3,3,1,0,1,0,1
DN Nagar,2A,60+,IT/Tech,2-3x/week,Other,BEST Bus,4,4,3,4,3,1,1,1,0,1
DN Nagar,2A,26-35,Student,2-3x/week,Education,BEST Bus,4,3,3,3,2,0,1,0,1,1
DN Nagar,2A,46-60,IT/Tech,2-3x/week,Office,BEST Bus,4,4,3,4,3,0,1,1,0,1
DN Nagar,2A,36-45,IT/Tech,Daily,Office,BEST Bus,4,4,3,4,3,0,1,0,1,1
DN Nagar,2A,60+,Service,2-3x/week,Office,BEST Bus,4,3,3,3,3,0,0,1,1,0
DN Nagar,2A,18-25,Service,Daily,Leisure,BEST Bus,3,4,4,3,3,1,0,1,1,1
DN Nagar,2A,26-35,Service,Daily,Other,BEST Bus,3,3,4,3,3,1,0,0,1,1
DN Nagar,2A,26-35,Student,Daily,Office,BEST Bus,3,3,4,3,3,0,0,0,0,1
DN Nagar,2A,46-60,IT/Tech,Daily,Education,BEST Bus,4,3,3,3,3,0,0,0,0,1
DN Nagar,2A,26-35,IT/Tech,4-5x/week,Education,BEST Bus,4,4,3,3,2,1,0,0,0,1
DN Nagar,2A,46-60,IT/Tech,4-5x/week,Office,BEST Bus,4,4,3,4,3,1,1,0,1,1
DN Nagar,2A,26-35,IT/Tech,Daily,Education,BEST Bus,4,4,3,3,3,0,1,1,1,1
DN Nagar,2A,18-25,Business,Daily,Leisure,BEST Bus,3,4,4,4,2,0,0,1,0,0
DN Nagar,2A,18-25,Student,Daily,Education,BEST Bus,4,3,3,3,3,0,0,0,0,1
DN Nagar,2A,46-60,Other,Daily,Office,BEST Bus,3,4,4,4,3,1,1,0,1,1
DN Nagar,2A,26-35,Student,Daily,Shopping,BEST Bus,3,4,3,3,3,0,0,1,0,1
DN Nagar,2A,26-35,Service,Daily,Education,BEST Bus,4,4,3,4,3,0,1,1,0,1
DN Nagar,2A,18-25,Other,Daily,Office,BEST Bus,2,3,4,5,3,0,1,1,0,1
DN Nagar,2A,26-35,IT/Tech,Rarely,Office,BEST Bus,3,4,4,3,3,1,0,0,1,0
DN Nagar,2A,46-60,IT/Tech,Weekly,Office,BEST Bus,3,3,4,3,3,1,0,0,0,1
DN Nagar,2A,26-35,Service,Daily,Office,BEST Bus,4,3,4,3,3,1,0,0,0,0
DN Nagar,2A,36-45,IT/Tech,4-5x/week,Office,BEST Bus,4,5,3,3,3,0,0,1,1,1
DN Nagar,2A,36-45,Student,4-5x/week,Office,BEST Bus,3,3,4,3,3,0,0,0,0,0
DN Nagar,2A,46-60,Other,2-3x/week,Leisure,BEST Bus,3,3,3,3,3,1,0,0,0,1
DN Nagar,2A,60+,Service,Daily,Office,BEST Bus,4,4,3,4,3,1,1,0,0,1
DN Nagar,2A,26-35,IT/Tech,Weekly,Office,BEST Bus,4,4,4,3,3,1,0,0,1,1
DN Nagar,2A,26-35,IT/Tech,2-3x/week,Shopping,BEST Bus,3,4,3,3,3,0,0,1,0,1
DN Nagar,2A,60+,Service,Weekly,Office,BEST Bus,5,4,3,3,3,0,0,1,0,0
DN Nagar,2A,36-45,IT/Tech,Daily,Other,BEST Bus,4,3,4,3,3,1,0,0,1,1
DN Nagar,2A,26-35,Business,4-5x/week,Office,BEST Bus,3,3,3,4,3,0,0,0,1,0
DN Nagar,2A,18-25,IT/Tech,Daily,Education,BEST Bus,3,3,4,4,3,0,0,0,1,0
DN Nagar,2A,18-25,Service,Rarely,Office,BEST Bus,4,4,3,3,3,0,0,0,1,1
DN Nagar,2A,60+,Service,Daily,Office,BEST Bus,4,3,3,3,3,1,1,0,0,0
DN Nagar,2A,26-35,IT/Tech,Rarely,Education,BEST Bus,4,4,3,3,3,1,0,0,0,1
DN Nagar,2A,26-35,Business,4-5x/week,Education,BEST Bus,5,4,3,4,3,0,1,0,0,1
DN Nagar,2A,18-25,Service,Daily,Office,BEST Bus,4,4,3,3,3,0,0,0,1,1
DN Nagar,2A,46-60,IT/Tech,4-5x/week,Shopping,BEST Bus,3,4,3,3,3,0,0,0,0,1
Versova,1,26-35,IT/Tech,Daily,Leisure,Shared Auto,4,4,2,3,3,1,1,0,1,1
Versova,1,26-35,Student,2-3x/week,Leisure,Shared Auto,4,3,3,3,3,1,1,1,0,1
Versova,1,26-35,Student,4-5x/week,Office,Shared Auto,4,4,3,3,4,1,0,1,0,1
Versova,1,36-45,Service,Daily,Leisure,Shared Auto,3,3,3,3,3,0,0,1,0,0
Versova,1,36-45,Business,4-5x/week,Shopping,Shared Auto,3,3,2,3,4,0,1,1,0,1
Versova,1,26-35,Service,Daily,Leisure,Shared Auto,3,4,2,3,3,0,0,0,1,0
Versova,1,46-60,Other,Daily,Office,Shared Auto,3,2,3,3,3,1,0,0,0,1
Versova,1,18-25,Other,Daily,Shopping,Shared Auto,3,4,3,3,3,0,1,1,0,1
Versova,1,36-45,IT/Tech,2-3x/week,Education,Shared Auto,4,3,3,4,4,1,1,0,0,1
Versova,1,26-35,Other,4-5x/week,Office,Shared Auto,4,3,3,4,3,1,0,0,1,0
Versova,1,36-45,IT/Tech,4-5x/week,Education,Shared Auto,4,3,2,3,3,1,0,1,0,0
Versova,1,36-45,Student,Daily,Office,Shared Auto,4,3,2,3,3,1,0,1,0,1
Versova,1,46-60,Service,4-5x/week,Office,Shared Auto,4,3,3,4,3,0,1,1,1,1
Versova,1,46-60,Student,Weekly,Office,Shared Auto,3,3,2,4,3,0,1,0,0,0
Versova,1,36-45,Other,Daily,Office,Shared Auto,3,3,3,3,4,0,0,1,1,0
Versova,1,26-35,IT/Tech,Weekly,Other,Shared Auto,3,3,3,3,3,0,1,0,0,1
Versova,1,46-60,Service,2-3x/week,Office,Shared Auto,3,3,4,4,3,1,1,0,1,1
Versova,1,26-35,Student,Daily,Office,Shared Auto,3,3,3,3,3,1,0,1,1,1
Versova,1,36-45,Business,2-3x/week,Education,Shared Auto,3,3,2,3,3,1,1,1,1,1
Versova,1,46-60,IT/Tech,2-3x/week,Shopping,Shared Auto,3,3,3,3,4,1,1,1,0,1
Versova,1,26-35,Business,Rarely,Shopping,Shared Auto,5,3,3,3,4,0,1,0,0,1
Versova,1,60+,IT/Tech,Daily,Other,Shared Auto,4,3,3,3,3,0,0,0,1,1
Versova,1,46-60,IT/Tech,4-5x/week,Leisure,Shared Auto,3,3,2,2,3,1,0,0,0,1
Versova,1,18-25,Other,Daily,Office,Shared Auto,4,4,2,3,2,1,1,1,1,1
Versova,1,46-60,IT/Tech,Daily,Education,Shared Auto,3,4,3,3,3,1,1,0,0,1
Versova,1,36-45,Other,Daily,Office,Shared Auto,4,3,3,4,3,1,0,1,0,1
Versova,1,60+,Student,Daily,Other,Shared Auto,3,3,3,3,3,0,0,0,1,1
Versova,1,36-45,Business,2-3x/week,Office,Shared Auto,4,3,4,3,3,1,0,1,0,1
Versova,1,26-35,Business,2-3x/week,Shopping,Shared Auto,4,3,3,3,3,0,0,0,0,0
Versova,1,26-35,Service,4-5x/week,Leisure,Shared Auto,3,4,2,3,3,1,1,1,1,1
Versova,1,36-45,IT/Tech,Daily,Education,Shared Auto,4,3,3,4,3,0,1,0,0,0
Versova,1,18-25,IT/Tech,Daily,Shopping,Shared Auto,4,3,3,3,3,0,1,0,0,1
Versova,1,26-35,Student,4-5x/week,Shopping,Shared Auto,3,3,3,2,3,1,1,1,0,1
Versova,1,18-25,IT/Tech,Daily,Office,Shared Auto,4,4,3,3,3,0,0,1,1,1
Versova,1,46-60,IT/Tech,Daily,Other,Shared Auto,4,4,3,2,3,1,1,0,1,1
Versova,1,36-45,Business,Daily,Education,Shared Auto,4,3,3,3,3,0,1,1,0,0
Versova,1,46-60,Service,Daily,Office,Shared Auto,3,3,3,3,3,0,0,1,1,0
Versova,1,46-60,Student,4-5x/week,Office,Shared Auto,3,3,3,3,3,0,1,1,1,1
Versova,1,26-35,Service,2-3x/week,Office,Shared Auto,4,4,3,4,2,1,1,1,0,1
Versova,1,18-25,Business,4-5x/week,Office,Shared Auto,3,4,2,3,3,1,1,0,1,1
Versova,1,18-25,IT/Tech,4-5x/week,Other,Shared Auto,3,2,3,3,3,0,1,0,0,1
Versova,1,18-25,Student,Daily,Shopping,Shared Auto,3,3,3,3,3,0,1,1,0,1
Versova,1,46-60,Student,Weekly,Office,Shared Auto,4,3,3,2,4,1,1,1,1,1
Versova,1,26-35,Service,Rarely,Other,Shared Auto,4,3,3,3,3,0,1,1,0,0
Versova,1,18-25,Service,Daily,Shopping,Shared Auto,5,3,2,4,3,1,1,1,0,0
Versova,1,36-45,IT/Tech,Daily,Education,Shared Auto,3,3,2,3,3,0,0,0,0,1
Versova,1,18-25,Business,4-5x/week,Office,Shared Auto,3,3,2,3,4,1,1,1,1,1
Versova,1,18-25,Other,2-3x/week,Education,Shared Auto,4,4,3,3,3,1,1,0,1,1
Versova,1,46-60,IT/Tech,4-5x/week,Shopping,Shared Auto,3,3,3,3,4,0,0,1,0,0
D.N. Nagar,1,46-60,Service,Daily,Office,BEST Bus,4,2,3,4,4,1,0,1,0,0
D.N. Nagar,1,26-35,Service,4-5x/week,Office,BEST Bus,5,3,3,4,4,1,0,0,1,1
D.N. Nagar,1,36-45,Service,Daily,Education,BEST Bus,4,3,3,4,3,0,1,0,0,0
D.N. Nagar,1,26-35,Service,Daily,Other,BEST Bus,5,3,3,5,3,0,0,0,0,0
D.N. Nagar,1,36-45,Service,4-5x/week,Shopping,BEST Bus,5,3,4,5,4,0,0,0,1,1
D.N. Nagar,1,18-25,Service,2-3x/week,Education,BEST Bus,4,3,3,4,3,0,0,1,0,1
D.N. Nagar,1,26-35,Student,Daily,Education,BEST Bus,4,2,3,4,3,0,0,0,0,1
D.N. Nagar,1,26-35,IT/Tech,Weekly,Other,BEST Bus,3,3,3,4,3,0,0,1,0,1
D.N. Nagar,1,60+,IT/Tech,2-3x/week,Office,BEST Bus,5,3,4,5,3,0,0,1,0,1
D.N. Nagar,1,36-45,Student,Daily,Office,BEST Bus,4,3,3,3,3,0,0,1,0,1
D.N. Nagar,1,46-60,IT/Tech,Daily,Office,BEST Bus,4,3,3,4,4,1,1,1,0,1
D.N. Nagar,1,18-25,IT/Tech,4-5x/week,Other,BEST Bus,4,3,3,4,3,0,0,0,0,1
D.N. Nagar,1,18-25,Service,Daily,Office,BEST Bus,4,3,3,4,3,0,1,0,0,1
D.N. Nagar,1,26-35,Service,Weekly,Office,BEST Bus,3,3,2,4,3,0,0,0,0,0
D.N. Nagar,1,36-45,Service,Rarely,Leisure,BEST Bus,4,3,3,4,4,1,0,0,1,1
D.N. Nagar,1,46-60,IT/Tech,Daily,Office,BEST Bus,4,3,3,4,3,0,1,1,0,1
D.N. Nagar,1,26-35,Service,2-3x/week,Leisure,BEST Bus,3,3,3,4,3,0,1,1,0,0
D.N. Nagar,1,26-35,Service,Weekly,Shopping,BEST Bus,4,3,4,4,4,0,0,0,0,1
D.N. Nagar,1,36-45,IT/Tech,Daily,Leisure,BEST Bus,4,2,4,5,3,1,1,1,0,1
D.N. Nagar,1,60+,Service,4-5x/week,Education,BEST Bus,4,3,2,4,3,0,0,0,0,1
D.N. Nagar,1,26-35,Other,Daily,Office,BEST Bus,4,3,3,4,4,1,0,0,0,1
D.N. Nagar,1,26-35,Service,4-5x/week,Leisure,BEST Bus,5,3,3,4,3,0,0,0,0,1
D.N. Nagar,1,36-45,IT/Tech,4-5x/week,Education,BEST Bus,4,3,4,4,3,1,0,1,0,1
D.N. Nagar,1,26-35,IT/Tech,Daily,Other,BEST Bus,3,3,3,4,3,0,1,1,0,1
D.N. Nagar,1,46-60,Service,Weekly,Office,BEST Bus,3,2,3,5,3,1,1,1,1,1
D.N. Nagar,1,26-35,Service,Rarely,Office,BEST Bus,4,3,4,5,3,1,1,1,1,1
D.N. Nagar,1,18-25,IT/Tech,Daily,Office,BEST Bus,4,2,4,4,3,0,0,1,0,1
D.N. Nagar,1,26-35,Student,4-5x/week,Education,BEST Bus,3,3,3,4,3,0,0,0,0,1
D.N. Nagar,1,26-35,Student,4-5x/week,Office,BEST Bus,5,3,3,3,3,1,0,1,0,1
D.N. Nagar,1,26-35,Service,4-5x/week,Office,BEST Bus,4,2,3,4,3,1,0,0,0,1
D.N. Nagar,1,36-45,IT/Tech,4-5x/week,Leisure,BEST Bus,3,3,3,4,3,0,0,1,1,1
D.N. Nagar,1,26-35,Service,Rarely,Office,BEST Bus,4,3,3,4,3,0,0,1,0,1
D.N. Nagar,1,26-35,IT/Tech,4-5x/week,Education,BEST Bus,3,3,3,4,3,1,0,0,0,1
D.N. Nagar,1,18-25,Student,4-5x/week,Office,BEST Bus,4,3,3,4,4,0,1,1,0,1
D.N. Nagar,1,18-25,Business,Daily,Education,BEST Bus,5,3,3,4,3,1,0,0,0,0
D.N. Nagar,1,26-35,Service,4-5x/week,Office,BEST Bus,4,3,4,4,4,1,0,0,0,1
D.N. Nagar,1,26-35,IT/Tech,Daily,Office,BEST Bus,4,3,4,3,3,1,1,0,0,1
D.N. Nagar,1,36-45,IT/Tech,2-3x/week,Office,BEST Bus,4,3,3,4,2,0,1,1,0,0
D.N. Nagar,1,26-35,Business,Daily,Office,BEST Bus,3,3,3,4,4,1,0,0,0,1
D.N. Nagar,1,18-25,Student,Daily,Education,BEST Bus,4,3,3,4,3,0,1,0,1,1
D.N. Nagar,1,18-25,Service,4-5x/week,Other,BEST Bus,3,2,3,4,3,0,0,1,0,1
D.N. Nagar,1,36-45,Business,2-3x/week,Other,BEST Bus,4,4,3,4,3,0,0,1,1,1
D.N. Nagar,1,26-35,Service,Daily,Leisure,BEST Bus,4,3,3,4,3,0,0,0,0,1
D.N. Nagar,1,26-35,Service,Daily,Leisure,BEST Bus,4,3,4,4,4,0,0,0,1,0
D.N. Nagar,1,26-35,Business,Rarely,Office,BEST Bus,3,3,3,4,4,0,1,0,0,1
D.N. Nagar,1,46-60,Other,Daily,Leisure,BEST Bus,4,3,4,4,3,0,0,0,0,1
D.N. Nagar,1,46-60,Service,Weekly,Education,BEST Bus,4,3,3,4,3,0,0,1,0,1
D.N. Nagar,1,26-35,Service,Weekly,Shopping,BEST Bus,5,3,4,4,5,0,0,1,0,1
D.N. Nagar,1,60+,IT/Tech,2-3x/week,Office,BEST Bus,4,3,4,4,3,0,0,0,0,1
D.N. Nagar,1,36-45,IT/Tech,Daily,Office,BEST Bus,4,2,4,5,3,0,1,0,1,0
D.N. Nagar,1,26-35,IT/Tech,Weekly,Office,BEST Bus,3,2,4,4,3,0,0,0,0,1
D.N. Nagar,1,18-25,IT/Tech,4-5x/week,Office,BEST Bus,4,3,3,4,3,0,1,1,0,1
D.N. Nagar,1,18-25,Student,4-5x/week,Shopping,BEST Bus,3,2,3,4,4,0,1,0,0,1
D.N. Nagar,1,26-35,Business,4-5x/week,Office,BEST Bus,3,2,4,4,3,0,0,1,0,0
D.N. Nagar,1,18-25,Service,Daily,Leisure,BEST Bus,4,3,3,4,3,0,0,0,0,1
D.N. Nagar,1,18-25,Business,2-3x/week,Office,BEST Bus,4,3,3,4,4,1,1,0,0,1
D.N. Nagar,1,26-35,Other,Daily,Education,BEST Bus,4,3,3,4,4,1,1,0,0,1
D.N. Nagar,1,26-35,Service,Daily,Education,BEST Bus,5,4,3,4,3,1,0,1,0,0
D.N. Nagar,1,26-35,IT/Tech,Daily,Office,BEST Bus,3,3,4,4,3,0,0,1,0,1
D.N. Nagar,1,36-45,Service,4-5x/week,Office,BEST Bus,4,3,4,4,3,1,0,0,0,1
D.N. Nagar,1,36-45,Service,Daily,Office,BEST Bus,3,3,3,4,4,1,0,1,0,0
D.N. Nagar,1,36-45,Business,Daily,Education,BEST Bus,4,4,3,4,3,0,1,0,0,1
D.N. Nagar,1,36-45,Other,Daily,Shopping,BEST Bus,4,3,3,5,4,0,0,1,0,1
D.N. Nagar,1,18-25,IT/Tech,4-5x/week,Office,BEST Bus,4,2,3,4,4,0,0,1,0,1
D.N. Nagar,1,36-45,IT/Tech,Daily,Office,BEST Bus,4,2,3,4,3,0,1,0,1,1
D.N. Nagar,1,36-45,Business,4-5x/week,Office,BEST Bus,4,3,4,4,3,0,1,0,0,1
D.N. Nagar,1,36-45,IT/Tech,Daily,Leisure,BEST Bus,4,3,4,5,3,0,0,0,1,0
D.N. Nagar,1,60+,Service,Daily,Office,BEST Bus,4,3,4,4,3,1,0,0,0,0
D.N. Nagar,1,18-25,Service,4-5x/week,Shopping,BEST Bus,4,3,3,4,3,1,1,0,0,1
D.N. Nagar,1,46-60,Student,Rarely,Office,BEST Bus,4,3,4,4,3,0,0,0,0,1
D.N. Nagar,1,46-60,Business,4-5x/week,Shopping,BEST Bus,5,3,4,4,3,0,1,0,1,1
D.N. Nagar,1,36-45,Service,4-5x/week,Shopping,BEST Bus,4,3,4,4,3,0,1,1,0,1
D.N. Nagar,1,18-25,IT/Tech,Daily,Office,BEST Bus,4,3,3,4,3,0,0,1,0,1
D.N. Nagar,1,36-45,IT/Tech,Daily,Office,BEST Bus,4,3,3,5,3,0,0,0,0,0
D.N. Nagar,1,46-60,IT/Tech,Daily,Office,BEST Bus,3,3,2,4,3,1,0,1,1,1
D.N. Nagar,1,46-60,Service,2-3x/week,Office,BEST Bus,3,4,4,5,3,0,1,1,0,1
D.N. Nagar,1,26-35,Business,Daily,Office,BEST Bus,4,3,3,5,3,1,0,1,0,1
D.N. Nagar,1,26-35,Other,4-5x/week,Office,BEST Bus,4,4,4,4,3,0,0,1,0,1
D.N. Nagar,1,18-25,Student,2-3x/week,Other,BEST Bus,4,3,3,4,3,0,1,0,0,1
D.N. Nagar,1,26-35,IT/Tech,Daily,Office,BEST Bus,4,3,3,4,3,1,0,0,0,0
D.N. Nagar,1,46-60,IT/Tech,Daily,Shopping,BEST Bus,4,4,4,5,3,0,0,0,0,1
D.N. Nagar,1,46-60,Student,Weekly,Education,BEST Bus,3,3,3,4,3,0,0,1,0,1
D.N. Nagar,1,46-60,Business,Daily,Leisure,BEST Bus,4,3,3,4,3,1,0,1,0,1
D.N. Nagar,1,26-35,Service,Daily,Other,BEST Bus,4,2,3,5,3,1,1,0,0,0
D.N. Nagar,1,18-25,Student,Daily,Shopping,BEST Bus,4,3,4,4,3,1,0,0,1,1
D.N. Nagar,1,18-25,Business,2-3x/week,Leisure,BEST Bus,4,3,3,4,4,0,1,0,0,1
D.N. Nagar,1,46-60,Business,Daily,Office,BEST Bus,4,3,4,3,3,0,0,1,0,1
D.N. Nagar,1,18-25,Other,2-3x/week,Office,BEST Bus,4,3,3,5,3,0,1,0,0,1
D.N. Nagar,1,18-25,Student,Daily,Office,BEST Bus,3,3,3,4,4,1,1,1,0,1
D.N. Nagar,1,26-35,IT/Tech,4-5x/week,Education,BEST Bus,4,3,4,4,4,0,0,1,1,1
D.N. Nagar,1,46-60,Other,2-3x/week,Leisure,BEST Bus,4,3,3,4,3,0,1,1,0,1
D.N. Nagar,1,26-35,IT/Tech,4-5x/week,Office,BEST Bus,3,3,3,4,3,0,0,1,0,1
D.N. Nagar,1,18-25,Service,Daily,Office,BEST Bus,4,4,3,5,3,0,1,0,0,0
D.N. Nagar,1,26-35,IT/Tech,2-3x/week,Education,BEST Bus,3,2,4,4,3,0,0,1,0,1
D.N. Nagar,1,60+,Service,4-5x/week,Office,BEST Bus,3,3,3,4,3,0,0,0,0,1
Azad Nagar,1,18-25,Service,Daily,Office,Shared Auto,2,2,4,4,2,0,1,1,1,0
Azad Nagar,1,26-35,Student,4-5x/week,Office,Shared Auto,4,2,3,5,3,1,1,0,0,1
Azad Nagar,1,26-35,Business,Rarely,Education,Shared Auto,4,2,3,4,2,1,0,0,0,1
Azad Nagar,1,46-60,IT/Tech,Daily,Education,Shared Auto,3,2,3,4,2,1,0,0,0,0
Azad Nagar,1,26-35,Service,Daily,Office,Shared Auto,4,3,3,5,2,1,1,0,1,0
Azad Nagar,1,36-45,IT/Tech,Weekly,Education,Shared Auto,3,2,3,4,3,0,0,1,0,0
Azad Nagar,1,36-45,IT/Tech,2-3x/week,Leisure,Shared Auto,4,2,4,4,2,0,0,1,1,1
Azad Nagar,1,36-45,IT/Tech,Daily,Office,Shared Auto,3,2,3,5,3,1,1,0,0,1
Azad Nagar,1,46-60,Service,Daily,Shopping,Shared Auto,4,2,3,4,2,1,1,1,0,1
Azad Nagar,1,18-25,Business,Daily,Office,Shared Auto,4,2,3,4,2,1,0,0,1,1
Azad Nagar,1,26-35,Service,Weekly,Office,Shared Auto,3,2,2,4,2,1,1,0,0,1
Azad Nagar,1,26-35,Student,4-5x/week,Education,Shared Auto,4,2,2,4,2,1,0,1,0,1
Azad Nagar,1,18-25,Business,4-5x/week,Office,Shared Auto,3,2,4,5,2,1,0,0,0,1
Azad Nagar,1,46-60,Service,2-3x/week,Other,Shared Auto,3,3,3,4,3,1,0,0,0,0
Azad Nagar,1,46-60,Student,2-3x/week,Other,Shared Auto,4,2,4,4,2,1,0,0,0,1
Azad Nagar,1,36-45,Other,4-5x/week,Shopping,Shared Auto,5,1,3,4,2,1,0,1,0,1
Azad Nagar,1,26-35,Service,Daily,Shopping,Shared Auto,4,2,3,4,2,0,0,0,0,1
Azad Nagar,1,26-35,Service,Daily,Leisure,Shared Auto,4,2,4,4,2,0,0,0,0,0
Azad Nagar,1,18-25,IT/Tech,Rarely,Leisure,Shared Auto,4,2,3,4,2,0,0,1,1,1
Azad Nagar,1,46-60,IT/Tech,Weekly,Office,Shared Auto,4,2,3,3,2,0,1,0,0,1
Azad Nagar,1,26-35,Service,Daily,Office,Shared Auto,4,3,3,5,3,1,1,1,0,0
Azad Nagar,1,26-35,Business,Daily,Office,Shared Auto,4,3,3,4,2,1,0,1,0,1
Azad Nagar,1,46-60,Student,4-5x/week,Office,Shared Auto,5,2,3,4,2,0,1,0,0,1
Azad Nagar,1,18-25,Business,4-5x/week,Shopping,Shared Auto,3,2,4,4,3,1,0,1,0,0
Azad Nagar,1,18-25,Service,2-3x/week,Education,Shared Auto,3,2,3,4,2,1,0,1,0,1
Azad Nagar,1,18-25,IT/Tech,4-5x/week,Shopping,Shared Auto,4,2,3,4,3,1,0,0,0,0
Azad Nagar,1,36-45,Service,Weekly,Shopping,Shared Auto,3,2,4,4,3,1,1,0,0,1
Azad Nagar,1,26-35,IT/Tech,4-5x/week,Office,Shared Auto,4,2,4,5,2,1,1,1,0,0
Azad Nagar,1,36-45,Student,Daily,Shopping,Shared Auto,4,2,3,5,3,0,0,0,0,0
Azad Nagar,1,26-35,Business,Daily,Office,Shared Auto,4,2,3,4,2,1,0,1,0,0
Azad Nagar,1,26-35,Service,Daily,Leisure,Shared Auto,4,2,3,5,2,0,0,1,0,0
Azad Nagar,1,46-60,Business,Daily,Leisure,Shared Auto,4,2,3,4,2,0,1,1,0,1
Azad Nagar,1,26-35,Service,Daily,Education,Shared Auto,5,3,4,4,3,1,1,0,0,1
Azad Nagar,1,18-25,Business,Daily,Other,Shared Auto,4,2,3,4,3,0,1,1,0,1
Azad Nagar,1,18-25,IT/Tech,Daily,Office,Shared Auto,4,2,4,4,2,0,1,0,0,1
Azad Nagar,1,18-25,IT/Tech,Daily,Shopping,Shared Auto,5,2,4,5,3,0,1,0,0,1
Azad Nagar,1,18-25,Service,Daily,Shopping,Shared Auto,3,3,2,4,2,0,0,0,0,0
Azad Nagar,1,36-45,IT/Tech,Daily,Office,Shared Auto,3,2,4,5,2,1,0,0,0,0
Azad Nagar,1,26-35,Student,4-5x/week,Education,Shared Auto,3,2,3,5,1,0,0,0,0,0
Azad Nagar,1,26-35,Service,Daily,Shopping,Shared Auto,3,2,3,5,2,0,0,1,0,0
Azad Nagar,1,18-25,Service,Weekly,Office,Shared Auto,4,2,3,4,2,1,0,0,0,1
Azad Nagar,1,18-25,Other,4-5x/week,Leisure,Shared Auto,4,2,3,5,2,1,0,0,0,0
Azad Nagar,1,18-25,IT/Tech,4-5x/week,Office,Shared Auto,4,2,3,5,2,1,1,0,1,1
Azad Nagar,1,26-35,Other,Daily,Office,Shared Auto,3,2,4,4,2,1,1,1,1,1
Azad Nagar,1,18-25,Student,4-5x/week,Other,Shared Auto,5,2,3,4,2,0,0,0,0,1
Azad Nagar,1,26-35,Business,4-5x/week,Shopping,Shared Auto,4,3,2,4,3,0,0,0,0,0
Azad Nagar,1,36-45,IT/Tech,Daily,Shopping,Shared Auto,3,2,3,5,3,1,1,1,0,0
Azad Nagar,1,18-25,Other,4-5x/week,Office,Shared Auto,4,2,3,4,4,0,1,1,0,1
Azad Nagar,1,36-45,IT/Tech,4-5x/week,Education,Shared Auto,4,3,3,4,3,1,1,0,0,0
Azad Nagar,1,26-35,Student,2-3x/week,Shopping,Shared Auto,3,2,4,5,2,1,0,0,0,1
Azad Nagar,1,18-25,IT/Tech,Daily,Other,Shared Auto,4,2,3,4,2,1,0,1,0,1
Azad Nagar,1,26-35,Service,4-5x/week,Other,Shared Auto,4,2,3,4,3,0,0,0,0,0
Azad Nagar,1,26-35,IT/Tech,Daily,Education,Shared Auto,4,2,4,4,3,1,0,0,0,1
Azad Nagar,1,46-60,IT/Tech,Daily,Office,Shared Auto,4,3,2,3,3,1,0,0,0,0
Azad Nagar,1,46-60,Service,Daily,Office,Shared Auto,3,2,3,4,2,1,0,0,0,0
Azad Nagar,1,26-35,Other,Daily,Leisure,Shared Auto,4,2,4,4,2,1,0,1,0,1
Azad Nagar,1,26-35,Other,2-3x/week,Leisure,Shared Auto,4,1,2,4,3,1,0,0,0,0
Azad Nagar,1,26-35,IT/Tech,Weekly,Leisure,Shared Auto,4,2,3,4,2,0,1,1,1,0
Azad Nagar,1,26-35,IT/Tech,4-5x/week,Office,Shared Auto,4,2,3,4,2,1,0,1,0,0
Azad Nagar,1,18-25,Service,4-5x/week,Leisure,Shared Auto,3,2,3,4,3,0,0,1,0,1
Azad Nagar,1,26-35,Other,Weekly,Shopping,Shared Auto,4,3,3,4,2,0,1,0,0,0
Azad Nagar,1,18-25,Student,Daily,Office,Shared Auto,4,2,3,4,3,0,0,0,0,0
Azad Nagar,1,26-35,Service,4-5x/week,Leisure,Shared Auto,5,3,3,4,3,0,0,1,0,1
Azad Nagar,1,46-60,Student,Daily,Other,Shared Auto,4,3,4,4,2,0,0,1,0,0
Azad Nagar,1,36-45,Other,2-3x/week,Shopping,Shared Auto,4,2,3,5,2,0,0,0,0,0
Azad Nagar,1,36-45,Business,Daily,Leisure,Shared Auto,4,2,3,4,2,1,0,0,1,1
Azad Nagar,1,18-25,IT/Tech,Daily,Office,Shared Auto,3,2,3,5,2,0,0,0,0,1
Azad Nagar,1,26-35,Service,4-5x/week,Education,Shared Auto,4,2,3,4,3,0,0,1,1,1
Azad Nagar,1,36-45,Student,Daily,Office,Shared Auto,4,3,3,4,2,1,1,0,0,1
Azad Nagar,1,18-25,Business,2-3x/week,Office,Shared Auto,3,2,3,4,2,0,0,0,0,0
Azad Nagar,1,26-35,Student,Rarely,Education,Shared Auto,3,3,3,3,2,0,1,1,0,0
Azad Nagar,1,18-25,Service,Daily,Education,Shared Auto,5,2,3,4,2,0,0,1,0,1
Azad Nagar,1,26-35,IT/Tech,4-5x/week,Office,Shared Auto,4,2,3,4,2,0,1,0,0,0
Azad Nagar,1,46-60,Service,2-3x/week,Office,Shared Auto,3,2,3,5,2,0,1,1,1,0
Azad Nagar,1,18-25,IT/Tech,4-5x/week,Office,Shared Auto,3,3,3,4,2,1,0,1,0,0
Azad Nagar,1,26-35,Service,4-5x/week,Education,Shared Auto,3,2,3,5,3,0,1,1,0,1
Azad Nagar,1,18-25,IT/Tech,2-3x/week,Education,Shared Auto,4,2,3,5,3,0,0,0,1,0
Azad Nagar,1,26-35,Student,Daily,Office,Shared Auto,4,2,2,5,3,1,1,1,1,0
Azad Nagar,1,36-45,Student,2-3x/week,Office,Shared Auto,3,3,4,4,2,1,1,1,0,0
Azad Nagar,1,26-35,Business,Daily,Other,Shared Auto,3,2,3,4,2,1,1,0,0,1
Azad Nagar,1,26-35,Student,Weekly,Office,Shared Auto,3,2,3,4,2,1,1,0,0,0
Azad Nagar,1,26-35,Student,Rarely,Shopping,Shared Auto,4,2,4,4,2,1,0,0,1,1
Azad Nagar,1,46-60,Student,Daily,Leisure,Shared Auto,4,2,3,4,2,1,1,0,0,1
Azad Nagar,1,26-35,IT/Tech,2-3x/week,Education,Shared Auto,4,3,3,4,2,0,0,1,0,1
Azad Nagar,1,26-35,IT/Tech,2-3x/week,Education,Shared Auto,4,2,3,4,2,0,0,1,0,1
Azad Nagar,1,26-35,Service,4-5x/week,Office,Shared Auto,4,2,3,5,3,0,0,1,0,1
Azad Nagar,1,26-35,IT/Tech,Rarely,Office,Shared Auto,3,1,3,4,2,0,1,0,0,1
Azad Nagar,1,46-60,IT/Tech,Rarely,Office,Shared Auto,4,2,3,5,3,1,0,1,0,0
Azad Nagar,1,18-25,Service,Daily,Education,Shared Auto,3,2,3,5,3,1,1,0,1,1
Azad Nagar,1,26-35,Other,4-5x/week,Office,Shared Auto,3,3,3,5,3,0,1,1,1,0
Azad Nagar,1,46-60,IT/Tech,Daily,Office,Shared Auto,3,2,3,4,2,1,0,0,0,0
Azad Nagar,1,60+,Student,Daily,Office,Shared Auto,4,2,3,3,3,0,1,0,0,1
Azad Nagar,1,26-35,Student,Daily,Office,Shared Auto,4,3,4,4,2,0,0,0,0,1
Azad Nagar,1,36-45,Student,2-3x/week,Office,Shared Auto,4,2,3,4,2,0,1,1,0,1
Azad Nagar,1,18-25,Business,4-5x/week,Office,Shared Auto,4,2,4,4,2,0,1,1,0,1
Azad Nagar,1,46-60,Student,Daily,Office,Shared Auto,4,3,3,5,2,0,1,1,1,0
Azad Nagar,1,18-25,Student,Weekly,Office,Shared Auto,4,2,3,5,3,1,1,0,0,0
Azad Nagar,1,18-25,Business,Daily,Shopping,Shared Auto,3,3,2,4,3,1,0,0,0,0
Azad Nagar,1,18-25,IT/Tech,2-3x/week,Office,Shared Auto,4,2,3,4,2,0,1,1,1,1
Azad Nagar,1,18-25,Student,Daily,Leisure,Shared Auto,4,2,3,4,2,1,1,1,0,1
Azad Nagar,1,26-35,Service,4-5x/week,Office,Shared Auto,4,2,4,3,2,1,0,1,0,1
Azad Nagar,1,46-60,Other,Daily,Office,Shared Auto,3,2,2,4,2,0,1,1,0,0
Azad Nagar,1,46-60,Service,Rarely,Office,Shared Auto,2,3,3,5,2,0,0,1,0,1
Azad Nagar,1,18-25,Service,Daily,Shopping,Shared Auto,3,3,3,4,2,0,1,0,0,1
Azad Nagar,1,36-45,IT/Tech,Weekly,Office,Shared Auto,4,3,3,4,3,1,1,1,0,0
Azad Nagar,1,46-60,Other,Daily,Shopping,Shared Auto,4,3,3,4,3,1,1,1,0,1
Azad Nagar,1,36-45,IT/Tech,Daily,Leisure,Shared Auto,4,2,3,4,3,1,0,1,0,1
Azad Nagar,1,46-60,Business,Daily,Shopping,Shared Auto,3,2,4,4,2,1,0,1,0,1
Azad Nagar,1,18-25,Student,Daily,Office,Shared Auto,4,2,3,4,2,1,1,0,0,0
Azad Nagar,1,46-60,Service,Daily,Education,Shared Auto,3,3,2,4,3,1,1,1,0,0
Azad Nagar,1,26-35,Student,Weekly,Shopping,Shared Auto,3,3,4,4,2,0,0,0,0,1
Andheri,1,36-45,Student,4-5x/week,Office,BEST Bus,4,3,5,4,2,1,0,0,0,1
Andheri,1,18-25,Other,Daily,Other,BEST Bus,4,4,4,3,3,0,0,0,0,1
Andheri,1,18-25,IT/Tech,4-5x/week,Shopping,BEST Bus,3,3,4,3,3,1,0,0,1,1
Andheri,1,36-45,IT/Tech,4-5x/week,Leisure,BEST Bus,4,4,4,3,3,0,0,0,0,1
Andheri,1,36-45,Other,Daily,Office,BEST Bus,4,3,5,3,4,0,0,0,1,1
Andheri,1,46-60,IT/Tech,4-5x/week,Office,BEST Bus,3,4,5,3,3,0,0,1,0,1
Andheri,1,18-25,Student,Daily,Education,BEST Bus,4,4,4,3,3,0,0,0,0,1
Andheri,1,36-45,IT/Tech,4-5x/week,Education,BEST Bus,4,4,4,4,2,0,0,0,0,1
Andheri,1,26-35,Business,Weekly,Office,BEST Bus,4,4,4,3,3,0,0,0,1,1
Andheri,1,26-35,Service,4-5x/week,Other,BEST Bus,4,3,5,3,2,0,0,0,0,1
Andheri,1,36-45,Service,Daily,Office,BEST Bus,3,4,4,3,3,0,0,0,0,1
Andheri,1,26-35,Service,Daily,Office,BEST Bus,4,4,4,3,3,0,0,1,0,1
Andheri,1,46-60,Service,Daily,Office,BEST Bus,4,4,3,4,3,0,0,0,1,1
Andheri,1,36-45,Service,Daily,Office,BEST Bus,4,3,4,3,3,0,0,1,0,1
Andheri,1,26-35,IT/Tech,Weekly,Office,BEST Bus,4,3,3,3,3,0,0,0,0,1
Andheri,1,18-25,Business,4-5x/week,Education,BEST Bus,4,4,5,3,3,1,0,0,1,1
Andheri,1,18-25,IT/Tech,4-5x/week,Education,BEST Bus,3,4,4,3,4,1,0,1,1,1
Andheri,1,26-35,Student,2-3x/week,Office,BEST Bus,4,4,4,4,3,0,0,0,0,1
Andheri,1,36-45,IT/Tech,4-5x/week,Leisure,BEST Bus,3,3,4,4,3,0,1,0,0,1
Andheri,1,26-35,Service,4-5x/week,Education,BEST Bus,4,3,4,3,3,1,0,1,0,1
Andheri,1,60+,Service,Daily,Shopping,BEST Bus,4,3,4,2,3,0,0,0,1,0
Andheri,1,26-35,IT/Tech,4-5x/week,Office,BEST Bus,5,3,4,3,3,0,0,0,0,0
Andheri,1,26-35,IT/Tech,Rarely,Office,BEST Bus,5,4,4,3,4,0,0,0,1,1
Andheri,1,36-45,Student,4-5x/week,Other,BEST Bus,4,4,4,4,2,0,0,0,0,1
Andheri,1,60+,Student,Rarely,Education,BEST Bus,4,4,4,3,4,1,0,1,0,1
Andheri,1,26-35,IT/Tech,4-5x/week,Education,BEST Bus,4,3,4,3,3,0,0,0,1,1
Andheri,1,36-45,Other,Weekly,Office,BEST Bus,4,4,4,3,3,0,0,0,0,1
Andheri,1,36-45,IT/Tech,4-5x/week,Office,BEST Bus,4,3,4,3,3,0,0,0,1,1
Andheri,1,46-60,Business,4-5x/week,Office,BEST Bus,4,5,4,4,2,1,0,0,0,1
Andheri,1,36-45,Other,Daily,Shopping,BEST Bus,4,4,4,3,4,1,0,0,0,1
Andheri,1,36-45,Business,4-5x/week,Office,BEST Bus,5,3,4,3,2,0,1,0,0,1
Andheri,1,46-60,IT/Tech,Daily,Office,BEST Bus,3,3,5,3,3,1,1,0,1,1
Andheri,1,46-60,Student,Daily,Office,BEST Bus,5,4,5,2,4,1,0,0,1,1
Andheri,1,18-25,Service,4-5x/week,Office,BEST Bus,4,4,4,3,4,1,0,1,0,1
Andheri,1,18-25,Business,Rarely,Office,BEST Bus,3,4,4,3,4,0,0,0,1,1
Andheri,1,36-45,IT/Tech,Rarely,Office,BEST Bus,5,4,4,4,4,0,1,0,0,1
Andheri,1,26-35,Service,4-5x/week,Office,BEST Bus,3,3,4,3,2,0,0,0,1,1
Andheri,1,36-45,Student,Daily,Office,BEST Bus,4,4,4,3,3,0,0,0,0,1
Andheri,1,46-60,Service,Daily,Office,BEST Bus,4,3,4,3,3,0,0,0,0,1
Andheri,1,26-35,Other,Daily,Other,BEST Bus,3,4,4,3,4,0,0,1,0,1
Andheri,1,26-35,IT/Tech,Daily,Education,BEST Bus,4,3,4,4,3,0,1,0,0,1
Andheri,1,26-35,Business,4-5x/week,Office,BEST Bus,4,4,5,3,3,1,1,0,0,1
Andheri,1,36-45,Service,Daily,Other,BEST Bus,4,4,4,3,4,0,0,1,0,1
Andheri,1,26-35,IT/Tech,Daily,Leisure,BEST Bus,4,4,4,3,3,0,0,1,0,1
Andheri,1,26-35,IT/Tech,Weekly,Other,BEST Bus,3,3,4,3,4,1,0,1,0,1
Andheri,1,46-60,Business,Weekly,Other,BEST Bus,3,4,4,3,3,0,0,0,0,1
Andheri,1,26-35,Student,4-5x/week,Leisure,BEST Bus,3,3,4,3,3,1,0,0,1,1
Andheri,1,26-35,IT/Tech,4-5x/week,Office,BEST Bus,4,3,4,4,3,1,0,0,1,1
Andheri,1,18-25,Student,Weekly,Office,BEST Bus,5,4,4,4,3,0,0,0,0,0
Andheri,1,18-25,Student,4-5x/week,Office,BEST Bus,3,4,5,3,3,0,0,1,0,1
Andheri,1,26-35,Service,Rarely,Office,BEST Bus,3,3,5,3,3,0,1,1,0,1
Andheri,1,46-60,Other,Daily,Education,BEST Bus,4,4,4,3,4,0,0,0,0,1
Andheri,1,46-60,Service,Weekly,Leisure,BEST Bus,4,3,4,4,3,0,1,0,0,1
Andheri,1,26-35,Service,4-5x/week,Shopping,BEST Bus,4,3,4,3,3,0,0,0,0,1
Andheri,1,36-45,Student,4-5x/week,Education,BEST Bus,4,4,5,3,3,0,0,0,0,1
Andheri,1,60+,IT/Tech,Daily,Office,BEST Bus,3,4,4,4,3,1,1,1,1,1
Andheri,1,18-25,IT/Tech,4-5x/week,Office,BEST Bus,4,4,4,3,3,0,0,0,0,1
Andheri,1,18-25,Business,Daily,Office,BEST Bus,3,3,4,3,4,0,1,0,1,1
Andheri,1,60+,Business,4-5x/week,Other,BEST Bus,3,3,4,4,3,0,0,0,1,1
Andheri,1,60+,Student,2-3x/week,Education,BEST Bus,5,3,4,3,3,0,0,1,0,1
Andheri,1,18-25,Service,4-5x/week,Office,BEST Bus,4,3,4,3,3,0,0,0,0,1
Andheri,1,60+,Service,2-3x/week,Leisure,BEST Bus,4,3,4,3,4,0,0,1,0,1
Andheri,1,18-25,Business,Daily,Shopping,BEST Bus,4,3,4,3,4,0,0,0,1,1
Andheri,1,36-45,Service,4-5x/week,Shopping,BEST Bus,4,4,4,3,4,0,0,1,0,1
Andheri,1,18-25,IT/Tech,Weekly,Office,BEST Bus,5,3,4,3,3,1,1,0,1,1
Andheri,1,18-25,Business,4-5x/week,Office,BEST Bus,4,3,4,4,3,0,0,0,1,1
Andheri,1,18-25,IT/Tech,4-5x/week,Office,BEST Bus,4,3,5,4,3,1,1,0,0,1
Andheri,1,18-25,Service,Daily,Office,BEST Bus,3,4,4,3,4,0,0,1,0,1
Andheri,1,26-35,Service,2-3x/week,Education,BEST Bus,4,3,4,3,4,0,1,0,0,1
Andheri,1,36-45,Business,Rarely,Office,BEST Bus,4,4,4,3,3,1,0,0,1,0
Andheri,1,18-25,IT/Tech,4-5x/week,Shopping,BEST Bus,4,4,3,4,3,0,0,1,0,1
Andheri,1,60+,Service,Daily,Shopping,BEST Bus,4,4,4,4,3,0,0,1,0,1
Andheri,1,26-35,Service,2-3x/week,Office,BEST Bus,3,4,4,2,4,0,0,1,1,1
Andheri,1,18-25,Other,Weekly,Office,BEST Bus,4,4,4,3,4,0,0,0,1,1
Andheri,1,36-45,Business,Weekly,Office,BEST Bus,4,4,4,3,3,0,0,1,1,1
Andheri,1,36-45,Business,Weekly,Leisure,BEST Bus,4,3,4,3,2,0,1,0,1,1
Andheri,1,46-60,Student,Weekly,Office,BEST Bus,4,4,4,3,4,1,0,0,0,1
Andheri,1,18-25,Business,4-5x/week,Office,BEST Bus,4,4,5,3,3,0,0,0,1,1
Andheri,1,18-25,Other,Weekly,Education,BEST Bus,4,3,4,3,3,0,0,0,0,1
Andheri,1,46-60,Business,Rarely,Office,BEST Bus,3,4,4,3,3,0,0,1,0,1
Andheri,1,18-25,Service,2-3x/week,Shopping,BEST Bus,4,4,5,4,3,0,1,0,0,1
WEH,1,18-25,IT/Tech,Weekly,Office,Shared Auto,5,4,2,3,3,0,0,0,0,0
WEH,1,36-45,Student,Rarely,Office,Shared Auto,3,3,3,3,2,1,0,0,0,0
WEH,1,36-45,Student,4-5x/week,Education,Shared Auto,3,3,3,3,2,1,1,1,1,1
WEH,1,18-25,Service,Weekly,Education,Shared Auto,3,3,3,4,3,1,1,0,0,1
WEH,1,26-35,Student,Weekly,Office,Shared Auto,4,3,3,4,3,0,0,1,0,1
WEH,1,36-45,IT/Tech,Weekly,Office,Shared Auto,3,4,3,3,3,0,0,0,1,0
WEH,1,18-25,Business,Weekly,Office,Shared Auto,3,3,3,3,2,0,0,1,0,1
WEH,1,36-45,Business,4-5x/week,Office,Shared Auto,4,4,3,3,2,1,1,0,0,1
WEH,1,26-35,Other,Rarely,Other,Shared Auto,3,4,3,4,3,0,0,0,0,1
WEH,1,26-35,Business,Weekly,Office,Shared Auto,3,4,2,3,2,0,0,0,0,1
WEH,1,36-45,Student,4-5x/week,Education,Shared Auto,3,4,3,2,1,0,0,1,1,0
WEH,1,18-25,Service,4-5x/week,Education,Shared Auto,3,3,3,3,2,0,1,0,0,0
WEH,1,36-45,Student,4-5x/week,Office,Shared Auto,3,4,3,3,2,0,0,1,1,0
WEH,1,18-25,IT/Tech,Daily,Office,Shared Auto,4,4,4,3,2,1,1,0,0,1
WEH,1,18-25,Service,Daily,Office,Shared Auto,4,4,3,4,2,0,0,0,0,1
WEH,1,36-45,Service,2-3x/week,Shopping,Shared Auto,3,3,2,3,2,1,1,0,0,1
WEH,1,46-60,Business,Weekly,Office,Shared Auto,4,3,2,4,2,0,0,1,1,1
WEH,1,36-45,IT/Tech,Rarely,Office,Shared Auto,4,4,3,3,3,0,0,1,0,1
WEH,1,26-35,IT/Tech,2-3x/week,Other,Shared Auto,4,3,4,3,2,0,0,1,0,1
WEH,1,26-35,IT/Tech,2-3x/week,Education,Shared Auto,4,3,3,3,2,0,0,0,0,0
WEH,1,36-45,Other,Daily,Office,Shared Auto,4,4,3,3,3,1,1,0,0,1
WEH,1,26-35,IT/Tech,2-3x/week,Office,Shared Auto,3,4,3,3,2,0,0,0,1,1
WEH,1,36-45,IT/Tech,Daily,Office,Shared Auto,4,3,3,3,2,0,1,0,0,1
WEH,1,46-60,IT/Tech,2-3x/week,Education,Shared Auto,4,3,3,3,2,1,1,1,0,0
WEH,1,26-35,IT/Tech,Daily,Shopping,Shared Auto,4,4,3,4,3,0,1,1,1,1
WEH,1,18-25,IT/Tech,Daily,Office,Shared Auto,4,3,3,3,3,1,1,0,0,1
WEH,1,26-35,IT/Tech,Weekly,Shopping,Shared Auto,4,4,3,3,2,1,0,0,0,1
WEH,1,36-45,Service,Daily,Office,Shared Auto,3,3,3,3,3,1,0,1,0,0
WEH,1,18-25,Other,4-5x/week,Education,Shared Auto,3,4,4,3,3,1,1,1,0,0
WEH,1,18-25,IT/Tech,4-5x/week,Office,Shared Auto,4,4,4,4,3,1,0,1,0,1
WEH,1,60+,IT/Tech,4-5x/week,Other,Shared Auto,3,4,3,2,3,0,0,1,0,1
WEH,1,26-35,Other,4-5x/week,Education,Shared Auto,4,4,3,4,3,0,1,0,1,1
WEH,1,36-45,IT/Tech,Daily,Office,Shared Auto,3,4,3,3,2,0,0,0,0,1
WEH,1,26-35,IT/Tech,2-3x/week,Office,Shared Auto,4,5,3,4,3,1,1,0,0,0
WEH,1,46-60,IT/Tech,Weekly,Education,Shared Auto,3,4,2,3,2,1,0,1,1,0
WEH,1,36-45,IT/Tech,Rarely,Education,Shared Auto,4,4,3,3,3,1,1,0,0,0
WEH,1,26-35,IT/Tech,4-5x/week,Office,Shared Auto,4,4,4,3,3,0,0,0,1,1
WEH,1,46-60,Other,Daily,Office,Shared Auto,4,3,3,4,3,0,1,0,1,1
WEH,1,26-35,Student,Daily,Office,Shared Auto,4,3,3,3,2,0,0,0,1,0
WEH,1,26-35,Service,4-5x/week,Education,Shared Auto,4,4,3,4,2,0,0,1,0,0
WEH,1,36-45,Service,Daily,Leisure,Shared Auto,3,3,3,3,2,1,0,0,0,0
WEH,1,36-45,Student,Daily,Office,Shared Auto,4,3,4,4,3,0,0,0,0,1
WEH,1,26-35,IT/Tech,Daily,Office,Shared Auto,4,4,4,4,3,0,1,1,1,0
WEH,1,26-35,Service,Daily,Education,Shared Auto,4,4,3,3,3,1,0,0,0,0
WEH,1,36-45,Service,4-5x/week,Office,Shared Auto,3,3,3,3,3,1,0,0,0,0
WEH,1,26-35,IT/Tech,4-5x/week,Other,Shared Auto,4,4,3,3,2,1,0,0,1,1
WEH,1,26-35,Student,Weekly,Leisure,Shared Auto,3,3,3,4,2,1,0,0,0,1
WEH,1,18-25,Service,4-5x/week,Education,Shared Auto,3,4,3,2,3,0,1,0,1,0
WEH,1,18-25,Student,Daily,Office,Shared Auto,3,4,3,4,3,1,0,1,0,0
WEH,1,60+,Service,Weekly,Education,Shared Auto,4,3,3,3,2,1,0,1,0,0
WEH,1,60+,Service,2-3x/week,Shopping,Shared Auto,4,3,3,3,3,1,1,1,1,0
WEH,1,36-45,IT/Tech,Daily,Office,Shared Auto,3,3,3,4,3,0,0,0,0,1
WEH,1,18-25,Service,4-5x/week,Shopping,Shared Auto,3,3,3,3,3,1,0,1,1,1
WEH,1,46-60,Business,4-5x/week,Other,Shared Auto,3,3,3,3,2,0,1,1,1,0
WEH,1,26-35,Other,2-3x/week,Education,Shared Auto,4,3,3,4,2,1,0,0,0,1
WEH,1,46-60,Student,Daily,Shopping,Shared Auto,4,4,4,3,2,0,1,0,0,0
WEH,1,18-25,Service,4-5x/week,Office,Shared Auto,4,4,3,3,2,1,0,0,0,1
WEH,1,18-25,Service,Rarely,Other,Shared Auto,4,3,3,3,3,1,0,0,0,0
WEH,1,46-60,Service,4-5x/week,Leisure,Shared Auto,3,4,3,3,2,0,1,0,0,1
WEH,1,26-35,Business,Daily,Office,Shared Auto,4,3,3,3,2,0,0,1,0,0
WEH,1,36-45,IT/Tech,4-5x/week,Education,Shared Auto,4,4,2,4,2,1,0,1,1,0
WEH,1,26-35,IT/Tech,Daily,Office,Shared Auto,4,4,2,3,3,0,0,0,0,1
WEH,1,36-45,Service,2-3x/week,Shopping,Shared Auto,3,3,3,3,2,1,0,0,0,1
WEH,1,18-25,Business,Daily,Leisure,Shared Auto,4,4,4,2,3,1,1,1,0,1
WEH,1,26-35,Service,2-3x/week,Office,Shared Auto,4,4,3,3,3,1,0,0,1,0
WEH,1,36-45,IT/Tech,2-3x/week,Office,Shared Auto,3,3,3,3,2,0,0,1,0,1
WEH,1,18-25,IT/Tech,Daily,Leisure,Shared Auto,3,4,3,3,2,0,1,1,1,1
WEH,1,18-25,Student,Daily,Shopping,Shared Auto,3,3,3,3,3,0,1,0,0,1
WEH,1,36-45,Service,4-5x/week,Office,Shared Auto,4,4,3,4,2,1,1,0,1,0
WEH,1,60+,IT/Tech,Weekly,Shopping,Shared Auto,3,3,3,4,2,0,1,1,0,1
WEH,1,18-25,Service,Daily,Education,Shared Auto,4,4,3,3,3,0,0,0,0,0
WEH,1,26-35,IT/Tech,4-5x/week,Leisure,Shared Auto,3,3,3,3,2,1,1,0,1,0
WEH,1,36-45,IT/Tech,Daily,Other,Shared Auto,3,3,4,3,2,0,0,0,0,1
WEH,1,60+,Other,2-3x/week,Office,Shared Auto,3,3,3,4,3,1,0,1,1,1
WEH,1,26-35,Service,4-5x/week,Office,Shared Auto,4,4,3,4,2,1,0,0,0,0
WEH,1,18-25,IT/Tech,Daily,Shopping,Shared Auto,3,3,2,4,2,0,0,0,0,1
WEH,1,26-35,Service,Daily,Office,Shared Auto,4,4,4,3,2,1,1,0,0,1
Chakala (JB Nagar),1,26-35,Other,Daily,Other,Shared Auto,3,4,3,4,2,1,1,1,1,1
Chakala (JB Nagar),1,26-35,Other,4-5x/week,Office,Shared Auto,3,3,3,4,3,1,0,1,1,0
Chakala (JB Nagar),1,36-45,IT/Tech,Daily,Office,Shared Auto,4,3,3,4,2,0,0,0,1,1
Chakala (JB Nagar),1,46-60,Service,Daily,Shopping,Shared Auto,4,3,3,3,3,1,0,1,0,1
Chakala (JB Nagar),1,46-60,Student,Daily,Office,Shared Auto,4,4,2,4,3,1,0,0,1,1
Chakala (JB Nagar),1,18-25,IT/Tech,Daily,Office,Shared Auto,3,3,3,4,3,1,0,1,0,0
Chakala (JB Nagar),1,18-25,Business,Rarely,Education,Shared Auto,4,4,3,3,3,0,0,0,1,1
Chakala (JB Nagar),1,36-45,Student,Weekly,Leisure,Shared Auto,4,3,2,3,3,0,1,0,0,1
Chakala (JB Nagar),1,18-25,Other,Daily,Office,Shared Auto,4,3,3,3,2,1,1,1,0,1
Chakala (JB Nagar),1,18-25,Other,4-5x/week,Office,Shared Auto,4,3,3,4,2,1,0,0,0,1
Chakala (JB Nagar),1,26-35,Student,4-5x/week,Office,Shared Auto,4,3,3,4,2,1,1,0,0,0
Chakala (JB Nagar),1,26-35,Student,Daily,Office,Shared Auto,3,3,3,3,2,1,0,0,0,0
Chakala (JB Nagar),1,36-45,Service,Rarely,Office,Shared Auto,4,3,3,3,2,0,0,1,1,1
Chakala (JB Nagar),1,26-35,IT/Tech,Daily,Education,Shared Auto,3,3,3,3,3,0,0,1,0,1
Chakala (JB Nagar),1,60+,IT/Tech,4-5x/week,Education,Shared Auto,3,3,3,3,3,0,0,1,0,1
Chakala (JB Nagar),1,18-25,Business,Daily,Office,Shared Auto,4,3,3,3,2,0,0,0,1,1
Chakala (JB Nagar),1,26-35,Business,4-5x/week,Shopping,Shared Auto,2,4,3,4,2,1,1,0,0,1
Chakala (JB Nagar),1,60+,IT/Tech,2-3x/week,Office,Shared Auto,3,4,3,4,4,0,0,0,1,1
Chakala (JB Nagar),1,60+,IT/Tech,Daily,Office,Shared Auto,4,4,3,3,2,1,0,1,1,1
Chakala (JB Nagar),1,46-60,IT/Tech,Daily,Office,Shared Auto,4,3,3,3,3,0,0,0,0,1
Chakala (JB Nagar),1,36-45,Service,2-3x/week,Other,Shared Auto,3,4,2,3,3,1,1,1,0,1
Chakala (JB Nagar),1,18-25,Service,4-5x/week,Office,Shared Auto,3,3,4,3,3,1,0,1,0,0
Chakala (JB Nagar),1,46-60,Service,Daily,Education,Shared Auto,4,3,3,4,3,1,1,0,0,1
Chakala (JB Nagar),1,26-35,Service,4-5x/week,Office,Shared Auto,3,3,3,3,3,0,0,1,0,1
Chakala (JB Nagar),1,60+,Business,4-5x/week,Shopping,Shared Auto,3,3,3,3,3,0,0,0,0,0
Chakala (JB Nagar),1,26-35,IT/Tech,Daily,Other,Shared Auto,3,4,3,3,2,0,0,0,0,1
Chakala (JB Nagar),1,26-35,IT/Tech,Daily,Shopping,Shared Auto,3,3,3,4,3,1,0,1,0,1
Chakala (JB Nagar),1,46-60,IT/Tech,Daily,Office,Shared Auto,3,3,3,3,2,1,0,1,0,1
Chakala (JB Nagar),1,26-35,IT/Tech,4-5x/week,Office,Shared Auto,3,3,3,4,2,1,0,0,0,1
Chakala (JB Nagar),1,26-35,Business,Daily,Other,Shared Auto,4,3,3,4,3,1,0,1,0,0
Chakala (JB Nagar),1,26-35,Student,4-5x/week,Other,Shared Auto,4,3,3,4,3,1,1,1,1,1
Chakala (JB Nagar),1,36-45,Service,Daily,Other,Shared Auto,4,3,3,3,3,1,0,0,0,0
Chakala (JB Nagar),1,46-60,IT/Tech,Daily,Office,Shared Auto,4,3,3,4,3,0,1,0,0,1
Chakala (JB Nagar),1,36-45,Student,Daily,Leisure,Shared Auto,3,3,3,3,2,0,0,0,0,1
Chakala (JB Nagar),1,26-35,Student,2-3x/week,Shopping,Shared Auto,4,3,3,4,3,0,0,0,0,0
Chakala (JB Nagar),1,60+,Service,Daily,Office,Shared Auto,3,3,3,3,2,1,0,0,0,1
Chakala (JB Nagar),1,26-35,Business,Weekly,Shopping,Shared Auto,3,3,2,4,2,0,1,0,0,0
Chakala (JB Nagar),1,18-25,Service,Daily,Other,Shared Auto,4,3,3,3,3,0,0,0,1,0
Chakala (JB Nagar),1,26-35,IT/Tech,Daily,Leisure,Shared Auto,4,3,3,4,3,0,1,0,0,1
Chakala (JB Nagar),1,26-35,Business,Daily,Education,Shared Auto,3,3,3,3,2,0,0,1,0,1
Chakala (JB Nagar),1,26-35,Business,Daily,Leisure,Shared Auto,2,3,3,3,3,1,1,0,0,1
Chakala (JB Nagar),1,36-45,Service,Daily,Office,Shared Auto,3,4,3,4,3,0,0,0,0,1
Chakala (JB Nagar),1,46-60,Business,Rarely,Office,Shared Auto,3,3,3,3,2,0,1,1,1,0
Chakala (JB Nagar),1,26-35,Student,Weekly,Office,Shared Auto,4,4,3,4,3,1,1,0,0,0
Chakala (JB Nagar),1,36-45,Service,Rarely,Shopping,Shared Auto,4,3,3,3,2,1,0,0,0,0
Chakala (JB Nagar),1,18-25,IT/Tech,Daily,Office,Shared Auto,3,2,2,3,3,1,0,0,0,1
Chakala (JB Nagar),1,26-35,Student,Daily,Leisure,Shared Auto,4,4,3,4,2,0,0,0,0,1
Chakala (JB Nagar),1,36-45,IT/Tech,Rarely,Office,Shared Auto,3,3,3,4,2,0,1,0,1,0
Chakala (JB Nagar),1,36-45,Student,Daily,Office,Shared Auto,4,3,3,3,3,0,0,0,0,1
Chakala (JB Nagar),1,60+,Student,2-3x/week,Office,Shared Auto,3,3,4,4,3,1,0,1,1,1
Chakala (JB Nagar),1,18-25,Service,Rarely,Education,Shared Auto,4,3,3,4,2,0,1,1,1,0
Chakala (JB Nagar),1,18-25,Service,Weekly,Office,Shared Auto,4,3,3,4,3,1,1,1,0,0
Chakala (JB Nagar),1,60+,Student,Daily,Office,Shared Auto,4,3,3,3,2,0,1,0,0,1
Chakala (JB Nagar),1,26-35,Other,2-3x/week,Other,Shared Auto,3,4,3,3,2,0,1,1,0,0
Chakala (JB Nagar),1,18-25,Student,4-5x/week,Education,Shared Auto,3,4,3,3,2,1,0,1,0,1
Chakala (JB Nagar),1,26-35,Business,Daily,Leisure,Shared Auto,4,3,3,4,2,0,1,1,0,1
Chakala (JB Nagar),1,46-60,Business,2-3x/week,Education,Shared Auto,3,3,3,3,2,0,0,0,0,1
Chakala (JB Nagar),1,26-35,Business,4-5x/week,Office,Shared Auto,2,3,3,3,3,0,0,1,0,1
Chakala (JB Nagar),1,26-35,Service,Daily,Office,Shared Auto,5,2,3,4,2,1,0,1,0,1
Chakala (JB Nagar),1,26-35,Business,Daily,Education,Shared Auto,4,3,3,4,2,1,1,0,0,1
Chakala (JB Nagar),1,46-60,Student,Daily,Office,Shared Auto,3,3,3,4,3,0,0,0,0,0
Chakala (JB Nagar),1,26-35,Student,Daily,Office,Shared Auto,4,3,3,3,3,0,0,1,0,1
Chakala (JB Nagar),1,46-60,IT/Tech,Weekly,Office,Shared Auto,4,4,3,3,3,0,1,0,0,1
Chakala (JB Nagar),1,18-25,Business,Daily,Education,Shared Auto,5,3,3,4,2,0,0,0,0,1
Chakala (JB Nagar),1,26-35,Student,Daily,Office,Shared Auto,3,3,3,3,3,0,0,0,0,0
Chakala (JB Nagar),1,26-35,Student,Daily,Education,Shared Auto,4,4,3,3,3,1,0,0,0,1
Chakala (JB Nagar),1,26-35,Service,Rarely,Leisure,Shared Auto,3,4,3,3,2,0,0,0,0,1
Chakala (JB Nagar),1,36-45,Student,Daily,Shopping,Shared Auto,3,3,3,3,2,0,0,1,0,1
Chakala (JB Nagar),1,26-35,Service,Weekly,Education,Shared Auto,3,3,3,3,3,0,0,0,1,1
Chakala (JB Nagar),1,26-35,IT/Tech,4-5x/week,Education,Shared Auto,4,3,3,3,2,1,0,1,0,1
Chakala (JB Nagar),1,26-35,IT/Tech,2-3x/week,Office,Shared Auto,4,3,3,3,3,0,0,0,0,0
Chakala (JB Nagar),1,26-35,Student,Daily,Other,Shared Auto,4,2,3,4,3,1,0,0,0,0
Chakala (JB Nagar),1,36-45,Business,Daily,Office,Shared Auto,4,2,3,4,3,1,1,1,0,1
Chakala (JB Nagar),1,46-60,Business,Daily,Education,Shared Auto,4,3,3,4,4,0,1,1,0,0
Chakala (JB Nagar),1,18-25,Student,2-3x/week,Education,Shared Auto,3,3,3,3,3,0,0,1,0,1
Chakala (JB Nagar),1,18-25,IT/Tech,Rarely,Office,Shared Auto,4,3,2,3,2,0,1,0,1,1
Chakala (JB Nagar),1,18-25,Business,4-5x/week,Office,Shared Auto,4,3,3,4,2,0,0,1,0,0
Chakala (JB Nagar),1,26-35,Student,Daily,Office,Shared Auto,4,2,3,4,3,1,1,0,0,0
Chakala (JB Nagar),1,60+,IT/Tech,Daily,Shopping,Shared Auto,4,3,3,4,3,0,0,0,0,1
Chakala (JB Nagar),1,46-60,Business,Daily,Office,Shared Auto,4,3,3,4,2,1,1,1,0,0
Chakala (JB Nagar),1,36-45,Student,Daily,Office,Shared Auto,4,3,3,4,3,0,0,1,0,0
Chakala (JB Nagar),1,26-35,Service,2-3x/week,Office,Shared Auto,4,3,3,3,2,1,0,1,0,1
Chakala (JB Nagar),1,26-35,IT/Tech,2-3x/week,Education,Shared Auto,4,3,3,3,2,0,0,0,0,1
Airport Road,1,26-35,Student,2-3x/week,Office,Auto Rickshaw,5,3,3,4,3,1,0,1,1,0
Airport Road,1,26-35,Other,2-3x/week,Education,Auto Rickshaw,3,3,3,4,3,0,1,0,0,1
Airport Road,1,60+,Service,2-3x/week,Office,Auto Rickshaw,3,5,3,4,3,1,0,1,0,1
Airport Road,1,26-35,Service,4-5x/week,Office,Auto Rickshaw,4,4,2,4,4,0,0,0,0,0
Airport Road,1,18-25,Student,Daily,Education,Auto Rickshaw,4,4,2,4,3,0,1,0,0,0
Airport Road,1,60+,IT/Tech,2-3x/week,Shopping,Auto Rickshaw,3,4,2,5,4,0,1,1,0,1
Airport Road,1,46-60,IT/Tech,4-5x/week,Leisure,Auto Rickshaw,4,4,3,3,3,0,1,1,0,0
Airport Road,1,18-25,IT/Tech,Daily,Office,Auto Rickshaw,4,4,3,3,3,1,1,0,0,1
Airport Road,1,26-35,Service,Rarely,Leisure,Auto Rickshaw,4,4,2,4,3,1,1,1,0,0
Airport Road,1,36-45,IT/Tech,Daily,Education,Auto Rickshaw,3,4,3,3,3,0,0,0,0,0
Airport Road,1,26-35,Business,Daily,Other,Auto Rickshaw,3,3,2,3,4,0,1,0,1,1
Airport Road,1,18-25,Other,4-5x/week,Office,Auto Rickshaw,4,4,2,3,3,0,0,0,0,0
Airport Road,1,36-45,Business,Weekly,Education,Auto Rickshaw,5,4,3,4,3,0,1,1,0,0
Airport Road,1,26-35,IT/Tech,Daily,Office,Auto Rickshaw,4,3,3,4,3,1,0,1,0,1
Airport Road,1,26-35,Business,Daily,Education,Auto Rickshaw,3,4,3,4,4,0,0,1,0,1
Airport Road,1,36-45,IT/Tech,Weekly,Office,Auto Rickshaw,3,4,2,4,3,0,0,1,0,0
Airport Road,1,46-60,IT/Tech,4-5x/week,Shopping,Auto Rickshaw,5,3,2,4,4,1,1,1,0,1
Airport Road,1,46-60,IT/Tech,Weekly,Other,Auto Rickshaw,4,3,3,4,4,0,0,0,1,0
Airport Road,1,46-60,IT/Tech,Daily,Office,Auto Rickshaw,4,4,2,4,4,0,0,0,0,0
Airport Road,1,26-35,Student,4-5x/week,Education,Auto Rickshaw,4,4,3,4,4,0,1,1,0,1
Airport Road,1,18-25,Student,2-3x/week,Office,Auto Rickshaw,4,4,3,4,4,0,1,0,0,1
Airport Road,1,18-25,IT/Tech,4-5x/week,Office,Auto Rickshaw,4,4,2,4,3,1,0,1,1,0
Airport Road,1,46-60,Service,2-3x/week,Office,Auto Rickshaw,4,4,3,4,4,0,0,1,1,0
Airport Road,1,60+,Student,Daily,Shopping,Auto Rickshaw,4,4,3,4,3,1,1,0,0,0
Airport Road,1,26-35,IT/Tech,Daily,Office,Auto Rickshaw,5,4,3,4,4,0,1,1,1,0
Airport Road,1,36-45,IT/Tech,2-3x/week,Education,Auto Rickshaw,5,5,2,4,3,1,1,1,0,0
Airport Road,1,26-35,IT/Tech,4-5x/week,Office,Auto Rickshaw,5,4,3,4,4,1,0,0,0,0
Airport Road,1,60+,IT/Tech,Daily,Shopping,Auto Rickshaw,4,4,2,4,3,0,0,1,0,1
Airport Road,1,36-45,IT/Tech,4-5x/week,Office,Auto Rickshaw,3,4,3,4,4,0,0,0,1,1
Airport Road,1,18-25,Service,Daily,Office,Auto Rickshaw,4,4,3,4,3,1,0,0,0,0
Airport Road,1,18-25,IT/Tech,4-5x/week,Office,Auto Rickshaw,4,4,3,4,4,0,1,0,0,1
Airport Road,1,26-35,Business,4-5x/week,Other,Auto Rickshaw,4,4,2,4,4,0,1,0,0,0
Airport Road,1,26-35,Student,4-5x/week,Office,Auto Rickshaw,3,5,3,4,4,0,1,1,1,0
Airport Road,1,18-25,IT/Tech,Daily,Other,Auto Rickshaw,3,4,2,4,4,1,0,1,0,0
Airport Road,1,46-60,Business,Daily,Education,Auto Rickshaw,4,4,2,4,3,0,0,1,0,0
Airport Road,1,26-35,Service,Daily,Shopping,Auto Rickshaw,4,4,2,4,3,0,0,0,0,0
Airport Road,1,26-35,Student,Daily,Office,Auto Rickshaw,3,4,2,3,4,0,1,1,0,1
Airport Road,1,36-45,IT/Tech,4-5x/week,Education,Auto Rickshaw,3,3,2,3,3,0,0,0,0,1
Airport Road,1,36-45,Business,Daily,Shopping,Auto Rickshaw,5,4,3,4,4,0,0,0,0,1
Airport Road,1,26-35,Business,Daily,Other,Auto Rickshaw,4,4,2,5,4,0,0,1,1,0
Airport Road,1,36-45,Other,Daily,Shopping,Auto Rickshaw,5,3,3,4,3,0,1,0,0,1
Airport Road,1,26-35,Other,2-3x/week,Office,Auto Rickshaw,3,5,2,4,3,0,1,0,0,1
Airport Road,1,36-45,IT/Tech,4-5x/week,Leisure,Auto Rickshaw,4,4,2,5,3,0,1,0,0,0
Airport Road,1,18-25,Other,Weekly,Leisure,Auto Rickshaw,5,4,3,5,4,1,0,0,0,0
Airport Road,1,26-35,IT/Tech,Daily,Other,Auto Rickshaw,3,4,3,4,4,1,0,1,0,1
Airport Road,1,46-60,IT/Tech,Daily,Other,Auto Rickshaw,4,4,2,4,3,0,1,1,1,1
Airport Road,1,60+,IT/Tech,Weekly,Office,Auto Rickshaw,4,4,2,4,4,1,0,1,0,0
Airport Road,1,18-25,Business,4-5x/week,Office,Auto Rickshaw,4,4,1,4,3,0,0,0,0,0
Airport Road,1,26-35,Service,4-5x/week,Other,Auto Rickshaw,5,4,3,3,3,1,1,0,0,1
Airport Road,1,36-45,Student,4-5x/week,Office,Auto Rickshaw,4,4,2,4,3,0,1,1,1,1
Airport Road,1,36-45,IT/Tech,4-5x/week,Shopping,Auto Rickshaw,4,4,2,4,3,0,1,1,0,1
Airport Road,1,46-60,Service,Daily,Education,Auto Rickshaw,4,3,3,4,3,1,1,0,0,1
Airport Road,1,26-35,Business,Daily,Office,Auto Rickshaw,5,5,3,5,3,0,0,0,0,0
Airport Road,1,46-60,Student,4-5x/week,Education,Auto Rickshaw,3,4,2,4,4,1,0,1,0,0
Airport Road,1,26-35,IT/Tech,Daily,Education,Auto Rickshaw,3,4,3,4,4,0,0,0,0,0
Airport Road,1,26-35,Service,Daily,Office,Auto Rickshaw,4,3,2,3,3,0,1,0,0,0
Airport Road,1,18-25,IT/Tech,4-5x/week,Shopping,Auto Rickshaw,4,5,3,3,3,0,1,1,1,0
Airport Road,1,18-25,Student,2-3x/week,Education,Auto Rickshaw,5,4,3,4,4,0,1,0,0,1
Airport Road,1,60+,Other,2-3x/week,Office,Auto Rickshaw,4,4,3,3,4,1,1,0,0,0
Airport Road,1,36-45,Student,Daily,Office,Auto Rickshaw,4,3,2,4,3,0,0,1,0,0
Airport Road,1,46-60,Service,4-5x/week,Shopping,Auto Rickshaw,4,4,4,4,3,0,1,0,0,0
Airport Road,1,18-25,Business,Weekly,Shopping,Auto Rickshaw,4,5,2,4,4,1,0,0,0,0
Airport Road,1,18-25,Service,4-5x/week,Leisure,Auto Rickshaw,4,4,3,4,3,0,0,1,0,0
Airport Road,1,26-35,Service,4-5x/week,Education,Auto Rickshaw,4,4,3,4,4,1,1,1,1,0
Airport Road,1,18-25,Student,Daily,Other,Auto Rickshaw,3,4,2,4,4,0,1,0,0,1
Airport Road,1,60+,Service,Daily,Education,Auto Rickshaw,4,4,3,4,4,0,1,0,1,0
Airport Road,1,18-25,Service,Daily,Office,Auto Rickshaw,4,5,3,4,3,0,1,0,0,0
Airport Road,1,18-25,Student,4-5x/week,Leisure,Auto Rickshaw,4,4,3,4,4,1,1,0,1,1
Airport Road,1,26-35,Other,Daily,Office,Auto Rickshaw,4,4,2,4,3,0,1,0,0,0
Airport Road,1,46-60,IT/Tech,Daily,Other,Auto Rickshaw,5,4,3,5,4,0,1,1,0,0
Airport Road,1,18-25,Business,Daily,Other,Auto Rickshaw,4,4,3,5,4,0,0,0,0,0
Airport Road,1,26-35,Service,Weekly,Shopping,Auto Rickshaw,5,4,2,3,3,1,0,0,0,0
Airport Road,1,26-35,Service,4-5x/week,Education,Auto Rickshaw,4,4,3,4,4,0,0,1,1,1
Airport Road,1,26-35,Business,Daily,Office,Auto Rickshaw,4,4,3,4,3,0,0,0,0,1
Airport Road,1,46-60,Student,Daily,Shopping,Auto Rickshaw,3,4,3,4,4,0,1,1,1,1
Airport Road,1,46-60,IT/Tech,Daily,Office,Auto Rickshaw,4,4,3,4,3,1,0,0,0,0
Airport Road,1,46-60,Business,4-5x/week,Shopping,Auto Rickshaw,4,4,2,4,3,0,1,1,0,1
Airport Road,1,26-35,IT/Tech,4-5x/week,Office,Auto Rickshaw,5,4,2,4,3,0,1,1,0,1
Airport Road,1,36-45,IT/Tech,Weekly,Office,Auto Rickshaw,4,4,2,4,3,1,1,0,0,0
Marol Naka L1,1,36-45,Other,Daily,Office,Shared Auto,4,3,4,4,3,1,0,1,1,1
Marol Naka L1,1,26-35,Business,Rarely,Office,Shared Auto,4,2,4,4,3,0,0,0,1,1
Marol Naka L1,1,26-35,IT/Tech,4-5x/week,Leisure,Shared Auto,4,4,3,4,2,1,0,0,0,1
Marol Naka L1,1,26-35,Other,Daily,Leisure,Shared Auto,5,3,4,3,3,0,1,0,0,1
Marol Naka L1,1,46-60,Business,Daily,Office,Shared Auto,3,4,3,3,3,1,0,0,0,1
Marol Naka L1,1,26-35,Business,4-5x/week,Shopping,Shared Auto,3,3,3,4,3,1,0,0,0,1
Marol Naka L1,1,36-45,IT/Tech,2-3x/week,Office,Shared Auto,4,3,3,4,3,0,0,0,0,0
Marol Naka L1,1,26-35,Service,Daily,Shopping,Shared Auto,4,3,3,4,2,0,1,0,0,1
Marol Naka L1,1,18-25,Service,4-5x/week,Office,Shared Auto,4,3,4,4,3,0,0,0,0,1
Marol Naka L1,1,18-25,Service,Daily,Office,Shared Auto,4,3,3,4,3,0,0,1,0,1
Marol Naka L1,1,26-35,Student,2-3x/week,Office,Shared Auto,4,3,3,4,3,0,1,0,1,1
Marol Naka L1,1,26-35,Other,Weekly,Office,Shared Auto,3,2,3,4,2,0,1,0,0,1
Marol Naka L1,1,36-45,Service,Weekly,Leisure,Shared Auto,4,4,4,5,3,0,1,0,0,1
Marol Naka L1,1,18-25,Business,4-5x/week,Office,Shared Auto,3,3,3,4,3,1,0,1,1,1
Marol Naka L1,1,26-35,Service,4-5x/week,Office,Shared Auto,4,3,3,4,3,0,1,0,0,1
Marol Naka L1,1,46-60,Service,Weekly,Shopping,Shared Auto,5,3,3,4,3,1,0,0,1,1
Marol Naka L1,1,26-35,Service,Daily,Office,Shared Auto,3,3,4,4,3,1,1,1,0,1
Marol Naka L1,1,26-35,Other,Daily,Leisure,Shared Auto,3,3,3,4,4,1,0,0,0,1
Marol Naka L1,1,18-25,Service,Daily,Office,Shared Auto,3,3,3,4,3,1,1,1,0,1
Marol Naka L1,1,36-45,Service,Daily,Office,Shared Auto,3,4,3,4,3,1,1,1,0,1
Marol Naka L1,1,60+,Business,Daily,Other,Shared Auto,3,3,3,4,3,0,0,0,1,0
Marol Naka L1,1,18-25,Service,Rarely,Shopping,Shared Auto,4,4,3,3,3,1,0,0,0,1
Marol Naka L1,1,36-45,IT/Tech,Daily,Office,Shared Auto,4,3,3,4,3,0,0,0,0,1
Marol Naka L1,1,46-60,Student,2-3x/week,Office,Shared Auto,3,3,3,4,3,0,0,0,1,1
Marol Naka L1,1,36-45,Service,Weekly,Shopping,Shared Auto,4,2,3,4,3,1,0,0,0,0
Marol Naka L1,1,18-25,Other,2-3x/week,Shopping,Shared Auto,4,3,3,4,3,0,0,0,0,0
Marol Naka L1,1,18-25,Other,4-5x/week,Leisure,Shared Auto,4,3,4,4,3,0,0,0,0,1
Marol Naka L1,1,26-35,Service,Daily,Education,Shared Auto,4,2,3,4,3,0,0,0,1,1
Marol Naka L1,1,18-25,Student,2-3x/week,Office,Shared Auto,4,2,3,4,2,0,1,0,0,1
Marol Naka L1,1,46-60,IT/Tech,4-5x/week,Office,Shared Auto,3,2,3,4,3,0,0,1,0,1
Marol Naka L1,1,18-25,IT/Tech,2-3x/week,Shopping,Shared Auto,4,3,3,3,3,0,1,1,0,0
Marol Naka L1,1,46-60,IT/Tech,Daily,Education,Shared Auto,3,2,3,4,3,1,1,1,1,1
Marol Naka L1,1,36-45,Business,4-5x/week,Office,Shared Auto,4,3,3,4,3,1,0,0,1,1
Marol Naka L1,1,36-45,Business,4-5x/week,Office,Shared Auto,5,2,3,4,3,0,1,0,0,1
Marol Naka L1,1,18-25,Service,2-3x/week,Office,Shared Auto,5,3,3,5,3,1,1,1,0,1
Marol Naka L1,1,26-35,Student,Weekly,Shopping,Shared Auto,4,4,4,4,3,0,1,1,1,1
Marol Naka L1,1,26-35,Student,Daily,Other,Shared Auto,4,3,3,4,2,0,0,0,1,0
Marol Naka L1,1,18-25,IT/Tech,Daily,Shopping,Shared Auto,4,2,3,3,2,0,0,1,0,1
Marol Naka L1,1,36-45,Business,4-5x/week,Office,Shared Auto,4,2,3,4,3,0,1,1,0,1
Marol Naka L1,1,46-60,Service,Rarely,Other,Shared Auto,4,3,3,3,3,0,1,0,0,1
Marol Naka L1,1,36-45,IT/Tech,2-3x/week,Other,Shared Auto,3,3,3,4,2,0,0,0,0,1
Marol Naka L1,1,46-60,Service,2-3x/week,Education,Shared Auto,4,2,3,4,3,1,1,1,0,1
Marol Naka L1,1,18-25,Student,Weekly,Office,Shared Auto,4,3,3,3,2,0,0,0,0,0
Marol Naka L1,1,36-45,IT/Tech,2-3x/week,Office,Shared Auto,3,3,3,4,3,0,1,1,0,1
Marol Naka L1,1,36-45,IT/Tech,Daily,Office,Shared Auto,4,3,3,4,3,0,0,0,0,1
Marol Naka L1,1,26-35,Business,Daily,Office,Shared Auto,4,3,3,4,3,0,0,1,0,1
Marol Naka L1,1,18-25,Service,2-3x/week,Office,Shared Auto,4,2,3,3,2,0,1,0,0,1
Marol Naka L1,1,60+,IT/Tech,Weekly,Education,Shared Auto,4,3,3,4,3,1,0,0,0,1
Marol Naka L1,1,18-25,Student,2-3x/week,Other,Shared Auto,4,3,4,5,3,1,0,0,0,1
Marol Naka L1,1,36-45,Service,4-5x/week,Education,Shared Auto,4,3,3,4,3,1,0,0,1,1
Marol Naka L1,1,18-25,IT/Tech,Rarely,Office,Shared Auto,4,2,3,4,3,0,0,1,0,0
Marol Naka L1,1,18-25,IT/Tech,Daily,Education,Shared Auto,4,2,3,4,3,0,1,1,1,1
Marol Naka L1,1,36-45,Other,Daily,Leisure,Shared Auto,4,3,3,4,4,0,0,1,0,1
Marol Naka L1,1,36-45,Other,2-3x/week,Education,Shared Auto,3,3,3,4,3,1,0,0,0,0
Marol Naka L1,1,36-45,IT/Tech,Weekly,Office,Shared Auto,4,2,3,3,2,0,1,0,0,1
Marol Naka L1,1,60+,IT/Tech,Daily,Leisure,Shared Auto,3,3,3,4,3,1,0,0,0,1
Marol Naka L1,1,18-25,Service,Daily,Office,Shared Auto,3,3,4,4,2,0,0,0,0,1
Marol Naka L1,1,26-35,Student,2-3x/week,Other,Shared Auto,4,3,4,4,3,0,1,1,0,1
Marol Naka L1,1,18-25,Service,Weekly,Office,Shared Auto,4,3,3,4,3,0,0,0,0,0
Marol Naka L1,1,18-25,Business,4-5x/week,Office,Shared Auto,4,3,3,3,3,0,1,0,1,0
Marol Naka L1,1,18-25,IT/Tech,4-5x/week,Office,Shared Auto,4,3,4,4,3,0,0,1,0,1
Marol Naka L1,1,26-35,Student,Weekly,Office,Shared Auto,3,3,3,4,3,0,0,0,0,1
Marol Naka L1,1,26-35,Student,Daily,Shopping,Shared Auto,4,2,3,4,4,1,0,0,0,0
Marol Naka L1,1,46-60,Business,4-5x/week,Office,Shared Auto,4,3,3,4,3,1,0,1,0,1
Marol Naka L1,1,46-60,Service,Daily,Office,Shared Auto,4,3,3,4,3,1,0,0,1,1
Marol Naka L1,1,36-45,Service,Daily,Leisure,Shared Auto,4,3,3,4,3,1,1,1,0,1
Saki Naka,1,36-45,Other,Daily,Office,Shared Auto,3,4,3,3,3,0,1,1,0,1
Saki Naka,1,18-25,IT/Tech,4-5x/week,Office,Shared Auto,4,3,2,3,3,1,0,0,0,1
Saki Naka,1,46-60,IT/Tech,Daily,Education,Shared Auto,3,3,3,4,2,0,1,1,0,0
Saki Naka,1,18-25,Service,Daily,Education,Shared Auto,4,4,3,3,2,1,0,0,1,1
Saki Naka,1,36-45,Service,Daily,Office,Shared Auto,3,2,3,4,2,1,0,0,0,0
Saki Naka,1,18-25,IT/Tech,Daily,Leisure,Shared Auto,3,3,3,2,3,1,0,1,0,0
Saki Naka,1,26-35,Other,Daily,Leisure,Shared Auto,4,3,2,3,2,0,0,0,0,1
Saki Naka,1,18-25,Service,Daily,Shopping,Shared Auto,3,3,3,3,2,1,1,1,0,0
Saki Naka,1,18-25,Business,Daily,Shopping,Shared Auto,3,3,3,4,2,1,0,1,0,1
Saki Naka,1,36-45,IT/Tech,Daily,Office,Shared Auto,3,3,2,3,2,1,0,0,0,0
Saki Naka,1,26-35,IT/Tech,Daily,Office,Shared Auto,3,2,2,4,3,1,0,1,0,1
Saki Naka,1,46-60,Service,Daily,Leisure,Shared Auto,4,3,2,4,3,0,0,0,1,1
Saki Naka,1,60+,Service,4-5x/week,Office,Shared Auto,4,3,2,4,3,0,0,0,0,1
Saki Naka,1,36-45,IT/Tech,2-3x/week,Education,Shared Auto,4,3,2,4,2,1,1,0,1,0
Saki Naka,1,18-25,Business,4-5x/week,Office,Shared Auto,4,3,3,3,3,1,0,0,0,1
Saki Naka,1,26-35,IT/Tech,4-5x/week,Office,Shared Auto,3,3,2,4,2,1,0,0,1,1
Saki Naka,1,18-25,IT/Tech,Daily,Office,Shared Auto,4,4,3,3,2,1,1,0,1,0
Saki Naka,1,46-60,IT/Tech,2-3x/week,Shopping,Shared Auto,3,2,2,3,3,0,0,1,1,1
Saki Naka,1,18-25,Other,4-5x/week,Shopping,Shared Auto,4,3,3,3,3,1,0,1,0,1
Saki Naka,1,26-35,Student,2-3x/week,Other,Shared Auto,4,3,2,3,3,0,0,0,0,1
Saki Naka,1,36-45,Service,Daily,Education,Shared Auto,3,3,2,3,2,1,1,0,0,0
Saki Naka,1,26-35,Service,4-5x/week,Shopping,Shared Auto,3,3,4,3,3,0,1,0,0,1
Saki Naka,1,46-60,IT/Tech,4-5x/week,Office,Shared Auto,4,3,3,4,2,0,0,0,0,0
Saki Naka,1,18-25,Business,Rarely,Education,Shared Auto,4,3,3,3,3,0,0,1,0,1
Saki Naka,1,26-35,Service,Daily,Shopping,Shared Auto,3,3,2,4,2,0,0,1,0,0
Saki Naka,1,18-25,Student,Weekly,Education,Shared Auto,4,3,3,3,2,1,0,1,1,1
Saki Naka,1,46-60,Service,2-3x/week,Education,Shared Auto,4,3,3,4,3,1,0,1,1,0
Saki Naka,1,46-60,Business,2-3x/week,Office,Shared Auto,2,3,3,3,3,0,1,0,1,0
Saki Naka,1,36-45,IT/Tech,4-5x/week,Shopping,Shared Auto,4,3,4,4,2,1,1,1,1,0
Saki Naka,1,46-60,IT/Tech,Daily,Office,Shared Auto,4,2,3,3,3,1,0,0,0,0
Saki Naka,1,18-25,Service,Daily,Leisure,Shared Auto,3,3,3,3,4,0,0,0,0,0
Saki Naka,1,26-35,IT/Tech,Daily,Shopping,Shared Auto,3,3,2,3,3,0,0,0,1,1
Saki Naka,1,46-60,Student,2-3x/week,Office,Shared Auto,4,3,3,3,3,0,1,0,0,0
Saki Naka,1,36-45,Service,Weekly,Office,Shared Auto,4,3,3,2,2,0,1,0,0,1
Saki Naka,1,18-25,Student,4-5x/week,Office,Shared Auto,3,3,3,4,2,1,0,0,0,0
Saki Naka,1,18-25,IT/Tech,4-5x/week,Office,Shared Auto,4,2,3,3,3,1,0,1,0,1
Saki Naka,1,36-45,IT/Tech,2-3x/week,Office,Shared Auto,4,2,3,4,2,0,1,0,0,0
Saki Naka,1,36-45,Service,Weekly,Office,Shared Auto,4,2,3,3,3,0,0,0,1,1
Saki Naka,1,36-45,Service,Daily,Office,Shared Auto,3,3,3,3,2,1,0,1,0,1
Saki Naka,1,26-35,Business,4-5x/week,Office,Shared Auto,2,3,3,3,2,0,0,0,0,1
Saki Naka,1,36-45,IT/Tech,Daily,Other,Shared Auto,4,2,3,3,3,1,1,1,0,0
Saki Naka,1,26-35,IT/Tech,Rarely,Office,Shared Auto,4,2,2,4,3,1,1,0,1,1
Saki Naka,1,26-35,Business,Daily,Shopping,Shared Auto,3,3,3,3,2,1,1,0,1,0
Saki Naka,1,26-35,Student,Rarely,Shopping,Shared Auto,3,3,2,3,2,0,0,1,0,1
Saki Naka,1,18-25,Business,Daily,Office,Shared Auto,4,3,2,3,2,1,0,1,1,0
Saki Naka,1,26-35,Service,Daily,Office,Shared Auto,3,2,2,3,3,0,0,0,0,0
Saki Naka,1,26-35,Other,2-3x/week,Shopping,Shared Auto,3,2,3,3,3,1,1,1,0,1
Saki Naka,1,26-35,IT/Tech,Daily,Education,Shared Auto,4,2,3,4,2,0,0,1,0,0
Saki Naka,1,46-60,IT/Tech,Daily,Leisure,Shared Auto,3,3,4,3,3,0,1,0,0,1
Saki Naka,1,36-45,Service,4-5x/week,Leisure,Shared Auto,4,3,2,3,2,0,0,0,0,1
Saki Naka,1,26-35,Business,2-3x/week,Office,Shared Auto,3,4,3,3,3,1,0,0,1,1
Saki Naka,1,18-25,IT/Tech,2-3x/week,Leisure,Shared Auto,4,3,3,4,3,1,0,0,0,1
Saki Naka,1,60+,IT/Tech,4-5x/week,Education,Shared Auto,3,2,3,3,2,0,0,1,0,1
Saki Naka,1,36-45,IT/Tech,Daily,Office,Shared Auto,3,3,2,4,3,0,1,0,1,1
Saki Naka,1,26-35,Business,Daily,Leisure,Shared Auto,4,4,3,3,2,1,0,0,0,0
Saki Naka,1,18-25,Service,2-3x/week,Office,Shared Auto,4,3,3,4,4,0,1,1,0,1
Saki Naka,1,18-25,IT/Tech,Daily,Leisure,Shared Auto,4,3,2,3,3,1,0,0,1,0
Saki Naka,1,26-35,IT/Tech,Daily,Shopping,Shared Auto,3,4,3,3,2,1,0,0,0,1
Saki Naka,1,46-60,Business,Daily,Office,Shared Auto,3,3,3,3,3,0,0,1,0,1
Saki Naka,1,46-60,Student,4-5x/week,Office,Shared Auto,3,3,4,3,2,0,0,1,0,0
Saki Naka,1,36-45,Service,4-5x/week,Office,Shared Auto,3,3,2,3,3,0,0,1,1,1
Saki Naka,1,26-35,Student,4-5x/week,Office,Shared Auto,3,3,3,3,2,0,1,0,0,0
Saki Naka,1,46-60,Service,Daily,Office,Shared Auto,3,4,3,3,3,1,0,0,0,1
Saki Naka,1,18-25,Service,Daily,Leisure,Shared Auto,4,3,2,4,2,0,1,1,0,1
Saki Naka,1,18-25,Service,4-5x/week,Office,Shared Auto,3,3,3,4,2,0,1,1,1,0
Saki Naka,1,36-45,IT/Tech,2-3x/week,Office,Shared Auto,3,3,2,4,3,1,1,1,1,1
Saki Naka,1,26-35,IT/Tech,Daily,Office,Shared Auto,3,3,3,4,2,1,0,0,0,0
Saki Naka,1,46-60,Business,Daily,Office,Shared Auto,5,4,3,3,2,1,0,1,0,1
Saki Naka,1,36-45,Service,Weekly,Shopping,Shared Auto,3,3,3,4,2,1,1,1,0,0
Saki Naka,1,36-45,Student,4-5x/week,Shopping,Shared Auto,3,2,3,3,3,1,1,1,0,1
Saki Naka,1,36-45,Service,4-5x/week,Leisure,Shared Auto,4,3,3,3,2,0,1,0,0,0
Saki Naka,1,26-35,IT/Tech,Daily,Office,Shared Auto,4,2,3,4,3,1,0,0,1,1
Saki Naka,1,36-45,Student,Daily,Shopping,Shared Auto,4,2,3,3,3,1,1,0,0,1
Saki Naka,1,36-45,IT/Tech,Daily,Office,Shared Auto,3,3,3,4,3,0,0,1,1,0
Saki Naka,1,36-45,IT/Tech,Weekly,Shopping,Shared Auto,3,2,2,3,2,0,0,0,0,0
Saki Naka,1,26-35,IT/Tech,Rarely,Education,Shared Auto,4,3,3,3,2,1,0,0,0,1
Saki Naka,1,26-35,Service,4-5x/week,Office,Shared Auto,4,2,3,4,2,1,0,0,1,1
Saki Naka,1,60+,Other,4-5x/week,Office,Shared Auto,4,3,2,3,2,1,1,1,0,1
Saki Naka,1,26-35,IT/Tech,4-5x/week,Office,Shared Auto,3,3,3,3,3,1,0,1,0,0
Saki Naka,1,46-60,Student,4-5x/week,Office,Shared Auto,4,3,3,4,3,1,1,1,1,1
Saki Naka,1,26-35,IT/Tech,Rarely,Office,Shared Auto,3,3,2,4,2,0,1,0,1,1
Saki Naka,1,26-35,Business,4-5x/week,Office,Shared Auto,4,3,3,3,3,0,0,1,0,1
Saki Naka,1,18-25,Student,Daily,Shopping,Shared Auto,3,4,3,3,2,0,0,0,0,1
Saki Naka,1,18-25,IT/Tech,2-3x/week,Office,Shared Auto,3,3,3,4,2,0,0,1,1,1
Saki Naka,1,60+,Student,Daily,Office,Shared Auto,4,3,3,3,2,1,0,0,0,1
Saki Naka,1,18-25,Business,4-5x/week,Leisure,Shared Auto,4,3,3,4,2,1,0,0,1,0
Saki Naka,1,26-35,Business,Rarely,Education,Shared Auto,4,3,3,3,3,0,1,1,0,1
Saki Naka,1,26-35,Service,Daily,Office,Shared Auto,4,2,2,3,3,0,1,0,0,1
Saki Naka,1,18-25,Other,Daily,Shopping,Shared Auto,4,3,2,3,3,0,0,0,1,0
Saki Naka,1,26-35,IT/Tech,Daily,Office,Shared Auto,4,2,2,3,3,1,0,0,0,0
Saki Naka,1,36-45,Business,Daily,Office,Shared Auto,3,3,3,3,3,1,0,0,1,1
Saki Naka,1,26-35,Service,Rarely,Shopping,Shared Auto,3,2,3,4,3,1,1,0,1,1
Saki Naka,1,26-35,Service,4-5x/week,Office,Shared Auto,3,3,3,3,2,1,1,0,1,0
Saki Naka,1,36-45,Service,Weekly,Leisure,Shared Auto,3,2,3,3,2,0,1,1,0,0
Saki Naka,1,36-45,IT/Tech,Daily,Shopping,Shared Auto,3,3,3,3,3,1,0,0,0,1
Saki Naka,1,46-60,Student,4-5x/week,Office,Shared Auto,4,3,3,3,3,1,0,1,1,1
Saki Naka,1,60+,Service,Daily,Office,Shared Auto,4,3,3,4,2,1,0,1,0,1
Saki Naka,1,26-35,Service,Weekly,Office,Shared Auto,3,3,2,4,3,0,1,0,0,1
Saki Naka,1,18-25,IT/Tech,Daily,Shopping,Shared Auto,3,3,3,3,3,0,1,0,1,1
Saki Naka,1,18-25,Student,4-5x/week,Office,Shared Auto,4,3,3,4,2,1,0,1,1,0
Saki Naka,1,36-45,Business,2-3x/week,Leisure,Shared Auto,3,2,2,3,2,1,0,0,0,1
Saki Naka,1,36-45,Service,4-5x/week,Other,Shared Auto,3,3,2,3,2,0,0,0,1,1
Saki Naka,1,36-45,Other,Daily,Office,Shared Auto,3,2,3,2,3,0,0,1,1,0
Saki Naka,1,46-60,Business,Daily,Office,Shared Auto,3,3,3,3,2,1,1,0,0,1
Saki Naka,1,18-25,Business,4-5x/week,Office,Shared Auto,4,3,2,3,3,0,1,0,0,0
Saki Naka,1,46-60,Business,Weekly,Education,Shared Auto,2,3,3,4,2,1,1,1,0,1
Saki Naka,1,36-45,Service,4-5x/week,Leisure,Shared Auto,4,3,2,3,3,1,1,1,0,0
Saki Naka,1,36-45,IT/Tech,Weekly,Other,Shared Auto,3,3,2,3,3,0,0,0,0,0
Saki Naka,1,18-25,Service,Weekly,Shopping,Shared Auto,4,3,3,3,2,1,0,0,0,1
Saki Naka,1,26-35,Business,2-3x/week,Office,Shared Auto,3,2,3,3,3,0,0,0,0,1
Saki Naka,1,46-60,IT/Tech,Daily,Office,Shared Auto,4,3,3,3,2,0,0,0,1,1
Saki Naka,1,26-35,Student,Daily,Other,Shared Auto,4,3,2,3,3,0,1,0,0,1
Saki Naka,1,36-45,Student,4-5x/week,Education,Shared Auto,3,3,2,3,2,0,0,1,1,1
Saki Naka,1,26-35,Other,4-5x/week,Shopping,Shared Auto,4,3,3,2,3,1,0,0,1,1
Saki Naka,1,26-35,IT/Tech,2-3x/week,Shopping,Shared Auto,4,3,3,4,3,0,1,0,1,1
Asalpha,1,26-35,Business,4-5x/week,Office,Shared Auto,4,2,2,4,2,0,1,0,0,1
Asalpha,1,36-45,Student,Daily,Education,Shared Auto,4,3,2,4,3,1,1,0,0,0
Asalpha,1,36-45,Service,Daily,Office,Shared Auto,3,2,2,4,2,1,0,0,0,0
Asalpha,1,36-45,Student,Daily,Education,Shared Auto,4,3,2,4,2,1,0,1,1,0
Asalpha,1,18-25,Student,Daily,Shopping,Shared Auto,4,2,3,4,2,0,0,1,0,1
Asalpha,1,18-25,IT/Tech,4-5x/week,Shopping,Shared Auto,4,2,3,4,3,1,1,1,0,1
Asalpha,1,46-60,IT/Tech,2-3x/week,Office,Shared Auto,4,3,3,4,2,1,0,1,0,0
Asalpha,1,36-45,Service,2-3x/week,Office,Shared Auto,4,3,2,5,2,0,1,1,0,1
Asalpha,1,46-60,Service,Rarely,Office,Shared Auto,3,3,2,4,3,1,0,1,0,1
Asalpha,1,36-45,Business,4-5x/week,Education,Shared Auto,4,2,2,4,2,1,1,0,0,0
Asalpha,1,26-35,Service,Rarely,Office,Shared Auto,4,2,2,4,3,1,0,0,0,1
Asalpha,1,36-45,Service,Daily,Education,Shared Auto,3,2,3,5,3,1,0,1,0,1
Asalpha,1,18-25,Other,4-5x/week,Leisure,Shared Auto,4,3,2,4,3,0,0,0,0,0
Asalpha,1,36-45,Student,4-5x/week,Leisure,Shared Auto,4,2,3,4,4,1,0,0,0,0
Asalpha,1,18-25,Business,2-3x/week,Office,Shared Auto,4,2,2,4,3,1,1,1,1,1
Asalpha,1,46-60,Business,2-3x/week,Office,Shared Auto,3,2,3,5,2,0,0,0,1,1
Asalpha,1,36-45,IT/Tech,4-5x/week,Shopping,Shared Auto,4,2,3,4,3,0,1,0,1,0
Asalpha,1,60+,IT/Tech,4-5x/week,Shopping,Shared Auto,4,3,3,4,3,1,0,0,0,1
Asalpha,1,26-35,Student,4-5x/week,Shopping,Shared Auto,3,3,2,4,2,0,1,0,1,1
Asalpha,1,18-25,Other,Daily,Education,Shared Auto,4,2,3,5,2,0,1,1,1,1
Asalpha,1,46-60,Service,Daily,Education,Shared Auto,3,2,3,4,2,0,1,1,0,1
Asalpha,1,18-25,Service,4-5x/week,Leisure,Shared Auto,3,2,2,4,2,1,0,0,0,0
Asalpha,1,46-60,Service,Daily,Education,Shared Auto,3,2,2,4,3,1,0,1,0,0
Asalpha,1,26-35,Student,4-5x/week,Education,Shared Auto,3,3,3,3,2,1,0,0,0,0
Asalpha,1,26-35,Student,4-5x/week,Office,Shared Auto,3,3,2,4,2,1,1,0,0,0
Asalpha,1,26-35,IT/Tech,Daily,Office,Shared Auto,3,2,3,4,2,1,0,1,0,0
Asalpha,1,26-35,IT/Tech,Daily,Education,Shared Auto,3,2,2,4,2,1,0,1,0,0
Asalpha,1,18-25,Other,2-3x/week,Leisure,Shared Auto,4,3,2,5,3,1,0,1,0,1
Asalpha,1,18-25,Service,4-5x/week,Leisure,Shared Auto,4,3,2,4,3,1,0,1,0,0
Asalpha,1,36-45,IT/Tech,Daily,Office,Shared Auto,4,2,3,4,3,0,0,0,0,1
Asalpha,1,46-60,Service,4-5x/week,Education,Shared Auto,4,3,2,4,3,1,0,1,0,1
Asalpha,1,26-35,Student,2-3x/week,Office,Shared Auto,4,2,2,5,3,0,0,0,0,0
Asalpha,1,36-45,Student,Daily,Office,Shared Auto,3,2,3,5,2,1,1,0,0,1
Asalpha,1,26-35,Service,4-5x/week,Office,Shared Auto,4,3,3,4,3,0,1,1,0,1
Asalpha,1,18-25,Business,4-5x/week,Office,Shared Auto,3,2,3,4,3,1,0,1,0,0
Asalpha,1,36-45,Business,2-3x/week,Office,Shared Auto,4,3,3,4,3,1,0,1,1,0
Asalpha,1,36-45,Service,4-5x/week,Office,Shared Auto,3,3,3,4,2,0,0,0,0,0
Asalpha,1,36-45,Business,2-3x/week,Office,Shared Auto,5,3,2,4,3,0,1,0,0,0
Asalpha,1,18-25,IT/Tech,4-5x/week,Office,Shared Auto,3,2,2,4,3,1,0,1,1,1
Asalpha,1,60+,Student,Daily,Shopping,Shared Auto,3,2,2,4,3,0,0,1,0,1
Asalpha,1,26-35,Other,4-5x/week,Office,Shared Auto,4,2,3,5,2,1,1,1,0,1
Asalpha,1,26-35,IT/Tech,4-5x/week,Office,Shared Auto,4,3,2,4,3,0,1,0,1,1
Asalpha,1,26-35,Service,Weekly,Office,Shared Auto,3,2,2,5,3,1,0,1,0,1
Asalpha,1,26-35,IT/Tech,Daily,Shopping,Shared Auto,3,3,3,4,3,0,1,0,0,1
Asalpha,1,36-45,Student,Daily,Other,Shared Auto,4,2,3,4,3,1,1,1,0,1
Asalpha,1,36-45,Business,Daily,Office,Shared Auto,4,3,3,5,2,0,0,0,0,0
Asalpha,1,26-35,Business,Daily,Office,Shared Auto,3,3,3,4,2,1,1,1,0,0
Asalpha,1,46-60,Business,Weekly,Leisure,Shared Auto,4,2,3,5,3,1,0,0,0,1
Asalpha,1,18-25,Service,Daily,Office,Shared Auto,4,2,2,4,3,1,0,1,0,0
Asalpha,1,46-60,Service,Weekly,Education,Shared Auto,4,2,2,4,3,1,0,0,0,1
Asalpha,1,18-25,Other,Daily,Other,Shared Auto,4,3,2,4,2,1,1,0,0,1
Asalpha,1,26-35,Student,Weekly,Office,Shared Auto,3,2,3,5,2,1,0,0,0,0
Asalpha,1,18-25,IT/Tech,Daily,Education,Shared Auto,4,3,3,4,2,1,0,1,0,1
Asalpha,1,18-25,Student,Rarely,Office,Shared Auto,3,2,3,4,3,0,0,1,1,1
Asalpha,1,26-35,Student,Rarely,Office,Shared Auto,3,3,3,4,2,1,0,1,1,0
Asalpha,1,18-25,Service,Rarely,Leisure,Shared Auto,4,2,3,5,2,1,0,1,0,1
Asalpha,1,26-35,Student,4-5x/week,Office,Shared Auto,3,3,2,5,2,0,0,1,1,0
Asalpha,1,26-35,Student,Weekly,Office,Shared Auto,4,3,3,4,3,1,0,1,0,0
Asalpha,1,18-25,Other,Weekly,Education,Shared Auto,4,3,3,4,3,0,0,0,0,0
Asalpha,1,18-25,Student,Daily,Office,Shared Auto,3,2,3,4,3,0,0,0,0,1
Asalpha,1,36-45,Business,Daily,Office,Shared Auto,4,2,3,4,3,0,1,0,0,0
Asalpha,1,26-35,Business,Daily,Office,Shared Auto,4,3,3,4,2,1,0,0,0,0
Asalpha,1,26-35,Student,Daily,Office,Shared Auto,4,2,3,4,3,1,0,0,0,1
Asalpha,1,60+,IT/Tech,2-3x/week,Office,Shared Auto,4,3,2,5,3,1,1,0,0,1
Asalpha,1,36-45,Business,4-5x/week,Other,Shared Auto,4,3,3,4,2,0,0,0,0,1
Asalpha,1,60+,Service,2-3x/week,Shopping,Shared Auto,4,2,3,4,2,0,1,0,0,0
Asalpha,1,18-25,Business,Daily,Shopping,Shared Auto,4,4,2,4,3,1,0,0,0,1
Asalpha,1,18-25,Student,4-5x/week,Shopping,Shared Auto,3,2,3,4,3,1,0,1,0,1
Asalpha,1,26-35,IT/Tech,Daily,Leisure,Shared Auto,4,2,2,4,3,1,1,0,0,1
Asalpha,1,18-25,Service,Daily,Education,Shared Auto,4,2,2,4,3,0,0,0,1,0
Asalpha,1,26-35,Student,Rarely,Office,Shared Auto,3,2,3,4,3,0,1,1,0,0
Asalpha,1,36-45,IT/Tech,4-5x/week,Office,Shared Auto,4,2,3,4,3,0,1,0,1,1
Asalpha,1,46-60,Student,Daily,Office,Shared Auto,3,2,3,4,3,1,0,0,0,1
Asalpha,1,36-45,IT/Tech,Daily,Leisure,Shared Auto,4,2,2,5,4,1,1,0,0,0
Jagruti Nagar,1,60+,Student,Daily,Leisure,Shared Auto,3,2,3,4,3,1,0,1,1,1
Jagruti Nagar,1,18-25,Business,4-5x/week,Office,Shared Auto,3,2,2,3,3,1,0,1,1,1
Jagruti Nagar,1,60+,Student,Weekly,Office,Shared Auto,3,2,3,3,3,0,0,0,0,1
Jagruti Nagar,1,46-60,Student,Daily,Education,Shared Auto,4,2,3,4,2,0,0,1,1,0
Jagruti Nagar,1,36-45,Student,Daily,Shopping,Shared Auto,3,1,3,3,3,1,1,1,0,1
Jagruti Nagar,1,18-25,Student,Daily,Office,Shared Auto,3,2,3,4,2,0,0,1,0,1
Jagruti Nagar,1,26-35,Service,Weekly,Office,Shared Auto,4,2,3,4,3,0,0,1,0,1
Jagruti Nagar,1,26-35,Student,Daily,Office,Shared Auto,4,2,2,4,2,1,1,0,1,1
Jagruti Nagar,1,46-60,IT/Tech,Daily,Office,Shared Auto,3,2,3,5,3,1,0,0,0,0
Jagruti Nagar,1,36-45,Business,Weekly,Other,Shared Auto,3,2,3,4,3,0,1,0,0,0
Jagruti Nagar,1,36-45,Service,2-3x/week,Other,Shared Auto,3,2,2,4,3,1,1,0,0,0
Jagruti Nagar,1,26-35,IT/Tech,2-3x/week,Shopping,Shared Auto,4,2,3,3,3,0,0,1,0,1
Jagruti Nagar,1,46-60,IT/Tech,4-5x/week,Office,Shared Auto,4,2,3,5,3,1,1,0,0,0
Jagruti Nagar,1,26-35,IT/Tech,Daily,Office,Shared Auto,3,2,2,4,3,1,0,0,0,0
Jagruti Nagar,1,18-25,Business,Daily,Office,Shared Auto,3,2,2,3,3,1,0,1,0,0
Jagruti Nagar,1,26-35,Service,Daily,Leisure,Shared Auto,4,3,2,4,2,1,1,1,0,1
Jagruti Nagar,1,18-25,Other,Daily,Office,Shared Auto,4,2,3,3,3,0,1,0,0,0
Jagruti Nagar,1,18-25,Business,2-3x/week,Leisure,Shared Auto,4,2,3,3,3,1,0,1,1,1
Jagruti Nagar,1,46-60,IT/Tech,Daily,Office,Shared Auto,3,2,2,3,3,1,0,1,1,0
Jagruti Nagar,1,18-25,Service,4-5x/week,Leisure,Shared Auto,3,3,2,4,3,1,1,1,1,1
Jagruti Nagar,1,36-45,Student,Weekly,Office,Shared Auto,4,2,3,4,2,0,0,0,0,1
Jagruti Nagar,1,46-60,Student,Weekly,Office,Shared Auto,4,2,2,4,3,0,0,1,1,0
Jagruti Nagar,1,36-45,Student,Daily,Other,Shared Auto,4,2,2,4,3,0,1,0,0,0
Jagruti Nagar,1,36-45,IT/Tech,4-5x/week,Other,Shared Auto,3,2,2,3,3,1,0,1,0,0
Jagruti Nagar,1,26-35,Service,Rarely,Leisure,Shared Auto,3,2,2,4,3,1,0,1,0,1
Jagruti Nagar,1,36-45,Service,Daily,Education,Shared Auto,4,2,2,4,2,1,0,0,0,1
Jagruti Nagar,1,26-35,Other,Rarely,Office,Shared Auto,3,1,2,4,2,1,1,0,1,0
Jagruti Nagar,1,26-35,Student,Daily,Office,Shared Auto,3,3,2,4,3,0,0,1,0,0
Jagruti Nagar,1,26-35,Student,4-5x/week,Office,Shared Auto,4,2,2,4,3,1,0,1,0,0
Jagruti Nagar,1,36-45,IT/Tech,Rarely,Other,Shared Auto,3,2,2,4,3,0,1,1,0,1
Jagruti Nagar,1,46-60,Student,Daily,Education,Shared Auto,4,3,2,5,3,1,0,0,1,1
Jagruti Nagar,1,26-35,IT/Tech,Daily,Shopping,Shared Auto,4,2,3,4,3,0,0,0,0,1
Jagruti Nagar,1,26-35,Service,4-5x/week,Other,Shared Auto,4,2,3,4,3,1,1,1,1,1
Jagruti Nagar,1,46-60,IT/Tech,Daily,Office,Shared Auto,4,2,2,4,3,0,0,1,1,0
Jagruti Nagar,1,26-35,Service,Weekly,Shopping,Shared Auto,4,2,3,4,3,1,0,1,0,0
Jagruti Nagar,1,26-35,IT/Tech,2-3x/week,Education,Shared Auto,3,2,2,4,2,1,0,1,1,1
Jagruti Nagar,1,26-35,Other,4-5x/week,Leisure,Shared Auto,3,2,3,4,2,0,0,1,0,0
Jagruti Nagar,1,18-25,IT/Tech,Daily,Office,Shared Auto,3,2,3,4,3,0,0,1,1,1
Jagruti Nagar,1,18-25,Service,Daily,Office,Shared Auto,3,2,3,4,3,1,1,1,0,1
Jagruti Nagar,1,26-35,Service,Daily,Office,Shared Auto,3,3,4,4,3,1,1,0,0,0
Jagruti Nagar,1,18-25,Service,4-5x/week,Shopping,Shared Auto,3,2,3,4,4,1,0,1,0,0
Jagruti Nagar,1,26-35,IT/Tech,Daily,Office,Shared Auto,4,2,3,4,3,0,1,1,1,0
Jagruti Nagar,1,36-45,Service,4-5x/week,Office,Shared Auto,4,2,3,4,2,1,1,0,1,0
Jagruti Nagar,1,26-35,Student,Daily,Shopping,Shared Auto,3,1,3,4,3,0,1,1,1,1
Jagruti Nagar,1,36-45,IT/Tech,Daily,Office,Shared Auto,4,2,2,4,3,0,1,1,0,0
Jagruti Nagar,1,26-35,Service,4-5x/week,Shopping,Shared Auto,5,2,2,4,3,0,1,1,0,1
Jagruti Nagar,1,46-60,Service,2-3x/week,Leisure,Shared Auto,3,2,3,3,3,0,1,1,0,1
Jagruti Nagar,1,36-45,Service,4-5x/week,Office,Shared Auto,4,2,2,3,3,1,0,1,0,0
Jagruti Nagar,1,26-35,Student,2-3x/week,Office,Shared Auto,4,2,2,3,3,1,0,1,0,0
Jagruti Nagar,1,18-25,Service,4-5x/week,Office,Shared Auto,3,3,3,3,3,1,0,0,1,1
Jagruti Nagar,1,26-35,IT/Tech,2-3x/week,Shopping,Shared Auto,4,2,3,4,3,0,1,0,1,1
Jagruti Nagar,1,46-60,Student,Weekly,Office,Shared Auto,4,2,3,3,3,0,0,0,1,0
Jagruti Nagar,1,26-35,Business,4-5x/week,Education,Shared Auto,4,2,3,4,3,1,1,0,1,1
Jagruti Nagar,1,26-35,IT/Tech,4-5x/week,Office,Shared Auto,3,2,3,4,3,1,1,1,1,1
Jagruti Nagar,1,46-60,Service,Daily,Office,Shared Auto,3,2,3,4,3,0,1,0,0,0
Jagruti Nagar,1,36-45,IT/Tech,2-3x/week,Other,Shared Auto,4,2,2,4,3,1,1,0,1,0
Jagruti Nagar,1,26-35,Student,Daily,Office,Shared Auto,3,2,3,4,2,1,1,1,0,0
Jagruti Nagar,1,18-25,Other,Daily,Shopping,Shared Auto,3,2,3,3,2,0,0,0,1,0
Jagruti Nagar,1,46-60,Business,4-5x/week,Other,Shared Auto,3,2,3,4,3,1,0,1,0,1
Jagruti Nagar,1,46-60,Service,4-5x/week,Office,Shared Auto,3,2,3,3,2,1,0,1,1,1
Jagruti Nagar,1,26-35,Service,Rarely,Education,Shared Auto,4,2,2,4,3,0,0,1,0,1
Jagruti Nagar,1,18-25,Other,2-3x/week,Shopping,Shared Auto,3,2,2,4,3,1,0,0,0,1
Jagruti Nagar,1,46-60,Service,Daily,Office,Shared Auto,3,2,3,3,3,1,0,0,1,0
Jagruti Nagar,1,18-25,IT/Tech,2-3x/week,Leisure,Shared Auto,3,3,3,4,4,0,1,1,0,1
Jagruti Nagar,1,26-35,Business,4-5x/week,Office,Shared Auto,4,3,3,4,3,1,0,1,0,0
Jagruti Nagar,1,26-35,IT/Tech,Daily,Leisure,Shared Auto,4,2,2,4,3,0,1,0,0,0
Jagruti Nagar,1,26-35,Student,4-5x/week,Office,Shared Auto,3,2,3,4,3,1,1,0,0,0
Jagruti Nagar,1,26-35,IT/Tech,Weekly,Office,Shared Auto,3,2,3,4,2,0,1,1,0,0
Jagruti Nagar,1,26-35,Service,Rarely,Office,Shared Auto,3,2,2,3,3,1,0,1,0,1
Jagruti Nagar,1,18-25,IT/Tech,Weekly,Education,Shared Auto,3,2,3,4,2,1,0,0,0,0
Jagruti Nagar,1,36-45,Service,Daily,Other,Shared Auto,4,2,2,4,3,1,0,1,1,1
Jagruti Nagar,1,18-25,Other,2-3x/week,Shopping,Shared Auto,4,2,3,4,3,1,0,0,0,1
Jagruti Nagar,1,26-35,Student,Daily,Office,Shared Auto,3,2,2,4,3,1,0,1,0,0
Jagruti Nagar,1,46-60,Other,4-5x/week,Office,Shared Auto,4,2,2,3,3,1,1,0,0,1
Jagruti Nagar,1,26-35,Other,Weekly,Other,Shared Auto,3,2,3,4,3,0,1,0,0,0
Jagruti Nagar,1,18-25,Business,Weekly,Education,Shared Auto,3,2,3,4,2,0,0,0,0,0
Jagruti Nagar,1,46-60,Service,Daily,Office,Shared Auto,4,2,3,3,3,1,0,0,1,0
Jagruti Nagar,1,18-25,Other,4-5x/week,Shopping,Shared Auto,3,1,3,4,3,1,1,1,1,0
Jagruti Nagar,1,36-45,Other,Daily,Leisure,Shared Auto,3,2,3,4,3,1,1,1,0,1
Jagruti Nagar,1,26-35,Business,Daily,Office,Shared Auto,4,2,2,3,3,1,1,0,0,0
Jagruti Nagar,1,26-35,IT/Tech,Rarely,Office,Shared Auto,2,1,3,4,2,0,0,0,0,1
Jagruti Nagar,1,36-45,IT/Tech,Daily,Other,Shared Auto,3,2,3,4,2,1,1,0,0,1
Jagruti Nagar,1,26-35,Student,Daily,Shopping,Shared Auto,4,2,3,3,2,0,1,0,1,0
Jagruti Nagar,1,26-35,Service,Weekly,Leisure,Shared Auto,4,2,3,4,3,0,1,0,1,0
Jagruti Nagar,1,18-25,Student,4-5x/week,Office,Shared Auto,3,2,2,4,3,0,0,1,0,1
Jagruti Nagar,1,18-25,IT/Tech,Daily,Office,Shared Auto,4,2,2,4,3,0,1,1,0,1
Jagruti Nagar,1,46-60,IT/Tech,Rarely,Education,Shared Auto,4,2,3,4,3,1,1,0,0,0
Jagruti Nagar,1,18-25,Business,Daily,Education,Shared Auto,3,2,3,4,3,0,1,0,1,0
Jagruti Nagar,1,26-35,Business,Daily,Education,Shared Auto,3,2,3,4,3,1,1,0,1,0
Jagruti Nagar,1,18-25,Business,4-5x/week,Other,Shared Auto,3,2,3,4,3,1,0,1,0,1
Jagruti Nagar,1,18-25,Service,Weekly,Office,Shared Auto,4,2,2,4,3,1,1,0,1,1
Jagruti Nagar,1,26-35,IT/Tech,Daily,Office,Shared Auto,3,2,3,4,3,1,1,0,1,1
Jagruti Nagar,1,26-35,Business,4-5x/week,Office,Shared Auto,3,2,3,4,3,0,1,1,1,1
Jagruti Nagar,1,18-25,IT/Tech,Daily,Office,Shared Auto,3,1,3,4,3,1,0,1,0,0
Jagruti Nagar,1,36-45,IT/Tech,Weekly,Leisure,Shared Auto,3,2,2,3,3,1,0,0,0,1
Jagruti Nagar,1,18-25,Service,2-3x/week,Office,Shared Auto,3,1,4,4,3,1,1,0,1,0
Jagruti Nagar,1,46-60,Business,2-3x/week,Office,Shared Auto,3,3,3,4,3,0,0,1,1,1
Jagruti Nagar,1,36-45,Other,4-5x/week,Office,Shared Auto,4,2,2,4,3,1,1,0,0,1
Jagruti Nagar,1,18-25,IT/Tech,Rarely,Education,Shared Auto,2,2,2,4,3,0,1,0,0,1
Jagruti Nagar,1,46-60,Student,4-5x/week,Office,Shared Auto,4,3,2,4,3,0,1,0,0,1
Jagruti Nagar,1,18-25,Student,Daily,Other,Shared Auto,3,2,3,3,2,1,0,0,0,1
Jagruti Nagar,1,26-35,Service,2-3x/week,Office,Shared Auto,4,2,3,4,4,1,0,1,1,1
Jagruti Nagar,1,46-60,Business,Daily,Office,Shared Auto,4,2,3,4,3,1,0,1,1,1
Jagruti Nagar,1,18-25,Service,4-5x/week,Office,Shared Auto,3,1,2,4,3,0,0,0,0,1
Jagruti Nagar,1,26-35,Service,4-5x/week,Shopping,Shared Auto,3,2,3,4,3,0,1,1,0,1
Jagruti Nagar,1,36-45,IT/Tech,Weekly,Office,Shared Auto,3,2,2,4,3,1,1,1,0,0
Jagruti Nagar,1,46-60,IT/Tech,Daily,Education,Shared Auto,4,1,3,4,3,1,0,1,0,1
Jagruti Nagar,1,18-25,Student,2-3x/week,Education,Shared Auto,3,2,2,4,3,1,1,0,1,0
Jagruti Nagar,1,60+,IT/Tech,4-5x/week,Shopping,Shared Auto,4,2,3,3,3,1,0,1,1,0
Jagruti Nagar,1,18-25,Other,Daily,Office,Shared Auto,3,2,3,4,3,1,1,0,1,1
Jagruti Nagar,1,36-45,Student,Daily,Office,Shared Auto,4,2,3,4,3,1,0,1,0,1
Jagruti Nagar,1,26-35,Business,Daily,Education,Shared Auto,3,2,3,4,3,1,0,0,0,1
Jagruti Nagar,1,46-60,Student,Weekly,Shopping,Shared Auto,4,2,3,5,2,1,0,1,1,1
Jagruti Nagar,1,46-60,Business,Daily,Shopping,Shared Auto,4,2,2,3,2,1,0,0,0,0
Jagruti Nagar,1,46-60,Service,2-3x/week,Office,Shared Auto,4,1,2,4,3,1,0,0,0,1
Jagruti Nagar,1,46-60,Service,4-5x/week,Education,Shared Auto,4,2,2,4,2,1,0,0,0,0
Jagruti Nagar,1,46-60,Student,Daily,Education,Shared Auto,4,2,3,4,3,0,0,1,0,1
Jagruti Nagar,1,36-45,Business,2-3x/week,Other,Shared Auto,3,2,2,3,3,1,1,1,1,1
Ghatkopar,1,36-45,IT/Tech,4-5x/week,Office,BEST Bus,3,3,4,3,3,1,0,0,0,1
Ghatkopar,1,36-45,IT/Tech,4-5x/week,Office,BEST Bus,3,3,4,4,3,0,1,0,1,1
Ghatkopar,1,18-25,Service,4-5x/week,Other,BEST Bus,3,3,4,3,3,0,0,1,0,1
Ghatkopar,1,18-25,IT/Tech,Daily,Office,BEST Bus,4,4,5,4,3,0,1,0,0,1
Ghatkopar,1,60+,IT/Tech,Daily,Office,BEST Bus,4,3,4,4,3,0,0,0,0,1
Ghatkopar,1,26-35,Service,Daily,Office,BEST Bus,4,3,3,4,3,0,0,0,1,1
Ghatkopar,1,18-25,Student,Daily,Office,BEST Bus,4,3,4,3,3,1,0,0,0,1
Ghatkopar,1,36-45,Student,4-5x/week,Office,BEST Bus,3,4,4,4,3,1,0,1,0,1
Ghatkopar,1,18-25,Student,Weekly,Office,BEST Bus,4,4,4,3,3,0,1,0,0,1
Ghatkopar,1,18-25,Service,4-5x/week,Education,BEST Bus,4,4,4,4,3,0,0,0,1,1
Ghatkopar,1,36-45,Other,2-3x/week,Other,BEST Bus,4,4,3,3,3,0,0,0,1,1
Ghatkopar,1,46-60,Business,4-5x/week,Office,BEST Bus,3,4,4,3,3,1,0,0,1,1
Ghatkopar,1,26-35,IT/Tech,Weekly,Office,BEST Bus,4,4,3,3,3,0,0,1,1,1
Ghatkopar,1,26-35,IT/Tech,4-5x/week,Education,BEST Bus,4,4,4,3,4,0,1,1,1,1
Ghatkopar,1,26-35,IT/Tech,Daily,Education,BEST Bus,4,3,4,2,4,0,1,0,0,1
Ghatkopar,1,60+,Service,4-5x/week,Other,BEST Bus,4,3,4,4,4,1,0,0,0,1
Ghatkopar,1,18-25,Other,Daily,Education,BEST Bus,3,4,4,3,4,1,0,0,0,1
Ghatkopar,1,46-60,Business,2-3x/week,Office,BEST Bus,4,4,4,4,3,0,0,0,0,1
Ghatkopar,1,60+,IT/Tech,2-3x/week,Office,BEST Bus,4,4,4,4,4,0,0,0,1,1
Ghatkopar,1,26-35,Other,Daily,Education,BEST Bus,4,4,4,3,3,0,0,0,0,1
Ghatkopar,1,18-25,IT/Tech,Daily,Other,BEST Bus,5,3,4,3,3,1,0,0,0,1
Ghatkopar,1,18-25,Service,4-5x/week,Office,BEST Bus,4,3,4,4,4,0,0,0,0,1
Ghatkopar,1,26-35,Business,2-3x/week,Office,BEST Bus,5,4,4,4,3,0,0,0,1,1
Ghatkopar,1,36-45,Service,Daily,Office,BEST Bus,4,4,5,3,3,0,0,1,0,1
Ghatkopar,1,26-35,IT/Tech,Weekly,Office,BEST Bus,4,3,3,5,3,0,0,0,1,1
Ghatkopar,1,36-45,IT/Tech,Weekly,Office,BEST Bus,4,3,3,3,3,0,0,0,0,1
Ghatkopar,1,46-60,Other,Daily,Office,BEST Bus,3,4,4,4,4,0,0,0,0,1
Ghatkopar,1,26-35,Business,Daily,Office,BEST Bus,4,4,4,3,3,0,0,1,0,1
Ghatkopar,1,26-35,IT/Tech,Daily,Leisure,BEST Bus,4,3,4,4,2,0,0,1,0,1
Ghatkopar,1,26-35,Service,Daily,Office,BEST Bus,5,4,4,4,3,0,0,0,0,1
Ghatkopar,1,60+,Business,2-3x/week,Office,BEST Bus,4,3,4,3,4,0,1,1,1,1
Ghatkopar,1,18-25,Student,2-3x/week,Shopping,BEST Bus,4,3,4,3,3,0,0,1,0,1
Ghatkopar,1,36-45,IT/Tech,Rarely,Office,BEST Bus,4,4,4,3,4,0,0,0,0,1
Ghatkopar,1,18-25,IT/Tech,4-5x/week,Leisure,BEST Bus,4,3,4,3,3,0,0,1,0,1
Ghatkopar,1,18-25,Student,Daily,Education,BEST Bus,4,4,4,3,3,0,0,0,0,1
Ghatkopar,1,60+,IT/Tech,Daily,Office,BEST Bus,4,3,4,4,3,0,0,0,1,1
Ghatkopar,1,18-25,Other,Daily,Office,BEST Bus,3,3,4,3,4,0,0,0,0,1
Ghatkopar,1,26-35,Student,4-5x/week,Office,BEST Bus,4,3,5,4,4,0,0,1,0,1
Ghatkopar,1,26-35,Other,Daily,Shopping,BEST Bus,3,4,4,4,3,1,0,0,0,1
Ghatkopar,1,26-35,Service,Daily,Education,BEST Bus,4,3,4,3,3,1,0,1,1,1
Ghatkopar,1,18-25,Other,Weekly,Shopping,BEST Bus,4,3,4,4,3,0,1,1,0,1
Ghatkopar,1,18-25,Service,2-3x/week,Office,BEST Bus,4,4,4,3,3,0,0,0,0,1
Ghatkopar,1,46-60,Student,Daily,Office,BEST Bus,4,3,4,4,4,0,0,1,0,1
Ghatkopar,1,36-45,IT/Tech,Daily,Office,BEST Bus,4,3,3,3,3,1,0,0,0,0
Ghatkopar,1,36-45,Service,Daily,Office,BEST Bus,4,4,3,4,3,0,0,1,0,1
Ghatkopar,1,18-25,Business,Daily,Office,BEST Bus,4,3,4,3,3,0,1,0,1,1
Ghatkopar,1,26-35,Business,Daily,Shopping,BEST Bus,4,4,4,4,3,0,0,1,1,1
Ghatkopar,1,36-45,Other,4-5x/week,Leisure,BEST Bus,4,3,3,4,3,0,0,0,1,1
Ghatkopar,1,26-35,IT/Tech,Rarely,Office,BEST Bus,4,3,4,3,3,0,0,0,0,1
Ghatkopar,1,18-25,Service,Daily,Office,BEST Bus,3,3,4,5,3,1,0,0,0,1
Ghatkopar,1,26-35,Student,2-3x/week,Shopping,BEST Bus,4,3,4,4,3,0,0,1,0,1
Ghatkopar,1,18-25,Student,4-5x/week,Office,BEST Bus,5,3,4,4,4,0,0,1,0,1
Ghatkopar,1,36-45,Student,Daily,Office,BEST Bus,3,3,4,3,3,0,0,1,0,1
Ghatkopar,1,26-35,Service,Daily,Leisure,BEST Bus,4,3,4,3,3,1,0,0,0,1
Ghatkopar,1,26-35,Service,4-5x/week,Education,BEST Bus,3,4,4,4,3,1,0,0,1,1
Ghatkopar,1,26-35,Service,Daily,Other,BEST Bus,4,3,3,4,4,0,0,1,0,1
