station_name,line,age_group,occupation,trip_frequency,trip_purpose,last_mile_mode,satisfaction_rating,auto_availability,bus_frequency,safety_rating,walkability,problem_auto,problem_bus,problem_walk,problem_safety,problem_crowding
Rithala,1,36-45,Student,Weekly,Office,E-Rickshaw,4,3,3,3,3,0,0,0,0,0
Rithala,1,18-25,Service,Daily,Office,E-Rickshaw,4,3,2,3,4,0,1,0,0,1
Rithala,1,46-60,IT/Tech,Daily,Office,E-Rickshaw,3,4,2,3,3,0,1,0,1,0
Rithala,1,36-45,IT/Tech,2-3x/week,Education,E-Rickshaw,3,4,3,3,3,0,1,1,0,0
Rithala,1,26-35,Other,Daily,Office,E-Rickshaw,4,4,3,3,3,0,1,0,0,0
Rithala,1,60+,Other,Daily,Leisure,E-Rickshaw,4,4,3,4,3,0,0,1,1,0
Rithala,1,36-45,Student,4-5x/week,Office,E-Rickshaw,4,4,4,3,3,0,0,0,1,0
Rithala,1,36-45,IT/Tech,Weekly,Other,E-Rickshaw,5,4,4,3,4,0,0,0,0,1
Rithala,1,26-35,Other,Daily,Office,E-Rickshaw,5,4,3,4,3,0,0,0,0,1
Rithala,1,18-25,Business,Daily,Leisure,E-Rickshaw,4,5,3,4,2,0,0,1,0,1
Rithala,1,18-25,Student,2-3x/week,Leisure,E-Rickshaw,3,4,3,3,3,0,0,0,0,0
Rithala,1,46-60,Service,Rarely,Other,E-Rickshaw,4,3,3,3,3,1,1,0,1,0
Rithala,1,36-45,IT/Tech,4-5x/week,Leisure,E-Rickshaw,4,5,3,4,3,0,0,1,0,0
Rithala,1,46-60,IT/Tech,Daily,Shopping,E-Rickshaw,4,4,3,3,3,0,0,0,0,1
Rithala,1,18-25,Other,Daily,Education,E-Rickshaw,4,4,3,3,2,1,0,0,1,0
Rithala,1,26-35,Service,Daily,Shopping,E-Rickshaw,4,4,4,3,2,1,0,0,0,0
Rithala,1,18-25,IT/Tech,Daily,Office,E-Rickshaw,4,3,3,4,3,0,1,1,0,0
Rithala,1,26-35,Service,4-5x/week,Education,E-Rickshaw,4,3,3,3,3,0,0,1,0,0
Rithala,1,46-60,Student,Daily,Education,E-Rickshaw,4,3,4,3,2,0,0,0,0,1
Rithala,1,36-45,IT/Tech,4-5x/week,Leisure,E-Rickshaw,3,3,3,3,3,1,1,0,1,1
Rithala,1,36-45,Business,4-5x/week,Office,E-Rickshaw,4,4,4,4,3,1,0,0,1,0
Rithala,1,18-25,Business,4-5x/week,Office,E-Rickshaw,4,4,3,4,3,0,0,0,1,1
Rithala,1,60+,Student,Daily,Education,E-Rickshaw,3,4,3,3,2,0,0,0,0,1
Rithala,1,46-60,Service,2-3x/week,Office,E-Rickshaw,4,3,3,4,3,1,0,0,1,1
Rithala,1,36-45,Student,2-3x/week,Office,E-Rickshaw,4,3,3,2,3,1,0,0,1,1
Rithala,1,26-35,Student,2-3x/week,Office,E-Rickshaw,5,4,3,3,4,0,1,0,1,0
Rithala,1,18-25,Student,Daily,Office,E-Rickshaw,4,4,3,3,3,0,0,0,1,0
Rithala,1,26-35,IT/Tech,Daily,Office,E-Rickshaw,4,4,3,3,3,0,0,1,0,1
Rithala,1,26-35,Service,Weekly,Office,E-Rickshaw,4,4,3,4,3,0,0,0,0,1
Rithala,1,36-45,IT/Tech,Daily,Office,E-Rickshaw,4,4,4,4,3,1,1,1,0,1
Rithala,1,36-45,Service,Daily,Office,E-Rickshaw,3,4,3,3,3,0,0,1,1,0
Rithala,1,60+,Service,4-5x/week,Office,E-Rickshaw,4,4,3,3,4,0,1,0,0,0
Rithala,1,26-35,IT/Tech,4-5x/week,Shopping,E-Rickshaw,4,4,3,4,3,0,1,0,0,0
Rithala,1,18-25,IT/Tech,Rarely,Office,E-Rickshaw,3,3,3,4,3,0,1,1,0,1
Rithala,1,18-25,Student,Daily,Other,E-Rickshaw,4,4,4,3,3,1,1,0,0,1
Rithala,1,26-35,IT/Tech,Weekly,Leisure,E-Rickshaw,4,4,2,4,3,0,1,0,0,1
Rithala,1,26-35,Other,Daily,Office,E-Rickshaw,5,4,3,4,4,0,0,1,0,0
Rithala,1,18-25,Student,4-5x/week,Office,E-Rickshaw,4,4,2,3,3,0,1,1,1,1
Rithala,1,26-35,Service,4-5x/week,Education,E-Rickshaw,4,4,3,3,3,0,0,1,1,0
Rithala,1,36-45,Student,Daily,Leisure,E-Rickshaw,4,4,4,3,3,0,0,0,0,0
Rithala,1,18-25,IT/Tech,Daily,Shopping,E-Rickshaw,4,4,4,3,3,0,0,0,1,1
Rithala,1,46-60,Other,Daily,Leisure,E-Rickshaw,4,4,3,4,3,0,0,1,0,1
Rithala,1,36-45,Service,Rarely,Education,E-Rickshaw,3,3,3,4,2,0,0,0,0,1
Rithala,1,26-35,Business,4-5x/week,Education,E-Rickshaw,3,3,2,3,3,1,0,1,0,1
Rithala,1,46-60,IT/Tech,Weekly,Office,E-Rickshaw,3,3,3,4,3,1,1,1,0,1
Rithala,1,36-45,Service,2-3x/week,Shopping,E-Rickshaw,3,3,4,3,2,1,0,0,0,0
Rithala,1,18-25,Service,4-5x/week,Office,E-Rickshaw,4,3,3,4,3,0,1,1,1,1
Rithala,1,26-35,Other,2-3x/week,Shopping,E-Rickshaw,4,4,3,3,3,1,1,1,1,1
Rithala,1,36-45,Student,Daily,Leisure,E-Rickshaw,3,4,3,3,3,0,0,1,0,0
Rithala,1,26-35,Service,Daily,Office,E-Rickshaw,4,4,2,4,4,0,0,0,0,0
Rithala,1,26-35,IT/Tech,2-3x/week,Education,E-Rickshaw,4,4,3,4,3,0,1,0,0,1
Rithala,1,26-35,Service,2-3x/week,Office,E-Rickshaw,4,4,3,4,3,1,0,0,0,0
Rithala,1,36-45,Service,Daily,Shopping,E-Rickshaw,4,4,3,3,3,0,0,1,0,0
Rithala,1,36-45,Service,4-5x/week,Office,E-Rickshaw,4,4,4,4,3,1,0,1,0,0
Rithala,1,36-45,IT/Tech,4-5x/week,Other,E-Rickshaw,3,4,3,3,3,0,0,0,0,0
Rithala,1,36-45,Business,Weekly,Office,E-Rickshaw,3,3,4,4,3,0,0,1,0,1
Rithala,1,18-25,Business,4-5x/week,Other,E-Rickshaw,4,4,3,3,3,0,0,0,1,0
Rithala,1,18-25,IT/Tech,Daily,Leisure,E-Rickshaw,4,3,4,4,3,1,0,0,0,1
Rithala,1,26-35,Service,Daily,Education,E-Rickshaw,4,3,4,3,3,0,0,1,1,0
Rithala,1,26-35,IT/Tech,Daily,Shopping,E-Rickshaw,4,4,3,3,3,0,0,0,0,0
Rithala,1,36-45,Student,4-5x/week,Shopping,E-Rickshaw,4,4,3,4,3,0,0,1,0,1
Rithala,1,18-25,IT/Tech,Weekly,Other,E-Rickshaw,4,5,4,4,3,0,0,0,1,1
Rithala,1,18-25,Student,4-5x/week,Office,E-Rickshaw,3,3,3,3,3,1,0,0,1,0
Rithala,1,36-45,Student,Daily,Education,E-Rickshaw,4,4,4,4,3,0,0,0,1,0
Rithala,1,36-45,Business,Daily,Office,E-Rickshaw,3,3,3,3,2,1,0,0,0,1
Rithala,1,18-25,IT/Tech,2-3x/week,Education,E-Rickshaw,3,4,4,3,2,0,0,0,0,0
Rithala,1,18-25,Other,2-3x/week,Office,E-Rickshaw,4,4,3,4,3,1,0,0,1,0
Rithala,1,26-35,IT/Tech,Daily,Education,E-Rickshaw,3,3,3,3,3,1,0,0,0,0
Rithala,1,26-35,IT/Tech,Daily,Education,E-Rickshaw,4,4,4,4,3,0,0,0,0,0
Rithala,1,18-25,Service,4-5x/week,Office,E-Rickshaw,4,4,3,3,3,1,0,1,0,1
Rithala,1,26-35,Service,Daily,Education,E-Rickshaw,4,4,3,3,4,0,0,0,0,0
Rithala,1,18-25,Business,2-3x/week,Shopping,E-Rickshaw,3,3,3,4,2,0,1,0,1,1
Rithala,1,46-60,Business,Daily,Shopping,E-Rickshaw,4,4,3,3,2,0,1,1,1,0
Rithala,1,26-35,Service,Daily,Office,E-Rickshaw,3,4,2,2,3,0,0,1,0,1
Rithala,1,26-35,Other,Weekly,Education,E-Rickshaw,4,4,3,4,4,0,0,0,1,0
Rithala,1,26-35,IT/Tech,Daily,Other,E-Rickshaw,4,4,3,5,3,0,0,1,0,1
Rithala,1,26-35,Service,Daily,Office,E-Rickshaw,4,4,4,3,3,0,1,0,1,1
Rithala,1,36-45,IT/Tech,Daily,Office,E-Rickshaw,2,4,2,3,2,0,1,1,1,0
Rithala,1,18-25,Other,Daily,Office,E-Rickshaw,3,4,3,3,2,1,1,0,1,0
Rithala,1,36-45,IT/Tech,Daily,Shopping,E-Rickshaw,3,3,2,3,3,1,0,0,1,0
Rithala,1,36-45,IT/Tech,Daily,Office,E-Rickshaw,4,4,3,3,3,1,0,0,1,0
Rithala,1,18-25,Service,Daily,Shopping,E-Rickshaw,4,4,3,3,3,0,1,0,1,0
Rithala,1,46-60,Other,Daily,Shopping,E-Rickshaw,4,4,3,4,3,0,0,1,0,0
Rithala,1,26-35,Business,4-5x/week,Office,E-Rickshaw,3,4,3,4,3,0,1,0,1,1
Rithala,1,26-35,Student,4-5x/week,Leisure,E-Rickshaw,4,4,3,3,3,0,1,0,0,0
Rithala,1,26-35,Business,Daily,Shopping,E-Rickshaw,5,4,3,4,3,0,1,0,1,0
Rithala,1,36-45,Business,Daily,Office,E-Rickshaw,4,5,3,4,3,0,1,0,0,1
Rithala,1,18-25,Service,4-5x/week,Office,E-Rickshaw,4,5,4,3,2,0,0,1,1,1
Rithala,1,26-35,Service,Weekly,Office,E-Rickshaw,3,4,3,3,2,0,0,0,0,0
Rithala,1,18-25,Business,2-3x/week,Office,E-Rickshaw,3,4,3,3,3,1,1,1,1,0
Rithala,1,26-35,Student,Daily,Office,E-Rickshaw,4,4,3,4,4,1,0,1,0,0
Rithala,1,36-45,Service,Daily,Other,E-Rickshaw,4,3,3,3,3,0,0,0,0,0
Rithala,1,18-25,IT/Tech,Daily,Office,E-Rickshaw,5,4,4,3,2,0,0,1,1,0
Rithala,1,18-25,Student,Daily,Office,E-Rickshaw,4,4,3,3,3,0,0,1,1,1
Rithala,1,26-35,IT/Tech,4-5x/week,Shopping,E-Rickshaw,5,4,3,4,3,0,0,1,1,1
Rohini West,1,18-25,IT/Tech,Daily,Leisure,E-Rickshaw,3,4,3,4,3,1,1,1,0,0
Rohini West,1,26-35,IT/Tech,Daily,Office,E-Rickshaw,3,4,3,4,3,1,0,0,1,0
Rohini West,1,36-45,Other,Daily,Office,E-Rickshaw,3,4,3,3,3,1,0,0,0,0
Rohini West,1,46-60,IT/Tech,4-5x/week,Other,E-Rickshaw,4,4,4,3,3,0,0,0,0,1
Rohini West,1,26-35,Service,Weekly,Office,E-Rickshaw,4,4,3,4,3,1,1,1,1,0
Rohini West,1,26-35,Other,2-3x/week,Office,E-Rickshaw,4,4,3,4,3,0,1,1,0,1
Rohini West,1,46-60,Other,2-3x/week,Office,E-Rickshaw,4,4,3,4,3,0,0,1,0,0
Rohini West,1,26-35,IT/Tech,Daily,Office,E-Rickshaw,4,4,3,3,3,0,0,0,1,0
Rohini West,1,18-25,IT/Tech,Daily,Shopping,E-Rickshaw,4,3,3,4,3,1,0,1,1,0
Rohini West,1,18-25,IT/Tech,4-5x/week,Shopping,E-Rickshaw,4,4,4,4,3,1,0,1,1,0
Rohini West,1,36-45,IT/Tech,Daily,Office,E-Rickshaw,4,3,4,4,3,1,0,0,1,1
Rohini West,1,26-35,IT/Tech,Daily,Leisure,E-Rickshaw,3,4,3,3,2,1,1,0,0,0
Rohini West,1,36-45,Student,Daily,Office,E-Rickshaw,5,4,4,3,4,0,1,0,0,0
Rohini West,1,18-25,Other,Daily,Office,E-Rickshaw,4,5,3,4,2,0,0,1,1,0
Rohini West,1,36-45,Service,4-5x/week,Education,E-Rickshaw,3,3,3,4,3,0,0,1,0,0
Rohini West,1,26-35,Student,4-5x/week,Other,E-Rickshaw,4,4,3,3,4,0,1,0,1,1
Rohini West,1,18-25,IT/Tech,Daily,Office,E-Rickshaw,4,5,3,4,3,0,1,1,0,1
Rohini West,1,18-25,Business,4-5x/week,Office,E-Rickshaw,3,4,4,4,3,1,0,0,0,1
Rohini West,1,26-35,Student,2-3x/week,Education,E-Rickshaw,4,4,3,4,3,0,0,0,0,1
Rohini West,1,26-35,Business,2-3x/week,Leisure,E-Rickshaw,4,4,3,4,4,0,1,0,1,1
Rohini West,1,26-35,Other,2-3x/week,Office,E-Rickshaw,3,4,3,3,2,0,0,0,0,0
Rohini West,1,26-35,Service,4-5x/week,Office,E-Rickshaw,5,4,3,4,4,0,0,0,0,1
Rohini West,1,26-35,IT/Tech,2-3x/week,Shopping,E-Rickshaw,4,4,4,3,3,0,0,1,1,1
Rohini West,1,46-60,IT/Tech,Daily,Office,E-Rickshaw,3,4,4,3,3,0,1,1,1,1
Rohini West,1,18-25,Service,Daily,Office,E-Rickshaw,5,3,4,4,3,0,1,1,0,1
Rohini West,1,36-45,Other,Daily,Office,E-Rickshaw,4,4,4,4,3,0,0,1,0,0
Rohini West,1,60+,Service,4-5x/week,Office,E-Rickshaw,4,4,3,3,4,0,1,0,0,1
Rohini West,1,26-35,Business,Daily,Office,E-Rickshaw,5,4,3,3,4,1,0,0,0,0
Rohini West,1,36-45,Service,Daily,Leisure,E-Rickshaw,3,3,3,3,2,0,1,0,0,0
Rohini West,1,46-60,IT/Tech,2-3x/week,Education,E-Rickshaw,4,4,3,4,3,0,0,0,0,1
Rohini West,1,36-45,Service,Daily,Shopping,E-Rickshaw,3,4,3,3,3,1,0,0,0,0
Rohini West,1,18-25,Student,Daily,Other,E-Rickshaw,4,4,3,3,4,0,0,1,1,0
Rohini West,1,18-25,Student,Daily,Office,E-Rickshaw,4,4,3,4,3,1,1,1,0,1
Rohini West,1,26-35,Service,Daily,Office,E-Rickshaw,4,3,3,3,4,0,1,0,1,1
Rohini West,1,18-25,IT/Tech,Daily,Other,E-Rickshaw,3,3,3,4,3,0,1,1,1,0
Rohini West,1,60+,Student,Daily,Office,E-Rickshaw,4,4,4,3,3,0,0,1,0,0
Rohini West,1,60+,IT/Tech,Daily,Shopping,E-Rickshaw,4,4,3,4,3,0,1,0,0,0
Rohini West,1,26-35,Other,2-3x/week,Shopping,E-Rickshaw,4,4,5,4,3,1,1,1,0,0
Rohini West,1,36-45,IT/Tech,Weekly,Office,E-Rickshaw,3,4,3,3,3,1,1,1,1,1
Rohini West,1,26-35,IT/Tech,4-5x/week,Office,E-Rickshaw,4,4,3,3,3,0,1,0,0,0
Rohini West,1,46-60,Service,4-5x/week,Office,E-Rickshaw,3,4,3,4,3,1,1,1,0,0
Rohini West,1,26-35,Service,Weekly,Office,E-Rickshaw,4,4,4,4,2,0,1,0,1,1
Rohini West,1,46-60,Service,Rarely,Office,E-Rickshaw,4,4,4,3,3,0,0,1,1,0
Rohini West,1,46-60,Service,4-5x/week,Office,E-Rickshaw,4,4,3,4,2,0,0,0,0,0
Rohini West,1,26-35,Other,Weekly,Shopping,E-Rickshaw,3,3,3,3,3,1,1,1,1,0
Rohini West,1,26-35,Service,Weekly,Leisure,E-Rickshaw,4,3,3,4,3,0,1,0,0,1
Rohini West,1,46-60,Service,2-3x/week,Leisure,E-Rickshaw,4,4,3,4,3,0,0,0,1,1
Rohini West,1,26-35,Service,4-5x/week,Office,E-Rickshaw,4,3,4,4,4,0,0,0,1,0
Rohini West,1,18-25,IT/Tech,Daily,Office,E-Rickshaw,4,4,4,4,3,0,0,1,0,0
Rohini West,1,46-60,Student,Daily,Office,E-Rickshaw,4,4,3,3,3,0,0,0,1,0
Rohini West,1,18-25,IT/Tech,4-5x/week,Office,E-Rickshaw,4,5,2,4,2,0,0,1,0,0
Rohini West,1,18-25,Student,4-5x/week,Other,E-Rickshaw,3,3,3,3,3,1,0,1,0,0
Rohini West,1,18-25,IT/Tech,Daily,Office,E-Rickshaw,4,4,4,4,3,0,0,1,1,1
Rohini West,1,26-35,Other,4-5x/week,Office,E-Rickshaw,4,3,4,4,3,0,0,0,0,1
Rohini West,1,60+,Service,4-5x/week,Leisure,E-Rickshaw,5,4,4,3,4,0,1,0,0,1
Rohini West,1,26-35,Business,2-3x/week,Office,E-Rickshaw,5,4,3,3,3,0,0,0,0,1
Rohini West,1,26-35,Service,Daily,Office,E-Rickshaw,3,3,3,3,3,0,0,1,0,0
Rohini West,1,26-35,IT/Tech,Daily,Office,E-Rickshaw,3,4,4,3,3,0,0,0,0,1
Rohini West,1,60+,Business,2-3x/week,Education,E-Rickshaw,4,5,3,3,3,0,0,0,0,1
Rohini West,1,26-35,Student,2-3x/week,Shopping,E-Rickshaw,4,4,3,4,3,0,1,1,0,0
Rohini West,1,46-60,Business,Rarely,Office,E-Rickshaw,4,4,3,4,3,0,0,1,0,1
Rohini West,1,36-45,Service,Weekly,Other,E-Rickshaw,4,4,3,4,3,0,1,1,0,1
Rohini West,1,46-60,Student,Weekly,Leisure,E-Rickshaw,3,4,2,3,3,0,0,0,0,0
Rohini West,1,60+,Business,Daily,Leisure,E-Rickshaw,4,4,3,4,3,0,0,1,0,1
Rohini West,1,46-60,Student,Daily,Office,E-Rickshaw,3,3,3,4,3,1,0,0,0,0
Rohini West,1,46-60,Service,Daily,Office,E-Rickshaw,4,4,3,3,3,0,0,0,0,0
Rohini West,1,26-35,Student,4-5x/week,Leisure,E-Rickshaw,5,4,3,4,3,0,0,0,0,1
Rohini West,1,36-45,Student,Weekly,Office,E-Rickshaw,4,3,3,3,4,0,0,0,1,0
Rohini West,1,18-25,Other,Daily,Education,E-Rickshaw,4,4,3,4,3,0,0,0,1,0
Rohini West,1,18-25,Service,4-5x/week,Shopping,E-Rickshaw,4,4,3,3,3,0,0,0,0,0
Rohini West,1,46-60,Service,Daily,Office,E-Rickshaw,3,4,3,4,3,0,0,1,0,0
Rohini West,1,60+,Business,Daily,Shopping,E-Rickshaw,4,4,3,3,4,1,1,0,0,0
Rohini West,1,36-45,Service,Daily,Other,E-Rickshaw,3,3,3,4,3,0,0,1,1,0
Rohini West,1,18-25,Student,Daily,Shopping,E-Rickshaw,3,4,2,4,4,0,1,0,0,0
Rohini West,1,18-25,Service,Rarely,Office,E-Rickshaw,4,3,4,3,2,1,0,0,0,1
Rohini West,1,18-25,IT/Tech,Daily,Leisure,E-Rickshaw,4,4,3,3,3,0,0,0,0,0
Rohini West,1,18-25,Student,2-3x/week,Education,E-Rickshaw,5,5,3,3,4,0,0,0,0,0
Rohini West,1,18-25,IT/Tech,4-5x/week,Shopping,E-Rickshaw,4,4,4,3,3,1,1,1,0,0
Rohini West,1,26-35,IT/Tech,Daily,Leisure,E-Rickshaw,3,4,2,3,3,0,1,1,0,1
Rohini West,1,26-35,Student,Daily,Shopping,E-Rickshaw,4,3,2,3,3,1,0,1,0,1
Rohini West,1,36-45,Student,2-3x/week,Office,E-Rickshaw,4,4,3,4,3,0,1,0,0,0
Rohini West,1,18-25,Business,Daily,Office,E-Rickshaw,4,4,3,3,3,1,1,0,0,0
Rohini West,1,46-60,IT/Tech,Weekly,Office,E-Rickshaw,4,4,3,3,3,0,0,1,0,1
Rohini West,1,36-45,IT/Tech,Daily,Education,E-Rickshaw,4,4,3,3,3,0,0,1,1,1
Rohini West,1,26-35,Other,4-5x/week,Education,E-Rickshaw,3,4,4,4,3,1,1,1,1,1
Rohini East,1,18-25,Student,2-3x/week,Office,E-Rickshaw,4,4,3,3,4,0,1,0,0,0
Rohini East,1,18-25,Service,4-5x/week,Shopping,E-Rickshaw,4,4,3,3,3,0,0,1,0,0
Rohini East,1,60+,Student,Weekly,Shopping,E-Rickshaw,4,4,3,4,3,0,0,1,1,0
Rohini East,1,26-35,Service,Daily,Education,E-Rickshaw,4,3,4,3,3,1,0,1,0,0
Rohini East,1,26-35,IT/Tech,Daily,Other,E-Rickshaw,4,3,3,4,3,1,0,0,0,0
Rohini East,1,26-35,IT/Tech,4-5x/week,Office,E-Rickshaw,4,4,3,3,3,0,1,1,0,1
Rohini East,1,18-25,IT/Tech,Rarely,Leisure,E-Rickshaw,4,5,3,4,3,1,1,1,0,1
Rohini East,1,18-25,Service,Daily,Office,E-Rickshaw,4,3,3,3,3,1,0,1,1,0
Rohini East,1,36-45,Business,Daily,Shopping,E-Rickshaw,4,4,3,4,4,1,0,0,0,1
Rohini East,1,60+,Student,Daily,Other,E-Rickshaw,4,3,3,3,4,1,1,0,0,0
Rohini East,1,26-35,Service,Weekly,Leisure,E-Rickshaw,4,4,3,4,4,0,1,0,0,1
Rohini East,1,36-45,Service,Daily,Education,E-Rickshaw,4,4,3,3,3,0,0,0,1,1
Rohini East,1,26-35,Service,4-5x/week,Education,E-Rickshaw,4,4,3,3,3,0,0,0,1,1
Rohini East,1,26-35,IT/Tech,Rarely,Office,E-Rickshaw,4,4,3,3,3,1,1,1,0,1
Rohini East,1,18-25,Business,Daily,Shopping,E-Rickshaw,4,4,3,4,3,0,0,0,0,1
Rohini East,1,26-35,IT/Tech,4-5x/week,Shopping,E-Rickshaw,3,4,2,4,3,1,0,0,1,0
Rohini East,1,36-45,Student,4-5x/week,Other,E-Rickshaw,4,3,3,3,3,0,1,0,1,1
Rohini East,1,36-45,Business,2-3x/week,Office,E-Rickshaw,4,4,3,3,3,0,0,1,0,0
Rohini East,1,36-45,Student,Daily,Office,E-Rickshaw,4,4,3,3,3,0,1,1,1,0
Rohini East,1,18-25,Business,Daily,Education,E-Rickshaw,5,4,3,5,3,0,0,0,0,0
Rohini East,1,36-45,IT/Tech,Daily,Office,E-Rickshaw,4,3,3,3,4,0,0,0,0,0
Rohini East,1,18-25,Business,2-3x/week,Office,E-Rickshaw,5,4,2,4,3,0,1,0,0,1
Rohini East,1,26-35,Student,2-3x/week,Office,E-Rickshaw,4,4,3,3,4,0,0,0,0,1
Rohini East,1,26-35,Business,Daily,Shopping,E-Rickshaw,4,3,3,4,3,0,0,1,1,1
Rohini East,1,36-45,Student,Daily,Office,E-Rickshaw,4,4,3,3,3,1,0,0,1,0
Rohini East,1,60+,Business,Weekly,Office,E-Rickshaw,4,4,3,3,3,0,1,0,0,0
Rohini East,1,26-35,Other,Daily,Office,E-Rickshaw,5,5,4,4,3,0,0,0,0,1
Rohini East,1,18-25,Service,Daily,Leisure,E-Rickshaw,4,5,3,4,3,0,0,1,0,0
Rohini East,1,36-45,Business,4-5x/week,Shopping,E-Rickshaw,4,3,2,4,4,0,0,0,1,0
Rohini East,1,46-60,Student,Daily,Office,E-Rickshaw,4,5,3,4,3,0,1,0,0,0
Rohini East,1,18-25,Service,Daily,Office,E-Rickshaw,4,3,3,4,4,1,0,0,0,0
Rohini East,1,36-45,Other,4-5x/week,Education,E-Rickshaw,4,4,4,4,3,1,0,0,0,0
Rohini East,1,36-45,Service,Daily,Office,E-Rickshaw,4,4,3,3,2,1,0,1,0,0
Rohini East,1,46-60,Student,4-5x/week,Education,E-Rickshaw,4,3,2,5,4,0,1,0,1,0
Rohini East,1,26-35,IT/Tech,2-3x/week,Office,E-Rickshaw,4,4,3,3,4,1,1,0,0,1
Rohini East,1,46-60,IT/Tech,4-5x/week,Other,E-Rickshaw,4,4,4,3,3,0,1,0,0,1
Rohini East,1,26-35,Business,Daily,Office,E-Rickshaw,5,4,4,3,3,0,0,0,0,0
Rohini East,1,46-60,Service,2-3x/week,Shopping,E-Rickshaw,4,4,4,5,2,0,0,0,0,0
Rohini East,1,26-35,Service,Daily,Office,E-Rickshaw,3,4,3,4,3,0,1,1,0,0
Rohini East,1,26-35,IT/Tech,2-3x/week,Other,E-Rickshaw,4,4,3,3,4,0,0,0,1,0
Rohini East,1,26-35,Service,Daily,Other,E-Rickshaw,4,4,3,4,3,1,0,0,0,1
Rohini East,1,18-25,Business,2-3x/week,Shopping,E-Rickshaw,4,4,3,4,3,0,1,0,0,0
Rohini East,1,26-35,Business,Daily,Office,E-Rickshaw,4,4,2,4,3,1,1,0,0,1
Rohini East,1,26-35,IT/Tech,Daily,Office,E-Rickshaw,4,4,3,3,3,1,0,0,0,0
Rohini East,1,18-25,Student,4-5x/week,Leisure,E-Rickshaw,4,4,3,3,3,0,0,0,0,0
Rohini East,1,18-25,Service,Daily,Shopping,E-Rickshaw,4,3,3,3,4,1,1,0,0,1
Rohini East,1,36-45,Student,Daily,Office,E-Rickshaw,3,4,3,3,3,0,0,0,0,1
Rohini East,1,46-60,Service,2-3x/week,Office,E-Rickshaw,4,4,3,4,3,0,0,0,0,0
Rohini East,1,36-45,Service,2-3x/week,Office,E-Rickshaw,3,4,2,3,3,0,0,0,1,1
Rohini East,1,26-35,Service,Daily,Leisure,E-Rickshaw,4,4,3,4,4,0,0,0,0,1
Rohini East,1,26-35,Student,Weekly,Shopping,E-Rickshaw,5,4,3,5,4,0,0,0,0,0
Rohini East,1,46-60,Service,2-3x/week,Education,E-Rickshaw,4,4,3,3,3,0,0,0,0,1
Rohini East,1,26-35,Service,Weekly,Education,E-Rickshaw,5,4,4,3,4,0,0,0,0,1
Rohini East,1,18-25,Business,4-5x/week,Office,E-Rickshaw,4,4,3,4,3,0,0,1,0,1
Rohini East,1,46-60,Student,4-5x/week,Office,E-Rickshaw,4,3,3,4,4,1,1,0,0,0
Rohini East,1,60+,Service,4-5x/week,Office,E-Rickshaw,3,5,2,3,3,0,0,0,0,1
Rohini East,1,18-25,Business,4-5x/week,Shopping,E-Rickshaw,4,4,2,3,4,0,1,1,1,1
Rohini East,1,36-45,Business,Weekly,Office,E-Rickshaw,4,4,4,4,3,1,0,0,0,1
Rohini East,1,18-25,IT/Tech,Daily,Office,E-Rickshaw,4,4,3,4,4,0,1,0,0,1
Rohini East,1,36-45,Student,Daily,Office,E-Rickshaw,4,3,3,3,3,0,1,1,1,1
Rohini East,1,26-35,IT/Tech,Daily,Office,E-Rickshaw,3,3,4,3,3,1,1,0,1,1
Rohini East,1,26-35,Student,Weekly,Education,E-Rickshaw,3,4,4,4,3,0,0,0,0,1
Rohini East,1,36-45,IT/Tech,4-5x/week,Office,E-Rickshaw,4,3,3,4,4,0,0,0,0,0
Rohini East,1,26-35,Student,4-5x/week,Office,E-Rickshaw,5,5,3,3,4,0,1,0,0,0
Rohini East,1,36-45,IT/Tech,2-3x/week,Shopping,E-Rickshaw,4,3,3,3,3,0,0,0,1,1
Rohini East,1,26-35,Service,Rarely,Office,E-Rickshaw,3,3,3,4,3,1,0,1,0,1
Rohini East,1,46-60,Other,Daily,Office,E-Rickshaw,4,4,4,4,4,0,0,0,0,0
Rohini East,1,46-60,Service,2-3x/week,Office,E-Rickshaw,4,4,3,3,3,1,0,1,0,0
Rohini East,1,18-25,Business,Weekly,Leisure,E-Rickshaw,4,4,3,3,3,1,0,0,0,0
Rohini East,1,36-45,Other,Daily,Office,E-Rickshaw,3,4,4,4,3,0,1,0,0,1
Rohini East,1,26-35,Business,2-3x/week,Shopping,E-Rickshaw,3,3,2,3,3,0,1,0,0,0
Rohini East,1,18-25,IT/Tech,Daily,Other,E-Rickshaw,3,3,3,4,4,0,1,0,0,1
Rohini East,1,26-35,Business,4-5x/week,Shopping,E-Rickshaw,4,3,3,3,4,0,0,0,0,1
Rohini East,1,46-60,IT/Tech,4-5x/week,Office,E-Rickshaw,3,3,2,4,4,0,0,0,0,0
Rohini East,1,46-60,Service,Daily,Shopping,E-Rickshaw,4,4,2,4,3,0,0,1,0,0
Rohini East,1,46-60,Business,Daily,Office,E-Rickshaw,4,3,3,4,4,1,0,0,0,1
Rohini East,1,46-60,Student,Daily,Office,E-Rickshaw,3,3,3,4,3,1,0,0,1,0
Rohini East,1,60+,Service,Daily,Education,E-Rickshaw,4,4,3,3,3,1,0,0,0,1
Rohini East,1,26-35,Service,4-5x/week,Office,E-Rickshaw,4,3,3,3,3,1,1,0,1,1
Rohini East,1,46-60,Business,Daily,Office,E-Rickshaw,4,4,4,3,3,0,1,0,1,0
Pitampura,1,46-60,Other,4-5x/week,Education,E-Rickshaw,4,4,3,3,2,0,0,0,0,1
Pitampura,1,26-35,Service,2-3x/week,Education,E-Rickshaw,4,4,4,4,3,0,1,0,1,0
Pitampura,1,18-25,IT/Tech,4-5x/week,Education,E-Rickshaw,4,4,4,3,4,0,0,1,0,1
Pitampura,1,26-35,IT/Tech,Daily,Office,E-Rickshaw,4,4,4,4,3,0,1,0,0,1
Pitampura,1,26-35,IT/Tech,Daily,Office,E-Rickshaw,4,3,4,4,3,1,1,0,0,1
Pitampura,1,36-45,Business,Daily,Office,E-Rickshaw,5,3,4,4,4,0,0,0,0,1
Pitampura,1,26-35,Service,Daily,Office,E-Rickshaw,3,3,3,3,3,1,0,1,0,0
Pitampura,1,18-25,Service,Daily,Education,E-Rickshaw,3,3,3,4,3,0,1,1,0,0
Pitampura,1,18-25,Student,Daily,Office,E-Rickshaw,4,4,4,4,3,0,0,1,1,1
Pitampura,1,26-35,Student,4-5x/week,Office,E-Rickshaw,4,4,4,3,3,0,0,0,0,1
Pitampura,1,26-35,Other,Daily,Office,E-Rickshaw,5,4,3,4,3,0,0,0,0,1
Pitampura,1,26-35,Other,2-3x/week,Office,E-Rickshaw,4,4,3,3,4,0,0,1,0,0
Pitampura,1,60+,Student,Daily,Office,E-Rickshaw,4,4,3,4,4,1,1,0,1,0
Pitampura,1,36-45,Business,2-3x/week,Education,E-Rickshaw,5,4,4,2,4,0,1,1,0,0
Pitampura,1,18-25,Business,Daily,Office,E-Rickshaw,4,4,3,4,4,1,0,0,0,1
Pitampura,1,26-35,Service,4-5x/week,Leisure,E-Rickshaw,4,4,3,4,3,0,1,0,0,0
Pitampura,1,18-25,Student,Daily,Office,E-Rickshaw,4,4,3,4,4,0,0,1,0,1
Pitampura,1,26-35,IT/Tech,4-5x/week,Office,E-Rickshaw,4,4,3,4,3,1,1,1,1,0
Pitampura,1,18-25,Business,Daily,Leisure,E-Rickshaw,3,4,3,4,3,0,0,1,1,0
Pitampura,1,36-45,Other,Rarely,Office,E-Rickshaw,4,3,4,3,3,1,0,1,0,0
Pitampura,1,18-25,IT/Tech,Daily,Office,E-Rickshaw,3,4,3,4,2,0,0,1,1,0
Pitampura,1,26-35,Business,4-5x/week,Other,E-Rickshaw,4,4,3,3,3,1,1,1,0,0
Pitampura,1,26-35,Other,Daily,Other,E-Rickshaw,5,4,3,3,3,0,0,0,0,1
Pitampura,1,26-35,IT/Tech,4-5x/week,Shopping,E-Rickshaw,3,4,3,4,2,0,0,0,1,1
Pitampura,1,18-25,Service,4-5x/week,Office,E-Rickshaw,4,3,4,4,4,0,1,0,0,1
Pitampura,1,46-60,Other,Daily,Education,E-Rickshaw,4,4,4,3,4,1,0,1,0,0
Pitampura,1,26-35,Other,Daily,Other,E-Rickshaw,4,4,3,3,4,0,0,0,1,0
Pitampura,1,18-25,IT/Tech,Daily,Other,E-Rickshaw,3,3,3,3,3,0,1,1,0,0
Pitampura,1,36-45,Service,Daily,Office,E-Rickshaw,4,5,4,4,3,0,0,0,0,0
Pitampura,1,26-35,Student,Rarely,Office,E-Rickshaw,4,4,3,3,4,0,0,0,0,1
Pitampura,1,26-35,IT/Tech,Daily,Office,E-Rickshaw,5,4,3,4,4,0,1,1,1,0
Pitampura,1,26-35,Service,Daily,Office,E-Rickshaw,4,4,3,4,3,0,0,1,1,0
Pitampura,1,36-45,IT/Tech,Rarely,Shopping,E-Rickshaw,4,3,3,3,3,0,0,0,0,1
Pitampura,1,18-25,IT/Tech,Daily,Office,E-Rickshaw,3,3,3,4,3,1,1,0,1,0
Pitampura,1,36-45,Student,Daily,Office,E-Rickshaw,4,4,3,3,4,0,0,0,1,1
Pitampura,1,46-60,Student,2-3x/week,Office,E-Rickshaw,5,4,3,3,3,1,1,1,0,1
Pitampura,1,36-45,Student,Weekly,Office,E-Rickshaw,3,3,3,3,3,1,1,0,1,0
Pitampura,1,60+,Business,2-3x/week,Office,E-Rickshaw,4,4,3,4,4,0,0,1,1,0
Pitampura,1,36-45,Service,4-5x/week,Office,E-Rickshaw,5,4,3,3,4,0,1,0,1,0
Pitampura,1,46-60,IT/Tech,Rarely,Office,E-Rickshaw,4,4,3,4,4,0,0,0,0,1
Pitampura,1,46-60,IT/Tech,Daily,Other,E-Rickshaw,4,4,3,3,4,0,1,0,0,0
Pitampura,1,36-45,IT/Tech,Rarely,Office,E-Rickshaw,4,4,3,3,3,1,0,1,0,0
Pitampura,1,36-45,Service,2-3x/week,Education,E-Rickshaw,4,3,4,3,4,1,1,0,1,1
Pitampura,1,46-60,IT/Tech,Weekly,Office,E-Rickshaw,4,3,3,4,4,0,0,0,1,0
Pitampura,1,18-25,IT/Tech,Daily,Office,E-Rickshaw,5,3,4,4,5,0,0,0,0,1
Pitampura,1,36-45,IT/Tech,Daily,Office,E-Rickshaw,4,4,3,3,3,0,0,1,0,1
Pitampura,1,18-25,Student,4-5x/week,Office,E-Rickshaw,3,3,4,4,3,0,0,0,0,1
Pitampura,1,46-60,Student,4-5x/week,Office,E-Rickshaw,4,3,4,3,3,0,0,1,0,1
Pitampura,1,18-25,Other,4-5x/week,Office,E-Rickshaw,4,4,4,5,3,1,0,1,0,0
Pitampura,1,46-60,Business,Weekly,Shopping,E-Rickshaw,4,4,4,4,4,0,0,0,0,1
Pitampura,1,36-45,Student,4-5x/week,Office,E-Rickshaw,4,5,4,3,3,0,0,1,0,1
Pitampura,1,60+,IT/Tech,Daily,Office,E-Rickshaw,4,3,3,4,4,0,0,0,1,1
Pitampura,1,26-35,Student,Daily,Education,E-Rickshaw,4,4,4,3,4,1,0,0,0,1
Pitampura,1,36-45,IT/Tech,Daily,Office,E-Rickshaw,5,4,4,4,4,0,0,1,0,1
Pitampura,1,36-45,Service,Daily,Office,E-Rickshaw,4,4,3,4,3,0,0,1,0,1
Pitampura,1,46-60,Service,Daily,Office,E-Rickshaw,4,4,3,3,4,1,0,1,0,0
Pitampura,1,46-60,Service,2-3x/week,Office,E-Rickshaw,5,4,3,3,4,0,1,1,0,1
Pitampura,1,18-25,IT/Tech,4-5x/week,Office,E-Rickshaw,4,4,4,3,4,0,1,0,0,0
Pitampura,1,18-25,Student,4-5x/week,Other,E-Rickshaw,4,4,3,4,3,0,0,0,0,1
Pitampura,1,26-35,Business,Daily,Other,E-Rickshaw,3,4,3,4,3,0,1,1,0,0
Pitampura,1,60+,Business,4-5x/week,Other,E-Rickshaw,3,3,3,3,3,0,1,0,0,0
Pitampura,1,26-35,Student,2-3x/week,Office,E-Rickshaw,3,3,2,3,4,1,1,0,1,1
Pitampura,1,36-45,Service,Weekly,Office,E-Rickshaw,4,4,3,3,3,1,0,0,0,1
Pitampura,1,36-45,IT/Tech,4-5x/week,Office,E-Rickshaw,4,3,3,4,3,1,0,1,0,0
Pitampura,1,18-25,Student,2-3x/week,Office,E-Rickshaw,4,4,3,4,3,0,0,1,0,0
Pitampura,1,26-35,Service,4-5x/week,Office,E-Rickshaw,4,4,4,4,3,0,0,0,1,0
Pitampura,1,26-35,IT/Tech,4-5x/week,Office,E-Rickshaw,3,3,3,4,3,0,0,0,0,1
Pitampura,1,46-60,Service,Weekly,Office,E-Rickshaw,5,4,3,3,3,0,0,0,1,1
Pitampura,1,18-25,Other,Daily,Office,E-Rickshaw,3,3,2,3,3,1,1,1,1,0
Pitampura,1,26-35,Student,Daily,Office,E-Rickshaw,5,4,3,4,4,0,0,0,0,0
Pitampura,1,36-45,Service,Daily,Shopping,E-Rickshaw,4,3,3,3,3,0,1,0,1,1
Pitampura,1,26-35,Student,4-5x/week,Office,E-Rickshaw,4,4,3,3,4,0,1,0,1,0
Pitampura,1,46-60,Service,4-5x/week,Leisure,E-Rickshaw,3,3,4,4,3,0,0,1,0,0
Pitampura,1,26-35,Service,4-5x/week,Office,E-Rickshaw,4,4,4,3,3,0,0,0,1,1
Pitampura,1,26-35,IT/Tech,Daily,Education,E-Rickshaw,4,4,3,3,4,0,1,0,0,1
Pitampura,1,26-35,Service,Daily,Office,E-Rickshaw,3,4,3,3,2,0,0,1,0,1
Pitampura,1,18-25,Student,Weekly,Office,E-Rickshaw,4,3,4,4,3,1,0,0,0,1
Pitampura,1,18-25,IT/Tech,Daily,Office,E-Rickshaw,3,4,3,4,4,0,1,0,0,0
Pitampura,1,36-45,Business,Weekly,Office,E-Rickshaw,4,4,3,4,3,0,1,0,0,1
Pitampura,1,18-25,IT/Tech,Daily,Education,E-Rickshaw,4,4,3,4,4,0,1,0,0,1
Pitampura,1,26-35,Student,4-5x/week,Office,E-Rickshaw,4,5,3,3,4,0,0,0,0,0
Pitampura,1,26-35,Student,4-5x/week,Office,E-Rickshaw,4,4,4,3,3,0,0,1,1,0
Pitampura,1,26-35,Student,2-3x/week,Other,E-Rickshaw,4,4,4,3,3,0,0,1,0,0
Pitampura,1,46-60,Student,Daily,Office,E-Rickshaw,4,4,3,4,4,1,1,0,0,0
Pitampura,1,26-35,Other,Weekly,Education,E-Rickshaw,3,4,3,4,3,0,0,1,1,1
Netaji Subhash Place,1,36-45,IT/Tech,Daily,Office,E-Rickshaw,4,4,4,3,3,0,0,0,1,1
Netaji Subhash Place,1,18-25,Business,Daily,Education,E-Rickshaw,3,3,3,4,3,1,0,0,0,1
Netaji Subhash Place,1,18-25,Other,2-3x/week,Education,E-Rickshaw,3,3,4,3,2,1,0,0,0,1
Netaji Subhash Place,1,26-35,Other,Daily,Shopping,E-Rickshaw,4,4,3,3,4,0,1,0,0,1
Netaji Subhash Place,1,18-25,IT/Tech,4-5x/week,Office,E-Rickshaw,3,3,3,3,3,0,0,1,1,1
Netaji Subhash Place,1,36-45,Service,Daily,Office,E-Rickshaw,3,3,4,3,4,0,1,0,1,0
Netaji Subhash Place,1,26-35,IT/Tech,Daily,Shopping,E-Rickshaw,5,4,4,3,3,0,0,0,0,1
Netaji Subhash Place,1,46-60,Service,Weekly,Office,E-Rickshaw,5,3,4,3,3,0,0,0,0,1
Netaji Subhash Place,1,46-60,Service,Daily,Leisure,E-Rickshaw,4,4,4,4,3,0,1,0,1,0
Netaji Subhash Place,1,26-35,Student,2-3x/week,Office,E-Rickshaw,3,4,4,3,3,0,0,1,0,1
Netaji Subhash Place,1,36-45,IT/Tech,Daily,Education,E-Rickshaw,3,3,3,4,3,0,1,1,1,1
Netaji Subhash Place,1,18-25,Other,Weekly,Leisure,E-Rickshaw,4,3,4,4,3,0,1,0,0,1
Netaji Subhash Place,1,60+,IT/Tech,Daily,Education,E-Rickshaw,4,3,3,3,4,0,0,1,0,1
Netaji Subhash Place,1,26-35,IT/Tech,Daily,Education,E-Rickshaw,3,3,3,4,4,0,0,1,0,1
Netaji Subhash Place,1,26-35,Business,2-3x/week,Shopping,E-Rickshaw,4,4,4,3,3,0,0,0,0,1
Netaji Subhash Place,1,18-25,Student,Daily,Office,E-Rickshaw,4,5,3,4,4,0,0,0,0,1
Netaji Subhash Place,1,26-35,Service,Daily,Shopping,E-Rickshaw,4,4,4,4,3,0,0,0,1,1
Netaji Subhash Place,1,36-45,Student,Rarely,Leisure,E-Rickshaw,4,4,4,4,3,1,0,0,0,1
Netaji Subhash Place,1,18-25,IT/Tech,4-5x/week,Other,E-Rickshaw,3,4,3,3,3,0,1,0,0,0
Netaji Subhash Place,1,26-35,IT/Tech,4-5x/week,Office,E-Rickshaw,4,3,4,3,3,0,0,0,1,1
Netaji Subhash Place,1,18-25,Service,4-5x/week,Office,E-Rickshaw,5,5,3,3,3,0,1,0,0,1
Netaji Subhash Place,1,46-60,Service,2-3x/week,Shopping,E-Rickshaw,4,4,3,4,3,0,0,1,0,1
Netaji Subhash Place,1,36-45,Student,Weekly,Education,E-Rickshaw,4,5,4,3,3,0,0,0,0,1
Netaji Subhash Place,1,18-25,IT/Tech,4-5x/week,Office,E-Rickshaw,4,4,3,3,3,0,1,1,0,1
Netaji Subhash Place,1,26-35,Student,Daily,Office,E-Rickshaw,3,3,3,3,4,0,0,1,0,1
Netaji Subhash Place,1,26-35,Business,Daily,Office,E-Rickshaw,4,3,4,4,3,1,0,1,0,1
Netaji Subhash Place,1,46-60,IT/Tech,4-5x/week,Office,E-Rickshaw,4,3,3,4,4,1,0,0,1,1
Netaji Subhash Place,1,36-45,IT/Tech,2-3x/week,Office,E-Rickshaw,4,4,4,3,3,0,0,0,0,1
Netaji Subhash Place,1,18-25,Service,4-5x/week,Office,E-Rickshaw,4,4,3,3,3,0,1,0,1,1
Netaji Subhash Place,1,46-60,Business,Daily,Office,E-Rickshaw,4,5,4,4,4,0,0,0,1,1
Netaji Subhash Place,1,26-35,Student,Daily,Other,E-Rickshaw,4,3,4,4,4,0,1,0,0,1
Netaji Subhash Place,1,36-45,Student,4-5x/week,Office,E-Rickshaw,4,4,4,4,4,0,0,1,0,1
Netaji Subhash Place,1,26-35,Service,2-3x/week,Office,E-Rickshaw,4,4,3,3,4,1,1,0,0,1
Netaji Subhash Place,1,26-35,IT/Tech,Daily,Office,E-Rickshaw,4,4,3,3,3,0,0,0,1,1
Netaji Subhash Place,1,18-25,Service,4-5x/week,Office,E-Rickshaw,4,4,4,3,3,1,1,0,1,1
Netaji Subhash Place,1,18-25,IT/Tech,2-3x/week,Other,E-Rickshaw,3,3,4,3,3,0,0,1,1,1
Netaji Subhash Place,1,46-60,Student,Weekly,Leisure,E-Rickshaw,4,4,4,4,3,0,0,1,1,1
Netaji Subhash Place,1,26-35,IT/Tech,Daily,Office,E-Rickshaw,3,4,3,3,2,0,0,0,0,1
Netaji Subhash Place,1,46-60,IT/Tech,Weekly,Office,E-Rickshaw,4,4,4,3,3,0,1,1,1,1
Netaji Subhash Place,1,36-45,Service,4-5x/week,Office,E-Rickshaw,4,4,5,3,3,0,0,1,1,0
Netaji Subhash Place,1,36-45,Service,2-3x/week,Office,E-Rickshaw,4,4,4,4,4,0,0,0,0,1
Netaji Subhash Place,1,46-60,Student,Daily,Office,E-Rickshaw,4,4,4,4,3,0,0,1,0,0
Netaji Subhash Place,1,18-25,Service,4-5x/week,Office,E-Rickshaw,4,4,3,4,3,0,1,1,0,1
Netaji Subhash Place,1,18-25,Other,4-5x/week,Office,E-Rickshaw,3,3,4,4,3,0,1,0,1,1
Netaji Subhash Place,1,26-35,Business,Daily,Education,E-Rickshaw,4,3,4,3,4,1,0,0,1,1
Netaji Subhash Place,1,26-35,Business,Daily,Office,E-Rickshaw,4,4,4,4,3,0,0,0,0,1
Netaji Subhash Place,1,46-60,Student,4-5x/week,Office,E-Rickshaw,4,4,3,3,3,0,0,1,1,1
Netaji Subhash Place,1,18-25,Student,4-5x/week,Office,E-Rickshaw,4,3,3,4,2,0,0,1,1,0
Netaji Subhash Place,1,26-35,Student,Daily,Office,E-Rickshaw,4,3,4,3,3,1,0,0,0,1
Netaji Subhash Place,1,26-35,Service,Daily,Office,E-Rickshaw,4,3,4,3,3,0,0,0,1,1
Netaji Subhash Place,1,18-25,Service,Daily,Office,E-Rickshaw,4,3,4,4,3,1,0,1,1,1
Netaji Subhash Place,1,36-45,Student,Weekly,Office,E-Rickshaw,3,4,4,4,3,1,1,0,1,1
Netaji Subhash Place,1,26-35,IT/Tech,Rarely,Office,E-Rickshaw,4,3,4,3,3,0,0,0,0,0
Netaji Subhash Place,1,36-45,IT/Tech,Daily,Shopping,E-Rickshaw,3,3,3,3,3,0,1,0,0,1
Netaji Subhash Place,1,36-45,Business,Daily,Leisure,E-Rickshaw,4,4,4,3,3,0,0,0,0,1
Netaji Subhash Place,1,36-45,IT/Tech,Daily,Office,E-Rickshaw,4,3,4,4,3,0,1,0,0,0
Netaji Subhash Place,1,26-35,Service,4-5x/week,Office,E-Rickshaw,4,4,3,4,3,1,0,1,0,0
Netaji Subhash Place,1,36-45,Student,Weekly,Shopping,E-Rickshaw,3,4,3,4,3,1,1,1,0,1
Netaji Subhash Place,1,26-35,IT/Tech,4-5x/week,Education,E-Rickshaw,3,3,4,3,3,0,0,0,0,1
Netaji Subhash Place,1,18-25,Business,Daily,Office,E-Rickshaw,5,4,4,4,3,0,0,0,0,0
Netaji Subhash Place,1,36-45,IT/Tech,Daily,Office,E-Rickshaw,4,4,4,4,3,0,0,0,0,1
Netaji Subhash Place,1,36-45,Business,Daily,Office,E-Rickshaw,3,3,4,3,3,1,0,0,1,1
Netaji Subhash Place,1,26-35,Business,2-3x/week,Education,E-Rickshaw,4,3,4,4,3,1,1,1,0,1
Netaji Subhash Place,1,46-60,IT/Tech,4-5x/week,Office,E-Rickshaw,4,4,4,4,4,1,0,1,0,0
Netaji Subhash Place,1,26-35,IT/Tech,4-5x/week,Office,E-Rickshaw,4,4,3,3,4,0,0,1,1,0
Netaji Subhash Place,1,18-25,Service,Daily,Office,E-Rickshaw,4,4,4,3,3,0,0,1,0,1
Netaji Subhash Place,1,60+,Service,Weekly,Office,E-Rickshaw,5,4,4,4,4,0,1,0,1,1
Netaji Subhash Place,1,18-25,IT/Tech,Daily,Office,E-Rickshaw,4,3,3,3,3,0,0,0,1,1
Netaji Subhash Place,1,36-45,Other,2-3x/week,Shopping,E-Rickshaw,4,4,3,3,3,0,1,0,0,1
Netaji Subhash Place,1,18-25,IT/Tech,Weekly,Education,E-Rickshaw,3,4,3,3,4,0,1,0,0,0
Netaji Subhash Place,1,36-45,Business,4-5x/week,Office,E-Rickshaw,4,4,4,4,3,1,1,0,0,1
Netaji Subhash Place,1,36-45,IT/Tech,Weekly,Office,E-Rickshaw,5,4,4,3,3,0,0,1,0,1
Netaji Subhash Place,1,36-45,Other,Daily,Leisure,E-Rickshaw,4,4,5,3,3,0,0,0,0,1
Netaji Subhash Place,1,26-35,IT/Tech,4-5x/week,Office,E-Rickshaw,2,4,3,3,3,0,0,1,0,1
Netaji Subhash Place,1,36-45,Service,Daily,Office,E-Rickshaw,4,4,4,4,3,0,0,0,0,0
Netaji Subhash Place,1,26-35,Student,4-5x/week,Office,E-Rickshaw,5,4,4,4,3,0,0,0,0,1
Netaji Subhash Place,1,60+,IT/Tech,Daily,Leisure,E-Rickshaw,3,4,4,3,3,0,1,1,1,0
Netaji Subhash Place,1,26-35,Business,Daily,Shopping,E-Rickshaw,4,3,4,4,3,1,0,1,0,1
Netaji Subhash Place,1,26-35,IT/Tech,Daily,Leisure,E-Rickshaw,2,3,4,3,3,1,0,1,0,1
Netaji Subhash Place,1,46-60,Service,Daily,Education,E-Rickshaw,5,5,4,4,3,0,0,0,0,1
Netaji Subhash Place,1,26-35,Service,4-5x/week,Office,E-Rickshaw,4,3,4,3,3,1,1,1,0,1
Netaji Subhash Place,1,18-25,Student,4-5x/week,Office,E-Rickshaw,3,4,3,3,3,1,0,1,1,1
Netaji Subhash Place,1,36-45,IT/Tech,Daily,Office,E-Rickshaw,4,3,4,3,3,1,0,1,0,1
Netaji Subhash Place,1,26-35,IT/Tech,Rarely,Education,E-Rickshaw,4,4,4,3,2,1,0,0,0,1
Netaji Subhash Place,1,26-35,IT/Tech,Weekly,Education,E-Rickshaw,4,3,4,4,3,0,1,0,0,0
Netaji Subhash Place,1,18-25,Service,Daily,Office,E-Rickshaw,4,4,4,4,3,0,0,0,0,1
Netaji Subhash Place,1,26-35,IT/Tech,Daily,Leisure,E-Rickshaw,4,4,4,3,3,1,0,1,0,1
Netaji Subhash Place,1,26-35,Other,4-5x/week,Office,E-Rickshaw,3,3,4,3,3,0,1,1,1,0
Netaji Subhash Place,1,26-35,Service,2-3x/week,Office,E-Rickshaw,4,4,4,4,3,0,0,0,0,1
Netaji Subhash Place,1,18-25,Student,Daily,Office,E-Rickshaw,5,4,3,3,3,0,0,1,1,1
Netaji Subhash Place,1,26-35,Service,2-3x/week,Leisure,E-Rickshaw,4,4,4,4,3,1,0,1,0,1
Netaji Subhash Place,1,26-35,IT/Tech,Daily,Leisure,E-Rickshaw,3,4,3,3,4,0,0,0,0,1
Netaji Subhash Place,1,36-45,Service,Daily,Office,E-Rickshaw,4,5,3,3,4,0,0,1,0,1
Netaji Subhash Place,1,36-45,IT/Tech,2-3x/week,Other,E-Rickshaw,4,4,4,3,4,0,0,1,1,0
Netaji Subhash Place,1,26-35,Service,4-5x/week,Leisure,E-Rickshaw,3,4,4,4,3,1,0,0,0,1
Netaji Subhash Place,1,26-35,Service,2-3x/week,Leisure,E-Rickshaw,4,3,4,3,3,1,1,0,0,1
Netaji Subhash Place,1,46-60,Service,Daily,Leisure,E-Rickshaw,4,4,3,3,4,1,0,1,1,0
Netaji Subhash Place,1,18-25,Other,Daily,Office,E-Rickshaw,3,4,4,3,3,0,0,1,0,1
Netaji Subhash Place,1,18-25,IT/Tech,Daily,Shopping,E-Rickshaw,4,4,4,4,3,1,0,0,0,0
Netaji Subhash Place,1,18-25,Service,Daily,Education,E-Rickshaw,4,4,3,3,3,0,1,1,0,0
Inderlok,1,46-60,IT/Tech,4-5x/week,Office,E-Rickshaw,3,4,3,3,2,0,0,1,0,0
Inderlok,1,46-60,IT/Tech,Weekly,Shopping,E-Rickshaw,3,3,4,3,2,0,0,1,0,1
Inderlok,1,60+,Other,2-3x/week,Other,E-Rickshaw,4,4,3,3,3,0,0,0,0,0
Inderlok,1,26-35,IT/Tech,Rarely,Other,E-Rickshaw,3,3,3,3,2,1,0,1,1,1
Inderlok,1,36-45,IT/Tech,Weekly,Leisure,E-Rickshaw,3,3,3,3,3,1,0,1,1,1
Inderlok,1,36-45,Student,Daily,Education,E-Rickshaw,3,3,3,3,2,0,1,1,0,0
Inderlok,1,36-45,Service,4-5x/week,Shopping,E-Rickshaw,4,3,3,3,2,0,0,1,0,1
Inderlok,1,26-35,IT/Tech,Daily,Office,E-Rickshaw,3,3,2,3,3,0,0,0,1,1
Inderlok,1,60+,Student,Rarely,Office,E-Rickshaw,3,3,3,4,2,0,0,1,0,0
Inderlok,1,26-35,Business,Daily,Office,E-Rickshaw,3,3,3,2,3,0,1,1,1,1
Inderlok,1,18-25,Business,4-5x/week,Office,E-Rickshaw,4,3,3,4,2,0,0,1,1,1
Inderlok,1,18-25,IT/Tech,2-3x/week,Other,E-Rickshaw,3,2,3,3,3,0,0,0,1,1
Inderlok,1,26-35,Student,Daily,Leisure,E-Rickshaw,3,3,2,3,2,1,1,1,1,1
Inderlok,1,36-45,Business,2-3x/week,Education,E-Rickshaw,4,3,3,3,3,0,1,1,0,1
Inderlok,1,26-35,IT/Tech,Daily,Office,E-Rickshaw,3,3,3,3,2,1,0,0,0,1
Inderlok,1,36-45,IT/Tech,Daily,Shopping,E-Rickshaw,3,3,3,3,3,0,1,1,0,0
Inderlok,1,46-60,IT/Tech,4-5x/week,Office,E-Rickshaw,3,3,4,4,3,0,1,0,0,0
Inderlok,1,26-35,Service,Daily,Leisure,E-Rickshaw,3,4,3,4,2,0,0,0,0,1
Inderlok,1,36-45,IT/Tech,4-5x/week,Other,E-Rickshaw,5,4,3,3,3,0,0,0,1,1
Inderlok,1,26-35,Student,Weekly,Office,E-Rickshaw,3,4,3,3,2,0,1,1,0,0
Inderlok,1,46-60,Other,Daily,Office,E-Rickshaw,4,4,3,3,3,1,0,1,0,0
Inderlok,1,60+,IT/Tech,4-5x/week,Office,E-Rickshaw,3,3,3,3,2,1,0,1,0,1
Inderlok,1,26-35,Student,Weekly,Office,E-Rickshaw,4,4,3,2,3,0,1,0,1,1
Inderlok,1,36-45,IT/Tech,2-3x/week,Office,E-Rickshaw,3,4,3,3,2,0,1,0,0,0
Inderlok,1,18-25,IT/Tech,Daily,Office,E-Rickshaw,4,3,4,3,2,1,0,0,0,0
Inderlok,1,18-25,Business,Weekly,Office,E-Rickshaw,4,4,3,2,2,0,0,1,1,0
Inderlok,1,36-45,Service,Daily,Office,E-Rickshaw,4,2,3,3,3,1,0,0,1,1
Inderlok,1,18-25,Other,4-5x/week,Office,E-Rickshaw,4,3,3,4,2,0,0,0,1,1
Inderlok,1,18-25,Service,4-5x/week,Shopping,E-Rickshaw,3,3,3,4,2,1,0,0,0,1
Inderlok,1,26-35,IT/Tech,2-3x/week,Office,E-Rickshaw,4,4,3,3,2,1,0,0,0,1
Inderlok,1,18-25,Service,Daily,Leisure,E-Rickshaw,5,4,3,2,2,0,0,1,1,0
Inderlok,1,46-60,IT/Tech,Daily,Office,E-Rickshaw,3,3,3,3,2,1,1,1,0,1
Inderlok,1,26-35,Business,2-3x/week,Office,E-Rickshaw,3,4,3,2,2,1,1,0,1,1
Inderlok,1,18-25,Student,Daily,Office,E-Rickshaw,3,3,3,3,2,1,1,1,1,0
Inderlok,1,26-35,Service,4-5x/week,Shopping,E-Rickshaw,3,3,3,3,3,0,0,1,1,0
Inderlok,1,46-60,Service,2-3x/week,Office,E-Rickshaw,3,3,2,4,3,0,0,1,0,1
Inderlok,1,18-25,Student,4-5x/week,Education,E-Rickshaw,3,3,3,2,3,1,0,1,1,0
Inderlok,1,18-25,Business,Daily,Office,E-Rickshaw,4,3,3,3,3,0,1,0,1,1
Inderlok,1,26-35,IT/Tech,Daily,Other,E-Rickshaw,3,4,3,3,2,0,0,1,1,1
Inderlok,1,18-25,IT/Tech,Rarely,Office,E-Rickshaw,3,4,3,3,1,0,1,1,0,1
Inderlok,1,60+,IT/Tech,4-5x/week,Office,E-Rickshaw,4,4,3,2,2,0,0,0,0,0
Inderlok,1,18-25,Service,Daily,Leisure,E-Rickshaw,3,3,3,3,2,1,1,1,0,0
Inderlok,1,18-25,Service,Daily,Office,E-Rickshaw,3,3,3,3,2,0,0,1,0,1
Inderlok,1,36-45,IT/Tech,Daily,Office,E-Rickshaw,3,3,3,4,2,0,1,1,0,1
Inderlok,1,18-25,Service,Rarely,Leisure,E-Rickshaw,4,4,3,3,3,0,0,1,1,1
Inderlok,1,18-25,Service,Daily,Office,E-Rickshaw,3,2,3,3,2,1,0,1,0,1
Inderlok,1,26-35,IT/Tech,Daily,Office,E-Rickshaw,4,3,3,3,3,0,0,1,1,0
Inderlok,1,26-35,Other,4-5x/week,Office,E-Rickshaw,3,3,3,2,2,1,1,1,1,1
Inderlok,1,36-45,Student,Daily,Office,E-Rickshaw,4,3,3,4,3,0,0,0,1,0
Inderlok,1,46-60,Service,Daily,Leisure,E-Rickshaw,3,3,3,3,2,0,0,0,1,1
Inderlok,1,46-60,Service,Rarely,Education,E-Rickshaw,4,3,3,4,3,0,0,0,0,1
Inderlok,1,46-60,Service,4-5x/week,Education,E-Rickshaw,4,3,2,3,2,0,0,1,0,1
Inderlok,1,18-25,Business,Daily,Office,E-Rickshaw,3,3,3,3,3,1,0,1,0,0
Inderlok,1,26-35,Student,4-5x/week,Shopping,E-Rickshaw,3,4,3,3,2,1,0,0,1,1
Inderlok,1,36-45,Service,Daily,Shopping,E-Rickshaw,3,3,3,3,3,0,0,0,0,1
Inderlok,1,60+,Other,Daily,Office,E-Rickshaw,3,3,3,3,2,0,1,1,0,1
Inderlok,1,36-45,Business,4-5x/week,Leisure,E-Rickshaw,3,3,3,3,2,0,1,1,1,0
Inderlok,1,18-25,Business,4-5x/week,Education,E-Rickshaw,4,3,4,3,3,0,0,1,0,0
Inderlok,1,36-45,IT/Tech,2-3x/week,Shopping,E-Rickshaw,2,3,3,3,2,0,1,1,0,0
Inderlok,1,36-45,IT/Tech,Weekly,Office,E-Rickshaw,3,4,3,3,1,0,1,1,1,1
Inderlok,1,46-60,Student,Daily,Office,E-Rickshaw,3,3,3,3,1,1,1,1,0,0
Inderlok,1,36-45,Service,Weekly,Shopping,E-Rickshaw,4,4,2,3,3,0,1,0,0,1
Inderlok,1,18-25,Student,4-5x/week,Shopping,E-Rickshaw,5,4,4,3,3,0,0,0,1,1
Inderlok,1,26-35,Business,Daily,Office,E-Rickshaw,5,4,4,3,3,0,0,0,0,1
Inderlok,1,18-25,IT/Tech,2-3x/week,Office,E-Rickshaw,3,3,2,2,2,1,1,1,1,1
Inderlok,1,26-35,IT/Tech,Daily,Leisure,E-Rickshaw,4,3,3,4,2,1,1,0,0,0
Inderlok,1,46-60,Service,4-5x/week,Office,E-Rickshaw,4,3,3,4,2,1,0,0,0,0
Inderlok,1,18-25,IT/Tech,2-3x/week,Office,E-Rickshaw,4,3,3,3,2,0,0,1,0,1
Inderlok,1,18-25,Student,Daily,Education,E-Rickshaw,4,4,3,3,2,1,0,0,0,1
Inderlok,1,26-35,Student,Weekly,Office,E-Rickshaw,4,4,3,3,3,0,1,0,0,0
Inderlok,1,36-45,Service,Daily,Office,E-Rickshaw,4,3,3,4,3,1,1,0,0,0
Inderlok,1,18-25,Student,2-3x/week,Office,E-Rickshaw,4,3,3,3,3,1,1,1,0,0
Inderlok,1,26-35,Service,Daily,Leisure,E-Rickshaw,3,3,3,3,2,1,1,0,1,1
Inderlok,1,46-60,Student,Daily,Office,E-Rickshaw,3,4,3,4,2,1,0,1,0,1
Inderlok,1,18-25,IT/Tech,Daily,Shopping,E-Rickshaw,4,3,2,3,3,0,0,1,0,0
Inderlok,1,18-25,Student,Weekly,Other,E-Rickshaw,3,3,2,4,2,1,1,1,0,0
Inderlok,1,26-35,Student,Daily,Shopping,E-Rickshaw,4,4,4,2,2,1,0,1,0,0
Inderlok,1,18-25,IT/Tech,Weekly,Education,E-Rickshaw,2,2,3,3,3,1,1,1,0,0
Inderlok,1,36-45,Service,Daily,Education,E-Rickshaw,4,3,3,4,2,0,1,0,0,1
Inderlok,1,46-60,Business,4-5x/week,Office,E-Rickshaw,3,3,3,3,2,0,1,0,1,1
Inderlok,1,26-35,IT/Tech,Daily,Education,E-Rickshaw,4,3,3,3,2,0,1,1,1,0
Inderlok,1,60+,Student,Daily,Other,E-Rickshaw,5,3,4,2,3,0,0,0,0,1
Inderlok,1,36-45,Other,Weekly,Shopping,E-Rickshaw,3,3,3,3,2,0,1,1,1,0
Inderlok,1,26-35,Business,Daily,Office,E-Rickshaw,4,4,2,3,3,0,0,0,1,1
Inderlok,1,26-35,Service,4-5x/week,Office,E-Rickshaw,3,3,2,3,2,0,1,0,1,0
Inderlok,1,26-35,Student,4-5x/week,Leisure,E-Rickshaw,4,3,3,2,2,0,0,0,1,1
Inderlok,1,46-60,Other,4-5x/week,Office,E-Rickshaw,4,3,3,4,2,1,0,0,0,0
Inderlok,1,26-35,Student,4-5x/week,Leisure,E-Rickshaw,3,3,2,4,3,0,1,0,0,1
Inderlok,1,18-25,IT/Tech,Weekly,Office,E-Rickshaw,4,4,3,3,2,0,1,1,0,1
Inderlok,1,36-45,IT/Tech,4-5x/week,Shopping,E-Rickshaw,3,4,3,2,2,0,0,1,1,1
Inderlok,1,46-60,Business,4-5x/week,Leisure,E-Rickshaw,4,4,4,4,2,0,0,1,1,1
Inderlok,1,36-45,Service,4-5x/week,Office,E-Rickshaw,4,3,4,3,2,0,0,1,1,0
Inderlok,1,36-45,IT/Tech,4-5x/week,Office,E-Rickshaw,2,3,3,3,2,1,0,1,1,0
Inderlok,1,26-35,Service,Daily,Leisure,E-Rickshaw,4,3,3,2,2,0,1,1,1,1
Inderlok,1,46-60,Business,4-5x/week,Office,E-Rickshaw,4,3,2,3,3,0,1,0,1,0
Kashmere Gate,1,18-25,Student,4-5x/week,Leisure,BEST Bus,2,3,4,3,2,0,1,0,0,1
Kashmere Gate,1,36-45,Service,Daily,Leisure,BEST Bus,5,4,4,3,3,0,0,0,0,1
Kashmere Gate,1,46-60,Student,Daily,Other,BEST Bus,5,4,4,3,3,0,0,1,0,1
Kashmere Gate,1,18-25,IT/Tech,4-5x/week,Leisure,BEST Bus,4,5,4,3,3,0,0,1,0,1
Kashmere Gate,1,26-35,Business,2-3x/week,Office,BEST Bus,3,3,5,3,2,0,0,1,0,0
Kashmere Gate,1,26-35,Business,4-5x/week,Office,BEST Bus,4,4,5,3,3,0,0,0,0,1
Kashmere Gate,1,18-25,IT/Tech,Daily,Leisure,BEST Bus,4,4,5,2,2,0,0,1,1,1
Kashmere Gate,1,60+,Other,Daily,Other,BEST Bus,4,3,5,2,3,1,0,0,1,1
Kashmere Gate,1,18-25,Business,4-5x/week,Other,BEST Bus,4,3,4,3,3,1,0,1,1,1
Kashmere Gate,1,18-25,Service,4-5x/week,Shopping,BEST Bus,4,4,5,3,2,0,0,0,0,1
Kashmere Gate,1,26-35,Other,Daily,Office,BEST Bus,4,4,4,2,3,0,1,1,1,1
Kashmere Gate,1,46-60,IT/Tech,Daily,Other,BEST Bus,3,3,5,3,2,1,0,0,0,1
Kashmere Gate,1,26-35,IT/Tech,Daily,Other,BEST Bus,4,3,4,3,3,0,0,0,0,1
Kashmere Gate,1,36-45,Service,Daily,Shopping,BEST Bus,3,2,4,4,3,1,0,1,1,1
Kashmere Gate,1,36-45,Student,4-5x/week,Leisure,BEST Bus,4,4,5,3,3,0,1,0,0,1
Kashmere Gate,1,26-35,Service,Daily,Education,BEST Bus,4,3,5,3,3,1,0,1,0,1
Kashmere Gate,1,26-35,Other,4-5x/week,Other,BEST Bus,4,4,5,3,2,1,0,1,1,0
Kashmere Gate,1,18-25,IT/Tech,2-3x/week,Office,BEST Bus,4,3,4,3,3,0,0,0,1,1
Kashmere Gate,1,26-35,IT/Tech,Rarely,Leisure,BEST Bus,3,3,4,2,3,0,0,1,1,0
Kashmere Gate,1,36-45,Student,Weekly,Office,BEST Bus,4,3,5,3,2,1,0,0,1,1
Kashmere Gate,1,46-60,IT/Tech,Daily,Office,BEST Bus,3,3,5,3,3,1,0,0,1,1
Kashmere Gate,1,26-35,Student,Daily,Office,BEST Bus,4,4,5,3,3,1,0,1,0,1
Kashmere Gate,1,18-25,Service,Daily,Office,BEST Bus,4,4,4,3,3,1,0,1,1,1
Kashmere Gate,1,26-35,Other,2-3x/week,Office,BEST Bus,5,5,5,3,3,0,0,0,1,1
Kashmere Gate,1,26-35,Student,Daily,Other,BEST Bus,3,4,4,3,3,0,0,1,1,1
Kashmere Gate,1,36-45,IT/Tech,Daily,Education,BEST Bus,4,4,4,3,3,1,0,1,0,1
Kashmere Gate,1,36-45,IT/Tech,Daily,Leisure,BEST Bus,4,3,4,3,2,0,0,0,0,1
Kashmere Gate,1,36-45,IT/Tech,Daily,Office,BEST Bus,3,3,5,3,2,0,0,0,1,1
Kashmere Gate,1,26-35,Other,2-3x/week,Office,BEST Bus,4,3,5,3,3,0,0,0,1,1
Kashmere Gate,1,18-25,Student,4-5x/week,Shopping,BEST Bus,4,3,4,2,3,1,0,1,0,1
Kashmere Gate,1,18-25,Service,4-5x/week,Shopping,BEST Bus,4,4,4,3,3,1,0,1,0,1
Kashmere Gate,1,60+,IT/Tech,Weekly,Education,BEST Bus,5,3,5,2,4,1,0,0,0,1
Kashmere Gate,1,36-45,Business,Daily,Leisure,BEST Bus,3,3,3,3,3,1,0,0,0,1
Kashmere Gate,1,46-60,IT/Tech,Daily,Leisure,BEST Bus,4,4,4,3,3,0,0,1,0,1
Kashmere Gate,1,26-35,Student,Daily,Education,BEST Bus,3,3,5,3,2,1,0,1,0,1
Kashmere Gate,1,18-25,Business,4-5x/week,Other,BEST Bus,3,3,3,4,2,0,0,1,0,1
Kashmere Gate,1,36-45,IT/Tech,4-5x/week,Shopping,BEST Bus,3,4,4,2,2,0,1,0,1,1
Kashmere Gate,1,18-25,Service,Daily,Shopping,BEST Bus,3,3,5,3,3,1,0,0,0,1
Kashmere Gate,1,36-45,IT/Tech,Rarely,Office,BEST Bus,4,4,5,4,3,1,0,0,0,0
Kashmere Gate,1,18-25,Service,Daily,Office,BEST Bus,4,3,5,3,3,1,0,1,0,1
Kashmere Gate,1,60+,Other,Daily,Office,BEST Bus,3,3,5,3,3,1,1,0,1,1
Kashmere Gate,1,26-35,Student,4-5x/week,Shopping,BEST Bus,4,4,4,2,2,0,0,1,0,1
Kashmere Gate,1,46-60,Business,Weekly,Shopping,BEST Bus,4,4,5,2,3,1,0,1,1,1
Kashmere Gate,1,18-25,Service,4-5x/week,Office,BEST Bus,4,4,4,3,3,0,1,1,0,1
Kashmere Gate,1,18-25,IT/Tech,Rarely,Education,BEST Bus,4,4,4,3,3,0,0,0,1,1
Kashmere Gate,1,18-25,Student,Daily,Office,BEST Bus,4,4,4,3,2,0,0,1,0,1
Kashmere Gate,1,26-35,Service,4-5x/week,Office,BEST Bus,4,4,5,3,3,0,0,0,0,0
Kashmere Gate,1,60+,IT/Tech,2-3x/week,Other,BEST Bus,4,4,5,3,2,0,0,1,1,1
Kashmere Gate,1,46-60,Service,4-5x/week,Office,BEST Bus,4,4,5,3,3,0,0,1,1,0
Kashmere Gate,1,60+,Student,Daily,Office,BEST Bus,4,3,4,2,3,0,1,0,1,1
Kashmere Gate,1,60+,Student,Rarely,Office,BEST Bus,4,4,4,3,3,0,1,0,0,1
Kashmere Gate,1,36-45,IT/Tech,Daily,Office,BEST Bus,3,4,5,3,2,1,0,1,0,1
Kashmere Gate,1,18-25,Business,Daily,Shopping,BEST Bus,4,3,5,3,3,0,0,0,0,1
Kashmere Gate,1,46-60,Service,Weekly,Other,BEST Bus,4,4,5,4,3,1,0,1,1,1
Kashmere Gate,1,26-35,IT/Tech,Weekly,Education,BEST Bus,4,3,4,3,2,0,0,1,0,1
Kashmere Gate,1,46-60,IT/Tech,Rarely,Education,BEST Bus,4,4,5,2,3,0,0,0,0,1
Kashmere Gate,1,18-25,Business,Weekly,Office,BEST Bus,3,4,4,3,2,0,0,1,1,1
Kashmere Gate,1,36-45,Service,Daily,Education,BEST Bus,3,4,5,3,2,0,0,1,1,1
Kashmere Gate,1,18-25,Service,Weekly,Office,BEST Bus,4,3,5,3,2,1,0,1,0,1
Kashmere Gate,1,18-25,IT/Tech,Daily,Office,BEST Bus,4,3,5,2,3,0,0,0,1,1
Kashmere Gate,1,26-35,Student,4-5x/week,Leisure,BEST Bus,4,4,5,4,2,0,0,1,1,1
Kashmere Gate,1,18-25,Business,Daily,Office,BEST Bus,4,4,4,2,3,0,0,0,1,1
Kashmere Gate,1,18-25,Service,2-3x/week,Office,BEST Bus,4,4,4,3,3,0,0,0,1,1
Kashmere Gate,1,26-35,Other,4-5x/week,Office,BEST Bus,4,4,5,3,2,1,0,0,1,1
Kashmere Gate,1,26-35,IT/Tech,2-3x/week,Leisure,BEST Bus,4,3,4,3,3,0,0,1,1,1
Kashmere Gate,1,18-25,IT/Tech,Daily,Office,BEST Bus,3,3,4,4,2,1,0,0,0,1
Kashmere Gate,1,26-35,Student,Daily,Office,BEST Bus,4,5,5,3,3,0,0,1,0,1
Kashmere Gate,1,46-60,Student,Daily,Leisure,BEST Bus,4,3,5,3,2,0,0,1,0,1
Kashmere Gate,1,26-35,IT/Tech,Daily,Office,BEST Bus,4,4,5,3,3,0,0,1,0,1
Kashmere Gate,1,18-25,Service,4-5x/week,Other,BEST Bus,3,3,4,3,2,0,0,1,0,1
Kashmere Gate,1,26-35,Service,Daily,Office,BEST Bus,4,4,4,3,3,0,0,0,1,1
Kashmere Gate,1,18-25,Service,4-5x/week,Shopping,BEST Bus,4,4,5,2,3,0,0,0,1,1
Kashmere Gate,1,18-25,Student,Daily,Other,BEST Bus,4,3,4,2,2,0,1,0,1,1
Kashmere Gate,1,36-45,Other,Daily,Education,BEST Bus,4,4,4,3,2,0,0,0,0,1
Kashmere Gate,1,18-25,Service,4-5x/week,Shopping,BEST Bus,4,4,4,3,3,0,1,0,0,1
Kashmere Gate,1,18-25,Student,Daily,Office,BEST Bus,4,4,5,2,3,0,0,0,1,1
Kashmere Gate,1,26-35,Student,Daily,Shopping,BEST Bus,3,3,5,3,2,0,0,0,0,1
Kashmere Gate,1,18-25,Service,Daily,Leisure,BEST Bus,4,4,5,3,4,1,0,0,0,1
Kashmere Gate,1,18-25,IT/Tech,Daily,Shopping,BEST Bus,4,4,4,3,3,0,0,0,1,1
Kashmere Gate,1,36-45,Other,4-5x/week,Other,BEST Bus,4,4,5,3,3,0,0,1,0,0
Kashmere Gate,1,18-25,IT/Tech,Daily,Education,BEST Bus,4,4,5,2,3,1,1,0,0,0
Kashmere Gate,1,36-45,Business,Daily,Education,BEST Bus,3,3,5,3,2,1,0,1,0,1
Kashmere Gate,1,18-25,IT/Tech,4-5x/week,Office,BEST Bus,4,4,4,2,3,1,1,1,0,1
Kashmere Gate,1,26-35,Business,4-5x/week,Shopping,BEST Bus,3,4,4,3,2,0,0,0,0,0
Kashmere Gate,1,26-35,IT/Tech,4-5x/week,Leisure,BEST Bus,3,3,4,3,3,1,0,1,1,1
Kashmere Gate,1,26-35,Other,Daily,Education,BEST Bus,4,4,4,3,3,0,0,1,0,1
Kashmere Gate,1,18-25,Student,Weekly,Office,BEST Bus,4,4,4,3,3,0,0,1,0,1
Kashmere Gate,1,46-60,IT/Tech,Daily,Education,BEST Bus,3,3,4,2,2,1,0,1,1,1
Kashmere Gate,1,36-45,Student,Daily,Shopping,BEST Bus,4,4,5,2,3,0,0,0,0,1
Kashmere Gate,1,18-25,Student,Weekly,Other,BEST Bus,4,4,5,3,2,0,0,0,1,0
Kashmere Gate,1,26-35,Service,4-5x/week,Office,BEST Bus,5,4,4,2,4,0,0,0,0,1
Kashmere Gate,1,46-60,IT/Tech,4-5x/week,Office,BEST Bus,4,4,4,2,4,0,1,0,0,1
Kashmere Gate,1,26-35,Student,Weekly,Office,BEST Bus,3,4,5,3,3,1,0,0,1,1
Kashmere Gate,1,18-25,Student,Daily,Office,BEST Bus,4,3,4,3,3,1,1,0,0,1
Kashmere Gate,1,46-60,Service,2-3x/week,Other,BEST Bus,4,4,4,2,3,0,1,1,1,1
Kashmere Gate,1,18-25,Business,4-5x/week,Office,BEST Bus,4,3,5,3,3,0,0,0,0,1
Kashmere Gate,1,26-35,IT/Tech,Daily,Education,BEST Bus,4,5,5,2,3,0,0,1,0,1
Kashmere Gate,1,26-35,IT/Tech,Daily,Office,BEST Bus,3,3,3,4,2,0,1,1,0,1
Kashmere Gate,1,18-25,Student,Daily,Office,BEST Bus,3,3,4,3,3,1,0,0,0,1
Kashmere Gate,1,26-35,IT/Tech,Weekly,Other,BEST Bus,4,3,4,3,3,0,0,1,0,1
Kashmere Gate,1,36-45,IT/Tech,Daily,Office,BEST Bus,5,5,5,3,3,0,0,0,0,1
Kashmere Gate,1,18-25,Service,Daily,Office,BEST Bus,3,3,4,2,2,0,1,0,1,1
Kashmere Gate,1,26-35,IT/Tech,4-5x/week,Office,BEST Bus,3,4,4,3,2,1,0,1,0,0
Kashmere Gate,1,26-35,IT/Tech,2-3x/week,Other,BEST Bus,4,4,5,3,2,0,0,1,0,1
Kashmere Gate,1,46-60,Student,Daily,Other,BEST Bus,4,4,4,3,3,1,0,0,1,1
Kashmere Gate,1,18-25,Service,2-3x/week,Office,BEST Bus,4,4,5,3,2,0,0,0,0,1
Kashmere Gate,1,36-45,Business,4-5x/week,Education,BEST Bus,3,4,4,3,3,1,0,1,1,1
Kashmere Gate,1,18-25,Student,2-3x/week,Office,BEST Bus,3,3,4,3,2,0,1,0,0,1
Kashmere Gate,1,26-35,Service,Daily,Education,BEST Bus,4,4,5,3,2,0,0,0,1,1
Kashmere Gate,1,18-25,IT/Tech,Daily,Office,BEST Bus,4,3,5,3,3,0,0,0,0,1
Kashmere Gate,1,18-25,Business,4-5x/week,Leisure,BEST Bus,3,4,5,3,2,0,0,1,1,1
Kashmere Gate,1,18-25,IT/Tech,Daily,Other,BEST Bus,3,3,4,3,3,1,0,0,0,1
Kashmere Gate,1,46-60,IT/Tech,4-5x/week,Office,BEST Bus,4,4,4,3,2,0,0,0,1,1
Kashmere Gate,1,46-60,Business,Daily,Office,BEST Bus,4,3,5,3,2,0,0,1,0,1
Kashmere Gate,1,36-45,Student,2-3x/week,Office,BEST Bus,4,4,4,2,2,0,0,0,0,1
Tis Hazari,1,36-45,Service,Daily,Leisure,E-Rickshaw,4,4,3,4,4,0,0,1,1,1
Tis Hazari,1,36-45,Student,Rarely,Education,E-Rickshaw,4,3,4,4,3,1,1,0,1,0
Tis Hazari,1,46-60,Student,Weekly,Office,E-Rickshaw,3,4,4,4,3,1,1,0,0,1
Tis Hazari,1,26-35,Business,4-5x/week,Office,E-Rickshaw,4,3,4,3,3,1,0,0,0,1
Tis Hazari,1,18-25,Service,Daily,Office,E-Rickshaw,4,4,4,3,3,0,0,0,0,1
Tis Hazari,1,46-60,Service,2-3x/week,Office,E-Rickshaw,4,3,3,3,4,0,1,1,1,0
Tis Hazari,1,18-25,Student,4-5x/week,Other,E-Rickshaw,4,5,3,4,4,1,0,0,0,0
Tis Hazari,1,18-25,Service,Rarely,Office,E-Rickshaw,4,3,3,4,3,0,1,1,0,0
Tis Hazari,1,60+,IT/Tech,Daily,Shopping,E-Rickshaw,4,3,4,3,4,0,0,0,1,0
Tis Hazari,1,26-35,IT/Tech,Daily,Education,E-Rickshaw,3,3,4,4,4,1,0,0,0,1
Tis Hazari,1,36-45,Business,4-5x/week,Education,E-Rickshaw,4,4,3,3,4,1,1,0,1,0
Tis Hazari,1,46-60,IT/Tech,Daily,Office,E-Rickshaw,3,4,4,3,4,0,0,1,1,0
Tis Hazari,1,26-35,Student,4-5x/week,Education,E-Rickshaw,4,3,3,4,4,0,0,0,0,1
Tis Hazari,1,36-45,Student,2-3x/week,Education,E-Rickshaw,4,4,3,3,3,0,0,1,1,0
Tis Hazari,1,18-25,Service,Daily,Education,E-Rickshaw,4,4,4,4,3,0,1,0,1,0
Tis Hazari,1,46-60,Business,Daily,Office,E-Rickshaw,5,4,4,3,4,0,0,0,0,1
Tis Hazari,1,46-60,Student,4-5x/week,Shopping,E-Rickshaw,5,4,5,3,4,1,0,0,0,0
Tis Hazari,1,46-60,IT/Tech,2-3x/week,Office,E-Rickshaw,5,4,4,3,4,0,0,1,0,1
Tis Hazari,1,26-35,Business,4-5x/week,Education,E-Rickshaw,4,4,4,3,4,1,0,0,0,1
Tis Hazari,1,36-45,Service,Daily,Office,E-Rickshaw,4,4,4,4,4,0,0,0,1,1
Tis Hazari,1,46-60,Service,4-5x/week,Office,E-Rickshaw,4,3,4,3,4,0,0,0,0,1
Tis Hazari,1,36-45,Student,4-5x/week,Leisure,E-Rickshaw,5,4,4,4,4,0,0,0,1,1
Tis Hazari,1,18-25,Student,2-3x/week,Office,E-Rickshaw,4,5,4,5,3,0,0,1,0,0
Tis Hazari,1,26-35,Service,4-5x/week,Other,E-Rickshaw,5,4,5,4,4,0,0,0,0,1
Tis Hazari,1,46-60,Other,Daily,Leisure,E-Rickshaw,4,4,4,3,3,0,1,1,0,0
Tis Hazari,1,26-35,Student,2-3x/week,Office,E-Rickshaw,5,4,4,3,3,1,0,0,0,1
Tis Hazari,1,26-35,Student,4-5x/week,Office,E-Rickshaw,4,4,4,4,3,1,0,1,0,1
Tis Hazari,1,46-60,IT/Tech,Daily,Office,E-Rickshaw,4,4,5,3,4,0,0,1,0,1
Tis Hazari,1,60+,IT/Tech,4-5x/week,Leisure,E-Rickshaw,4,4,3,3,3,1,0,0,1,0
Tis Hazari,1,60+,Service,Weekly,Education,E-Rickshaw,5,4,5,4,4,0,0,1,0,0
Tis Hazari,1,18-25,Student,2-3x/week,Office,E-Rickshaw,4,4,4,4,2,0,0,0,0,0
Tis Hazari,1,26-35,Service,Daily,Education,E-Rickshaw,3,3,3,3,3,1,1,1,1,1
Tis Hazari,1,18-25,Business,2-3x/week,Office,E-Rickshaw,4,4,3,3,4,0,1,0,0,0
Tis Hazari,1,26-35,IT/Tech,Daily,Education,E-Rickshaw,4,4,3,3,4,1,0,0,0,0
Tis Hazari,1,46-60,Student,4-5x/week,Education,E-Rickshaw,3,4,4,4,4,1,0,0,0,0
Tis Hazari,1,18-25,Business,4-5x/week,Office,E-Rickshaw,5,5,3,4,4,0,0,0,1,1
Tis Hazari,1,18-25,Business,Daily,Leisure,E-Rickshaw,3,3,4,5,3,0,0,1,1,0
Tis Hazari,1,26-35,Business,Daily,Office,E-Rickshaw,4,4,4,3,3,1,0,1,1,1
Tis Hazari,1,18-25,Business,Weekly,Education,E-Rickshaw,4,3,3,3,4,1,1,1,0,0
Tis Hazari,1,46-60,IT/Tech,Daily,Education,E-Rickshaw,4,4,4,4,3,0,0,0,0,0
Tis Hazari,1,36-45,Student,2-3x/week,Other,E-Rickshaw,3,5,3,3,3,1,0,1,1,0
Tis Hazari,1,26-35,Other,4-5x/week,Office,E-Rickshaw,4,3,4,3,3,0,0,1,0,1
Tis Hazari,1,26-35,Student,4-5x/week,Other,E-Rickshaw,4,3,5,3,3,0,0,1,1,0
Tis Hazari,1,18-25,IT/Tech,Daily,Office,E-Rickshaw,4,4,4,2,4,0,0,0,0,1
Tis Hazari,1,26-35,Other,Daily,Leisure,E-Rickshaw,4,3,4,4,3,0,0,1,0,1
Tis Hazari,1,46-60,IT/Tech,Daily,Office,E-Rickshaw,4,4,4,3,3,0,0,1,0,0
Tis Hazari,1,36-45,Service,4-5x/week,Shopping,E-Rickshaw,3,3,4,4,3,1,0,1,1,0
Tis Hazari,1,26-35,IT/Tech,Rarely,Office,E-Rickshaw,5,4,4,4,4,0,1,1,0,1
Tis Hazari,1,36-45,Service,Weekly,Other,E-Rickshaw,4,3,4,3,4,0,0,0,1,0
Tis Hazari,1,18-25,Service,Daily,Other,E-Rickshaw,3,3,4,3,3,0,0,1,0,0
Tis Hazari,1,26-35,Service,Daily,Office,E-Rickshaw,4,4,3,3,3,0,0,0,0,0
Tis Hazari,1,18-25,Other,Daily,Education,E-Rickshaw,4,3,3,3,4,0,0,0,1,0
Tis Hazari,1,26-35,Service,Rarely,Education,E-Rickshaw,3,4,4,4,3,0,1,0,0,0
Tis Hazari,1,18-25,Service,Daily,Office,E-Rickshaw,5,3,3,3,4,1,1,0,0,0
Tis Hazari,1,46-60,Business,Daily,Shopping,E-Rickshaw,4,3,4,4,4,0,1,0,0,0
Tis Hazari,1,46-60,Business,4-5x/week,Shopping,E-Rickshaw,4,4,4,3,4,0,1,0,0,1
Tis Hazari,1,26-35,IT/Tech,4-5x/week,Education,E-Rickshaw,3,3,3,3,4,0,1,0,0,0
Tis Hazari,1,36-45,IT/Tech,Daily,Office,E-Rickshaw,4,3,4,3,4,1,1,0,1,1
Tis Hazari,1,26-35,Student,4-5x/week,Other,E-Rickshaw,4,5,3,4,4,0,1,0,1,1
Tis Hazari,1,18-25,Business,Daily,Office,E-Rickshaw,3,3,4,4,2,0,1,1,0,0
Tis Hazari,1,26-35,Service,Daily,Education,E-Rickshaw,5,4,4,4,3,0,0,1,0,1
Tis Hazari,1,18-25,IT/Tech,Daily,Office,E-Rickshaw,4,4,5,4,4,0,1,1,0,1
Tis Hazari,1,26-35,Student,Daily,Office,E-Rickshaw,4,4,4,3,3,0,0,1,1,0
Tis Hazari,1,46-60,Student,Rarely,Office,E-Rickshaw,4,4,3,4,4,1,0,1,0,1
Tis Hazari,1,46-60,Student,4-5x/week,Office,E-Rickshaw,4,3,3,3,3,1,1,0,0,1
Tis Hazari,1,26-35,Business,2-3x/week,Education,E-Rickshaw,4,4,3,3,3,0,0,1,0,1
Tis Hazari,1,36-45,Business,Daily,Education,E-Rickshaw,3,4,3,4,3,0,0,0,1,1
Tis Hazari,1,26-35,Student,2-3x/week,Shopping,E-Rickshaw,4,4,5,3,3,0,0,0,1,0
Tis Hazari,1,36-45,Student,Rarely,Shopping,E-Rickshaw,3,3,4,4,3,1,1,0,0,0
Tis Hazari,1,26-35,Student,Daily,Office,E-Rickshaw,5,5,4,4,4,1,0,0,0,1
Tis Hazari,1,26-35,Service,Rarely,Office,E-Rickshaw,3,3,4,4,3,1,0,1,0,1
Tis Hazari,1,36-45,Service,4-5x/week,Education,E-Rickshaw,4,4,4,3,4,0,0,1,0,0
Tis Hazari,1,18-25,Student,2-3x/week,Shopping,E-Rickshaw,4,3,4,4,4,0,1,0,0,1
Tis Hazari,1,18-25,Student,Daily,Education,E-Rickshaw,4,3,4,4,4,0,1,0,0,0
Tis Hazari,1,18-25,Service,4-5x/week,Office,E-Rickshaw,3,3,4,3,3,0,0,0,0,0
Tis Hazari,1,26-35,IT/Tech,4-5x/week,Leisure,E-Rickshaw,4,3,3,3,3,0,1,0,0,1
Tis Hazari,1,26-35,Student,Rarely,Office,E-Rickshaw,4,4,5,4,3,1,0,0,0,0
Tis Hazari,1,18-25,Student,Weekly,Education,E-Rickshaw,5,3,4,3,5,0,0,0,0,0
Tis Hazari,1,36-45,Service,Daily,Office,E-Rickshaw,4,4,4,3,4,0,0,0,0,1
Tis Hazari,1,26-35,Service,Weekly,Shopping,E-Rickshaw,4,3,3,3,3,0,1,0,0,0
Shastri Park,1,36-45,IT/Tech,Daily,Office,E-Rickshaw,4,4,2,3,3,0,1,0,1,0
Shastri Park,1,26-35,Service,4-5x/week,Leisure,E-Rickshaw,3,4,3,3,2,0,1,1,1,0
Shastri Park,1,26-35,IT/Tech,4-5x/week,Education,E-Rickshaw,3,3,2,3,2,0,0,1,0,1
Shastri Park,1,36-45,IT/Tech,Weekly,Office,E-Rickshaw,4,4,2,3,2,0,1,0,0,1
Shastri Park,1,46-60,Student,Daily,Office,E-Rickshaw,3,4,3,3,3,0,0,1,0,1
Shastri Park,1,18-25,Business,Weekly,Other,E-Rickshaw,4,4,2,2,3,1,1,1,1,1
Shastri Park,1,18-25,Business,Daily,Education,E-Rickshaw,2,3,2,4,2,0,1,0,0,1
Shastri Park,1,36-45,Service,2-3x/week,Education,E-Rickshaw,4,4,3,3,2,0,1,1,0,1
Shastri Park,1,18-25,IT/Tech,Weekly,Office,E-Rickshaw,4,3,3,3,2,0,0,0,1,0
Shastri Park,1,26-35,Service,Daily,Other,E-Rickshaw,3,3,2,2,3,1,0,0,0,1
Shastri Park,1,18-25,Service,Daily,Leisure,E-Rickshaw,4,3,2,3,3,1,0,0,0,0
Shastri Park,1,46-60,IT/Tech,2-3x/week,Education,E-Rickshaw,4,3,2,3,3,0,1,1,0,1
Shastri Park,1,36-45,Business,2-3x/week,Office,E-Rickshaw,3,4,3,2,2,1,0,0,1,0
Shastri Park,1,46-60,Other,Daily,Shopping,E-Rickshaw,4,4,3,3,3,0,0,1,0,0
Shastri Park,1,26-35,IT/Tech,4-5x/week,Leisure,E-Rickshaw,4,3,3,4,3,1,1,1,1,1
Shastri Park,1,18-25,Business,2-3x/week,Shopping,E-Rickshaw,4,3,2,3,3,0,1,0,0,1
Shastri Park,1,18-25,Student,Daily,Other,E-Rickshaw,3,3,2,3,3,0,1,1,1,0
Shastri Park,1,26-35,IT/Tech,4-5x/week,Education,E-Rickshaw,4,3,3,3,3,0,1,0,1,1
Shastri Park,1,26-35,Student,Daily,Office,E-Rickshaw,3,4,2,4,3,0,0,0,0,1
Shastri Park,1,36-45,IT/Tech,Daily,Office,E-Rickshaw,3,3,3,3,2,0,1,0,1,1
Shastri Park,1,36-45,IT/Tech,2-3x/week,Leisure,E-Rickshaw,4,4,2,4,3,0,0,0,0,0
Shastri Park,1,36-45,Other,Daily,Office,E-Rickshaw,3,3,2,3,3,1,0,0,1,1
Shastri Park,1,26-35,Student,Weekly,Office,E-Rickshaw,3,3,3,4,3,1,1,1,0,1
Shastri Park,1,18-25,IT/Tech,4-5x/week,Shopping,E-Rickshaw,3,3,2,3,3,1,0,0,1,1
Shastri Park,1,26-35,Service,4-5x/week,Office,E-Rickshaw,3,3,3,3,2,0,1,0,1,0
Shastri Park,1,26-35,Other,Daily,Leisure,E-Rickshaw,3,3,1,3,2,1,1,0,0,1
Shastri Park,1,18-25,Service,Daily,Office,E-Rickshaw,3,4,2,4,2,1,1,0,1,0
Shastri Park,1,26-35,Business,2-3x/week,Office,E-Rickshaw,3,3,2,3,3,0,1,0,1,0
Shastri Park,1,60+,Business,4-5x/week,Office,E-Rickshaw,4,4,3,3,3,1,1,1,1,1
Shastri Park,1,18-25,Service,2-3x/week,Shopping,E-Rickshaw,3,4,2,3,2,1,0,0,0,1
Shastri Park,1,26-35,Student,Daily,Shopping,E-Rickshaw,4,3,3,2,2,1,0,1,1,0
Shastri Park,1,26-35,Student,Daily,Office,E-Rickshaw,4,3,3,2,2,0,0,1,1,0
Shastri Park,1,36-45,Business,Daily,Office,E-Rickshaw,3,3,2,3,1,1,1,1,1,1
Shastri Park,1,26-35,Service,2-3x/week,Office,E-Rickshaw,3,3,2,3,3,1,0,0,1,1
Shastri Park,1,26-35,IT/Tech,Daily,Shopping,E-Rickshaw,5,3,3,3,4,0,1,0,0,1
Shastri Park,1,18-25,IT/Tech,4-5x/week,Other,E-Rickshaw,5,4,2,3,3,0,0,1,0,1
Shastri Park,1,26-35,Student,4-5x/week,Shopping,E-Rickshaw,3,3,2,4,2,1,0,1,0,1
Shastri Park,1,36-45,Business,Daily,Office,E-Rickshaw,3,3,3,3,3,1,0,1,0,1
Shastri Park,1,18-25,Business,4-5x/week,Education,E-Rickshaw,3,3,3,4,2,0,1,1,0,1
Shastri Park,1,26-35,Student,4-5x/week,Office,E-Rickshaw,4,4,2,3,2,0,0,1,0,0
Shastri Park,1,36-45,IT/Tech,Rarely,Office,E-Rickshaw,3,2,3,3,2,1,0,0,1,0
Shastri Park,1,18-25,IT/Tech,Daily,Office,E-Rickshaw,4,4,3,3,2,0,1,1,0,0
Shastri Park,1,36-45,Business,4-5x/week,Office,E-Rickshaw,5,3,3,2,3,1,0,0,0,1
Shastri Park,1,26-35,Service,Daily,Office,E-Rickshaw,3,3,2,3,3,0,1,1,0,0
Shastri Park,1,36-45,Business,2-3x/week,Shopping,E-Rickshaw,4,3,3,2,3,1,0,0,1,1
Shastri Park,1,26-35,IT/Tech,4-5x/week,Office,E-Rickshaw,4,4,3,3,2,0,0,0,1,0
Shastri Park,1,18-25,Service,Daily,Shopping,E-Rickshaw,4,4,3,3,3,0,0,1,0,1
Shastri Park,1,26-35,Other,2-3x/week,Other,E-Rickshaw,4,3,2,3,2,0,1,1,0,1
Shastri Park,1,60+,IT/Tech,4-5x/week,Education,E-Rickshaw,3,4,2,3,2,1,1,0,0,0
Shastri Park,1,26-35,IT/Tech,Daily,Office,E-Rickshaw,4,4,2,4,2,0,0,1,0,0
Shastri Park,1,46-60,Student,4-5x/week,Shopping,E-Rickshaw,4,4,3,3,3,0,1,0,0,1
Shastri Park,1,46-60,Student,Daily,Office,E-Rickshaw,3,3,2,3,2,0,1,0,1,0
Shastri Park,1,18-25,Other,Weekly,Office,E-Rickshaw,3,4,3,3,2,1,1,0,1,1
Shastri Park,1,26-35,Other,2-3x/week,Office,E-Rickshaw,4,4,3,2,3,0,0,0,1,1
Shastri Park,1,18-25,Student,2-3x/week,Leisure,E-Rickshaw,3,3,3,3,2,0,1,1,0,1
Shastri Park,1,60+,IT/Tech,Weekly,Leisure,E-Rickshaw,2,3,2,3,3,0,1,1,1,1
Shastri Park,1,36-45,Service,2-3x/week,Leisure,E-Rickshaw,3,2,2,2,2,0,1,1,0,0
Shastri Park,1,18-25,Business,Daily,Shopping,E-Rickshaw,4,3,3,3,3,0,1,1,0,1
Shastri Park,1,26-35,Service,Daily,Education,E-Rickshaw,4,3,2,3,3,0,1,1,0,1
Shastri Park,1,46-60,Other,Daily,Leisure,E-Rickshaw,4,3,3,3,2,0,1,1,0,0
Shastri Park,1,26-35,Student,Weekly,Leisure,E-Rickshaw,4,4,3,3,3,0,0,0,0,1
Shastri Park,1,26-35,IT/Tech,Rarely,Office,E-Rickshaw,4,3,3,3,3,0,1,1,0,1
Shastri Park,1,26-35,Service,2-3x/week,Other,E-Rickshaw,4,4,2,4,3,1,0,0,0,1
Shastri Park,1,18-25,Student,Daily,Leisure,E-Rickshaw,4,3,3,3,3,1,0,1,1,1
Shastri Park,1,46-60,IT/Tech,Daily,Education,E-Rickshaw,3,3,2,3,2,0,1,1,0,1
Shastri Park,1,36-45,Service,Weekly,Office,E-Rickshaw,3,4,2,3,3,0,1,1,1,0
Shastri Park,1,26-35,Student,Daily,Office,E-Rickshaw,3,4,3,3,2,1,1,0,1,0
Shastri Park,1,18-25,IT/Tech,4-5x/week,Shopping,E-Rickshaw,3,3,3,2,3,1,1,0,0,1
Shastri Park,1,36-45,Service,Daily,Office,E-Rickshaw,4,3,3,3,3,0,0,0,0,1
Shastri Park,1,18-25,Student,Daily,Office,E-Rickshaw,4,3,3,2,3,0,0,1,1,1
Shastri Park,1,26-35,Business,4-5x/week,Education,E-Rickshaw,4,3,2,3,3,1,1,0,1,0
Shastri Park,1,18-25,Service,Rarely,Leisure,E-Rickshaw,4,4,2,4,3,0,1,0,0,1
Shastri Park,1,36-45,Other,2-3x/week,Leisure,E-Rickshaw,5,3,2,3,3,0,1,1,1,1
Shastri Park,1,60+,Other,4-5x/week,Shopping,E-Rickshaw,4,4,3,3,3,1,1,0,1,0
Shastri Park,1,36-45,Service,Daily,Office,E-Rickshaw,3,2,2,4,3,0,0,1,0,0
Shastri Park,1,26-35,IT/Tech,Weekly,Office,E-Rickshaw,3,3,3,3,3,0,1,1,0,1
Shastri Park,1,36-45,Business,4-5x/week,Shopping,E-Rickshaw,4,4,3,3,3,0,1,0,0,1
Shastri Park,1,26-35,IT/Tech,4-5x/week,Office,E-Rickshaw,3,3,2,3,2,0,1,1,0,1
Shastri Park,1,46-60,Business,4-5x/week,Education,E-Rickshaw,3,3,2,3,2,1,1,1,1,0
Shastri Park,1,18-25,Student,Daily,Other,E-Rickshaw,3,3,3,3,3,1,1,0,1,1
Seelampur,1,26-35,IT/Tech,2-3x/week,Shopping,E-Rickshaw,3,3,2,2,3,0,1,1,0,1
Seelampur,1,18-25,IT/Tech,2-3x/week,Office,E-Rickshaw,4,3,2,3,3,0,0,0,1,1
Seelampur,1,18-25,IT/Tech,Daily,Shopping,E-Rickshaw,4,3,3,2,2,1,1,0,1,1
Seelampur,1,26-35,Service,2-3x/week,Education,E-Rickshaw,4,3,3,3,2,0,0,1,0,1
Seelampur,1,46-60,IT/Tech,Daily,Shopping,E-Rickshaw,4,4,3,3,2,0,0,0,1,1
Seelampur,1,26-35,Business,4-5x/week,Office,E-Rickshaw,4,4,3,2,2,0,0,1,0,0
Seelampur,1,46-60,Business,Daily,Shopping,E-Rickshaw,3,3,3,2,2,1,1,0,1,1
Seelampur,1,36-45,IT/Tech,Daily,Shopping,E-Rickshaw,3,3,4,2,1,1,1,1,1,1
Seelampur,1,26-35,Service,4-5x/week,Office,E-Rickshaw,4,4,2,3,3,0,0,0,1,1
Seelampur,1,36-45,IT/Tech,Daily,Office,E-Rickshaw,4,3,3,2,3,1,0,1,0,1
Seelampur,1,36-45,IT/Tech,4-5x/week,Office,E-Rickshaw,4,4,3,2,3,0,0,1,0,1
Seelampur,1,36-45,IT/Tech,4-5x/week,Office,E-Rickshaw,3,3,2,3,3,0,0,0,0,1
Seelampur,1,18-25,Business,4-5x/week,Shopping,E-Rickshaw,3,4,2,3,2,0,1,1,0,1
Seelampur,1,26-35,Service,Daily,Office,E-Rickshaw,4,4,3,3,2,0,1,1,0,1
Seelampur,1,26-35,Service,Daily,Shopping,E-Rickshaw,3,3,3,3,2,1,0,1,0,1
Seelampur,1,36-45,Student,Daily,Shopping,E-Rickshaw,3,3,3,3,3,1,1,0,0,1
Seelampur,1,26-35,Business,2-3x/week,Shopping,E-Rickshaw,4,3,3,3,2,0,0,1,0,1
Seelampur,1,26-35,Service,Weekly,Shopping,E-Rickshaw,4,3,2,2,2,1,0,0,1,0
Seelampur,1,18-25,IT/Tech,Daily,Education,E-Rickshaw,3,3,4,2,3,0,0,0,1,1
Seelampur,1,26-35,Other,2-3x/week,Education,E-Rickshaw,4,4,3,3,3,0,0,0,0,1
Seelampur,1,36-45,Service,4-5x/week,Office,E-Rickshaw,3,4,3,3,2,1,1,1,1,1
Seelampur,1,36-45,Student,Rarely,Leisure,E-Rickshaw,3,3,3,3,2,0,0,1,0,1
Seelampur,1,46-60,Student,Daily,Other,E-Rickshaw,3,3,3,3,2,1,0,1,0,1
Seelampur,1,26-35,Service,4-5x/week,Office,E-Rickshaw,3,3,4,2,2,0,0,1,1,0
Seelampur,1,18-25,IT/Tech,4-5x/week,Other,E-Rickshaw,3,3,2,3,3,0,1,1,1,1
Seelampur,1,46-60,IT/Tech,Daily,Other,E-Rickshaw,3,3,3,3,2,0,0,0,0,1
Seelampur,1,18-25,Service,Daily,Office,E-Rickshaw,3,3,2,4,3,0,1,0,1,0
Seelampur,1,36-45,Service,Daily,Shopping,E-Rickshaw,3,3,3,3,2,1,1,1,0,1
Seelampur,1,18-25,Business,4-5x/week,Education,E-Rickshaw,4,3,3,3,3,0,0,1,0,1
Seelampur,1,26-35,Student,4-5x/week,Office,E-Rickshaw,3,3,2,4,2,1,1,1,0,1
Seelampur,1,26-35,Other,4-5x/week,Office,E-Rickshaw,3,4,3,3,2,0,0,1,0,0
Seelampur,1,36-45,Other,Daily,Office,E-Rickshaw,4,4,2,3,2,1,1,1,0,1
Seelampur,1,26-35,Student,Weekly,Shopping,E-Rickshaw,3,3,3,2,2,1,1,0,1,1
Seelampur,1,46-60,IT/Tech,Daily,Office,E-Rickshaw,3,3,3,3,1,1,1,1,1,0
Seelampur,1,18-25,Service,Rarely,Shopping,E-Rickshaw,3,4,2,2,2,1,0,0,1,0
Seelampur,1,26-35,Student,Daily,Shopping,E-Rickshaw,3,3,3,3,2,1,0,1,0,0
Seelampur,1,36-45,Student,2-3x/week,Shopping,E-Rickshaw,3,4,3,2,1,1,1,1,1,1
Seelampur,1,18-25,IT/Tech,Weekly,Office,E-Rickshaw,4,4,3,3,2,0,1,1,1,0
Seelampur,1,26-35,Student,2-3x/week,Office,E-Rickshaw,3,3,3,2,1,0,1,1,1,1
Seelampur,1,60+,Service,2-3x/week,Office,E-Rickshaw,2,2,3,3,2,1,1,1,1,0
Seelampur,1,36-45,Service,Daily,Office,E-Rickshaw,3,3,3,3,2,0,0,1,1,0
Seelampur,1,18-25,Business,2-3x/week,Office,E-Rickshaw,4,4,4,2,2,0,1,1,0,1
Seelampur,1,46-60,Service,4-5x/week,Office,E-Rickshaw,3,3,3,3,2,0,1,0,1,1
Seelampur,1,18-25,Service,Daily,Office,E-Rickshaw,4,3,3,2,2,1,1,0,0,1
Seelampur,1,18-25,Student,Rarely,Education,E-Rickshaw,3,3,4,3,2,0,0,1,1,0
Seelampur,1,26-35,Student,Daily,Office,E-Rickshaw,4,3,3,3,2,0,0,1,0,1
Seelampur,1,26-35,IT/Tech,Daily,Office,E-Rickshaw,4,3,4,3,2,1,0,1,1,0
Seelampur,1,18-25,Student,Weekly,Leisure,E-Rickshaw,4,4,3,2,2,0,0,1,0,1
Seelampur,1,18-25,Service,Daily,Education,E-Rickshaw,3,3,3,3,2,0,0,0,0,1
Seelampur,1,36-45,Student,Daily,Other,E-Rickshaw,2,3,3,3,2,0,1,1,1,1
Seelampur,1,18-25,IT/Tech,Daily,Education,E-Rickshaw,3,3,2,3,2,1,0,0,0,0
Seelampur,1,18-25,Other,2-3x/week,Office,E-Rickshaw,4,4,3,3,3,0,0,0,1,1
Seelampur,1,46-60,Business,Weekly,Leisure,E-Rickshaw,3,3,2,2,2,0,1,0,1,1
Seelampur,1,60+,Service,Daily,Leisure,E-Rickshaw,2,3,2,3,2,1,0,1,0,1
Seelampur,1,26-35,Service,4-5x/week,Education,E-Rickshaw,3,3,3,2,2,1,0,1,1,0
Seelampur,1,46-60,Service,4-5x/week,Education,E-Rickshaw,3,3,2,3,2,1,0,1,1,0
Seelampur,1,36-45,Student,4-5x/week,Office,E-Rickshaw,4,3,3,3,3,1,1,0,1,1
Seelampur,1,26-35,Student,4-5x/week,Office,E-Rickshaw,3,3,3,3,2,1,1,0,0,1
Seelampur,1,26-35,Student,Rarely,Shopping,E-Rickshaw,4,3,3,2,2,1,0,1,1,1
Seelampur,1,26-35,Business,Daily,Education,E-Rickshaw,4,4,2,3,2,0,1,1,0,1
Seelampur,1,36-45,Service,Daily,Office,E-Rickshaw,4,3,3,3,2,0,1,1,1,0
Seelampur,1,18-25,Student,4-5x/week,Office,E-Rickshaw,3,3,3,3,1,0,1,1,0,1
Seelampur,1,18-25,Service,Daily,Office,E-Rickshaw,3,3,3,2,2,0,0,1,1,1
Seelampur,1,36-45,Student,4-5x/week,Office,E-Rickshaw,5,3,2,2,3,0,0,0,0,1
Seelampur,1,26-35,Service,Daily,Office,E-Rickshaw,3,4,3,3,2,0,0,0,1,1
Seelampur,1,18-25,Business,Daily,Leisure,E-Rickshaw,3,3,3,2,3,0,0,1,1,1
Seelampur,1,46-60,IT/Tech,Weekly,Office,E-Rickshaw,4,3,3,3,3,0,0,1,1,1
Seelampur,1,60+,IT/Tech,Daily,Office,E-Rickshaw,4,4,2,2,2,1,1,1,0,1
Seelampur,1,36-45,Service,4-5x/week,Office,E-Rickshaw,4,4,3,2,3,0,1,0,1,1
Seelampur,1,26-35,Other,2-3x/week,Education,E-Rickshaw,4,4,2,3,2,0,1,0,0,1
Seelampur,1,26-35,Service,Daily,Education,E-Rickshaw,2,3,3,2,2,0,0,1,0,1
Seelampur,1,26-35,Service,Daily,Education,E-Rickshaw,4,3,2,3,2,0,1,0,1,1
Seelampur,1,18-25,Service,Daily,Other,E-Rickshaw,4,3,3,3,3,0,1,0,1,1
Seelampur,1,26-35,Service,4-5x/week,Other,E-Rickshaw,4,3,3,3,2,0,0,1,1,1
Seelampur,1,46-60,Business,Daily,Leisure,E-Rickshaw,2,3,2,3,2,0,1,1,1,1
Seelampur,1,36-45,Other,4-5x/week,Leisure,E-Rickshaw,4,4,3,3,2,0,1,0,0,1
Seelampur,1,18-25,Business,Daily,Office,E-Rickshaw,3,3,3,2,2,0,0,0,0,1
Seelampur,1,26-35,Business,Daily,Education,E-Rickshaw,4,3,3,3,2,1,0,1,1,1
Seelampur,1,18-25,IT/Tech,Daily,Office,E-Rickshaw,4,3,3,3,2,0,0,0,1,1
Seelampur,1,18-25,IT/Tech,Daily,Shopping,E-Rickshaw,4,3,3,3,2,1,0,1,0,0
Seelampur,1,36-45,Student,Daily,Office,E-Rickshaw,3,3,2,3,2,1,1,0,1,1
Seelampur,1,26-35,Student,Rarely,Office,E-Rickshaw,3,3,2,3,2,1,1,0,0,0
Seelampur,1,46-60,IT/Tech,Daily,Office,E-Rickshaw,3,3,3,3,2,0,1,0,0,1
Seelampur,1,26-35,Student,4-5x/week,Education,E-Rickshaw,4,4,3,3,2,1,0,1,1,1
Seelampur,1,26-35,IT/Tech,4-5x/week,Shopping,E-Rickshaw,4,4,3,3,3,0,0,1,0,1
Seelampur,1,60+,IT/Tech,4-5x/week,Office,E-Rickshaw,4,4,3,3,2,1,0,0,0,1
Seelampur,1,26-35,Service,4-5x/week,Education,E-Rickshaw,3,4,3,3,2,0,0,0,0,0
Seelampur,1,26-35,Business,Daily,Office,E-Rickshaw,3,4,2,3,2,0,1,0,0,0
Seelampur,1,36-45,Student,4-5x/week,Shopping,E-Rickshaw,5,4,3,3,3,0,1,0,0,1
Seelampur,1,18-25,Service,Daily,Office,E-Rickshaw,4,4,3,4,2,0,1,0,0,1
Welcome,1,36-45,Business,Daily,Leisure,E-Rickshaw,4,4,3,3,3,0,0,1,1,1
Welcome,1,26-35,Service,Daily,Office,E-Rickshaw,4,3,3,3,2,0,1,1,0,0
Welcome,1,18-25,IT/Tech,2-3x/week,Shopping,E-Rickshaw,4,4,3,3,3,0,0,1,0,0
Welcome,1,26-35,Business,4-5x/week,Shopping,E-Rickshaw,3,4,3,3,2,1,1,1,0,1
Welcome,1,26-35,Service,Daily,Other,E-Rickshaw,3,3,2,3,2,0,1,0,0,0
Welcome,1,36-45,Student,4-5x/week,Office,E-Rickshaw,4,3,3,3,3,0,1,1,0,0
Welcome,1,46-60,Business,Weekly,Office,E-Rickshaw,4,3,3,2,3,0,1,0,0,1
Welcome,1,26-35,IT/Tech,Daily,Office,E-Rickshaw,3,4,3,3,3,0,0,0,0,1
Welcome,1,18-25,IT/Tech,4-5x/week,Education,E-Rickshaw,3,4,3,3,2,0,0,1,0,1
Welcome,1,36-45,Student,Daily,Office,E-Rickshaw,4,4,3,3,2,0,0,0,1,0
Welcome,1,46-60,Student,4-5x/week,Shopping,E-Rickshaw,4,3,2,2,3,1,1,0,1,0
Welcome,1,36-45,IT/Tech,Daily,Office,E-Rickshaw,3,3,3,3,2,1,1,1,0,0
Welcome,1,26-35,Student,Daily,Office,E-Rickshaw,4,3,2,4,3,0,1,1,1,1
Welcome,1,26-35,Business,Daily,Leisure,E-Rickshaw,3,4,3,3,2,0,0,1,0,1
Welcome,1,36-45,Service,2-3x/week,Leisure,E-Rickshaw,4,4,2,2,2,0,1,0,1,1
Welcome,1,26-35,IT/Tech,Daily,Office,E-Rickshaw,3,3,2,3,2,1,0,0,0,1
Welcome,1,46-60,Student,Weekly,Shopping,E-Rickshaw,3,3,4,3,2,0,0,1,1,1
Welcome,1,46-60,Business,Daily,Office,E-Rickshaw,3,4,3,3,2,1,0,0,0,1
Welcome,1,60+,Other,2-3x/week,Shopping,E-Rickshaw,3,3,3,3,2,1,1,1,0,1
Welcome,1,26-35,IT/Tech,4-5x/week,Office,E-Rickshaw,3,3,3,3,2,1,1,1,1,1
Welcome,1,36-45,Business,Daily,Education,E-Rickshaw,4,4,3,3,3,1,0,0,0,1
Welcome,1,36-45,Business,4-5x/week,Office,E-Rickshaw,3,3,3,3,3,0,1,0,1,1
Welcome,1,26-35,Student,2-3x/week,Office,E-Rickshaw,3,3,3,2,3,1,0,0,0,1
Welcome,1,26-35,Service,4-5x/week,Shopping,E-Rickshaw,4,3,4,3,2,1,0,1,0,1
Welcome,1,26-35,IT/Tech,Daily,Office,E-Rickshaw,4,4,3,3,2,0,0,1,1,0
Welcome,1,18-25,Service,4-5x/week,Office,E-Rickshaw,4,4,3,3,3,0,0,1,1,1
Welcome,1,60+,IT/Tech,4-5x/week,Office,E-Rickshaw,3,3,2,4,2,1,1,0,0,1
Welcome,1,46-60,IT/Tech,Daily,Office,E-Rickshaw,3,3,3,3,2,1,0,1,1,0
Welcome,1,26-35,Other,2-3x/week,Shopping,E-Rickshaw,4,3,3,3,3,1,0,0,0,1
Welcome,1,18-25,IT/Tech,Daily,Office,E-Rickshaw,4,3,3,4,2,0,0,1,1,1
Welcome,1,26-35,Other,4-5x/week,Shopping,E-Rickshaw,4,3,3,2,2,1,1,1,0,1
Welcome,1,26-35,Service,4-5x/week,Leisure,E-Rickshaw,3,3,3,2,2,1,1,1,0,1
Welcome,1,26-35,Business,Rarely,Office,E-Rickshaw,4,4,4,2,2,1,0,0,0,1
Welcome,1,36-45,IT/Tech,Daily,Shopping,E-Rickshaw,2,3,3,3,2,1,1,1,1,1
Welcome,1,36-45,Student,Daily,Office,E-Rickshaw,4,3,4,2,3,1,0,0,1,1
Welcome,1,46-60,Student,Daily,Office,E-Rickshaw,4,3,3,3,2,0,1,0,0,1
Welcome,1,46-60,Other,4-5x/week,Office,E-Rickshaw,3,3,3,3,2,1,0,0,0,1
Welcome,1,26-35,IT/Tech,4-5x/week,Office,E-Rickshaw,3,3,3,4,2,1,1,1,0,1
Welcome,1,36-45,IT/Tech,Daily,Office,E-Rickshaw,3,4,3,3,3,0,0,0,1,1
Welcome,1,26-35,Other,Daily,Office,E-Rickshaw,4,3,3,3,2,1,1,0,1,1
Welcome,1,18-25,IT/Tech,Weekly,Leisure,E-Rickshaw,4,4,3,3,3,1,0,0,0,1
Welcome,1,18-25,Student,Daily,Education,E-Rickshaw,4,3,3,3,2,0,1,1,0,1
Welcome,1,26-35,IT/Tech,4-5x/week,Other,E-Rickshaw,4,4,3,3,3,1,0,1,1,1
Welcome,1,26-35,IT/Tech,Daily,Education,E-Rickshaw,4,4,3,2,2,0,1,0,0,1
Welcome,1,26-35,Student,Daily,Education,E-Rickshaw,3,3,3,3,2,1,0,1,1,1
Welcome,1,26-35,Service,Daily,Office,E-Rickshaw,4,3,3,3,2,0,1,1,0,1
Welcome,1,46-60,Student,Daily,Education,E-Rickshaw,2,3,3,3,2,0,1,1,1,1
Welcome,1,26-35,Service,4-5x/week,Office,E-Rickshaw,3,3,3,2,2,1,0,1,1,1
Welcome,1,18-25,Student,Daily,Other,E-Rickshaw,3,4,3,3,2,1,1,1,1,1
Welcome,1,60+,Other,Daily,Other,E-Rickshaw,4,3,3,3,3,0,1,0,1,1
Welcome,1,18-25,IT/Tech,Daily,Office,E-Rickshaw,4,4,3,3,2,0,1,0,0,0
Welcome,1,18-25,Service,Daily,Education,E-Rickshaw,3,2,3,4,2,1,0,1,1,1
Welcome,1,46-60,Service,Daily,Education,E-Rickshaw,3,3,3,3,2,0,0,1,1,1
Welcome,1,26-35,Business,Daily,Education,E-Rickshaw,2,4,2,2,2,1,1,0,1,1
Welcome,1,26-35,Service,Daily,Office,E-Rickshaw,4,3,3,2,2,0,0,1,0,0
Welcome,1,18-25,Student,4-5x/week,Shopping,E-Rickshaw,3,3,2,3,2,1,0,1,0,1
Welcome,1,18-25,Service,Weekly,Shopping,E-Rickshaw,5,3,3,2,3,0,0,0,1,0
Welcome,1,36-45,Student,4-5x/week,Office,E-Rickshaw,3,2,3,3,3,1,0,1,1,1
Welcome,1,26-35,Business,Daily,Education,E-Rickshaw,5,3,3,3,3,0,0,0,0,1
Welcome,1,36-45,Service,Rarely,Office,E-Rickshaw,4,4,3,2,2,0,0,1,0,1
Welcome,1,36-45,Service,Rarely,Other,E-Rickshaw,3,3,3,3,2,0,0,0,0,0
Welcome,1,60+,IT/Tech,4-5x/week,Office,E-Rickshaw,4,3,3,3,3,0,1,1,0,0
Welcome,1,26-35,Service,Daily,Office,E-Rickshaw,3,2,3,3,2,0,0,0,0,0
Welcome,1,26-35,IT/Tech,2-3x/week,Office,E-Rickshaw,4,3,3,2,3,0,0,0,0,1
Welcome,1,46-60,Business,Rarely,Leisure,E-Rickshaw,4,4,4,2,2,0,0,1,1,1
Welcome,1,36-45,Service,2-3x/week,Shopping,E-Rickshaw,4,4,3,2,3,0,1,0,0,1
Welcome,1,26-35,IT/Tech,4-5x/week,Office,E-Rickshaw,4,3,2,3,3,1,0,1,0,1
Welcome,1,26-35,IT/Tech,4-5x/week,Office,E-Rickshaw,4,3,3,3,3,0,1,0,0,1
Welcome,1,36-45,Service,Rarely,Shopping,E-Rickshaw,3,3,4,2,2,0,0,0,1,0
Welcome,1,18-25,Other,Daily,Office,E-Rickshaw,3,3,3,3,2,1,1,1,1,1
Welcome,1,18-25,Service,Daily,Office,E-Rickshaw,3,2,2,3,2,1,0,1,1,1
Welcome,1,46-60,IT/Tech,2-3x/week,Other,E-Rickshaw,2,3,3,3,2,0,1,0,1,1
Welcome,1,26-35,Service,Daily,Office,E-Rickshaw,4,4,3,3,3,0,1,0,0,1
Welcome,1,26-35,Other,Daily,Education,E-Rickshaw,4,4,3,3,3,0,1,0,0,1
Welcome,1,36-45,Business,Daily,Office,E-Rickshaw,3,4,3,2,2,0,1,1,1,0
Welcome,1,46-60,IT/Tech,Daily,Shopping,E-Rickshaw,3,3,3,3,3,1,1,1,0,1
Welcome,1,26-35,Student,Daily,Shopping,E-Rickshaw,3,3,4,3,2,0,0,0,1,1
Welcome,1,36-45,Business,4-5x/week,Office,E-Rickshaw,4,3,2,3,2,0,0,0,0,1
Welcome,1,26-35,Business,Daily,Shopping,E-Rickshaw,4,3,3,3,3,0,0,0,0,1
Welcome,1,26-35,Service,4-5x/week,Leisure,E-Rickshaw,4,3,3,3,2,0,0,0,0,1
Welcome,1,46-60,Student,Daily,Leisure,E-Rickshaw,4,3,4,3,2,0,0,0,0,1
Welcome,1,26-35,Student,Weekly,Office,E-Rickshaw,2,2,4,3,2,0,0,1,0,1
Welcome,1,26-35,IT/Tech,4-5x/week,Office,E-Rickshaw,4,4,4,2,3,0,0,0,0,1
Welcome,1,36-45,IT/Tech,Rarely,Leisure,E-Rickshaw,4,4,3,3,3,0,1,0,0,0
Welcome,1,18-25,Service,Daily,Office,E-Rickshaw,3,3,3,3,3,0,0,0,0,1
Welcome,1,18-25,IT/Tech,Daily,Office,E-Rickshaw,3,4,3,3,3,0,0,1,1,1
Welcome,1,36-45,Service,2-3x/week,Office,E-Rickshaw,3,3,3,2,2,1,0,0,1,0
Welcome,1,26-35,Business,2-3x/week,Leisure,E-Rickshaw,4,3,4,4,3,0,0,0,0,1
Welcome,1,36-45,Business,Daily,Office,E-Rickshaw,4,3,3,3,2,0,1,0,0,0
Welcome,1,26-35,IT/Tech,4-5x/week,Office,E-Rickshaw,5,4,3,3,3,0,0,0,0,0
Welcome,1,26-35,IT/Tech,4-5x/week,Education,E-Rickshaw,4,3,3,2,2,0,1,0,1,0
Welcome,1,36-45,Student,Daily,Office,E-Rickshaw,2,3,2,3,2,1,0,1,0,1
Welcome,1,26-35,Service,4-5x/week,Office,E-Rickshaw,3,4,3,2,2,1,1,1,1,0
Welcome,1,46-60,IT/Tech,Daily,Office,E-Rickshaw,2,3,3,4,2,0,1,0,0,1
Welcome,1,46-60,Business,Daily,Office,E-Rickshaw,4,3,3,3,2,0,0,0,0,1
Shahdara,1,60+,Service,2-3x/week,Education,E-Rickshaw,3,2,3,3,2,1,1,1,1,0
Shahdara,1,26-35,Business,4-5x/week,Office,E-Rickshaw,3,3,3,3,2,1,1,1,0,1
Shahdara,1,36-45,Service,4-5x/week,Shopping,E-Rickshaw,4,4,3,4,3,0,0,0,1,1
Shahdara,1,18-25,Other,4-5x/week,Office,E-Rickshaw,3,2,4,3,3,1,0,1,0,1
Shahdara,1,26-35,IT/Tech,4-5x/week,Office,E-Rickshaw,3,3,3,3,3,1,0,0,0,0
Shahdara,1,36-45,Business,Weekly,Office,E-Rickshaw,3,3,3,3,3,1,0,0,0,1
Shahdara,1,36-45,IT/Tech,Daily,Shopping,E-Rickshaw,3,3,3,2,2,1,0,1,1,1
Shahdara,1,18-25,IT/Tech,4-5x/week,Office,E-Rickshaw,4,4,4,3,2,0,0,1,0,1
Shahdara,1,46-60,Service,4-5x/week,Education,E-Rickshaw,4,3,3,3,2,0,0,1,1,0
Shahdara,1,18-25,Other,Daily,Leisure,E-Rickshaw,3,3,3,3,2,0,0,1,0,1
Shahdara,1,46-60,Student,Daily,Shopping,E-Rickshaw,3,4,3,3,2,0,0,0,0,1
Shahdara,1,36-45,Student,Rarely,Office,E-Rickshaw,3,4,2,4,3,0,0,0,0,1
Shahdara,1,36-45,IT/Tech,Daily,Office,E-Rickshaw,5,3,4,3,3,0,0,0,0,1
Shahdara,1,26-35,IT/Tech,Daily,Other,E-Rickshaw,4,4,4,3,3,0,1,0,1,1
Shahdara,1,18-25,IT/Tech,4-5x/week,Education,E-Rickshaw,4,4,3,3,3,0,1,1,0,0
Shahdara,1,46-60,Business,Daily,Office,E-Rickshaw,4,4,3,3,2,0,0,0,0,1
Shahdara,1,26-35,IT/Tech,Daily,Other,E-Rickshaw,3,3,3,3,3,1,0,0,1,1
Shahdara,1,18-25,Service,Daily,Office,E-Rickshaw,3,3,3,4,3,0,1,1,0,1
Shahdara,1,36-45,Student,Daily,Office,E-Rickshaw,5,4,4,2,3,1,0,0,0,1
Shahdara,1,36-45,Student,Daily,Office,E-Rickshaw,4,3,3,3,3,0,0,0,0,1
Shahdara,1,46-60,Service,2-3x/week,Office,E-Rickshaw,4,4,4,3,3,0,0,1,0,1
Shahdara,1,36-45,IT/Tech,Daily,Office,E-Rickshaw,3,3,3,3,2,0,0,1,1,1
Shahdara,1,46-60,Service,Daily,Shopping,E-Rickshaw,4,4,3,3,2,0,1,0,0,0
Shahdara,1,18-25,Student,4-5x/week,Office,E-Rickshaw,5,4,4,3,3,0,0,1,1,1
Shahdara,1,36-45,IT/Tech,Daily,Shopping,E-Rickshaw,4,3,3,3,2,1,1,1,0,1
Shahdara,1,46-60,Student,Daily,Leisure,E-Rickshaw,5,4,3,3,3,0,0,1,1,0
Shahdara,1,36-45,IT/Tech,Daily,Leisure,E-Rickshaw,4,3,4,2,3,0,1,0,0,1
Shahdara,1,26-35,Other,Daily,Office,E-Rickshaw,3,4,3,3,2,0,0,1,1,1
Shahdara,1,18-25,Other,Daily,Shopping,E-Rickshaw,4,3,3,3,2,0,0,0,1,1
Shahdara,1,18-25,IT/Tech,Daily,Office,E-Rickshaw,4,3,3,3,3,0,0,1,1,0
Shahdara,1,36-45,Service,Weekly,Shopping,E-Rickshaw,5,4,4,3,3,0,0,1,0,1
Shahdara,1,18-25,Service,Rarely,Office,E-Rickshaw,3,4,3,4,3,1,0,0,1,1
Shahdara,1,36-45,Business,Weekly,Shopping,E-Rickshaw,4,3,4,3,3,0,0,1,1,1
Shahdara,1,46-60,Service,Daily,Office,E-Rickshaw,3,3,3,3,2,0,1,0,1,1
Shahdara,1,26-35,Student,2-3x/week,Education,E-Rickshaw,4,4,3,3,3,0,0,0,1,1
Shahdara,1,36-45,IT/Tech,4-5x/week,Office,E-Rickshaw,3,4,2,3,2,1,1,0,0,1
Shahdara,1,18-25,IT/Tech,Daily,Office,E-Rickshaw,4,3,5,3,3,1,0,1,0,0
Shahdara,1,26-35,Student,Weekly,Education,E-Rickshaw,3,4,4,2,3,1,0,0,1,0
Shahdara,1,18-25,Student,2-3x/week,Office,E-Rickshaw,4,4,3,3,3,0,1,1,1,1
Shahdara,1,18-25,Business,Daily,Shopping,E-Rickshaw,3,3,3,3,2,0,0,0,1,1
Shahdara,1,46-60,Business,Rarely,Shopping,E-Rickshaw,3,3,3,3,2,0,1,1,1,1
Shahdara,1,18-25,Student,Daily,Education,E-Rickshaw,4,3,3,2,3,1,0,1,1,1
Shahdara,1,26-35,Service,4-5x/week,Shopping,E-Rickshaw,3,3,4,2,2,1,1,1,1,0
Shahdara,1,18-25,Other,Daily,Shopping,E-Rickshaw,4,4,4,4,3,0,0,1,1,1
Shahdara,1,46-60,Business,Daily,Leisure,E-Rickshaw,4,4,3,3,2,0,1,1,1,0
Shahdara,1,18-25,Business,Rarely,Office,E-Rickshaw,4,4,3,3,3,1,0,0,0,1
Shahdara,1,26-35,Other,4-5x/week,Education,E-Rickshaw,5,4,3,3,2,0,0,0,1,1
Shahdara,1,46-60,Service,Daily,Shopping,E-Rickshaw,4,4,3,4,3,0,0,0,0,0
Shahdara,1,26-35,Student,2-3x/week,Office,E-Rickshaw,4,4,4,3,2,0,0,0,0,1
Shahdara,1,26-35,Student,Weekly,Office,E-Rickshaw,5,4,3,2,3,0,0,0,0,0
Shahdara,1,18-25,IT/Tech,Weekly,Office,E-Rickshaw,4,4,3,4,3,0,0,1,1,0
Shahdara,1,36-45,Student,Weekly,Education,E-Rickshaw,3,4,3,2,3,0,0,0,0,1
Shahdara,1,46-60,Service,Weekly,Office,E-Rickshaw,3,3,3,3,3,1,0,1,0,1
Shahdara,1,26-35,Service,4-5x/week,Shopping,E-Rickshaw,3,3,3,2,3,1,1,1,0,1
Shahdara,1,36-45,IT/Tech,Daily,Education,E-Rickshaw,3,3,3,3,3,1,0,1,0,0
Shahdara,1,36-45,Student,Weekly,Shopping,E-Rickshaw,4,3,4,3,3,1,0,1,1,1
Shahdara,1,46-60,Student,Daily,Office,E-Rickshaw,3,3,3,2,3,0,0,1,0,0
Shahdara,1,46-60,Service,Daily,Shopping,E-Rickshaw,4,4,3,3,3,0,1,1,0,1
Shahdara,1,36-45,IT/Tech,Daily,Shopping,E-Rickshaw,4,4,3,3,3,0,0,0,1,0
Shahdara,1,26-35,Student,Daily,Office,E-Rickshaw,3,3,3,3,2,0,0,0,1,1
Shahdara,1,26-35,IT/Tech,4-5x/week,Office,E-Rickshaw,3,3,3,2,3,1,0,0,0,0
Shahdara,1,46-60,Service,Weekly,Office,E-Rickshaw,4,3,3,3,3,0,1,1,1,1
Shahdara,1,18-25,Service,4-5x/week,Other,E-Rickshaw,4,4,3,3,3,1,0,1,0,1
Shahdara,1,18-25,Business,4-5x/week,Office,E-Rickshaw,4,3,4,3,2,0,0,0,0,0
Shahdara,1,46-60,Service,Daily,Office,E-Rickshaw,4,3,4,2,2,0,1,1,0,1
Shahdara,1,46-60,Student,2-3x/week,Office,E-Rickshaw,3,4,2,3,2,0,1,1,1,1
Shahdara,1,36-45,Business,Daily,Office,E-Rickshaw,4,3,3,3,3,0,0,0,0,0
Shahdara,1,46-60,Service,Daily,Office,E-Rickshaw,4,3,3,2,2,0,0,0,0,0
Shahdara,1,26-35,Business,4-5x/week,Shopping,E-Rickshaw,4,3,4,2,3,0,1,1,0,1
Shahdara,1,36-45,IT/Tech,4-5x/week,Office,E-Rickshaw,3,3,4,3,3,0,0,0,1,1
Shahdara,1,60+,Service,Daily,Leisure,E-Rickshaw,4,4,4,2,2,0,1,0,1,1
Shahdara,1,26-35,IT/Tech,Daily,Office,E-Rickshaw,4,4,3,3,3,0,0,0,1,1
Shahdara,1,26-35,Student,Daily,Office,E-Rickshaw,3,3,3,4,2,0,1,1,1,1
Shahdara,1,36-45,Other,4-5x/week,Shopping,E-Rickshaw,4,4,3,3,3,0,0,0,0,1
Shahdara,1,18-25,Student,Daily,Shopping,E-Rickshaw,3,2,3,2,3,0,1,0,1,1
Shahdara,1,26-35,Student,4-5x/week,Leisure,E-Rickshaw,4,4,3,3,2,0,0,1,1,1
Shahdara,1,26-35,IT/Tech,Weekly,Office,E-Rickshaw,4,3,3,3,3,1,1,0,0,0
Shahdara,1,26-35,Other,2-3x/week,Office,E-Rickshaw,4,5,4,3,3,0,0,0,1,1
Shahdara,1,26-35,Service,Daily,Shopping,E-Rickshaw,3,3,3,3,2,0,0,1,1,1
Shahdara,1,46-60,IT/Tech,4-5x/week,Office,E-Rickshaw,4,4,4,3,2,1,0,1,0,0
Shahdara,1,36-45,Other,Daily,Leisure,E-Rickshaw,3,4,3,3,2,0,0,1,1,0
Shahdara,1,36-45,Service,Daily,Office,E-Rickshaw,5,3,5,3,4,1,0,0,0,1
Shahdara,1,26-35,Service,2-3x/week,Office,E-Rickshaw,4,3,3,4,2,0,1,1,0,0
Shahdara,1,18-25,IT/Tech,Daily,Shopping,E-Rickshaw,4,3,4,3,2,0,0,0,1,1
Shahdara,1,26-35,IT/Tech,Daily,Shopping,E-Rickshaw,4,4,4,3,3,0,0,1,0,1
Shahdara,1,46-60,Business,Weekly,Leisure,E-Rickshaw,3,3,3,3,2,0,1,0,0,1
Shahdara,1,60+,Service,2-3x/week,Leisure,E-Rickshaw,4,3,4,2,2,1,0,0,1,1
Shahdara,1,18-25,Other,Weekly,Office,E-Rickshaw,4,4,4,3,3,0,0,0,0,1
Shahdara,1,60+,IT/Tech,Weekly,Education,E-Rickshaw,4,3,3,3,3,0,0,0,0,1
Shahdara,1,26-35,Student,Daily,Other,E-Rickshaw,2,3,3,3,2,0,1,1,1,0
Dilshad Garden,1,26-35,Student,Daily,Leisure,E-Rickshaw,4,3,3,3,3,0,1,0,1,0
Dilshad Garden,1,26-35,Service,Daily,Office,E-Rickshaw,4,4,2,2,3,0,0,1,1,1
Dilshad Garden,1,18-25,Service,Daily,Shopping,E-Rickshaw,4,4,3,3,3,0,0,1,0,0
Dilshad Garden,1,26-35,IT/Tech,2-3x/week,Shopping,E-Rickshaw,4,4,2,3,3,0,0,0,0,0
Dilshad Garden,1,46-60,Student,4-5x/week,Education,E-Rickshaw,4,4,3,3,2,0,0,0,0,0
Dilshad Garden,1,36-45,Other,Daily,Office,E-Rickshaw,4,4,3,3,3,0,1,0,1,1
Dilshad Garden,1,36-45,Service,4-5x/week,Office,E-Rickshaw,4,4,3,2,3,1,0,1,0,0
Dilshad Garden,1,36-45,Other,4-5x/week,Leisure,E-Rickshaw,4,4,3,3,3,0,0,0,1,0
Dilshad Garden,1,26-35,IT/Tech,4-5x/week,Office,E-Rickshaw,3,4,4,3,2,1,1,0,1,1
Dilshad Garden,1,26-35,Business,Daily,Office,E-Rickshaw,3,4,4,3,3,0,0,0,0,1
Dilshad Garden,1,18-25,Other,Daily,Other,E-Rickshaw,5,4,4,3,3,0,0,0,0,1
Dilshad Garden,1,46-60,Student,Daily,Office,E-Rickshaw,3,4,3,3,3,1,0,0,0,1
Dilshad Garden,1,26-35,IT/Tech,4-5x/week,Office,E-Rickshaw,4,3,4,4,3,0,0,0,0,1
Dilshad Garden,1,26-35,Service,4-5x/week,Other,E-Rickshaw,3,3,4,2,3,0,0,0,1,1
Dilshad Garden,1,36-45,IT/Tech,Daily,Office,E-Rickshaw,4,3,2,4,4,1,1,0,0,0
Dilshad Garden,1,26-35,Student,Daily,Office,E-Rickshaw,4,3,4,4,3,0,1,1,1,0
Dilshad Garden,1,18-25,Other,4-5x/week,Office,E-Rickshaw,4,3,3,3,3,0,1,0,1,1
Dilshad Garden,1,26-35,Service,Daily,Shopping,E-Rickshaw,4,4,3,3,3,0,0,0,1,1
Dilshad Garden,1,18-25,IT/Tech,4-5x/week,Leisure,E-Rickshaw,3,3,3,4,2,0,0,0,1,1
Dilshad Garden,1,18-25,IT/Tech,Daily,Shopping,E-Rickshaw,5,4,3,3,2,1,0,0,0,1
Dilshad Garden,1,46-60,Student,Daily,Other,E-Rickshaw,4,3,3,3,3,1,0,0,1,0
Dilshad Garden,1,36-45,Student,4-5x/week,Office,E-Rickshaw,3,4,3,3,2,1,1,1,0,1
Dilshad Garden,1,26-35,IT/Tech,Daily,Education,E-Rickshaw,4,3,3,3,3,0,1,1,0,0
Dilshad Garden,1,36-45,Student,4-5x/week,Office,E-Rickshaw,3,3,3,3,3,1,0,1,0,1
Dilshad Garden,1,36-45,IT/Tech,Daily,Leisure,E-Rickshaw,4,4,3,3,3,0,0,1,0,1
Dilshad Garden,1,36-45,Student,Daily,Other,E-Rickshaw,2,3,3,3,2,0,1,1,0,0
Dilshad Garden,1,46-60,Service,4-5x/week,Office,E-Rickshaw,4,3,4,3,2,1,0,0,0,1
Dilshad Garden,1,36-45,IT/Tech,Daily,Leisure,E-Rickshaw,3,4,4,2,3,0,0,1,1,1
Dilshad Garden,1,26-35,Student,4-5x/week,Education,E-Rickshaw,3,4,4,3,3,0,1,0,0,1
Dilshad Garden,1,18-25,Student,2-3x/week,Office,E-Rickshaw,3,3,3,2,2,1,1,0,1,0
Dilshad Garden,1,26-35,Service,Rarely,Education,E-Rickshaw,4,3,4,2,4,1,0,1,0,1
Dilshad Garden,1,18-25,Business,Daily,Other,E-Rickshaw,3,4,4,3,2,1,1,0,0,0
Dilshad Garden,1,60+,Service,Daily,Office,E-Rickshaw,2,4,4,3,2,0,1,1,1,0
Dilshad Garden,1,36-45,IT/Tech,Daily,Office,E-Rickshaw,4,4,4,3,3,1,0,0,1,0
Dilshad Garden,1,26-35,Other,Weekly,Other,E-Rickshaw,3,3,3,3,3,0,0,1,1,0
Dilshad Garden,1,46-60,Other,Daily,Office,E-Rickshaw,3,3,3,3,2,0,1,1,1,0
Dilshad Garden,1,36-45,IT/Tech,Daily,Office,E-Rickshaw,4,4,3,3,3,1,1,1,0,0
Dilshad Garden,1,26-35,Other,2-3x/week,Shopping,E-Rickshaw,4,4,3,3,2,0,0,0,1,1
Dilshad Garden,1,46-60,Business,Daily,Education,E-Rickshaw,4,3,3,3,3,0,1,1,0,0
Dilshad Garden,1,26-35,IT/Tech,4-5x/week,Office,E-Rickshaw,4,3,3,3,2,1,0,0,0,0
Dilshad Garden,1,18-25,Service,4-5x/week,Office,E-Rickshaw,5,4,4,4,4,0,0,0,0,1
Dilshad Garden,1,18-25,IT/Tech,4-5x/week,Leisure,E-Rickshaw,3,3,3,3,3,1,1,0,1,0
Dilshad Garden,1,46-60,Student,2-3x/week,Office,E-Rickshaw,3,3,2,3,2,0,0,1,1,1
Dilshad Garden,1,26-35,Other,Daily,Shopping,E-Rickshaw,4,4,3,3,3,1,0,1,0,1
Dilshad Garden,1,26-35,Service,4-5x/week,Leisure,E-Rickshaw,4,4,3,2,3,0,0,1,1,1
Dilshad Garden,1,36-45,Service,4-5x/week,Office,E-Rickshaw,3,3,3,3,3,0,0,1,1,1
Dilshad Garden,1,46-60,IT/Tech,Daily,Leisure,E-Rickshaw,4,4,3,4,3,0,1,0,0,1
Dilshad Garden,1,26-35,Service,Weekly,Shopping,E-Rickshaw,3,3,3,3,3,0,1,0,0,1
Dilshad Garden,1,26-35,Business,2-3x/week,Other,E-Rickshaw,3,4,3,4,2,1,0,1,1,1
Dilshad Garden,1,46-60,IT/Tech,Weekly,Office,E-Rickshaw,4,4,3,3,3,0,0,0,0,1
Dilshad Garden,1,36-45,Service,2-3x/week,Office,E-Rickshaw,4,4,3,4,3,0,1,1,0,1
Dilshad Garden,1,26-35,Service,Daily,Shopping,E-Rickshaw,3,3,3,3,2,1,1,0,0,1
Dilshad Garden,1,18-25,Student,Daily,Other,E-Rickshaw,5,4,4,3,3,0,0,0,0,0
Dilshad Garden,1,18-25,Student,Daily,Other,E-Rickshaw,3,3,4,3,3,0,0,0,0,0
Dilshad Garden,1,36-45,Student,Daily,Office,E-Rickshaw,3,4,3,3,3,0,1,0,1,1
Dilshad Garden,1,18-25,Service,Daily,Education,E-Rickshaw,4,3,3,4,3,1,1,1,0,1
Dilshad Garden,1,36-45,Student,Daily,Office,E-Rickshaw,3,4,3,3,2,0,1,1,1,1
Dilshad Garden,1,26-35,Student,Daily,Shopping,E-Rickshaw,3,3,3,3,2,0,0,0,0,1
Dilshad Garden,1,46-60,Student,2-3x/week,Leisure,E-Rickshaw,3,3,3,2,3,1,0,1,0,1
Dilshad Garden,1,26-35,Student,Daily,Shopping,E-Rickshaw,4,3,4,3,4,0,0,1,0,0
Dilshad Garden,1,46-60,Business,4-5x/week,Office,E-Rickshaw,4,3,2,3,4,0,0,0,0,0
Dilshad Garden,1,26-35,IT/Tech,2-3x/week,Other,E-Rickshaw,3,3,3,2,3,0,0,0,1,1
Dilshad Garden,1,26-35,IT/Tech,4-5x/week,Office,E-Rickshaw,4,3,3,3,3,0,1,0,1,0
Dilshad Garden,1,26-35,Other,Daily,Office,E-Rickshaw,4,3,3,3,3,0,1,0,0,1
Dilshad Garden,1,26-35,IT/Tech,4-5x/week,Education,E-Rickshaw,3,4,3,3,3,1,1,1,1,0
Dilshad Garden,1,18-25,Other,2-3x/week,Education,E-Rickshaw,3,3,3,3,3,0,1,1,1,0
Dilshad Garden,1,36-45,Student,Weekly,Shopping,E-Rickshaw,3,3,4,3,3,1,0,1,0,1
Dilshad Garden,1,46-60,Other,Daily,Education,E-Rickshaw,4,4,3,4,3,0,1,0,0,0
Dilshad Garden,1,18-25,Student,Daily,Office,E-Rickshaw,4,4,2,2,3,0,0,1,1,0
Dilshad Garden,1,18-25,Business,4-5x/week,Office,E-Rickshaw,4,3,4,4,2,0,1,0,0,1
Dilshad Garden,1,26-35,Student,Daily,Education,E-Rickshaw,3,3,3,4,3,1,0,0,0,1
Dilshad Garden,1,36-45,Service,2-3x/week,Shopping,E-Rickshaw,3,4,3,3,2,0,1,0,0,0
Dilshad Garden,1,26-35,Service,4-5x/week,Education,E-Rickshaw,3,4,3,2,2,1,1,0,1,1
Dilshad Garden,1,26-35,IT/Tech,2-3x/week,Office,E-Rickshaw,3,4,3,2,2,0,1,1,1,1
Dilshad Garden,1,26-35,IT/Tech,Rarely,Office,E-Rickshaw,4,3,4,3,3,1,0,0,0,0
Dilshad Garden,1,26-35,Other,4-5x/week,Shopping,E-Rickshaw,4,4,2,4,3,0,0,1,1,1
Dilshad Garden,1,18-25,IT/Tech,Weekly,Office,E-Rickshaw,2,3,2,3,3,1,0,0,0,1
Dilshad Garden,1,26-35,Student,4-5x/week,Education,E-Rickshaw,4,3,3,3,3,0,0,0,0,0
Dilshad Garden,1,26-35,Service,Daily,Office,E-Rickshaw,3,4,3,3,3,0,0,0,0,1
Dilshad Garden,1,46-60,Service,2-3x/week,Office,E-Rickshaw,4,4,3,2,3,0,0,1,1,1
Dilshad Garden,1,26-35,Other,4-5x/week,Office,E-Rickshaw,4,4,3,3,2,0,1,0,0,0
Dilshad Garden,1,36-45,IT/Tech,Rarely,Office,E-Rickshaw,4,3,4,3,3,0,0,0,1,1
Dilshad Garden,1,26-35,Student,Daily,Shopping,E-Rickshaw,4,3,3,4,3,0,0,0,1,0
Dilshad Garden,1,46-60,Service,Daily,Office,E-Rickshaw,3,3,3,3,3,0,0,0,1,0
Dilshad Garden,1,36-45,IT/Tech,2-3x/week,Office,E-Rickshaw,4,3,3,3,3,0,0,0,0,1
Dilshad Garden,1,26-35,IT/Tech,Daily,Other,E-Rickshaw,3,3,3,3,2,0,0,1,1,1
Dilshad Garden,1,46-60,Student,4-5x/week,Office,E-Rickshaw,3,3,3,3,2,0,0,1,0,0
Dilshad Garden,1,18-25,IT/Tech,4-5x/week,Education,E-Rickshaw,3,4,3,3,2,0,1,1,0,0
Dilshad Garden,1,26-35,Business,Daily,Office,E-Rickshaw,4,4,3,2,3,0,0,0,1,1
Dilshad Garden,1,36-45,Student,Daily,Office,E-Rickshaw,3,4,3,3,3,0,0,0,0,1
Shaheed Sthal (New Bus Adda),1,18-25,Business,2-3x/week,Office,E-Rickshaw,4,4,4,3,3,1,0,0,0,1
Shaheed Sthal (New Bus Adda),1,46-60,Business,Daily,Leisure,E-Rickshaw,3,4,3,3,3,1,0,0,0,0
Shaheed Sthal (New Bus Adda),1,46-60,Business,Daily,Office,E-Rickshaw,3,3,5,3,2,0,0,0,0,0
Shaheed Sthal (New Bus Adda),1,18-25,Service,Daily,Office,E-Rickshaw,4,3,3,3,3,0,1,0,0,0
Shaheed Sthal (New Bus Adda),1,46-60,IT/Tech,Daily,Education,E-Rickshaw,4,4,4,4,2,0,0,0,0,1
Shaheed Sthal (New Bus Adda),1,18-25,Other,Daily,Education,E-Rickshaw,3,3,3,3,2,0,1,0,0,1
Shaheed Sthal (New Bus Adda),1,26-35,Other,2-3x/week,Education,E-Rickshaw,4,3,4,3,3,1,0,0,0,0
Shaheed Sthal (New Bus Adda),1,36-45,IT/Tech,4-5x/week,Shopping,E-Rickshaw,3,4,4,3,2,0,1,1,0,0
Shaheed Sthal (New Bus Adda),1,18-25,Student,Daily,Education,E-Rickshaw,4,4,4,2,3,0,1,0,0,0
Shaheed Sthal (New Bus Adda),1,36-45,Service,4-5x/week,Leisure,E-Rickshaw,4,3,4,3,2,0,0,1,0,1
Shaheed Sthal (New Bus Adda),1,18-25,IT/Tech,2-3x/week,Office,E-Rickshaw,4,4,4,3,3,0,0,0,1,0
Shaheed Sthal (New Bus Adda),1,36-45,Other,Daily,Leisure,E-Rickshaw,5,4,3,3,3,0,1,0,0,1
Shaheed Sthal (New Bus Adda),1,60+,Other,Daily,Education,E-Rickshaw,3,3,4,2,2,0,0,0,0,0
Shaheed Sthal (New Bus Adda),1,26-35,Other,2-3x/week,Office,E-Rickshaw,4,4,4,3,3,1,1,1,1,1
Shaheed Sthal (New Bus Adda),1,18-25,IT/Tech,Daily,Other,E-Rickshaw,4,4,4,3,2,0,0,1,0,0
Shaheed Sthal (New Bus Adda),1,36-45,Service,2-3x/week,Other,E-Rickshaw,4,4,4,3,3,0,0,0,1,1
Shaheed Sthal (New Bus Adda),1,26-35,Business,2-3x/week,Leisure,E-Rickshaw,3,3,4,2,3,1,1,0,1,0
Shaheed Sthal (New Bus Adda),1,36-45,Student,Weekly,Leisure,E-Rickshaw,4,3,4,3,3,0,1,0,0,0
Shaheed Sthal (New Bus Adda),1,18-25,Service,Daily,Office,E-Rickshaw,4,3,4,3,3,1,0,0,1,0
Shaheed Sthal (New Bus Adda),1,26-35,Service,Daily,Office,E-Rickshaw,3,4,3,3,2,0,0,1,0,0
Shaheed Sthal (New Bus Adda),1,46-60,IT/Tech,Weekly,Office,E-Rickshaw,4,3,4,3,2,0,1,0,0,1
Shaheed Sthal (New Bus Adda),1,18-25,Student,4-5x/week,Leisure,E-Rickshaw,3,3,5,3,3,0,0,1,1,0
Shaheed Sthal (New Bus Adda),1,26-35,Business,Daily,Leisure,E-Rickshaw,4,4,3,3,2,0,1,1,0,0
Shaheed Sthal (New Bus Adda),1,26-35,IT/Tech,4-5x/week,Other,E-Rickshaw,4,3,4,2,3,0,0,0,1,0
Shaheed Sthal (New Bus Adda),1,36-45,IT/Tech,Daily,Leisure,E-Rickshaw,5,3,4,3,3,0,0,0,0,1
Shaheed Sthal (New Bus Adda),1,46-60,Service,4-5x/week,Education,E-Rickshaw,4,3,4,4,3,0,0,0,1,1
Shaheed Sthal (New Bus Adda),1,18-25,Student,Weekly,Office,E-Rickshaw,4,4,4,2,2,0,0,0,0,1
Shaheed Sthal (New Bus Adda),1,26-35,Service,4-5x/week,Office,E-Rickshaw,3,3,4,3,3,1,0,1,0,0
Shaheed Sthal (New Bus Adda),1,26-35,IT/Tech,4-5x/week,Office,E-Rickshaw,3,3,4,4,2,1,1,0,1,1
Shaheed Sthal (New Bus Adda),1,36-45,Student,Rarely,Shopping,E-Rickshaw,3,3,3,3,2,1,0,1,0,1
Shaheed Sthal (New Bus Adda),1,18-25,IT/Tech,4-5x/week,Office,E-Rickshaw,4,3,4,3,3,0,1,0,0,0
Shaheed Sthal (New Bus Adda),1,18-25,Student,Daily,Leisure,E-Rickshaw,3,3,3,3,3,0,0,1,0,0
Shaheed Sthal (New Bus Adda),1,26-35,Student,4-5x/week,Shopping,E-Rickshaw,5,4,4,3,3,1,0,0,1,0
Shaheed Sthal (New Bus Adda),1,18-25,Service,Daily,Office,E-Rickshaw,4,3,4,2,3,0,1,0,0,1
Shaheed Sthal (New Bus Adda),1,36-45,Student,Daily,Leisure,E-Rickshaw,3,4,3,3,2,1,0,1,1,1
Shaheed Sthal (New Bus Adda),1,18-25,Student,4-5x/week,Education,E-Rickshaw,4,4,4,3,2,0,0,1,0,1
Shaheed Sthal (New Bus Adda),1,26-35,Student,Daily,Shopping,E-Rickshaw,4,4,4,3,3,0,0,1,0,1
Shaheed Sthal (New Bus Adda),1,18-25,Student,Daily,Office,E-Rickshaw,4,3,4,3,3,0,0,1,0,0
Shaheed Sthal (New Bus Adda),1,18-25,Service,4-5x/week,Office,E-Rickshaw,3,3,3,3,2,0,0,1,0,1
Shaheed Sthal (New Bus Adda),1,18-25,Service,Daily,Office,E-Rickshaw,4,4,2,3,3,0,1,1,0,1
Shaheed Sthal (New Bus Adda),1,26-35,Service,4-5x/week,Education,E-Rickshaw,3,4,4,3,2,1,0,0,0,1
Shaheed Sthal (New Bus Adda),1,26-35,Service,Daily,Shopping,E-Rickshaw,2,3,3,2,2,1,1,1,1,0
Shaheed Sthal (New Bus Adda),1,18-25,Service,4-5x/week,Other,E-Rickshaw,3,4,4,3,2,1,1,1,1,0
Shaheed Sthal (New Bus Adda),1,26-35,IT/Tech,Weekly,Leisure,E-Rickshaw,4,4,4,3,2,0,0,1,1,1
Shaheed Sthal (New Bus Adda),1,36-45,Student,Daily,Office,E-Rickshaw,4,4,4,3,2,0,0,1,0,1
Shaheed Sthal (New Bus Adda),1,18-25,IT/Tech,2-3x/week,Other,E-Rickshaw,4,4,5,2,2,1,0,0,1,1
Shaheed Sthal (New Bus Adda),1,26-35,Other,Daily,Office,E-Rickshaw,4,4,4,3,3,0,1,0,0,0
Shaheed Sthal (New Bus Adda),1,36-45,Student,Daily,Office,E-Rickshaw,4,3,5,3,2,0,0,0,0,1
Shaheed Sthal (New Bus Adda),1,18-25,IT/Tech,Daily,Shopping,E-Rickshaw,4,4,4,3,3,0,0,0,1,1
Shaheed Sthal (New Bus Adda),1,26-35,Student,Daily,Leisure,E-Rickshaw,4,3,4,2,3,1,1,1,0,0
Shaheed Sthal (New Bus Adda),1,36-45,Service,Daily,Other,E-Rickshaw,4,4,4,2,3,0,0,1,1,0
Shaheed Sthal (New Bus Adda),1,18-25,Other,2-3x/week,Leisure,E-Rickshaw,3,4,3,4,2,1,1,0,1,0
Shaheed Sthal (New Bus Adda),1,46-60,Other,2-3x/week,Office,E-Rickshaw,4,4,5,3,3,0,0,1,0,1
Shaheed Sthal (New Bus Adda),1,26-35,Business,Rarely,Office,E-Rickshaw,4,3,4,3,2,0,0,0,0,0
Shaheed Sthal (New Bus Adda),1,46-60,Student,Weekly,Office,E-Rickshaw,4,3,4,3,3,1,1,0,0,1
Shaheed Sthal (New Bus Adda),1,46-60,Other,Daily,Education,E-Rickshaw,4,4,4,3,2,0,0,0,0,1
Shaheed Sthal (New Bus Adda),1,26-35,Student,Daily,Office,E-Rickshaw,4,4,4,3,3,1,0,0,1,0
Shaheed Sthal (New Bus Adda),1,18-25,Business,Daily,Office,E-Rickshaw,3,4,3,3,2,0,1,0,1,0
Shaheed Sthal (New Bus Adda),1,36-45,IT/Tech,4-5x/week,Office,E-Rickshaw,4,3,4,4,3,1,1,0,0,0
Shaheed Sthal (New Bus Adda),1,18-25,Other,Weekly,Education,E-Rickshaw,4,4,4,3,2,0,0,1,0,1
Shaheed Sthal (New Bus Adda),1,18-25,Student,Daily,Shopping,E-Rickshaw,4,3,4,4,3,0,1,0,0,1
Shaheed Sthal (New Bus Adda),1,46-60,Service,Daily,Office,E-Rickshaw,4,4,4,2,3,0,0,0,0,0
Shaheed Sthal (New Bus Adda),1,36-45,Other,Daily,Office,E-Rickshaw,3,3,3,2,3,1,0,1,0,1
Shaheed Sthal (New Bus Adda),1,60+,Student,Weekly,Shopping,E-Rickshaw,4,3,4,3,3,0,0,1,0,0
Shaheed Sthal (New Bus Adda),1,46-60,Other,4-5x/week,Shopping,E-Rickshaw,4,3,4,3,3,1,1,1,0,0
Shaheed Sthal (New Bus Adda),1,46-60,IT/Tech,2-3x/week,Office,E-Rickshaw,4,2,5,4,2,1,0,0,1,1
Shaheed Sthal (New Bus Adda),1,36-45,Service,4-5x/week,Office,E-Rickshaw,4,3,4,4,3,0,1,1,0,0
Shaheed Sthal (New Bus Adda),1,36-45,Student,Daily,Other,E-Rickshaw,3,3,4,4,2,0,0,1,1,0
Shaheed Sthal (New Bus Adda),1,46-60,IT/Tech,Daily,Shopping,E-Rickshaw,3,4,3,3,3,0,0,1,0,0
Shaheed Sthal (New Bus Adda),1,36-45,Business,2-3x/week,Office,E-Rickshaw,5,4,5,2,3,0,0,0,1,1
Shaheed Sthal (New Bus Adda),1,26-35,Student,2-3x/week,Education,E-Rickshaw,4,4,4,2,3,0,0,0,1,0
Shaheed Sthal (New Bus Adda),1,18-25,IT/Tech,Daily,Education,E-Rickshaw,4,4,4,4,3,0,0,0,0,0
Shaheed Sthal (New Bus Adda),1,26-35,Student,Daily,Office,E-Rickshaw,4,4,3,2,3,0,1,0,1,0
Shaheed Sthal (New Bus Adda),1,60+,IT/Tech,Daily,Office,E-Rickshaw,5,4,3,4,3,0,0,0,0,1
Shaheed Sthal (New Bus Adda),1,36-45,Business,Daily,Other,E-Rickshaw,5,4,4,3,3,0,0,0,0,1
Shaheed Sthal (New Bus Adda),1,18-25,Business,Daily,Education,E-Rickshaw,4,4,4,3,3,0,0,0,0,0
Shaheed Sthal (New Bus Adda),1,26-35,Service,Daily,Office,E-Rickshaw,4,4,3,3,4,0,0,0,0,0
Shaheed Sthal (New Bus Adda),1,18-25,Service,4-5x/week,Shopping,E-Rickshaw,4,4,4,3,3,0,0,0,1,0
Shaheed Sthal (New Bus Adda),1,26-35,Service,2-3x/week,Office,E-Rickshaw,2,3,3,3,3,0,0,0,1,0
Shaheed Sthal (New Bus Adda),1,36-45,Service,2-3x/week,Education,E-Rickshaw,4,5,4,4,2,0,0,1,1,1
Shaheed Sthal (New Bus Adda),1,36-45,Business,2-3x/week,Office,E-Rickshaw,4,4,4,4,3,0,0,1,0,0
Shaheed Sthal (New Bus Adda),1,18-25,Service,Rarely,Office,E-Rickshaw,4,4,4,3,2,1,0,0,1,1
Shaheed Sthal (New Bus Adda),1,26-35,Service,Rarely,Office,E-Rickshaw,4,3,4,3,3,0,1,0,0,1
Shaheed Sthal (New Bus Adda),1,18-25,Service,Daily,Other,E-Rickshaw,4,4,4,3,2,0,1,0,1,1
Shaheed Sthal (New Bus Adda),1,18-25,Student,Daily,Education,E-Rickshaw,3,3,4,2,3,1,0,1,1,0
Samaypur Badli,2,26-35,Other,4-5x/week,Office,E-Rickshaw,4,3,3,4,1,1,0,0,0,1
Samaypur Badli,2,18-25,Service,4-5x/week,Other,E-Rickshaw,5,4,4,3,3,0,1,0,0,1
Samaypur Badli,2,18-25,Business,Weekly,Office,E-Rickshaw,3,3,3,3,2,0,1,0,1,0
Samaypur Badli,2,26-35,Other,Daily,Office,E-Rickshaw,3,3,2,3,2,0,0,0,1,0
Samaypur Badli,2,18-25,Service,Rarely,Other,E-Rickshaw,4,3,3,3,3,1,1,0,1,0
Samaypur Badli,2,26-35,Service,Daily,Office,E-Rickshaw,4,4,3,4,3,0,1,1,0,1
Samaypur Badli,2,18-25,IT/Tech,Daily,Office,E-Rickshaw,4,3,2,3,4,0,0,0,1,0
Samaypur Badli,2,18-25,Business,Daily,Education,E-Rickshaw,5,4,3,3,2,0,1,0,0,1
Samaypur Badli,2,36-45,Student,Daily,Office,E-Rickshaw,3,4,3,3,2,1,1,1,0,1
Samaypur Badli,2,36-45,IT/Tech,Daily,Other,E-Rickshaw,4,2,4,2,3,1,0,0,0,0
Samaypur Badli,2,46-60,Business,Weekly,Office,E-Rickshaw,4,3,2,3,3,0,1,0,0,0
Samaypur Badli,2,18-25,Other,2-3x/week,Shopping,E-Rickshaw,4,3,3,4,3,0,0,0,1,1
Samaypur Badli,2,26-35,Business,2-3x/week,Office,E-Rickshaw,4,3,3,3,3,1,0,0,0,0
Samaypur Badli,2,18-25,Student,Daily,Leisure,E-Rickshaw,4,3,3,4,3,0,1,0,0,0
Samaypur Badli,2,60+,Other,Weekly,Leisure,E-Rickshaw,4,4,3,4,3,0,1,0,1,1
Samaypur Badli,2,26-35,Business,Daily,Leisure,E-Rickshaw,4,4,3,4,3,0,0,1,0,1
Samaypur Badli,2,26-35,IT/Tech,2-3x/week,Leisure,E-Rickshaw,5,4,3,4,3,0,0,0,0,0
Samaypur Badli,2,46-60,Other,2-3x/week,Shopping,E-Rickshaw,3,2,3,4,3,1,0,1,1,0
Samaypur Badli,2,60+,Service,Daily,Office,E-Rickshaw,3,4,3,3,3,0,0,0,0,0
Samaypur Badli,2,26-35,Other,4-5x/week,Office,E-Rickshaw,5,3,4,3,3,0,1,1,1,1
Samaypur Badli,2,36-45,Business,Weekly,Office,E-Rickshaw,3,3,3,3,2,0,1,1,1,0
Samaypur Badli,2,18-25,Student,Daily,Office,E-Rickshaw,4,4,2,3,3,0,0,0,1,1
Samaypur Badli,2,18-25,Service,2-3x/week,Office,E-Rickshaw,4,4,3,3,3,0,0,0,0,0
Samaypur Badli,2,18-25,IT/Tech,Rarely,Shopping,E-Rickshaw,3,3,3,3,2,1,1,1,0,0
Samaypur Badli,2,60+,IT/Tech,Daily,Shopping,E-Rickshaw,3,3,3,3,2,0,1,1,0,0
Samaypur Badli,2,26-35,Student,Daily,Other,E-Rickshaw,3,2,3,2,2,0,1,1,1,1
Samaypur Badli,2,36-45,Business,4-5x/week,Office,E-Rickshaw,4,3,4,3,3,1,0,0,0,1
Samaypur Badli,2,26-35,IT/Tech,2-3x/week,Shopping,E-Rickshaw,3,3,2,3,3,0,1,0,0,0
Samaypur Badli,2,36-45,IT/Tech,Daily,Shopping,E-Rickshaw,3,3,3,3,3,1,0,0,0,1
Samaypur Badli,2,36-45,Student,4-5x/week,Other,E-Rickshaw,3,3,4,3,3,0,1,0,0,1
Samaypur Badli,2,36-45,IT/Tech,Daily,Shopping,E-Rickshaw,3,4,2,3,3,0,1,1,0,1
Samaypur Badli,2,46-60,IT/Tech,Rarely,Office,E-Rickshaw,4,4,3,3,3,0,0,1,0,0
Samaypur Badli,2,36-45,IT/Tech,Weekly,Office,E-Rickshaw,4,3,4,3,3,0,1,0,1,1
Samaypur Badli,2,36-45,Student,4-5x/week,Other,E-Rickshaw,4,4,4,4,3,1,0,0,0,0
Samaypur Badli,2,26-35,Student,Rarely,Shopping,E-Rickshaw,4,3,3,3,2,0,0,0,1,1
Samaypur Badli,2,60+,Business,4-5x/week,Leisure,E-Rickshaw,3,3,3,3,3,0,0,0,0,0
Samaypur Badli,2,18-25,Service,Rarely,Shopping,E-Rickshaw,4,3,3,3,3,1,0,0,0,1
Samaypur Badli,2,18-25,IT/Tech,Daily,Shopping,E-Rickshaw,4,3,4,2,3,1,0,0,1,1
Samaypur Badli,2,18-25,Business,Daily,Shopping,E-Rickshaw,3,2,2,3,2,0,1,0,1,1
Samaypur Badli,2,18-25,Other,Weekly,Other,E-Rickshaw,3,3,2,3,3,0,1,1,0,1
Samaypur Badli,2,18-25,Service,Daily,Leisure,E-Rickshaw,5,4,3,3,3,1,0,0,0,0
Samaypur Badli,2,26-35,Business,Daily,Office,E-Rickshaw,4,4,3,2,3,0,0,0,0,0
Samaypur Badli,2,26-35,Business,2-3x/week,Office,E-Rickshaw,4,4,3,2,3,0,1,1,0,0
Samaypur Badli,2,46-60,Other,4-5x/week,Office,E-Rickshaw,4,3,3,3,3,0,1,0,1,0
Samaypur Badli,2,46-60,Service,Daily,Office,E-Rickshaw,4,4,4,4,3,0,1,0,0,0
Samaypur Badli,2,18-25,IT/Tech,Daily,Leisure,E-Rickshaw,3,3,3,3,3,0,1,0,0,0
Samaypur Badli,2,60+,IT/Tech,Daily,Leisure,E-Rickshaw,3,3,3,3,3,0,0,1,0,0
Samaypur Badli,2,18-25,Business,Daily,Office,E-Rickshaw,4,4,3,2,3,0,0,1,1,1
Samaypur Badli,2,18-25,Business,Daily,Office,E-Rickshaw,3,3,3,3,3,0,1,0,0,1
Samaypur Badli,2,46-60,Service,4-5x/week,Education,E-Rickshaw,3,3,3,3,3,1,1,1,1,0
Samaypur Badli,2,36-45,IT/Tech,2-3x/week,Leisure,E-Rickshaw,4,4,3,3,3,0,1,1,0,0
Samaypur Badli,2,36-45,IT/Tech,Daily,Education,E-Rickshaw,3,3,3,3,3,0,1,1,0,0
Samaypur Badli,2,18-25,Student,Daily,Office,E-Rickshaw,3,3,2,3,3,0,0,1,1,1
Samaypur Badli,2,18-25,Other,4-5x/week,Office,E-Rickshaw,3,3,2,3,3,0,1,0,1,0
Samaypur Badli,2,26-35,Service,Daily,Education,E-Rickshaw,4,4,2,3,4,0,0,0,0,1
Samaypur Badli,2,60+,Student,Daily,Education,E-Rickshaw,4,3,4,2,3,1,0,1,1,1
Samaypur Badli,2,26-35,Service,Daily,Leisure,E-Rickshaw,4,4,2,3,2,0,0,0,1,0
Samaypur Badli,2,18-25,Business,4-5x/week,Other,E-Rickshaw,3,3,3,3,3,0,0,1,1,0
Samaypur Badli,2,26-35,Business,Daily,Office,E-Rickshaw,4,3,3,3,3,1,0,1,0,1
Samaypur Badli,2,36-45,IT/Tech,4-5x/week,Office,E-Rickshaw,3,4,3,2,3,0,0,1,1,1
Samaypur Badli,2,18-25,Student,4-5x/week,Office,E-Rickshaw,4,4,3,3,3,0,1,0,0,1
Samaypur Badli,2,36-45,Business,2-3x/week,Office,E-Rickshaw,4,3,4,3,2,0,0,1,0,1
Samaypur Badli,2,18-25,Other,2-3x/week,Office,E-Rickshaw,3,3,3,4,3,1,1,0,0,1
Samaypur Badli,2,26-35,Student,Weekly,Office,E-Rickshaw,3,3,3,3,4,1,1,1,0,0
Samaypur Badli,2,26-35,IT/Tech,4-5x/week,Office,E-Rickshaw,4,3,4,3,3,0,0,0,0,0
Samaypur Badli,2,26-35,Student,Daily,Leisure,E-Rickshaw,3,3,3,3,3,0,1,1,1,1
Samaypur Badli,2,36-45,Student,Daily,Office,E-Rickshaw,3,3,3,3,3,0,1,0,1,0
Samaypur Badli,2,46-60,IT/Tech,Daily,Leisure,E-Rickshaw,4,4,3,3,3,0,1,0,1,0
Samaypur Badli,2,26-35,Other,Daily,Office,E-Rickshaw,3,3,3,3,3,1,1,1,1,1
Samaypur Badli,2,18-25,IT/Tech,Daily,Office,E-Rickshaw,4,3,3,2,3,1,0,0,1,1
Samaypur Badli,2,26-35,Other,Daily,Office,E-Rickshaw,4,4,3,3,3,1,0,0,0,1
Samaypur Badli,2,46-60,Service,4-5x/week,Office,E-Rickshaw,4,4,3,3,3,0,0,1,1,1
Samaypur Badli,2,60+,IT/Tech,4-5x/week,Office,E-Rickshaw,3,2,3,3,3,0,0,0,1,0
Samaypur Badli,2,36-45,Service,Daily,Leisure,E-Rickshaw,3,3,3,4,3,0,1,0,0,1
Samaypur Badli,2,26-35,Student,4-5x/week,Other,E-Rickshaw,4,3,3,2,2,0,0,1,1,0
Samaypur Badli,2,18-25,Business,Daily,Office,E-Rickshaw,4,4,3,3,3,1,0,0,0,1
Samaypur Badli,2,60+,Service,4-5x/week,Office,E-Rickshaw,4,4,3,2,4,0,0,0,1,0
Samaypur Badli,2,26-35,IT/Tech,4-5x/week,Office,E-Rickshaw,3,3,3,3,3,0,0,0,0,0
Samaypur Badli,2,36-45,Other,Daily,Shopping,E-Rickshaw,4,3,3,3,3,1,0,0,1,0
Samaypur Badli,2,46-60,Student,Daily,Office,E-Rickshaw,4,3,3,3,2,0,1,0,1,0
Samaypur Badli,2,36-45,IT/Tech,Rarely,Office,E-Rickshaw,3,4,3,3,3,0,0,0,0,1
Samaypur Badli,2,36-45,Business,4-5x/week,Leisure,E-Rickshaw,4,4,3,4,2,0,0,0,0,1
Samaypur Badli,2,18-25,IT/Tech,4-5x/week,Leisure,E-Rickshaw,3,4,3,3,3,1,0,1,1,0
Samaypur Badli,2,46-60,IT/Tech,Daily,Shopping,E-Rickshaw,4,3,4,3,3,0,1,1,1,0
Samaypur Badli,2,18-25,Service,Daily,Office,E-Rickshaw,3,3,2,3,3,0,0,0,0,0
Azadpur,2,26-35,Business,Daily,Office,E-Rickshaw,4,4,4,3,2,0,0,0,1,0
Azadpur,2,26-35,IT/Tech,Daily,Office,E-Rickshaw,4,4,4,3,3,0,0,1,0,1
Azadpur,2,18-25,Student,Daily,Office,E-Rickshaw,3,4,4,3,2,0,0,0,1,0
Azadpur,2,36-45,IT/Tech,Daily,Other,E-Rickshaw,4,3,4,2,2,0,0,1,0,0
Azadpur,2,26-35,Business,4-5x/week,Education,E-Rickshaw,4,5,3,2,3,0,1,0,0,1
Azadpur,2,18-25,IT/Tech,4-5x/week,Shopping,E-Rickshaw,3,4,4,3,2,0,0,0,0,1
Azadpur,2,18-25,Student,4-5x/week,Office,E-Rickshaw,4,4,4,3,2,0,0,1,0,1
Azadpur,2,26-35,Student,4-5x/week,Leisure,E-Rickshaw,4,3,4,3,3,0,0,1,0,1
Azadpur,2,36-45,IT/Tech,2-3x/week,Office,E-Rickshaw,4,3,4,2,3,1,0,0,0,0
Azadpur,2,26-35,Service,Daily,Shopping,E-Rickshaw,3,3,3,3,2,0,0,0,1,1
Azadpur,2,46-60,Business,Daily,Office,E-Rickshaw,3,3,4,3,3,1,1,0,1,1
Azadpur,2,26-35,Student,Weekly,Leisure,E-Rickshaw,4,4,3,3,2,0,1,0,1,0
Azadpur,2,18-25,Other,4-5x/week,Shopping,E-Rickshaw,3,4,4,3,2,0,1,0,1,0
Azadpur,2,18-25,Business,4-5x/week,Office,E-Rickshaw,4,3,4,3,2,0,0,1,1,1
Azadpur,2,26-35,Student,Daily,Office,E-Rickshaw,4,3,4,3,2,0,0,1,0,0
Azadpur,2,18-25,Student,Daily,Office,E-Rickshaw,4,3,5,3,3,0,0,0,0,1
Azadpur,2,46-60,Other,Daily,Office,E-Rickshaw,4,4,4,3,3,1,0,0,1,1
Azadpur,2,18-25,Service,Weekly,Office,E-Rickshaw,4,3,4,2,2,0,1,1,0,1
Azadpur,2,26-35,Service,4-5x/week,Office,E-Rickshaw,4,3,4,3,3,0,0,1,0,1
Azadpur,2,36-45,Business,Daily,Office,E-Rickshaw,3,3,3,3,2,1,1,0,0,1
Azadpur,2,26-35,Other,Daily,Office,E-Rickshaw,3,3,5,3,1,1,0,0,0,1
Azadpur,2,18-25,Service,Daily,Shopping,E-Rickshaw,4,4,4,2,3,0,0,0,0,1
Azadpur,2,18-25,IT/Tech,Daily,Office,E-Rickshaw,3,3,4,2,2,1,0,0,0,0
Azadpur,2,18-25,Student,4-5x/week,Office,E-Rickshaw,4,3,2,3,3,0,0,0,1,1
Azadpur,2,26-35,Student,Daily,Leisure,E-Rickshaw,4,4,4,3,3,0,0,0,1,1
Azadpur,2,26-35,Service,Weekly,Office,E-Rickshaw,4,3,3,3,2,0,0,1,0,1
Azadpur,2,26-35,Student,2-3x/week,Shopping,E-Rickshaw,5,3,5,3,3,1,0,0,1,1
Azadpur,2,18-25,Service,Weekly,Other,E-Rickshaw,3,3,4,2,3,1,0,0,1,1
Azadpur,2,36-45,Service,Weekly,Shopping,E-Rickshaw,4,4,4,3,3,0,0,0,1,1
Azadpur,2,36-45,Student,Weekly,Education,E-Rickshaw,2,4,3,2,2,1,1,1,1,1
Azadpur,2,26-35,Service,Rarely,Education,E-Rickshaw,4,3,5,3,4,0,0,0,0,0
Azadpur,2,26-35,Business,Daily,Leisure,E-Rickshaw,4,3,4,2,2,1,0,0,0,1
Azadpur,2,36-45,IT/Tech,Daily,Leisure,E-Rickshaw,4,3,5,3,3,1,0,0,0,1
Azadpur,2,18-25,Business,Daily,Office,E-Rickshaw,4,5,4,3,2,0,0,0,0,0
Azadpur,2,46-60,Service,4-5x/week,Education,E-Rickshaw,3,4,4,3,2,0,1,0,0,0
Azadpur,2,26-35,Other,4-5x/week,Leisure,E-Rickshaw,4,3,4,2,2,0,0,0,0,1
Azadpur,2,26-35,Business,Daily,Leisure,E-Rickshaw,4,3,5,3,2,0,0,0,1,0
Azadpur,2,18-25,IT/Tech,2-3x/week,Office,E-Rickshaw,3,3,4,4,2,0,0,1,1,1
Azadpur,2,36-45,Other,2-3x/week,Office,E-Rickshaw,3,4,5,3,2,0,0,0,0,1
Azadpur,2,18-25,Service,4-5x/week,Education,E-Rickshaw,4,3,4,3,3,1,0,1,0,0
Azadpur,2,26-35,Service,Daily,Office,E-Rickshaw,4,3,4,3,2,1,0,0,0,1
Azadpur,2,26-35,Other,Daily,Shopping,E-Rickshaw,4,3,4,2,3,0,0,0,0,0
Azadpur,2,36-45,Other,4-5x/week,Office,E-Rickshaw,5,3,5,3,3,0,0,0,0,1
Azadpur,2,26-35,Student,Daily,Office,E-Rickshaw,3,3,4,2,2,1,1,0,1,0
Azadpur,2,36-45,Other,4-5x/week,Office,E-Rickshaw,4,3,4,4,2,1,0,0,0,0
Azadpur,2,26-35,Service,Daily,Leisure,E-Rickshaw,4,4,3,3,3,0,1,1,0,1
Azadpur,2,26-35,IT/Tech,Daily,Leisure,E-Rickshaw,4,3,4,3,3,1,1,0,0,1
Azadpur,2,26-35,IT/Tech,Daily,Leisure,E-Rickshaw,2,4,3,3,2,1,1,1,1,1
Azadpur,2,60+,Service,4-5x/week,Leisure,E-Rickshaw,4,3,4,2,3,0,0,0,1,0
Azadpur,2,26-35,Student,Daily,Other,E-Rickshaw,4,4,4,3,2,0,0,0,0,1
Azadpur,2,26-35,Service,Rarely,Office,E-Rickshaw,3,4,3,2,2,1,1,1,1,0
Azadpur,2,46-60,Student,Daily,Office,E-Rickshaw,4,3,4,3,2,0,0,1,1,1
Azadpur,2,26-35,IT/Tech,Weekly,Shopping,E-Rickshaw,4,3,5,3,2,0,0,0,0,1
Azadpur,2,26-35,Service,Daily,Education,E-Rickshaw,3,3,4,3,3,1,1,1,0,0
Azadpur,2,26-35,Student,Daily,Office,E-Rickshaw,4,2,4,2,3,1,1,0,1,1
Azadpur,2,36-45,IT/Tech,Rarely,Other,E-Rickshaw,3,3,5,3,2,1,0,0,0,1
Azadpur,2,18-25,Student,2-3x/week,Office,E-Rickshaw,4,3,4,2,3,1,0,0,1,1
Azadpur,2,46-60,Business,4-5x/week,Leisure,E-Rickshaw,4,3,4,3,2,0,0,0,0,0
Azadpur,2,36-45,Student,2-3x/week,Education,E-Rickshaw,3,3,4,3,2,1,1,1,0,0
Azadpur,2,18-25,Business,Daily,Office,E-Rickshaw,4,4,4,3,2,0,0,1,0,1
Azadpur,2,26-35,Other,2-3x/week,Leisure,E-Rickshaw,4,4,5,3,2,1,0,0,1,1
Azadpur,2,36-45,IT/Tech,Daily,Shopping,E-Rickshaw,3,3,5,4,2,1,1,0,0,1
Azadpur,2,46-60,Student,2-3x/week,Education,E-Rickshaw,4,3,3,2,3,0,0,1,0,1
Azadpur,2,46-60,IT/Tech,Weekly,Education,E-Rickshaw,3,3,4,2,2,0,0,1,0,1
Azadpur,2,26-35,Service,Weekly,Office,E-Rickshaw,3,3,4,3,2,1,0,1,0,1
Azadpur,2,36-45,Student,2-3x/week,Office,E-Rickshaw,4,3,4,3,3,1,1,1,1,0
Azadpur,2,36-45,Student,4-5x/week,Office,E-Rickshaw,3,3,2,3,2,0,0,1,1,1
Azadpur,2,46-60,Business,4-5x/week,Office,E-Rickshaw,3,4,4,3,2,1,0,1,0,0
Azadpur,2,26-35,Student,Daily,Office,E-Rickshaw,4,4,4,3,3,0,0,0,0,1
Azadpur,2,36-45,Business,Weekly,Education,E-Rickshaw,3,3,4,3,2,0,0,1,1,1
Azadpur,2,36-45,Student,4-5x/week,Office,E-Rickshaw,3,4,4,3,3,1,0,1,1,1
Azadpur,2,46-60,IT/Tech,Daily,Education,E-Rickshaw,3,3,4,4,3,0,0,1,1,1
Azadpur,2,36-45,IT/Tech,2-3x/week,Office,E-Rickshaw,4,3,4,3,3,1,0,1,1,1
Azadpur,2,46-60,Service,Daily,Office,E-Rickshaw,3,3,4,2,3,0,1,0,1,0
Azadpur,2,18-25,Student,2-3x/week,Other,E-Rickshaw,3,3,5,3,2,0,0,1,0,0
Azadpur,2,26-35,IT/Tech,2-3x/week,Other,E-Rickshaw,4,4,4,2,2,0,0,1,1,0
Azadpur,2,18-25,Service,Daily,Leisure,E-Rickshaw,4,4,4,3,2,0,0,0,0,0
Azadpur,2,46-60,IT/Tech,Daily,Office,E-Rickshaw,3,3,3,3,2,0,1,0,1,0
Azadpur,2,26-35,Student,2-3x/week,Shopping,E-Rickshaw,4,3,4,3,2,1,1,1,1,1
Azadpur,2,36-45,Service,Daily,Office,E-Rickshaw,5,4,5,3,2,1,0,1,0,1
Azadpur,2,60+,IT/Tech,Rarely,Education,E-Rickshaw,5,4,4,3,3,1,0,0,1,1
Azadpur,2,46-60,IT/Tech,Daily,Leisure,E-Rickshaw,4,3,4,3,3,0,0,0,1,1
Azadpur,2,36-45,Service,Daily,Office,E-Rickshaw,4,3,4,3,3,0,0,0,0,1
Azadpur,2,36-45,Service,Daily,Other,E-Rickshaw,3,3,5,3,1,0,1,1,1,0
Azadpur,2,26-35,Other,2-3x/week,Shopping,E-Rickshaw,3,3,4,3,2,0,1,0,1,1
Azadpur,2,18-25,IT/Tech,4-5x/week,Office,E-Rickshaw,4,3,4,2,2,0,0,1,0,0
Azadpur,2,18-25,Service,2-3x/week,Office,E-Rickshaw,3,3,4,3,3,1,0,1,1,1
Azadpur,2,36-45,Student,Rarely,Leisure,E-Rickshaw,3,3,4,3,2,1,0,0,0,0
Azadpur,2,26-35,Student,4-5x/week,Office,E-Rickshaw,3,3,4,3,2,0,0,0,1,0
Azadpur,2,26-35,Service,Daily,Office,E-Rickshaw,3,3,3,2,2,1,0,1,1,1
Azadpur,2,36-45,IT/Tech,Daily,Office,E-Rickshaw,3,2,4,3,2,1,0,1,1,0
Azadpur,2,18-25,Other,Weekly,Other,E-Rickshaw,3,4,4,3,2,1,0,0,0,0
Azadpur,2,46-60,Other,Daily,Office,E-Rickshaw,4,3,3,3,3,0,0,1,1,1
Azadpur,2,18-25,Service,Weekly,Other,E-Rickshaw,3,4,4,3,2,1,0,1,0,0
Azadpur,2,46-60,Student,Weekly,Shopping,E-Rickshaw,3,4,4,3,2,0,0,1,0,1
Azadpur,2,18-25,IT/Tech,4-5x/week,Office,E-Rickshaw,3,3,3,2,2,1,1,1,1,1
Azadpur,2,36-45,IT/Tech,4-5x/week,Office,E-Rickshaw,4,4,4,3,2,1,0,0,0,1
Azadpur,2,36-45,IT/Tech,Rarely,Shopping,E-Rickshaw,4,4,5,2,2,0,0,1,0,1
Azadpur,2,26-35,Student,2-3x/week,Office,E-Rickshaw,4,3,5,2,2,0,0,0,0,1
Azadpur,2,26-35,IT/Tech,4-5x/week,Office,E-Rickshaw,3,2,4,3,2,0,0,0,1,1
Model Town,2,18-25,Other,4-5x/week,Office,E-Rickshaw,3,3,2,4,4,0,0,0,0,1
Model Town,2,36-45,Business,2-3x/week,Education,E-Rickshaw,4,5,4,4,3,0,0,0,0,1
Model Town,2,46-60,IT/Tech,Daily,Education,E-Rickshaw,5,5,4,4,3,0,0,1,0,1
Model Town,2,60+,Student,2-3x/week,Office,E-Rickshaw,3,4,4,4,3,0,0,1,0,1
Model Town,2,26-35,Student,2-3x/week,Office,E-Rickshaw,4,3,4,4,3,0,0,0,1,1
Model Town,2,18-25,Student,4-5x/week,Other,E-Rickshaw,5,4,4,4,4,1,1,0,1,0
Model Town,2,18-25,Other,Daily,Office,E-Rickshaw,3,3,4,5,3,1,0,0,0,1
Model Town,2,26-35,Service,Daily,Shopping,E-Rickshaw,4,4,4,4,3,1,0,1,0,1
Model Town,2,18-25,IT/Tech,Daily,Office,E-Rickshaw,4,4,4,3,3,0,0,1,0,1
Model Town,2,18-25,Service,Weekly,Leisure,E-Rickshaw,4,4,3,5,3,0,0,1,0,1
Model Town,2,46-60,Business,4-5x/week,Leisure,E-Rickshaw,3,4,3,4,3,1,1,1,1,1
Model Town,2,26-35,Service,4-5x/week,Office,E-Rickshaw,3,3,3,4,4,0,0,0,0,0
Model Town,2,46-60,IT/Tech,4-5x/week,Shopping,E-Rickshaw,4,3,3,4,3,1,1,0,0,0
Model Town,2,46-60,Service,2-3x/week,Shopping,E-Rickshaw,4,4,3,3,3,1,0,0,0,1
Model Town,2,36-45,Student,Daily,Office,E-Rickshaw,4,4,4,3,4,0,0,1,1,0
Model Town,2,26-35,IT/Tech,Daily,Shopping,E-Rickshaw,4,4,3,4,3,1,0,1,0,1
Model Town,2,26-35,Service,4-5x/week,Office,E-Rickshaw,4,3,4,4,3,1,0,0,0,0
Model Town,2,60+,IT/Tech,Daily,Office,E-Rickshaw,4,4,3,4,4,0,0,1,0,0
Model Town,2,26-35,Service,Daily,Other,E-Rickshaw,3,3,3,5,4,1,1,1,0,1
Model Town,2,26-35,IT/Tech,4-5x/week,Office,E-Rickshaw,4,4,3,4,3,0,0,0,0,1
Model Town,2,60+,IT/Tech,Daily,Office,E-Rickshaw,4,4,3,4,3,0,0,1,1,0
Model Town,2,36-45,Student,Weekly,Office,E-Rickshaw,4,4,4,4,3,0,0,1,0,1
Model Town,2,36-45,IT/Tech,2-3x/week,Other,E-Rickshaw,4,3,3,4,3,0,0,1,1,1
Model Town,2,26-35,IT/Tech,Rarely,Office,E-Rickshaw,3,5,3,4,3,0,0,0,0,0
Model Town,2,18-25,Student,Rarely,Office,E-Rickshaw,3,4,2,4,4,0,0,1,1,0
Model Town,2,46-60,IT/Tech,Daily,Shopping,E-Rickshaw,3,4,3,4,3,1,0,0,0,1
Model Town,2,26-35,IT/Tech,Daily,Shopping,E-Rickshaw,4,5,3,3,3,0,0,0,0,0
Model Town,2,26-35,Service,4-5x/week,Education,E-Rickshaw,4,4,3,4,3,1,0,0,0,1
Model Town,2,26-35,Service,Daily,Other,E-Rickshaw,5,4,3,4,3,0,1,0,0,1
Model Town,2,36-45,Service,Rarely,Office,E-Rickshaw,4,4,3,4,4,0,0,1,0,0
Model Town,2,26-35,Other,Daily,Education,E-Rickshaw,4,4,4,4,3,0,0,1,0,0
Model Town,2,46-60,Service,4-5x/week,Education,E-Rickshaw,4,4,3,4,3,0,0,0,0,0
Model Town,2,26-35,Student,4-5x/week,Office,E-Rickshaw,4,4,3,3,4,0,0,0,0,0
Model Town,2,26-35,Other,Weekly,Leisure,E-Rickshaw,4,4,3,5,3,0,0,0,0,0
Model Town,2,60+,Service,4-5x/week,Education,E-Rickshaw,4,3,4,4,4,0,0,0,0,0
Model Town,2,60+,Business,4-5x/week,Office,E-Rickshaw,3,4,3,4,3,1,0,0,1,0
Model Town,2,36-45,Service,Daily,Office,E-Rickshaw,3,4,3,4,3,0,1,0,0,0
Model Town,2,46-60,Student,4-5x/week,Office,E-Rickshaw,4,3,3,4,3,0,0,0,0,0
Model Town,2,26-35,Other,2-3x/week,Leisure,E-Rickshaw,4,4,3,4,4,0,0,0,0,1
Model Town,2,18-25,IT/Tech,4-5x/week,Office,E-Rickshaw,4,4,3,4,3,0,0,0,1,0
Model Town,2,26-35,Business,2-3x/week,Leisure,E-Rickshaw,4,4,3,3,4,1,0,0,1,1
Model Town,2,18-25,Service,Daily,Office,E-Rickshaw,4,4,4,4,4,1,0,0,0,0
Model Town,2,36-45,Student,Daily,Other,E-Rickshaw,4,4,4,4,4,0,0,0,0,0
Model Town,2,46-60,Service,Rarely,Leisure,E-Rickshaw,4,4,3,3,4,1,0,0,0,0
Model Town,2,26-35,IT/Tech,Daily,Office,E-Rickshaw,4,4,3,3,3,0,1,0,0,1
Model Town,2,18-25,IT/Tech,4-5x/week,Office,E-Rickshaw,3,4,3,4,3,0,0,0,1,0
Model Town,2,60+,Other,4-5x/week,Leisure,E-Rickshaw,4,4,3,4,4,0,1,0,0,0
Model Town,2,18-25,Student,Weekly,Office,E-Rickshaw,4,4,3,4,4,1,0,1,0,0
Model Town,2,26-35,Business,Daily,Office,E-Rickshaw,3,4,3,3,3,1,0,0,0,0
Model Town,2,18-25,IT/Tech,Daily,Leisure,E-Rickshaw,4,4,4,3,3,0,0,1,0,1
Model Town,2,26-35,IT/Tech,Weekly,Leisure,E-Rickshaw,4,4,4,4,4,0,0,0,1,1
Model Town,2,18-25,Service,4-5x/week,Shopping,E-Rickshaw,4,4,3,3,4,0,0,1,0,0
Model Town,2,18-25,IT/Tech,4-5x/week,Leisure,E-Rickshaw,3,3,4,4,4,1,0,0,0,1
Model Town,2,18-25,Service,Daily,Education,E-Rickshaw,5,4,4,3,3,0,0,0,0,0
Model Town,2,18-25,Other,Daily,Shopping,E-Rickshaw,3,3,3,4,3,1,1,1,0,0
Model Town,2,18-25,Business,Weekly,Office,E-Rickshaw,4,4,3,4,4,0,1,0,0,1
Model Town,2,26-35,Service,4-5x/week,Shopping,E-Rickshaw,4,4,3,4,3,0,0,0,0,1
Model Town,2,26-35,Service,Weekly,Shopping,E-Rickshaw,4,5,4,4,3,0,0,1,0,1
Model Town,2,18-25,Student,Rarely,Education,E-Rickshaw,3,3,3,3,3,1,0,1,1,0
Model Town,2,46-60,Student,4-5x/week,Other,E-Rickshaw,3,4,3,3,3,0,1,1,0,0
Model Town,2,36-45,Student,4-5x/week,Office,E-Rickshaw,5,4,3,4,4,0,1,0,0,1
Model Town,2,26-35,Service,4-5x/week,Education,E-Rickshaw,5,4,4,3,3,1,0,0,0,0
Model Town,2,18-25,IT/Tech,2-3x/week,Education,E-Rickshaw,3,4,3,4,4,1,0,1,0,0
Model Town,2,36-45,IT/Tech,4-5x/week,Office,E-Rickshaw,3,3,3,4,3,0,1,1,1,0
Model Town,2,18-25,Other,Daily,Office,E-Rickshaw,3,3,2,4,3,0,1,1,0,0
Model Town,2,36-45,Student,Weekly,Other,E-Rickshaw,3,3,3,3,3,0,1,1,0,1
Model Town,2,60+,Other,4-5x/week,Office,E-Rickshaw,3,3,3,4,3,0,0,0,0,0
Model Town,2,26-35,Service,Weekly,Shopping,E-Rickshaw,4,5,3,4,3,0,0,1,0,0
Model Town,2,18-25,Service,Daily,Education,E-Rickshaw,4,3,3,3,3,1,0,0,0,1
Model Town,2,18-25,Service,4-5x/week,Leisure,E-Rickshaw,4,4,4,4,3,0,0,0,0,1
Model Town,2,18-25,Other,4-5x/week,Shopping,E-Rickshaw,4,4,4,4,4,1,0,0,0,0
Model Town,2,26-35,IT/Tech,2-3x/week,Office,E-Rickshaw,4,4,3,4,4,0,1,1,0,0
Model Town,2,36-45,Student,Daily,Office,E-Rickshaw,4,4,3,4,3,0,1,0,0,0
Model Town,2,26-35,IT/Tech,Daily,Shopping,E-Rickshaw,3,4,3,4,3,1,1,0,0,0
Model Town,2,36-45,IT/Tech,2-3x/week,Office,E-Rickshaw,4,4,4,4,3,0,0,0,0,0
Model Town,2,36-45,IT/Tech,Rarely,Education,E-Rickshaw,4,4,3,3,3,0,0,1,0,1
Model Town,2,26-35,Service,Daily,Office,E-Rickshaw,5,4,4,4,4,0,0,1,0,1
Model Town,2,60+,Business,Daily,Office,E-Rickshaw,4,4,4,4,3,1,0,0,0,0
Model Town,2,46-60,Other,4-5x/week,Other,E-Rickshaw,4,5,3,3,2,1,1,0,0,1
Model Town,2,18-25,Student,Daily,Other,E-Rickshaw,4,3,3,4,4,0,0,0,0,0
Vishwavidyalaya,2,26-35,Business,2-3x/week,Office,E-Rickshaw,4,4,3,4,3,0,1,0,0,1
Vishwavidyalaya,2,26-35,Business,Daily,Office,E-Rickshaw,4,5,4,3,4,0,0,1,0,1
Vishwavidyalaya,2,18-25,Student,4-5x/week,Shopping,E-Rickshaw,4,5,4,3,4,0,1,0,1,1
Vishwavidyalaya,2,36-45,Service,4-5x/week,Leisure,E-Rickshaw,3,4,3,3,3,1,0,1,1,0
Vishwavidyalaya,2,26-35,Business,Daily,Office,E-Rickshaw,5,4,4,4,4,0,0,0,0,1
Vishwavidyalaya,2,36-45,Service,2-3x/week,Office,E-Rickshaw,4,4,3,3,4,0,0,0,1,1
Vishwavidyalaya,2,26-35,IT/Tech,Daily,Office,E-Rickshaw,4,3,3,4,4,0,1,0,0,0
Vishwavidyalaya,2,26-35,Service,2-3x/week,Office,E-Rickshaw,4,5,4,3,3,0,0,0,0,0
Vishwavidyalaya,2,46-60,Service,4-5x/week,Education,E-Rickshaw,4,4,2,4,4,1,0,0,0,1
Vishwavidyalaya,2,46-60,Service,4-5x/week,Office,E-Rickshaw,4,5,4,4,3,0,0,0,0,0
Vishwavidyalaya,2,18-25,Business,Weekly,Education,E-Rickshaw,3,5,3,4,2,0,1,1,1,0
Vishwavidyalaya,2,18-25,Service,Daily,Education,E-Rickshaw,3,4,3,4,4,0,1,0,0,1
Vishwavidyalaya,2,46-60,IT/Tech,2-3x/week,Office,E-Rickshaw,4,4,4,3,3,0,1,0,1,0
Vishwavidyalaya,2,18-25,Other,Daily,Leisure,E-Rickshaw,4,5,3,4,3,0,0,0,1,1
Vishwavidyalaya,2,26-35,IT/Tech,Rarely,Office,E-Rickshaw,4,4,4,4,3,0,1,0,0,1
Vishwavidyalaya,2,26-35,IT/Tech,Daily,Office,E-Rickshaw,4,4,4,4,4,0,0,1,1,0
Vishwavidyalaya,2,26-35,Business,4-5x/week,Office,E-Rickshaw,4,4,4,3,3,0,0,0,0,1
Vishwavidyalaya,2,36-45,Other,Daily,Education,E-Rickshaw,4,4,3,4,3,0,1,0,0,1
Vishwavidyalaya,2,36-45,Student,Daily,Office,E-Rickshaw,4,5,3,3,3,0,1,0,0,0
Vishwavidyalaya,2,26-35,Service,Daily,Other,E-Rickshaw,4,5,4,4,3,1,0,0,0,1
Vishwavidyalaya,2,26-35,Service,Daily,Office,E-Rickshaw,3,4,4,4,3,0,0,1,0,1
Vishwavidyalaya,2,26-35,Business,Daily,Office,E-Rickshaw,4,5,3,3,4,0,0,0,0,1
Vishwavidyalaya,2,36-45,Business,Daily,Leisure,E-Rickshaw,3,5,3,3,4,0,0,0,0,1
Vishwavidyalaya,2,46-60,IT/Tech,2-3x/week,Other,E-Rickshaw,4,4,3,4,4,0,0,0,0,1
Vishwavidyalaya,2,18-25,Business,4-5x/week,Education,E-Rickshaw,4,5,4,3,4,0,0,1,1,1
Vishwavidyalaya,2,36-45,Student,Daily,Office,E-Rickshaw,4,4,4,3,3,0,0,1,0,0
Vishwavidyalaya,2,26-35,IT/Tech,Weekly,Office,E-Rickshaw,3,5,4,4,3,0,1,0,1,1
Vishwavidyalaya,2,18-25,IT/Tech,4-5x/week,Office,E-Rickshaw,5,4,3,4,4,0,0,0,1,1
Vishwavidyalaya,2,18-25,IT/Tech,Daily,Education,E-Rickshaw,4,5,4,4,4,0,1,0,0,1
Vishwavidyalaya,2,26-35,Other,Daily,Shopping,E-Rickshaw,4,4,4,4,4,0,0,1,0,1
Vishwavidyalaya,2,18-25,Service,4-5x/week,Office,E-Rickshaw,4,4,4,4,4,0,0,0,1,1
Vishwavidyalaya,2,46-60,Student,4-5x/week,Education,E-Rickshaw,4,5,4,4,3,0,1,0,0,1
Vishwavidyalaya,2,26-35,IT/Tech,Weekly,Shopping,E-Rickshaw,4,5,3,3,2,0,0,0,1,1
Vishwavidyalaya,2,18-25,Business,4-5x/week,Office,E-Rickshaw,4,4,4,3,3,0,1,0,0,1
Vishwavidyalaya,2,46-60,Service,Rarely,Office,E-Rickshaw,4,4,3,4,4,0,0,1,0,1
Vishwavidyalaya,2,36-45,Other,2-3x/week,Leisure,E-Rickshaw,4,4,4,4,3,0,0,1,0,1
Vishwavidyalaya,2,18-25,Service,Rarely,Office,E-Rickshaw,4,4,4,3,3,0,0,1,1,1
Vishwavidyalaya,2,26-35,Business,4-5x/week,Office,E-Rickshaw,4,5,4,3,2,0,0,0,0,1
Vishwavidyalaya,2,46-60,Student,4-5x/week,Office,E-Rickshaw,3,5,4,4,3,0,0,0,0,1
Vishwavidyalaya,2,26-35,Service,2-3x/week,Education,E-Rickshaw,4,4,3,4,3,0,0,1,0,1
Vishwavidyalaya,2,26-35,Other,2-3x/week,Education,E-Rickshaw,4,5,3,4,3,0,1,0,0,0
Vishwavidyalaya,2,26-35,Service,Daily,Education,E-Rickshaw,5,5,3,4,4,0,0,0,0,1
Vishwavidyalaya,2,18-25,Business,Daily,Office,E-Rickshaw,3,4,3,4,3,0,0,0,0,1
Vishwavidyalaya,2,36-45,IT/Tech,Daily,Education,E-Rickshaw,4,4,4,4,3,0,1,0,0,1
Vishwavidyalaya,2,46-60,Student,Daily,Office,E-Rickshaw,4,4,4,4,3,0,1,0,0,1
Vishwavidyalaya,2,18-25,Other,Weekly,Leisure,E-Rickshaw,4,4,3,4,4,1,1,1,0,1
Vishwavidyalaya,2,60+,Business,2-3x/week,Other,E-Rickshaw,4,4,4,3,3,1,0,0,0,1
Vishwavidyalaya,2,18-25,Service,Daily,Education,E-Rickshaw,4,4,4,3,4,0,1,0,0,1
Vishwavidyalaya,2,36-45,Service,Daily,Office,E-Rickshaw,4,4,3,3,3,0,0,0,1,1
Vishwavidyalaya,2,26-35,Business,Daily,Shopping,E-Rickshaw,4,3,4,4,3,0,0,1,0,1
Vishwavidyalaya,2,26-35,Service,2-3x/week,Office,E-Rickshaw,4,4,4,4,3,1,0,0,0,0
Vishwavidyalaya,2,18-25,Other,Weekly,Office,E-Rickshaw,4,5,4,4,3,0,1,0,0,0
Vishwavidyalaya,2,36-45,IT/Tech,Daily,Other,E-Rickshaw,4,4,4,4,4,0,0,0,0,1
Vishwavidyalaya,2,26-35,IT/Tech,Daily,Office,E-Rickshaw,3,3,3,3,3,0,0,1,0,0
Vishwavidyalaya,2,18-25,Business,Rarely,Office,E-Rickshaw,4,4,4,4,3,0,0,0,0,1
Vishwavidyalaya,2,18-25,Service,4-5x/week,Education,E-Rickshaw,4,4,3,5,4,0,1,1,0,1
Vishwavidyalaya,2,18-25,Service,Weekly,Education,E-Rickshaw,4,4,4,4,4,0,0,0,0,1
Vishwavidyalaya,2,26-35,Service,Daily,Education,E-Rickshaw,4,5,4,3,4,0,1,1,0,0
Vishwavidyalaya,2,26-35,Other,Daily,Office,E-Rickshaw,4,3,4,3,4,0,0,0,0,1
Vishwavidyalaya,2,26-35,Student,4-5x/week,Shopping,E-Rickshaw,4,4,4,4,3,0,0,1,1,0
Vishwavidyalaya,2,46-60,Other,Daily,Office,E-Rickshaw,5,5,4,3,4,0,0,0,0,1
Vishwavidyalaya,2,36-45,Service,2-3x/week,Other,E-Rickshaw,4,4,3,3,4,0,0,0,1,1
Vishwavidyalaya,2,26-35,Service,2-3x/week,Office,E-Rickshaw,3,4,3,3,3,0,0,0,0,1
Vishwavidyalaya,2,26-35,IT/Tech,Daily,Office,E-Rickshaw,5,5,4,4,3,0,0,1,0,1
Vishwavidyalaya,2,18-25,Service,4-5x/week,Education,E-Rickshaw,3,4,4,4,3,1,0,1,1,0
Vishwavidyalaya,2,26-35,IT/Tech,2-3x/week,Office,E-Rickshaw,4,5,4,4,3,0,0,1,0,1
Vishwavidyalaya,2,46-60,IT/Tech,Weekly,Education,E-Rickshaw,5,4,3,4,4,0,0,0,0,1
Vishwavidyalaya,2,18-25,Service,Daily,Office,E-Rickshaw,4,4,5,3,4,0,0,0,1,1
Vishwavidyalaya,2,46-60,Student,2-3x/week,Office,E-Rickshaw,5,5,4,4,4,0,0,0,0,0
Vishwavidyalaya,2,26-35,Service,Daily,Office,E-Rickshaw,5,5,4,3,4,0,0,0,1,1
Vishwavidyalaya,2,60+,Service,Weekly,Office,E-Rickshaw,3,3,3,3,3,0,1,0,1,1
Vishwavidyalaya,2,36-45,Service,4-5x/week,Office,E-Rickshaw,4,4,4,4,3,1,1,0,0,1
Vishwavidyalaya,2,36-45,Service,Daily,Office,E-Rickshaw,3,4,4,4,3,1,0,0,1,1
Vishwavidyalaya,2,46-60,Business,2-3x/week,Office,E-Rickshaw,4,4,4,5,3,0,0,0,0,1
Vishwavidyalaya,2,18-25,Business,2-3x/week,Leisure,E-Rickshaw,4,5,3,4,3,0,0,0,0,1
Vishwavidyalaya,2,26-35,Business,2-3x/week,Shopping,E-Rickshaw,4,4,4,3,4,0,0,0,0,1
Vishwavidyalaya,2,18-25,IT/Tech,Daily,Office,E-Rickshaw,5,5,3,4,4,0,0,0,0,1
Vishwavidyalaya,2,46-60,Service,2-3x/week,Office,E-Rickshaw,5,5,4,4,4,0,0,0,0,1
Vishwavidyalaya,2,46-60,Business,2-3x/week,Office,E-Rickshaw,5,5,4,3,4,0,1,0,0,1
Vishwavidyalaya,2,18-25,Other,Daily,Office,E-Rickshaw,4,4,3,4,3,0,1,1,0,1
Vishwavidyalaya,2,36-45,Service,Daily,Office,E-Rickshaw,4,4,3,3,3,1,0,0,0,1
Vishwavidyalaya,2,26-35,Service,Weekly,Office,E-Rickshaw,4,4,4,4,3,0,0,1,0,1
Vishwavidyalaya,2,26-35,Business,4-5x/week,Other,E-Rickshaw,4,5,3,4,3,1,0,0,0,1
Vishwavidyalaya,2,18-25,Other,4-5x/week,Shopping,E-Rickshaw,4,4,3,4,4,0,0,0,0,1
Vishwavidyalaya,2,18-25,Service,Weekly,Office,E-Rickshaw,4,4,3,4,3,0,0,0,0,1
Vishwavidyalaya,2,26-35,IT/Tech,Daily,Office,E-Rickshaw,4,4,3,4,3,0,0,0,0,1
Vishwavidyalaya,2,36-45,Business,2-3x/week,Office,E-Rickshaw,5,5,4,4,4,0,1,0,0,0
Vishwavidyalaya,2,18-25,Student,4-5x/week,Office,E-Rickshaw,3,4,3,4,3,0,0,0,0,0
Vishwavidyalaya,2,18-25,IT/Tech,Daily,Education,E-Rickshaw,5,4,5,4,4,0,0,0,0,0
Vishwavidyalaya,2,26-35,Service,Rarely,Office,E-Rickshaw,5,4,4,3,3,0,0,0,0,0
Vishwavidyalaya,2,26-35,Service,2-3x/week,Office,E-Rickshaw,4,5,3,4,4,0,0,0,0,0
Vishwavidyalaya,2,36-45,Student,Daily,Office,E-Rickshaw,4,3,3,4,3,0,0,1,0,1
Vishwavidyalaya,2,46-60,Business,Weekly,Shopping,E-Rickshaw,4,4,4,4,4,0,0,0,0,1
Vishwavidyalaya,2,26-35,IT/Tech,Weekly,Office,E-Rickshaw,4,4,3,4,3,0,0,0,0,0
Vishwavidyalaya,2,46-60,IT/Tech,2-3x/week,Other,E-Rickshaw,4,4,4,4,3,0,1,0,0,1
Civil Lines,2,18-25,Student,4-5x/week,Office,Auto Rickshaw,4,4,3,4,4,1,0,0,0,0
Civil Lines,2,46-60,IT/Tech,Daily,Shopping,Auto Rickshaw,4,4,3,3,3,0,0,0,0,1
Civil Lines,2,18-25,Other,Daily,Office,Auto Rickshaw,4,4,4,4,3,0,1,0,0,0
Civil Lines,2,26-35,Business,4-5x/week,Education,Auto Rickshaw,4,4,4,4,3,1,0,0,0,0
Civil Lines,2,18-25,IT/Tech,2-3x/week,Shopping,Auto Rickshaw,4,3,3,4,4,0,0,0,0,0
Civil Lines,2,26-35,IT/Tech,2-3x/week,Education,Auto Rickshaw,3,4,4,4,3,0,0,1,0,0
Civil Lines,2,18-25,Service,Daily,Education,Auto Rickshaw,5,4,3,4,3,0,0,1,0,0
Civil Lines,2,18-25,IT/Tech,4-5x/week,Other,Auto Rickshaw,3,4,2,4,3,0,1,1,0,0
Civil Lines,2,18-25,Other,Daily,Office,Auto Rickshaw,4,4,3,4,3,0,1,0,1,1
Civil Lines,2,18-25,Student,Daily,Office,Auto Rickshaw,4,3,4,3,3,0,1,0,0,1
Civil Lines,2,26-35,IT/Tech,Daily,Other,Auto Rickshaw,4,3,3,4,3,0,0,0,1,1
Civil Lines,2,18-25,Service,Daily,Leisure,Auto Rickshaw,3,3,3,3,3,1,0,1,1,0
Civil Lines,2,26-35,IT/Tech,Daily,Education,Auto Rickshaw,4,4,3,4,4,0,0,0,0,0
Civil Lines,2,18-25,Service,Daily,Office,Auto Rickshaw,4,4,3,4,4,1,0,0,1,0
Civil Lines,2,36-45,IT/Tech,4-5x/week,Office,Auto Rickshaw,4,4,4,4,3,0,0,1,0,0
Civil Lines,2,26-35,Business,Daily,Leisure,Auto Rickshaw,4,3,3,4,3,1,1,1,0,1
Civil Lines,2,46-60,Student,Daily,Shopping,Auto Rickshaw,3,3,3,4,3,0,1,1,0,0
Civil Lines,2,36-45,Other,Weekly,Office,Auto Rickshaw,4,4,3,4,4,0,1,0,0,1
Civil Lines,2,26-35,IT/Tech,Weekly,Office,Auto Rickshaw,5,3,3,4,4,0,0,0,0,0
Civil Lines,2,18-25,Service,Daily,Shopping,Auto Rickshaw,4,5,3,4,3,0,1,1,0,1
Civil Lines,2,26-35,Business,Daily,Education,Auto Rickshaw,4,5,3,4,3,0,0,0,0,0
Civil Lines,2,26-35,Service,Daily,Other,Auto Rickshaw,4,5,3,4,3,0,0,0,1,0
Civil Lines,2,46-60,Service,Rarely,Office,Auto Rickshaw,3,4,3,5,3,0,0,0,0,0
Civil Lines,2,36-45,Other,Daily,Office,Auto Rickshaw,4,4,3,4,3,0,1,0,0,0
Civil Lines,2,36-45,Business,Daily,Office,Auto Rickshaw,4,4,3,4,4,0,0,0,0,0
Civil Lines,2,36-45,Business,2-3x/week,Office,Auto Rickshaw,4,4,3,4,4,0,1,1,0,0
Civil Lines,2,46-60,Service,2-3x/week,Office,Auto Rickshaw,3,4,3,5,4,0,0,1,0,1
Civil Lines,2,46-60,Student,Daily,Office,Auto Rickshaw,4,3,4,4,3,0,0,0,1,1
Civil Lines,2,26-35,Service,Daily,Office,Auto Rickshaw,4,4,2,5,3,1,1,0,0,1
Civil Lines,2,26-35,Service,Daily,Office,Auto Rickshaw,4,3,4,4,3,1,0,1,0,1
Civil Lines,2,18-25,IT/Tech,Daily,Leisure,Auto Rickshaw,4,4,3,5,3,0,0,0,0,1
Civil Lines,2,26-35,Business,Daily,Office,Auto Rickshaw,4,4,4,4,3,0,1,1,1,0
Civil Lines,2,18-25,Service,2-3x/week,Office,Auto Rickshaw,4,4,4,3,4,0,0,1,0,0
Civil Lines,2,26-35,Student,2-3x/week,Shopping,Auto Rickshaw,5,4,3,4,4,0,0,0,0,1
Civil Lines,2,36-45,Business,4-5x/week,Office,Auto Rickshaw,5,4,4,5,4,1,0,0,0,0
Civil Lines,2,26-35,Business,4-5x/week,Education,Auto Rickshaw,4,4,3,4,4,1,0,1,0,0
Civil Lines,2,36-45,IT/Tech,4-5x/week,Leisure,Auto Rickshaw,3,4,3,4,3,1,0,1,0,0
Civil Lines,2,18-25,Student,Daily,Education,Auto Rickshaw,4,3,3,4,4,1,1,0,1,0
Civil Lines,2,26-35,Service,2-3x/week,Office,Auto Rickshaw,4,4,3,4,3,0,1,1,0,0
Civil Lines,2,46-60,IT/Tech,Daily,Leisure,Auto Rickshaw,4,4,3,4,3,0,1,1,0,0
Civil Lines,2,18-25,IT/Tech,Daily,Other,Auto Rickshaw,4,3,3,4,4,0,0,0,0,0
Civil Lines,2,36-45,Student,Daily,Leisure,Auto Rickshaw,4,5,4,5,4,0,0,1,0,1
Civil Lines,2,46-60,Business,2-3x/week,Office,Auto Rickshaw,4,3,3,3,3,1,1,1,1,1
Civil Lines,2,26-35,Other,4-5x/week,Education,Auto Rickshaw,4,4,3,4,3,0,0,1,0,0
Civil Lines,2,26-35,Service,4-5x/week,Education,Auto Rickshaw,4,4,4,4,4,0,1,1,0,1
Civil Lines,2,26-35,Service,4-5x/week,Office,Auto Rickshaw,5,4,3,4,4,0,1,0,1,1
Civil Lines,2,26-35,IT/Tech,2-3x/week,Office,Auto Rickshaw,4,4,4,3,3,0,0,1,0,1
Civil Lines,2,46-60,Other,Daily,Leisure,Auto Rickshaw,4,3,3,4,4,0,0,0,0,0
Civil Lines,2,36-45,Business,Daily,Office,Auto Rickshaw,5,4,3,4,3,1,0,0,1,1
Civil Lines,2,18-25,Other,2-3x/week,Leisure,Auto Rickshaw,4,4,3,4,4,0,1,1,0,0
Civil Lines,2,36-45,Service,4-5x/week,Other,Auto Rickshaw,4,3,3,3,3,0,0,1,0,0
Civil Lines,2,46-60,IT/Tech,Daily,Office,Auto Rickshaw,3,3,3,4,3,1,0,0,0,0
Civil Lines,2,26-35,Student,Daily,Office,Auto Rickshaw,4,3,4,4,3,0,0,0,1,1
Civil Lines,2,26-35,Service,Weekly,Other,Auto Rickshaw,3,4,3,4,4,0,1,0,0,0
Civil Lines,2,46-60,Service,Daily,Office,Auto Rickshaw,4,4,3,4,4,0,1,0,0,0
Civil Lines,2,36-45,IT/Tech,Weekly,Shopping,Auto Rickshaw,3,3,4,4,3,0,0,0,0,0
Civil Lines,2,26-35,IT/Tech,2-3x/week,Office,Auto Rickshaw,5,4,4,4,4,0,0,1,0,0
Civil Lines,2,18-25,Service,Weekly,Office,Auto Rickshaw,4,4,4,3,4,0,0,1,0,0
Civil Lines,2,26-35,Other,Daily,Office,Auto Rickshaw,4,4,4,4,4,1,0,0,1,0
Civil Lines,2,36-45,Student,4-5x/week,Office,Auto Rickshaw,4,4,4,4,3,0,0,1,0,0
Civil Lines,2,36-45,Business,Daily,Other,Auto Rickshaw,5,4,4,3,3,0,0,0,0,0
Civil Lines,2,26-35,IT/Tech,Daily,Office,Auto Rickshaw,4,3,4,4,3,0,0,1,0,0
Civil Lines,2,36-45,Student,Daily,Office,Auto Rickshaw,5,5,4,4,4,0,0,0,0,1
Civil Lines,2,18-25,Service,Daily,Shopping,Auto Rickshaw,4,4,4,3,3,1,1,0,0,0
Civil Lines,2,36-45,IT/Tech,Daily,Other,Auto Rickshaw,4,4,3,4,3,0,0,0,0,0
Civil Lines,2,36-45,Service,4-5x/week,Office,Auto Rickshaw,4,4,4,4,4,0,1,0,1,1
Civil Lines,2,18-25,IT/Tech,Daily,Shopping,Auto Rickshaw,3,4,3,4,3,0,1,1,1,0
Civil Lines,2,26-35,Business,Daily,Office,Auto Rickshaw,4,4,3,4,3,0,1,1,0,1
Civil Lines,2,26-35,Business,Daily,Leisure,Auto Rickshaw,5,4,3,4,4,0,0,0,0,0
Civil Lines,2,36-45,IT/Tech,4-5x/week,Shopping,Auto Rickshaw,4,4,3,5,4,0,1,1,0,0
Kashmere Gate 2,2,26-35,Service,Daily,Office,BEST Bus,3,3,4,3,3,0,0,1,0,1
Kashmere Gate 2,2,26-35,IT/Tech,Daily,Office,BEST Bus,4,3,4,3,2,0,1,1,0,1
Kashmere Gate 2,2,18-25,Other,4-5x/week,Education,BEST Bus,4,4,5,3,3,0,0,1,0,0
Kashmere Gate 2,2,26-35,IT/Tech,Daily,Shopping,BEST Bus,3,4,5,3,2,0,0,1,0,1
Kashmere Gate 2,2,26-35,IT/Tech,Rarely,Other,BEST Bus,3,3,4,3,2,0,0,0,0,1
Kashmere Gate 2,2,36-45,IT/Tech,2-3x/week,Shopping,BEST Bus,3,4,4,3,2,0,0,0,0,0
Kashmere Gate 2,2,26-35,Service,Daily,Other,BEST Bus,3,3,4,3,3,0,0,0,1,1
Kashmere Gate 2,2,36-45,Other,4-5x/week,Office,BEST Bus,4,4,5,3,3,0,0,0,0,1
Kashmere Gate 2,2,26-35,IT/Tech,Daily,Office,BEST Bus,4,4,5,3,3,1,1,1,0,1
Kashmere Gate 2,2,26-35,Student,Daily,Office,BEST Bus,5,5,5,3,4,0,0,0,1,1
Kashmere Gate 2,2,18-25,IT/Tech,4-5x/week,Shopping,BEST Bus,4,3,4,4,3,1,0,0,0,1
Kashmere Gate 2,2,60+,IT/Tech,Daily,Office,BEST Bus,4,4,3,4,3,1,0,0,0,1
Kashmere Gate 2,2,18-25,Student,Daily,Office,BEST Bus,4,4,4,2,2,0,0,0,0,1
Kashmere Gate 2,2,26-35,Student,Daily,Office,BEST Bus,4,4,4,3,3,0,1,1,0,1
Kashmere Gate 2,2,18-25,Student,Daily,Office,BEST Bus,3,4,4,3,2,1,1,1,0,1
Kashmere Gate 2,2,18-25,IT/Tech,4-5x/week,Education,BEST Bus,3,4,4,3,3,1,0,1,0,1
Kashmere Gate 2,2,36-45,IT/Tech,Rarely,Leisure,BEST Bus,4,4,4,3,3,0,0,0,0,1
Kashmere Gate 2,2,26-35,Student,4-5x/week,Office,BEST Bus,4,4,4,3,3,0,1,0,1,1
Kashmere Gate 2,2,26-35,Student,Rarely,Education,BEST Bus,4,3,5,2,2,0,0,0,1,1
Kashmere Gate 2,2,18-25,Service,4-5x/week,Office,BEST Bus,4,4,4,2,2,0,0,1,1,1
Kashmere Gate 2,2,36-45,IT/Tech,Daily,Office,BEST Bus,4,3,4,4,3,0,0,0,0,1
Kashmere Gate 2,2,46-60,Business,Weekly,Office,BEST Bus,3,3,4,3,2,1,0,1,0,1
Kashmere Gate 2,2,18-25,IT/Tech,Daily,Education,BEST Bus,4,4,5,2,2,0,0,1,0,1
Kashmere Gate 2,2,36-45,Student,Daily,Education,BEST Bus,4,4,4,3,3,0,0,1,1,1
Kashmere Gate 2,2,18-25,Student,Weekly,Education,BEST Bus,3,3,5,2,3,1,1,1,0,1
Kashmere Gate 2,2,18-25,IT/Tech,4-5x/week,Leisure,BEST Bus,4,4,4,3,3,1,0,0,0,1
Kashmere Gate 2,2,36-45,Service,Weekly,Office,BEST Bus,2,3,4,2,3,1,1,1,0,0
Kashmere Gate 2,2,26-35,Service,Daily,Shopping,BEST Bus,4,4,5,3,3,0,0,1,1,1
Kashmere Gate 2,2,46-60,Student,2-3x/week,Shopping,BEST Bus,4,4,4,3,2,0,0,1,0,1
Kashmere Gate 2,2,26-35,Other,Daily,Office,BEST Bus,4,4,5,3,2,0,0,0,0,1
Kashmere Gate 2,2,36-45,Service,Daily,Office,BEST Bus,5,4,5,3,3,0,0,0,0,1
Kashmere Gate 2,2,18-25,IT/Tech,Weekly,Office,BEST Bus,5,4,5,3,2,1,0,1,1,1
Kashmere Gate 2,2,46-60,Service,Daily,Office,BEST Bus,3,3,4,3,2,0,1,0,1,0
Kashmere Gate 2,2,26-35,Student,4-5x/week,Office,BEST Bus,4,4,5,3,2,0,0,0,1,1
Kashmere Gate 2,2,46-60,Service,Weekly,Office,BEST Bus,5,4,4,3,3,0,0,1,0,1
Kashmere Gate 2,2,26-35,Business,Weekly,Leisure,BEST Bus,4,3,4,3,3,0,0,1,0,1
Kashmere Gate 2,2,26-35,IT/Tech,Daily,Leisure,BEST Bus,4,5,4,3,2,0,1,1,0,1
Kashmere Gate 2,2,46-60,IT/Tech,Daily,Education,BEST Bus,4,3,4,3,2,0,0,1,0,1
Kashmere Gate 2,2,26-35,IT/Tech,Weekly,Shopping,BEST Bus,4,4,5,3,2,0,0,0,1,1
Kashmere Gate 2,2,36-45,Business,4-5x/week,Other,BEST Bus,4,4,4,3,3,0,0,0,1,1
Kashmere Gate 2,2,18-25,Student,4-5x/week,Office,BEST Bus,3,3,3,3,2,0,0,1,0,1
Kashmere Gate 2,2,46-60,Service,Daily,Education,BEST Bus,5,4,5,3,3,0,0,0,0,1
Kashmere Gate 2,2,36-45,Service,Daily,Education,BEST Bus,4,4,4,3,3,1,0,0,0,1
Kashmere Gate 2,2,26-35,Other,Rarely,Other,BEST Bus,5,4,5,2,3,0,0,1,0,1
Kashmere Gate 2,2,46-60,Business,4-5x/week,Shopping,BEST Bus,4,4,4,3,2,0,0,1,0,1
Kashmere Gate 2,2,26-35,Service,2-3x/week,Office,BEST Bus,5,3,5,2,3,0,0,1,0,1
Kashmere Gate 2,2,36-45,Business,Daily,Shopping,BEST Bus,3,3,4,3,3,0,1,0,0,1
Kashmere Gate 2,2,36-45,Other,Daily,Office,BEST Bus,3,4,4,3,3,0,0,0,1,1
Kashmere Gate 2,2,36-45,Service,4-5x/week,Office,BEST Bus,4,4,4,2,2,0,0,0,1,1
Kashmere Gate 2,2,36-45,Service,Weekly,Education,BEST Bus,3,4,4,3,3,0,0,0,0,1
Kashmere Gate 2,2,46-60,Service,Daily,Shopping,BEST Bus,4,4,5,2,3,0,0,1,1,1
Kashmere Gate 2,2,18-25,Service,Daily,Office,BEST Bus,4,3,4,3,3,0,0,1,1,1
Kashmere Gate 2,2,46-60,Business,4-5x/week,Office,BEST Bus,3,4,5,3,2,0,0,0,1,1
Kashmere Gate 2,2,26-35,Service,Daily,Shopping,BEST Bus,4,4,5,3,2,1,0,0,0,1
Kashmere Gate 2,2,18-25,IT/Tech,Daily,Office,BEST Bus,4,3,4,3,2,1,0,0,1,1
Kashmere Gate 2,2,36-45,Service,4-5x/week,Leisure,BEST Bus,3,3,5,3,2,0,0,1,0,1
Kashmere Gate 2,2,26-35,Student,Daily,Office,BEST Bus,4,4,5,2,3,0,0,0,0,1
Kashmere Gate 2,2,18-25,IT/Tech,4-5x/week,Education,BEST Bus,3,3,4,3,2,1,1,1,0,1
Kashmere Gate 2,2,36-45,Service,Daily,Office,BEST Bus,3,4,5,3,2,1,0,1,1,1
Kashmere Gate 2,2,18-25,IT/Tech,2-3x/week,Other,BEST Bus,4,4,5,3,3,1,0,1,0,1
Kashmere Gate 2,2,26-35,Business,2-3x/week,Leisure,BEST Bus,4,4,4,2,3,1,0,1,0,1
Kashmere Gate 2,2,26-35,IT/Tech,2-3x/week,Office,BEST Bus,3,3,5,3,2,1,0,1,1,1
Kashmere Gate 2,2,26-35,IT/Tech,4-5x/week,Shopping,BEST Bus,3,3,3,3,2,0,0,1,0,1
Kashmere Gate 2,2,26-35,Business,4-5x/week,Shopping,BEST Bus,4,4,4,3,2,1,0,1,1,1
Kashmere Gate 2,2,26-35,IT/Tech,Daily,Office,BEST Bus,4,3,5,3,2,0,0,1,0,1
Kashmere Gate 2,2,46-60,Student,Daily,Education,BEST Bus,4,3,4,3,3,0,0,0,0,1
Kashmere Gate 2,2,26-35,Service,Daily,Leisure,BEST Bus,4,4,4,4,2,0,0,1,0,1
Kashmere Gate 2,2,36-45,Business,2-3x/week,Education,BEST Bus,4,4,4,2,3,0,0,1,0,1
Kashmere Gate 2,2,60+,IT/Tech,Daily,Other,BEST Bus,4,4,4,4,3,0,0,1,0,1
Kashmere Gate 2,2,26-35,IT/Tech,Daily,Office,BEST Bus,3,3,4,3,1,0,1,0,0,1
Kashmere Gate 2,2,60+,IT/Tech,4-5x/week,Other,BEST Bus,3,4,4,3,3,0,0,0,0,1
Kashmere Gate 2,2,26-35,Other,4-5x/week,Other,BEST Bus,4,4,4,3,3,1,0,1,1,1
Kashmere Gate 2,2,36-45,Business,Daily,Office,BEST Bus,4,4,5,3,3,0,0,0,0,1
Kashmere Gate 2,2,60+,IT/Tech,Daily,Office,BEST Bus,3,3,4,3,2,0,1,0,0,1
Kashmere Gate 2,2,36-45,IT/Tech,4-5x/week,Education,BEST Bus,3,3,5,3,3,0,0,1,1,1
Kashmere Gate 2,2,26-35,IT/Tech,Weekly,Leisure,BEST Bus,4,4,4,2,3,1,1,0,0,1
Kashmere Gate 2,2,26-35,IT/Tech,4-5x/week,Office,BEST Bus,3,3,5,4,3,1,0,1,1,1
Kashmere Gate 2,2,26-35,IT/Tech,Daily,Office,BEST Bus,4,4,4,3,2,0,0,0,1,1
Kashmere Gate 2,2,46-60,Business,2-3x/week,Shopping,BEST Bus,3,4,4,3,2,1,0,1,1,1
Kashmere Gate 2,2,26-35,IT/Tech,Daily,Office,BEST Bus,3,3,4,3,3,1,0,1,1,1
Kashmere Gate 2,2,18-25,Business,Daily,Education,BEST Bus,4,3,4,3,3,0,1,0,1,1
Kashmere Gate 2,2,26-35,IT/Tech,Daily,Education,BEST Bus,3,3,4,3,3,0,1,0,1,1
Kashmere Gate 2,2,18-25,Business,4-5x/week,Other,BEST Bus,4,3,5,3,4,1,0,1,0,1
Kashmere Gate 2,2,18-25,Service,4-5x/week,Office,BEST Bus,4,4,5,3,2,1,0,0,0,1
Kashmere Gate 2,2,26-35,IT/Tech,4-5x/week,Other,BEST Bus,4,3,5,3,2,0,0,0,0,0
Kashmere Gate 2,2,18-25,Business,2-3x/week,Education,BEST Bus,4,4,4,2,2,0,0,0,1,1
Kashmere Gate 2,2,18-25,IT/Tech,4-5x/week,Leisure,BEST Bus,4,4,4,2,3,0,0,0,1,1
Kashmere Gate 2,2,18-25,Business,Daily,Office,BEST Bus,4,4,4,4,3,0,0,1,0,1
Kashmere Gate 2,2,18-25,Business,4-5x/week,Education,BEST Bus,5,4,4,2,4,0,0,0,1,1
Kashmere Gate 2,2,18-25,Other,2-3x/week,Leisure,BEST Bus,3,4,4,3,3,0,0,1,1,1
Kashmere Gate 2,2,36-45,Business,4-5x/week,Shopping,BEST Bus,3,4,4,3,3,0,0,0,0,1
Kashmere Gate 2,2,18-25,IT/Tech,Daily,Office,BEST Bus,3,4,4,3,2,0,0,0,1,0
Kashmere Gate 2,2,18-25,Service,4-5x/week,Office,BEST Bus,4,4,4,2,1,0,0,0,0,1
Kashmere Gate 2,2,26-35,Student,4-5x/week,Office,BEST Bus,3,3,3,3,3,1,0,1,0,1
Kashmere Gate 2,2,26-35,Service,Daily,Office,BEST Bus,4,3,4,3,2,1,0,0,1,1
Kashmere Gate 2,2,36-45,Service,Weekly,Shopping,BEST Bus,4,4,4,4,3,0,0,0,0,1
Kashmere Gate 2,2,46-60,IT/Tech,Daily,Other,BEST Bus,4,4,5,3,2,1,0,0,0,1
Kashmere Gate 2,2,26-35,Student,Daily,Education,BEST Bus,4,4,5,4,2,0,0,0,1,1
Kashmere Gate 2,2,18-25,Service,2-3x/week,Office,BEST Bus,3,3,5,2,3,0,0,1,1,1
Kashmere Gate 2,2,18-25,IT/Tech,2-3x/week,Office,BEST Bus,5,4,4,3,3,1,0,0,0,1
Kashmere Gate 2,2,36-45,Other,4-5x/week,Office,BEST Bus,3,3,4,3,3,0,0,1,0,1
Kashmere Gate 2,2,26-35,Business,4-5x/week,Office,BEST Bus,4,3,4,3,3,0,0,1,0,1
Kashmere Gate 2,2,60+,Service,Rarely,Leisure,BEST Bus,4,3,5,3,3,0,0,1,0,1
Kashmere Gate 2,2,26-35,IT/Tech,Daily,Office,BEST Bus,4,4,4,4,2,1,0,0,0,1
Kashmere Gate 2,2,60+,Student,Daily,Office,BEST Bus,4,3,5,3,3,1,0,1,0,1
Kashmere Gate 2,2,26-35,IT/Tech,4-5x/week,Shopping,BEST Bus,3,3,4,3,3,1,1,1,0,1
Kashmere Gate 2,2,26-35,Student,Daily,Office,BEST Bus,4,5,5,3,3,0,0,1,1,1
Kashmere Gate 2,2,26-35,Business,4-5x/week,Office,BEST Bus,4,4,4,3,3,0,0,0,1,1
Kashmere Gate 2,2,26-35,IT/Tech,Rarely,Education,BEST Bus,4,3,4,3,3,0,0,0,1,1
Kashmere Gate 2,2,60+,IT/Tech,Daily,Office,BEST Bus,4,3,4,2,2,1,0,1,1,1
Chandni Chowk,2,26-35,Other,Daily,Education,E-Rickshaw,4,3,3,3,2,0,1,0,0,1
Chandni Chowk,2,36-45,IT/Tech,Weekly,Leisure,E-Rickshaw,3,3,3,4,2,0,1,1,1,1
Chandni Chowk,2,26-35,Business,2-3x/week,Office,E-Rickshaw,4,4,3,3,3,0,0,1,1,1
Chandni Chowk,2,26-35,Service,Daily,Shopping,E-Rickshaw,4,3,4,3,2,0,1,0,0,1
Chandni Chowk,2,18-25,IT/Tech,Rarely,Shopping,E-Rickshaw,4,4,3,4,3,0,0,0,0,1
Chandni Chowk,2,36-45,Business,4-5x/week,Leisure,E-Rickshaw,4,3,3,3,3,0,0,0,0,1
Chandni Chowk,2,36-45,Service,Daily,Shopping,E-Rickshaw,4,3,3,3,2,0,0,1,0,0
Chandni Chowk,2,60+,Service,Daily,Office,E-Rickshaw,4,3,3,3,2,0,0,0,1,1
Chandni Chowk,2,26-35,Service,Weekly,Office,E-Rickshaw,4,4,3,3,2,0,0,1,0,1
Chandni Chowk,2,26-35,IT/Tech,Daily,Leisure,E-Rickshaw,3,3,3,4,2,0,0,0,1,1
Chandni Chowk,2,26-35,IT/Tech,Daily,Shopping,E-Rickshaw,5,4,3,4,3,0,0,0,0,0
Chandni Chowk,2,26-35,Student,Rarely,Office,E-Rickshaw,3,4,3,3,2,0,0,0,1,0
Chandni Chowk,2,60+,Business,2-3x/week,Other,E-Rickshaw,2,3,2,4,2,0,1,1,1,1
Chandni Chowk,2,18-25,Student,2-3x/week,Office,E-Rickshaw,3,3,3,3,2,0,1,0,0,1
Chandni Chowk,2,36-45,Business,2-3x/week,Office,E-Rickshaw,4,4,3,3,2,0,1,1,0,1
Chandni Chowk,2,60+,Business,4-5x/week,Other,E-Rickshaw,4,3,2,4,3,0,0,1,0,1
Chandni Chowk,2,46-60,IT/Tech,Daily,Shopping,E-Rickshaw,3,3,3,4,3,0,0,0,0,1
Chandni Chowk,2,18-25,Business,2-3x/week,Leisure,E-Rickshaw,4,4,3,3,1,0,0,1,0,1
Chandni Chowk,2,46-60,Business,Daily,Leisure,E-Rickshaw,3,3,3,3,3,0,1,0,0,1
Chandni Chowk,2,18-25,Service,Daily,Education,E-Rickshaw,4,3,3,3,2,0,0,1,0,1
Chandni Chowk,2,26-35,Service,Rarely,Office,E-Rickshaw,4,4,3,3,3,0,0,1,0,1
Chandni Chowk,2,18-25,Student,Daily,Leisure,E-Rickshaw,3,4,2,4,2,1,0,1,1,1
Chandni Chowk,2,46-60,Other,Daily,Office,E-Rickshaw,5,4,3,4,2,0,0,0,0,1
Chandni Chowk,2,36-45,Other,Daily,Education,E-Rickshaw,4,3,3,3,2,0,0,1,0,1
Chandni Chowk,2,18-25,Service,2-3x/week,Education,E-Rickshaw,3,3,3,4,2,0,1,1,0,1
Chandni Chowk,2,46-60,Business,Rarely,Office,E-Rickshaw,4,4,3,3,2,0,0,1,0,1
Chandni Chowk,2,18-25,Service,Daily,Office,E-Rickshaw,5,4,2,3,2,0,1,1,0,1
Chandni Chowk,2,36-45,Business,Daily,Education,E-Rickshaw,5,4,3,2,2,0,0,0,0,1
Chandni Chowk,2,26-35,Student,2-3x/week,Shopping,E-Rickshaw,5,4,4,4,3,0,0,0,1,1
Chandni Chowk,2,26-35,Other,4-5x/week,Office,E-Rickshaw,3,4,3,3,3,0,0,0,0,1
Chandni Chowk,2,26-35,Other,Daily,Office,E-Rickshaw,4,3,4,3,3,1,0,0,0,1
Chandni Chowk,2,46-60,Service,Daily,Office,E-Rickshaw,3,4,2,3,2,1,0,1,0,1
Chandni Chowk,2,60+,Other,4-5x/week,Shopping,E-Rickshaw,4,3,4,4,2,0,0,0,1,1
Chandni Chowk,2,26-35,Student,Daily,Office,E-Rickshaw,3,4,3,3,2,0,0,0,1,1
Chandni Chowk,2,26-35,IT/Tech,2-3x/week,Education,E-Rickshaw,4,4,3,3,3,0,0,0,1,1
Chandni Chowk,2,26-35,IT/Tech,Daily,Shopping,E-Rickshaw,3,3,3,3,2,0,1,1,1,1
Chandni Chowk,2,36-45,Student,2-3x/week,Office,E-Rickshaw,4,5,3,4,3,0,1,1,0,1
Chandni Chowk,2,18-25,IT/Tech,4-5x/week,Education,E-Rickshaw,4,3,3,4,3,0,1,1,0,1
Chandni Chowk,2,18-25,IT/Tech,4-5x/week,Leisure,E-Rickshaw,3,3,3,3,3,1,0,1,1,0
Chandni Chowk,2,26-35,Service,2-3x/week,Office,E-Rickshaw,5,4,3,3,3,0,0,1,0,1
Chandni Chowk,2,26-35,IT/Tech,Daily,Office,E-Rickshaw,3,4,3,4,3,0,1,0,1,1
Chandni Chowk,2,46-60,Service,Daily,Office,E-Rickshaw,3,4,3,3,2,0,0,1,1,1
Chandni Chowk,2,18-25,Business,4-5x/week,Shopping,E-Rickshaw,4,4,2,3,3,0,1,1,0,1
Chandni Chowk,2,26-35,IT/Tech,2-3x/week,Leisure,E-Rickshaw,4,4,3,4,2,0,1,0,0,1
Chandni Chowk,2,26-35,Student,2-3x/week,Shopping,E-Rickshaw,4,5,4,4,2,0,0,0,0,1
Chandni Chowk,2,26-35,IT/Tech,Daily,Other,E-Rickshaw,3,4,3,3,3,0,0,1,0,1
Chandni Chowk,2,26-35,Business,2-3x/week,Shopping,E-Rickshaw,3,3,3,3,2,1,1,1,0,1
Chandni Chowk,2,26-35,Service,Daily,Office,E-Rickshaw,3,3,3,3,2,1,0,0,0,1
Chandni Chowk,2,36-45,Business,Daily,Office,E-Rickshaw,4,4,4,3,3,0,0,0,0,1
Chandni Chowk,2,26-35,Student,Daily,Shopping,E-Rickshaw,4,4,3,4,2,0,0,0,0,1
Chandni Chowk,2,18-25,Business,Weekly,Shopping,E-Rickshaw,4,4,3,4,2,1,1,1,1,1
Chandni Chowk,2,18-25,Service,4-5x/week,Education,E-Rickshaw,3,3,3,3,2,1,0,0,0,1
Chandni Chowk,2,26-35,Service,4-5x/week,Education,E-Rickshaw,4,4,3,3,2,0,0,0,0,1
Chandni Chowk,2,18-25,IT/Tech,2-3x/week,Office,E-Rickshaw,3,4,3,3,2,0,0,1,1,1
Chandni Chowk,2,46-60,Service,Daily,Office,E-Rickshaw,4,4,3,3,3,1,1,0,0,1
Chandni Chowk,2,26-35,Service,Daily,Education,E-Rickshaw,4,4,3,3,2,0,0,0,0,1
Chandni Chowk,2,36-45,Student,Daily,Shopping,E-Rickshaw,4,4,4,4,1,0,0,0,1,1
Chandni Chowk,2,26-35,IT/Tech,Daily,Leisure,E-Rickshaw,4,5,3,3,2,0,1,1,0,1
Chandni Chowk,2,26-35,Service,4-5x/week,Office,E-Rickshaw,3,4,2,3,2,0,0,0,0,0
Chandni Chowk,2,26-35,Service,Daily,Leisure,E-Rickshaw,4,4,3,4,2,0,1,0,1,1
Chandni Chowk,2,36-45,Student,2-3x/week,Office,E-Rickshaw,3,4,3,4,3,0,0,1,1,1
Chandni Chowk,2,18-25,Student,2-3x/week,Office,E-Rickshaw,3,3,3,3,2,0,1,1,0,1
Chandni Chowk,2,36-45,Service,Weekly,Leisure,E-Rickshaw,4,4,2,4,3,0,0,1,0,1
Chandni Chowk,2,26-35,Service,Daily,Other,E-Rickshaw,3,4,4,3,2,1,0,0,0,1
Chandni Chowk,2,36-45,Service,4-5x/week,Other,E-Rickshaw,4,4,3,3,3,1,0,1,0,0
Chandni Chowk,2,26-35,Business,Daily,Office,E-Rickshaw,3,4,3,3,2,0,1,0,1,1
Chandni Chowk,2,26-35,Business,Daily,Office,E-Rickshaw,3,4,2,3,2,1,1,1,0,1
Chandni Chowk,2,36-45,IT/Tech,4-5x/week,Shopping,E-Rickshaw,3,4,3,3,2,0,0,0,1,1
Chandni Chowk,2,26-35,IT/Tech,Daily,Leisure,E-Rickshaw,4,4,3,3,2,0,0,0,0,1
Chandni Chowk,2,18-25,Student,4-5x/week,Education,E-Rickshaw,4,4,3,3,2,0,0,0,0,0
Chandni Chowk,2,18-25,Business,2-3x/week,Office,E-Rickshaw,4,4,3,3,2,0,0,0,1,1
Chandni Chowk,2,36-45,IT/Tech,Daily,Office,E-Rickshaw,4,3,3,3,2,0,0,1,0,1
Chandni Chowk,2,36-45,Service,Weekly,Office,E-Rickshaw,4,3,3,3,2,0,1,1,0,1
Chandni Chowk,2,26-35,Service,Daily,Office,E-Rickshaw,3,4,2,3,2,1,1,1,0,1
Chandni Chowk,2,26-35,Business,Rarely,Shopping,E-Rickshaw,3,4,2,3,2,0,1,0,0,1
Chandni Chowk,2,18-25,IT/Tech,4-5x/week,Office,E-Rickshaw,4,4,2,3,3,0,0,1,1,1
Chandni Chowk,2,26-35,Business,Daily,Shopping,E-Rickshaw,4,3,3,3,3,0,1,0,0,1
Chandni Chowk,2,26-35,Student,Daily,Education,E-Rickshaw,3,4,3,3,3,0,1,1,0,1
Chandni Chowk,2,26-35,Business,Daily,Office,E-Rickshaw,4,3,4,3,3,0,0,0,0,1
Chandni Chowk,2,18-25,Other,2-3x/week,Office,E-Rickshaw,2,3,2,3,2,1,1,1,1,1
Chandni Chowk,2,18-25,Service,Daily,Leisure,E-Rickshaw,4,4,3,4,2,0,1,1,0,1
Chandni Chowk,2,26-35,Student,2-3x/week,Education,E-Rickshaw,4,4,3,4,3,1,0,0,0,1
Chandni Chowk,2,26-35,Student,Daily,Leisure,E-Rickshaw,4,4,4,2,2,0,1,0,1,1
Chandni Chowk,2,26-35,Business,Rarely,Office,E-Rickshaw,4,4,4,3,2,0,1,0,1,1
Chandni Chowk,2,26-35,Service,Daily,Education,E-Rickshaw,4,4,4,4,3,0,0,0,0,1
Chandni Chowk,2,36-45,IT/Tech,4-5x/week,Other,E-Rickshaw,4,4,3,3,2,0,1,0,0,1
Chandni Chowk,2,26-35,Other,2-3x/week,Office,E-Rickshaw,3,3,3,4,2,0,0,1,1,1
Chandni Chowk,2,26-35,IT/Tech,Daily,Office,E-Rickshaw,4,3,3,4,2,0,0,1,0,1
Chandni Chowk,2,46-60,Other,Daily,Leisure,E-Rickshaw,4,3,3,3,2,0,0,0,1,1
Chandni Chowk,2,18-25,IT/Tech,4-5x/week,Office,E-Rickshaw,3,3,3,3,2,0,0,1,1,1
Chandni Chowk,2,26-35,Service,4-5x/week,Office,E-Rickshaw,3,3,3,4,2,0,0,0,1,1
Chandni Chowk,2,36-45,Other,2-3x/week,Other,E-Rickshaw,4,4,4,3,3,0,0,0,0,1
Chandni Chowk,2,36-45,Student,Daily,Office,E-Rickshaw,4,3,3,3,2,0,0,1,0,1
Chandni Chowk,2,46-60,Student,Weekly,Education,E-Rickshaw,4,3,3,3,2,0,1,0,0,1
Chandni Chowk,2,46-60,Service,Weekly,Shopping,E-Rickshaw,4,4,2,4,2,0,1,1,0,1
Chandni Chowk,2,36-45,IT/Tech,2-3x/week,Shopping,E-Rickshaw,4,3,3,4,3,1,1,1,0,1
Chandni Chowk,2,26-35,IT/Tech,Daily,Office,E-Rickshaw,4,4,4,3,2,1,0,1,0,1
Chandni Chowk,2,18-25,Student,Daily,Office,E-Rickshaw,4,4,4,3,2,0,0,0,1,1
Chandni Chowk,2,26-35,Service,Rarely,Leisure,E-Rickshaw,4,4,4,2,3,0,1,0,0,1
Chandni Chowk,2,18-25,IT/Tech,2-3x/week,Leisure,E-Rickshaw,4,4,3,4,3,0,1,1,1,1
New Delhi,2,36-45,IT/Tech,2-3x/week,Office,Auto Rickshaw,3,3,3,2,3,1,1,1,1,0
New Delhi,2,18-25,IT/Tech,Daily,Shopping,Auto Rickshaw,3,4,4,3,3,1,0,1,1,1
New Delhi,2,26-35,IT/Tech,2-3x/week,Office,Auto Rickshaw,3,3,3,3,2,1,0,1,1,1
New Delhi,2,26-35,Service,2-3x/week,Office,Auto Rickshaw,4,4,3,3,3,0,1,1,0,1
New Delhi,2,36-45,Student,Daily,Education,Auto Rickshaw,3,3,4,3,3,1,1,1,0,1
New Delhi,2,46-60,Student,Daily,Office,Auto Rickshaw,3,3,4,4,3,1,0,0,0,1
New Delhi,2,36-45,Student,Daily,Education,Auto Rickshaw,5,4,5,4,3,0,0,0,0,1
New Delhi,2,36-45,IT/Tech,2-3x/week,Office,Auto Rickshaw,4,3,4,3,3,1,1,1,0,1
New Delhi,2,26-35,Service,Daily,Office,Auto Rickshaw,4,3,4,4,4,0,0,1,1,1
New Delhi,2,36-45,Student,Weekly,Office,Auto Rickshaw,4,3,5,2,3,0,0,0,1,1
New Delhi,2,46-60,Student,Daily,Office,Auto Rickshaw,4,3,4,3,3,0,1,0,0,1
New Delhi,2,18-25,Service,2-3x/week,Shopping,Auto Rickshaw,3,4,4,3,3,0,1,1,0,0
New Delhi,2,18-25,Other,Daily,Office,Auto Rickshaw,3,3,3,3,3,1,0,0,0,1
New Delhi,2,26-35,Business,2-3x/week,Office,Auto Rickshaw,4,4,5,3,3,0,0,0,0,1
New Delhi,2,26-35,Business,4-5x/week,Office,Auto Rickshaw,3,2,3,3,3,1,1,1,1,1
New Delhi,2,26-35,Student,4-5x/week,Shopping,Auto Rickshaw,3,3,4,4,3,0,0,1,0,1
New Delhi,2,36-45,Service,Rarely,Education,Auto Rickshaw,4,3,4,3,2,0,0,0,0,1
New Delhi,2,36-45,Other,Daily,Leisure,Auto Rickshaw,4,4,4,3,2,0,0,1,0,1
New Delhi,2,26-35,Other,Daily,Education,Auto Rickshaw,4,4,4,4,3,0,0,1,0,1
New Delhi,2,46-60,Business,Daily,Other,Auto Rickshaw,4,3,4,3,3,1,0,0,1,1
New Delhi,2,46-60,Business,4-5x/week,Office,Auto Rickshaw,4,4,5,4,3,1,0,1,0,1
New Delhi,2,18-25,Other,2-3x/week,Shopping,Auto Rickshaw,4,4,5,3,3,1,0,0,1,1
New Delhi,2,60+,Student,Daily,Office,Auto Rickshaw,4,4,4,2,3,1,0,0,0,1
New Delhi,2,46-60,IT/Tech,2-3x/week,Office,Auto Rickshaw,4,3,4,3,4,1,0,0,0,1
New Delhi,2,26-35,Service,Daily,Shopping,Auto Rickshaw,4,3,3,2,3,0,0,0,0,1
New Delhi,2,60+,Student,Weekly,Other,Auto Rickshaw,4,3,5,3,2,1,1,0,0,1
New Delhi,2,18-25,Business,Daily,Shopping,Auto Rickshaw,4,4,4,3,2,0,0,1,1,1
New Delhi,2,26-35,Service,Rarely,Office,Auto Rickshaw,3,4,4,4,3,1,0,0,0,1
New Delhi,2,26-35,Service,4-5x/week,Education,Auto Rickshaw,3,3,4,3,3,1,1,1,1,1
New Delhi,2,36-45,Other,Rarely,Office,Auto Rickshaw,5,3,5,3,3,1,0,1,0,1
New Delhi,2,60+,Service,4-5x/week,Education,Auto Rickshaw,4,5,4,3,2,1,0,0,1,1
New Delhi,2,18-25,IT/Tech,Daily,Office,Auto Rickshaw,3,4,3,4,3,1,0,0,0,1
New Delhi,2,18-25,Student,2-3x/week,Office,Auto Rickshaw,4,3,5,3,2,1,0,0,0,1
New Delhi,2,26-35,Service,4-5x/week,Office,Auto Rickshaw,4,3,4,3,3,1,0,0,1,1
New Delhi,2,46-60,IT/Tech,Daily,Other,Auto Rickshaw,4,4,4,3,3,0,0,1,0,1
New Delhi,2,26-35,Student,4-5x/week,Office,Auto Rickshaw,4,3,4,4,3,0,0,0,0,1
New Delhi,2,18-25,Other,Weekly,Office,Auto Rickshaw,4,4,4,3,3,1,0,1,1,0
New Delhi,2,18-25,Service,2-3x/week,Office,Auto Rickshaw,4,3,5,3,3,0,0,1,1,1
New Delhi,2,26-35,Service,Daily,Office,Auto Rickshaw,4,3,4,3,3,0,0,0,0,1
New Delhi,2,46-60,Service,2-3x/week,Office,Auto Rickshaw,3,3,4,3,3,0,0,0,1,0
New Delhi,2,60+,Student,Daily,Shopping,Auto Rickshaw,4,3,4,3,3,0,0,0,1,1
New Delhi,2,18-25,Service,Daily,Office,Auto Rickshaw,4,4,4,3,4,0,0,0,0,0
New Delhi,2,36-45,Service,Daily,Office,Auto Rickshaw,4,4,4,3,2,0,0,0,0,1
New Delhi,2,46-60,Student,Daily,Office,Auto Rickshaw,4,5,4,3,2,0,0,1,1,1
New Delhi,2,26-35,Other,4-5x/week,Office,Auto Rickshaw,4,3,4,4,3,0,0,1,0,1
New Delhi,2,26-35,Service,Daily,Education,Auto Rickshaw,4,3,4,3,3,0,0,0,0,1
New Delhi,2,36-45,Student,Daily,Office,Auto Rickshaw,4,3,4,3,3,0,0,1,0,1
New Delhi,2,18-25,Business,Daily,Shopping,Auto Rickshaw,4,4,4,4,2,0,0,0,0,1
New Delhi,2,36-45,IT/Tech,Weekly,Office,Auto Rickshaw,4,4,4,4,3,0,0,1,1,1
New Delhi,2,18-25,Business,4-5x/week,Office,Auto Rickshaw,4,3,4,2,3,0,0,0,1,1
New Delhi,2,36-45,Service,4-5x/week,Office,Auto Rickshaw,4,4,4,3,3,0,0,1,0,1
New Delhi,2,26-35,IT/Tech,2-3x/week,Education,Auto Rickshaw,4,3,4,3,3,0,1,1,0,1
New Delhi,2,26-35,IT/Tech,Daily,Office,Auto Rickshaw,4,4,3,3,2,0,1,0,0,1
New Delhi,2,26-35,IT/Tech,Weekly,Education,Auto Rickshaw,4,4,4,2,3,0,1,0,0,1
New Delhi,2,18-25,Business,Daily,Leisure,Auto Rickshaw,3,3,3,3,3,0,0,1,1,1
New Delhi,2,36-45,Student,Daily,Office,Auto Rickshaw,4,4,4,3,2,1,0,0,0,1
New Delhi,2,46-60,Business,Daily,Office,Auto Rickshaw,3,2,3,2,2,0,0,1,1,1
New Delhi,2,18-25,Business,Daily,Office,Auto Rickshaw,3,4,3,3,3,0,0,1,0,1
New Delhi,2,36-45,Service,Daily,Office,Auto Rickshaw,4,3,5,3,2,0,0,1,0,1
New Delhi,2,26-35,Other,2-3x/week,Office,Auto Rickshaw,3,4,4,3,3,1,0,0,0,1
New Delhi,2,18-25,Business,Daily,Education,Auto Rickshaw,4,4,4,3,3,0,1,1,0,1
New Delhi,2,46-60,Service,Daily,Education,Auto Rickshaw,4,4,4,3,3,0,0,0,0,1
New Delhi,2,26-35,Business,4-5x/week,Shopping,Auto Rickshaw,4,4,5,2,3,0,0,1,1,1
New Delhi,2,36-45,Business,2-3x/week,Office,Auto Rickshaw,4,4,3,3,3,0,1,0,1,1
New Delhi,2,26-35,Service,Weekly,Office,Auto Rickshaw,4,3,4,3,3,0,1,0,1,1
New Delhi,2,26-35,IT/Tech,Daily,Shopping,Auto Rickshaw,4,3,3,3,2,0,0,1,1,1
New Delhi,2,36-45,Service,Weekly,Office,Auto Rickshaw,4,3,5,4,3,0,0,0,0,1
New Delhi,2,36-45,Other,2-3x/week,Shopping,Auto Rickshaw,3,3,4,3,2,0,0,0,1,1
New Delhi,2,18-25,Student,4-5x/week,Education,Auto Rickshaw,3,3,4,3,3,0,0,1,1,1
New Delhi,2,46-60,Business,Daily,Office,Auto Rickshaw,4,3,4,3,3,0,0,0,0,1
New Delhi,2,46-60,Other,4-5x/week,Office,Auto Rickshaw,4,3,4,3,4,0,1,0,0,1
New Delhi,2,36-45,IT/Tech,Daily,Education,Auto Rickshaw,4,3,4,4,3,0,0,0,0,1
New Delhi,2,26-35,Other,2-3x/week,Education,Auto Rickshaw,3,2,4,3,2,1,1,1,1,1
New Delhi,2,18-25,Service,4-5x/week,Office,Auto Rickshaw,5,3,4,3,3,1,0,1,0,1
New Delhi,2,36-45,Student,Daily,Office,Auto Rickshaw,4,4,4,3,3,0,0,1,1,1
New Delhi,2,36-45,Service,Daily,Office,Auto Rickshaw,3,2,4,3,3,0,0,1,1,0
New Delhi,2,18-25,Service,Weekly,Education,Auto Rickshaw,4,4,5,4,3,0,0,0,0,1
New Delhi,2,18-25,Service,4-5x/week,Office,Auto Rickshaw,4,3,4,3,4,0,0,0,0,1
New Delhi,2,26-35,Service,4-5x/week,Leisure,Auto Rickshaw,3,3,3,3,2,0,0,0,1,1
New Delhi,2,26-35,IT/Tech,Rarely,Other,Auto Rickshaw,3,3,3,3,2,0,1,0,1,0
New Delhi,2,18-25,Service,Daily,Other,Auto Rickshaw,4,4,3,3,3,1,0,1,1,1
New Delhi,2,46-60,Student,4-5x/week,Office,Auto Rickshaw,4,3,3,3,3,1,0,0,1,1
New Delhi,2,36-45,Other,2-3x/week,Office,Auto Rickshaw,3,4,3,3,3,0,0,1,0,1
New Delhi,2,60+,IT/Tech,Daily,Leisure,Auto Rickshaw,4,4,4,4,2,0,0,1,0,1
New Delhi,2,36-45,IT/Tech,Daily,Shopping,Auto Rickshaw,4,3,4,4,3,0,0,0,0,1
New Delhi,2,26-35,Student,Weekly,Office,Auto Rickshaw,4,4,4,3,3,1,0,1,0,1
New Delhi,2,36-45,Student,Daily,Leisure,Auto Rickshaw,4,4,3,2,3,1,0,1,0,1
New Delhi,2,46-60,Student,Daily,Education,Auto Rickshaw,4,3,4,4,2,1,0,0,1,1
New Delhi,2,36-45,Other,Daily,Shopping,Auto Rickshaw,4,5,4,3,3,0,1,0,0,1
New Delhi,2,18-25,IT/Tech,2-3x/week,Other,Auto Rickshaw,4,4,5,3,3,0,0,0,0,1
New Delhi,2,36-45,Service,4-5x/week,Other,Auto Rickshaw,4,3,4,3,3,1,0,1,0,1
New Delhi,2,26-35,Other,Daily,Education,Auto Rickshaw,4,3,4,3,2,0,1,1,0,1
New Delhi,2,26-35,Student,Daily,Office,Auto Rickshaw,4,5,4,3,3,0,1,1,0,1
New Delhi,2,26-35,Student,4-5x/week,Education,Auto Rickshaw,3,3,4,3,2,1,0,1,1,1
New Delhi,2,18-25,Other,2-3x/week,Education,Auto Rickshaw,4,4,4,3,3,1,0,0,0,1
New Delhi,2,46-60,Service,Weekly,Education,Auto Rickshaw,4,4,4,3,3,0,0,1,1,1
New Delhi,2,26-35,IT/Tech,Daily,Office,Auto Rickshaw,3,4,4,3,3,0,1,0,1,1
New Delhi,2,26-35,IT/Tech,2-3x/week,Education,Auto Rickshaw,4,4,4,3,3,1,0,1,0,1
New Delhi,2,36-45,Business,4-5x/week,Education,Auto Rickshaw,4,4,4,4,3,1,0,0,0,1
New Delhi,2,46-60,Business,2-3x/week,Other,Auto Rickshaw,3,4,3,3,2,0,1,1,0,1
New Delhi,2,18-25,IT/Tech,4-5x/week,Leisure,Auto Rickshaw,3,3,3,3,2,1,0,1,0,1
New Delhi,2,18-25,Service,Daily,Office,Auto Rickshaw,4,4,3,3,3,0,1,1,0,1
New Delhi,2,18-25,Student,4-5x/week,Education,Auto Rickshaw,4,3,4,2,3,0,0,0,1,1
New Delhi,2,36-45,IT/Tech,4-5x/week,Education,Auto Rickshaw,4,3,4,3,3,1,0,0,0,1
New Delhi,2,46-60,Business,4-5x/week,Education,Auto Rickshaw,4,4,4,2,3,0,0,0,1,1
New Delhi,2,26-35,Service,Daily,Office,Auto Rickshaw,5,3,4,3,3,0,0,0,0,1
New Delhi,2,46-60,Business,Daily,Shopping,Auto Rickshaw,5,4,3,3,3,0,0,0,0,1
New Delhi,2,36-45,Business,Daily,Shopping,Auto Rickshaw,4,4,4,3,3,0,1,0,1,1
New Delhi,2,36-45,IT/Tech,Daily,Office,Auto Rickshaw,3,3,3,4,3,0,1,1,0,1
New Delhi,2,26-35,Student,Daily,Leisure,Auto Rickshaw,4,3,3,2,3,0,0,0,1,1
New Delhi,2,46-60,Student,Daily,Other,Auto Rickshaw,3,4,3,3,2,1,0,0,0,1
New Delhi,2,18-25,Service,Daily,Leisure,Auto Rickshaw,4,3,4,3,3,0,0,0,0,0
New Delhi,2,18-25,IT/Tech,Daily,Other,Auto Rickshaw,4,2,5,3,3,0,0,0,0,1
New Delhi,2,18-25,Business,Rarely,Office,Auto Rickshaw,4,4,4,3,3,0,1,0,0,1
New Delhi,2,26-35,Student,4-5x/week,Leisure,Auto Rickshaw,3,3,4,4,3,1,0,1,1,1
Rajiv Chowk,2,18-25,Other,Daily,Office,BEST Bus,4,3,5,4,3,1,0,0,1,1
Rajiv Chowk,2,18-25,IT/Tech,Daily,Shopping,BEST Bus,4,4,4,4,4,1,0,0,0,1
Rajiv Chowk,2,18-25,Student,2-3x/week,Education,BEST Bus,4,3,4,4,3,0,1,0,1,0
Rajiv Chowk,2,36-45,IT/Tech,Daily,Office,BEST Bus,3,4,4,4,3,0,1,0,0,1
Rajiv Chowk,2,60+,Student,Weekly,Education,BEST Bus,3,2,5,4,3,0,0,1,1,1
Rajiv Chowk,2,36-45,IT/Tech,Daily,Office,BEST Bus,4,3,4,4,4,0,0,0,1,1
Rajiv Chowk,2,60+,Student,2-3x/week,Other,BEST Bus,5,4,5,4,4,0,0,0,0,1
Rajiv Chowk,2,26-35,Business,Daily,Leisure,BEST Bus,4,3,4,4,4,0,1,0,0,1
Rajiv Chowk,2,60+,Business,Daily,Education,BEST Bus,4,3,4,4,3,0,1,1,0,1
Rajiv Chowk,2,26-35,Other,2-3x/week,Other,BEST Bus,4,3,5,4,4,1,0,0,0,1
Rajiv Chowk,2,26-35,IT/Tech,Daily,Office,BEST Bus,5,3,5,4,5,0,0,0,0,1
Rajiv Chowk,2,18-25,IT/Tech,4-5x/week,Office,BEST Bus,3,3,3,4,4,0,0,1,0,1
Rajiv Chowk,2,26-35,IT/Tech,2-3x/week,Office,BEST Bus,4,4,4,4,4,0,1,0,1,0
Rajiv Chowk,2,36-45,Student,4-5x/week,Leisure,BEST Bus,3,4,4,3,4,0,1,1,0,1
Rajiv Chowk,2,26-35,IT/Tech,2-3x/week,Office,BEST Bus,4,3,5,4,4,0,1,0,0,1
Rajiv Chowk,2,18-25,Business,Daily,Leisure,BEST Bus,4,3,4,4,4,1,1,1,0,1
Rajiv Chowk,2,26-35,Other,4-5x/week,Office,BEST Bus,4,4,5,4,4,0,1,0,0,1
Rajiv Chowk,2,26-35,IT/Tech,4-5x/week,Office,BEST Bus,4,3,4,4,4,1,0,0,0,1
Rajiv Chowk,2,46-60,IT/Tech,4-5x/week,Education,BEST Bus,4,4,4,3,4,0,1,0,1,1
Rajiv Chowk,2,18-25,Service,4-5x/week,Education,BEST Bus,4,4,4,5,3,0,0,0,0,1
Rajiv Chowk,2,26-35,Service,2-3x/week,Office,BEST Bus,4,4,5,3,3,0,0,0,0,1
Rajiv Chowk,2,36-45,Service,2-3x/week,Leisure,BEST Bus,4,4,5,3,5,0,0,1,0,1
Rajiv Chowk,2,46-60,IT/Tech,Daily,Education,BEST Bus,4,4,5,3,4,0,0,0,0,1
Rajiv Chowk,2,18-25,Business,Daily,Office,BEST Bus,3,2,5,4,4,1,0,0,1,1
Rajiv Chowk,2,26-35,Student,Daily,Shopping,BEST Bus,3,3,4,4,4,1,0,0,0,0
Rajiv Chowk,2,60+,IT/Tech,Daily,Office,BEST Bus,4,4,4,4,4,0,0,1,0,1
Rajiv Chowk,2,18-25,IT/Tech,4-5x/week,Leisure,BEST Bus,5,4,4,4,4,0,0,0,0,1
Rajiv Chowk,2,26-35,Business,Daily,Office,BEST Bus,3,3,4,3,4,0,0,1,0,1
Rajiv Chowk,2,26-35,IT/Tech,Daily,Shopping,BEST Bus,4,3,3,4,4,0,0,0,0,1
Rajiv Chowk,2,26-35,Business,Weekly,Office,BEST Bus,4,3,4,4,4,0,0,0,0,1
Rajiv Chowk,2,46-60,Service,Weekly,Office,BEST Bus,5,4,4,4,4,0,0,0,0,1
Rajiv Chowk,2,46-60,Other,4-5x/week,Education,BEST Bus,4,3,4,4,4,1,0,0,0,1
Rajiv Chowk,2,18-25,Business,4-5x/week,Office,BEST Bus,4,3,4,3,4,0,0,1,1,1
Rajiv Chowk,2,36-45,Business,Daily,Education,BEST Bus,5,3,4,5,4,0,0,0,0,1
Rajiv Chowk,2,46-60,Student,4-5x/week,Education,BEST Bus,3,3,4,4,3,0,0,0,0,1
Rajiv Chowk,2,18-25,Student,Daily,Office,BEST Bus,4,3,5,3,4,1,0,0,1,1
Rajiv Chowk,2,36-45,IT/Tech,Daily,Office,BEST Bus,4,3,4,3,3,0,0,0,0,1
Rajiv Chowk,2,60+,Student,2-3x/week,Shopping,BEST Bus,3,3,3,4,4,1,1,1,0,1
Rajiv Chowk,2,26-35,Student,Daily,Office,BEST Bus,4,4,4,3,3,0,1,0,0,1
Rajiv Chowk,2,26-35,Service,Daily,Office,BEST Bus,4,4,5,3,4,1,0,1,1,1
Rajiv Chowk,2,36-45,Student,4-5x/week,Office,BEST Bus,4,3,4,4,4,0,0,0,1,1
Rajiv Chowk,2,36-45,IT/Tech,4-5x/week,Office,BEST Bus,3,3,4,3,4,1,0,0,0,1
Rajiv Chowk,2,26-35,Service,Daily,Shopping,BEST Bus,4,3,4,4,4,0,0,0,0,1
Rajiv Chowk,2,26-35,IT/Tech,Daily,Leisure,BEST Bus,4,3,4,3,3,1,0,0,1,1
Rajiv Chowk,2,36-45,Service,Daily,Education,BEST Bus,4,4,4,5,4,1,1,0,1,1
Rajiv Chowk,2,18-25,Service,4-5x/week,Education,BEST Bus,3,4,4,4,4,0,0,0,0,1
Rajiv Chowk,2,46-60,Business,Daily,Office,BEST Bus,4,4,4,4,4,1,0,1,0,1
Rajiv Chowk,2,46-60,Service,Daily,Shopping,BEST Bus,5,4,4,4,5,0,0,0,0,1
Rajiv Chowk,2,18-25,Other,2-3x/week,Shopping,BEST Bus,4,3,5,3,4,1,0,0,0,1
Rajiv Chowk,2,36-45,Other,2-3x/week,Office,BEST Bus,4,5,5,4,4,0,0,0,0,1
Rajiv Chowk,2,36-45,IT/Tech,4-5x/week,Shopping,BEST Bus,4,4,4,5,4,0,0,0,1,1
Rajiv Chowk,2,26-35,Student,2-3x/week,Office,BEST Bus,4,3,4,4,3,0,0,0,0,1
Rajiv Chowk,2,18-25,Service,4-5x/week,Office,BEST Bus,4,3,4,4,4,0,0,0,0,1
Rajiv Chowk,2,18-25,Business,Daily,Office,BEST Bus,3,3,4,4,3,1,1,1,1,1
Rajiv Chowk,2,46-60,Service,4-5x/week,Office,BEST Bus,4,3,4,4,3,1,0,1,0,1
Rajiv Chowk,2,46-60,IT/Tech,Daily,Office,BEST Bus,4,4,5,4,3,0,0,1,1,1
Rajiv Chowk,2,26-35,IT/Tech,4-5x/week,Office,BEST Bus,5,5,4,3,4,0,1,0,0,1
Rajiv Chowk,2,46-60,Student,Rarely,Office,BEST Bus,4,3,5,5,3,1,0,1,0,1
Rajiv Chowk,2,36-45,IT/Tech,Daily,Office,BEST Bus,4,4,4,3,4,1,0,0,0,1
Rajiv Chowk,2,26-35,Service,Daily,Office,BEST Bus,4,4,4,4,4,0,1,0,0,1
Rajiv Chowk,2,18-25,Business,Daily,Office,BEST Bus,4,4,4,3,3,0,0,0,1,1
Rajiv Chowk,2,46-60,IT/Tech,Weekly,Leisure,BEST Bus,4,3,5,3,4,1,0,1,0,1
Rajiv Chowk,2,18-25,Student,Daily,Education,BEST Bus,4,5,5,3,3,1,0,0,0,1
Rajiv Chowk,2,36-45,Student,Weekly,Office,BEST Bus,4,3,4,4,4,0,0,0,0,1
Rajiv Chowk,2,18-25,Service,Daily,Office,BEST Bus,4,3,5,4,3,1,0,0,1,1
Rajiv Chowk,2,18-25,IT/Tech,2-3x/week,Office,BEST Bus,5,3,4,3,4,0,0,0,0,1
Rajiv Chowk,2,18-25,IT/Tech,Daily,Office,BEST Bus,3,3,4,4,3,0,0,1,1,1
Rajiv Chowk,2,18-25,Other,Daily,Office,BEST Bus,5,4,4,4,4,0,0,1,0,1
Rajiv Chowk,2,46-60,Student,Daily,Office,BEST Bus,5,3,5,4,5,0,0,0,0,1
Rajiv Chowk,2,18-25,Service,Daily,Office,BEST Bus,4,3,4,4,4,0,1,0,0,1
Rajiv Chowk,2,26-35,Business,Daily,Shopping,BEST Bus,4,4,4,4,3,0,0,0,1,1
Rajiv Chowk,2,18-25,IT/Tech,Daily,Office,BEST Bus,4,4,4,4,4,0,0,0,1,1
Rajiv Chowk,2,36-45,IT/Tech,4-5x/week,Office,BEST Bus,4,4,4,3,4,0,0,0,0,1
Rajiv Chowk,2,18-25,IT/Tech,4-5x/week,Office,BEST Bus,4,4,5,4,4,0,1,0,0,1
Rajiv Chowk,2,36-45,Business,Daily,Leisure,BEST Bus,4,3,4,3,3,0,0,1,1,1
Rajiv Chowk,2,26-35,Service,4-5x/week,Shopping,BEST Bus,4,4,4,4,3,0,0,0,0,1
Rajiv Chowk,2,18-25,Student,2-3x/week,Shopping,BEST Bus,3,2,4,4,3,1,1,0,0,1
Rajiv Chowk,2,46-60,IT/Tech,Rarely,Leisure,BEST Bus,4,3,4,4,4,1,0,0,1,1
Rajiv Chowk,2,18-25,Business,Daily,Education,BEST Bus,4,4,5,3,4,0,0,0,1,1
Rajiv Chowk,2,36-45,Business,Daily,Office,BEST Bus,4,4,5,3,3,0,0,0,0,1
Rajiv Chowk,2,36-45,Service,Rarely,Shopping,BEST Bus,4,3,4,4,4,0,0,1,0,1
Rajiv Chowk,2,36-45,IT/Tech,Weekly,Office,BEST Bus,4,3,4,4,4,0,0,0,0,1
Rajiv Chowk,2,26-35,Student,Weekly,Shopping,BEST Bus,4,3,4,4,4,0,1,0,0,1
Rajiv Chowk,2,36-45,IT/Tech,4-5x/week,Office,BEST Bus,4,3,4,4,4,0,1,0,0,1
Rajiv Chowk,2,18-25,IT/Tech,4-5x/week,Office,BEST Bus,5,4,4,4,4,0,0,0,0,1
Rajiv Chowk,2,18-25,Student,Weekly,Office,BEST Bus,4,3,5,4,4,1,1,0,0,1
Rajiv Chowk,2,18-25,Service,4-5x/week,Office,BEST Bus,4,3,4,4,3,0,0,1,0,1
Rajiv Chowk,2,18-25,Business,Daily,Education,BEST Bus,3,3,4,4,4,0,0,0,0,1
Rajiv Chowk,2,26-35,IT/Tech,Rarely,Office,BEST Bus,3,4,3,4,4,0,1,1,0,0
Rajiv Chowk,2,36-45,IT/Tech,2-3x/week,Office,BEST Bus,3,4,4,4,3,0,0,1,0,1
Rajiv Chowk,2,18-25,Student,Daily,Office,BEST Bus,4,3,5,4,3,1,0,1,0,1
Rajiv Chowk,2,26-35,Student,Daily,Leisure,BEST Bus,4,5,4,4,4,0,0,0,1,1
Rajiv Chowk,2,26-35,Service,Weekly,Shopping,BEST Bus,4,3,5,4,4,0,0,0,0,1
Rajiv Chowk,2,36-45,Service,Daily,Shopping,BEST Bus,4,4,4,3,4,0,1,1,0,1
Rajiv Chowk,2,18-25,IT/Tech,4-5x/week,Office,BEST Bus,3,3,4,4,4,1,1,1,0,1
Rajiv Chowk,2,36-45,Service,Daily,Office,BEST Bus,4,4,4,4,4,0,0,0,1,1
Rajiv Chowk,2,18-25,Other,Daily,Office,BEST Bus,3,4,4,3,3,0,1,0,1,0
Rajiv Chowk,2,46-60,IT/Tech,2-3x/week,Office,BEST Bus,3,3,4,4,4,1,0,0,0,0
Rajiv Chowk,2,26-35,Student,Rarely,Office,BEST Bus,4,3,4,4,4,0,0,0,1,1
Rajiv Chowk,2,36-45,IT/Tech,4-5x/week,Leisure,BEST Bus,4,4,4,4,4,1,0,0,0,0
Rajiv Chowk,2,18-25,Service,Daily,Office,BEST Bus,4,3,3,4,4,1,0,0,0,1
Rajiv Chowk,2,26-35,Business,Daily,Office,BEST Bus,4,4,5,4,3,0,1,0,0,1
Rajiv Chowk,2,46-60,Student,Daily,Education,BEST Bus,5,4,4,4,4,0,0,0,0,1
Rajiv Chowk,2,46-60,IT/Tech,Weekly,Office,BEST Bus,4,3,5,3,4,0,0,0,0,1
Rajiv Chowk,2,26-35,Service,Daily,Office,BEST Bus,4,3,5,4,3,0,0,0,0,1
Rajiv Chowk,2,26-35,IT/Tech,Weekly,Shopping,BEST Bus,4,4,5,4,4,0,1,0,1,1
Rajiv Chowk,2,46-60,Service,Weekly,Leisure,BEST Bus,4,3,4,3,3,0,0,0,0,1
Rajiv Chowk,2,26-35,Business,4-5x/week,Shopping,BEST Bus,4,4,4,3,4,0,0,0,0,1
Rajiv Chowk,2,46-60,IT/Tech,Daily,Leisure,BEST Bus,5,4,5,4,4,0,0,0,0,1
Rajiv Chowk,2,26-35,Service,Rarely,Office,BEST Bus,4,3,4,3,3,0,0,1,1,1
Rajiv Chowk,2,18-25,Service,Daily,Shopping,BEST Bus,4,4,4,3,4,0,0,0,0,1
Rajiv Chowk,2,26-35,Business,Weekly,Leisure,BEST Bus,4,3,5,3,4,0,0,0,0,1
Rajiv Chowk,2,18-25,IT/Tech,Daily,Office,BEST Bus,4,4,4,4,4,0,0,1,0,1
Rajiv Chowk,2,26-35,Service,Daily,Shopping,BEST Bus,5,3,5,3,4,0,0,0,0,1
Rajiv Chowk,2,18-25,IT/Tech,Daily,Other,BEST Bus,4,3,4,4,3,0,0,1,1,1
Patel Chowk,2,18-25,IT/Tech,2-3x/week,Office,Auto Rickshaw,5,4,4,5,5,0,0,0,0,1
Patel Chowk,2,36-45,Service,Daily,Leisure,Auto Rickshaw,3,3,4,3,4,1,0,1,1,0
Patel Chowk,2,18-25,Student,Rarely,Office,Auto Rickshaw,4,3,5,3,3,0,0,0,1,0
Patel Chowk,2,60+,Business,2-3x/week,Leisure,Auto Rickshaw,4,4,4,4,3,0,0,0,0,1
Patel Chowk,2,18-25,Other,4-5x/week,Leisure,Auto Rickshaw,3,3,3,4,3,1,0,0,1,1
Patel Chowk,2,60+,Student,4-5x/week,Shopping,Auto Rickshaw,5,4,4,3,3,0,0,0,0,1
Patel Chowk,2,46-60,Student,Daily,Other,Auto Rickshaw,4,3,4,4,3,0,0,0,0,0
Patel Chowk,2,46-60,Student,Daily,Other,Auto Rickshaw,4,3,4,4,4,0,1,0,0,1
Patel Chowk,2,36-45,Service,Weekly,Other,Auto Rickshaw,4,4,4,4,4,0,0,1,0,0
Patel Chowk,2,36-45,Student,2-3x/week,Education,Auto Rickshaw,4,4,4,4,4,0,0,1,0,0
Patel Chowk,2,18-25,Service,Daily,Office,Auto Rickshaw,4,3,3,3,4,0,0,1,1,1
Patel Chowk,2,18-25,Service,Daily,Office,Auto Rickshaw,4,4,4,3,3,0,0,1,0,1
Patel Chowk,2,26-35,Other,Daily,Office,Auto Rickshaw,4,3,4,4,3,1,0,1,0,1
Patel Chowk,2,26-35,Student,2-3x/week,Shopping,Auto Rickshaw,4,3,4,4,4,0,1,0,1,0
Patel Chowk,2,26-35,IT/Tech,4-5x/week,Office,Auto Rickshaw,4,4,3,4,4,0,1,0,0,1
Patel Chowk,2,36-45,Service,4-5x/week,Other,Auto Rickshaw,4,4,3,4,4,1,0,1,1,0
Patel Chowk,2,26-35,Other,Daily,Office,Auto Rickshaw,4,3,5,4,3,1,0,0,0,0
Patel Chowk,2,18-25,IT/Tech,Weekly,Office,Auto Rickshaw,5,3,4,3,4,0,0,0,0,1
Patel Chowk,2,26-35,Other,Daily,Office,Auto Rickshaw,5,4,4,5,4,0,0,0,0,1
Patel Chowk,2,26-35,Other,Daily,Office,Auto Rickshaw,4,4,4,4,4,0,1,1,0,1
Patel Chowk,2,18-25,Student,Weekly,Office,Auto Rickshaw,4,3,3,4,3,1,1,0,0,1
Patel Chowk,2,46-60,Service,2-3x/week,Education,Auto Rickshaw,4,4,3,5,4,0,0,0,0,1
Patel Chowk,2,18-25,IT/Tech,4-5x/week,Office,Auto Rickshaw,3,3,4,4,4,0,0,0,0,1
Patel Chowk,2,46-60,IT/Tech,Weekly,Leisure,Auto Rickshaw,4,3,4,4,4,0,0,1,1,0
Patel Chowk,2,26-35,Service,Daily,Office,Auto Rickshaw,4,3,4,4,4,0,0,0,1,0
Patel Chowk,2,18-25,Business,Daily,Shopping,Auto Rickshaw,4,3,3,4,4,1,0,0,0,0
Patel Chowk,2,26-35,Other,Daily,Shopping,Auto Rickshaw,4,3,4,4,4,1,0,0,0,1
Patel Chowk,2,26-35,IT/Tech,Daily,Office,Auto Rickshaw,4,3,4,4,4,0,0,0,0,0
Patel Chowk,2,26-35,Service,2-3x/week,Office,Auto Rickshaw,5,4,4,5,3,0,0,0,0,0
Patel Chowk,2,26-35,Service,4-5x/week,Leisure,Auto Rickshaw,3,3,4,3,3,1,1,1,1,1
Patel Chowk,2,36-45,Service,Daily,Shopping,Auto Rickshaw,4,4,4,3,3,0,1,0,0,0
Patel Chowk,2,36-45,Service,2-3x/week,Office,Auto Rickshaw,4,4,4,4,4,0,0,1,0,0
Patel Chowk,2,26-35,Other,Daily,Shopping,Auto Rickshaw,3,3,4,4,3,1,0,0,0,0
Patel Chowk,2,46-60,Service,Daily,Office,Auto Rickshaw,3,4,3,4,4,0,1,0,1,1
Patel Chowk,2,36-45,IT/Tech,Daily,Office,Auto Rickshaw,4,4,2,5,4,0,0,1,1,0
Patel Chowk,2,26-35,Student,2-3x/week,Office,Auto Rickshaw,3,3,4,3,4,0,0,0,1,1
Patel Chowk,2,18-25,IT/Tech,4-5x/week,Shopping,Auto Rickshaw,4,4,4,4,3,0,1,1,1,1
Patel Chowk,2,26-35,Other,Rarely,Office,Auto Rickshaw,5,4,3,5,4,0,0,0,0,1
Patel Chowk,2,46-60,Other,Weekly,Education,Auto Rickshaw,3,3,3,4,4,1,1,1,0,1
Patel Chowk,2,18-25,IT/Tech,2-3x/week,Office,Auto Rickshaw,4,3,4,4,4,1,0,0,0,1
Patel Chowk,2,26-35,Service,2-3x/week,Office,Auto Rickshaw,4,3,4,5,4,1,0,0,0,1
Patel Chowk,2,26-35,Business,4-5x/week,Office,Auto Rickshaw,3,3,4,4,4,1,0,1,0,1
Patel Chowk,2,26-35,Service,Weekly,Office,Auto Rickshaw,3,4,3,4,4,1,0,0,0,0
Patel Chowk,2,18-25,Service,4-5x/week,Leisure,Auto Rickshaw,4,4,3,5,4,0,0,0,0,0
Patel Chowk,2,18-25,Other,Daily,Shopping,Auto Rickshaw,4,4,4,4,4,0,1,0,1,0
Patel Chowk,2,60+,IT/Tech,Daily,Office,Auto Rickshaw,4,4,4,4,4,0,0,1,1,1
Patel Chowk,2,26-35,Service,2-3x/week,Office,Auto Rickshaw,4,4,4,3,4,1,0,0,1,0
Patel Chowk,2,26-35,IT/Tech,Daily,Office,Auto Rickshaw,4,3,3,4,3,0,1,0,0,1
Patel Chowk,2,26-35,Service,2-3x/week,Leisure,Auto Rickshaw,5,4,4,4,4,0,0,0,1,1
Patel Chowk,2,18-25,Business,Rarely,Education,Auto Rickshaw,4,3,4,4,4,1,1,0,0,1
Patel Chowk,2,36-45,Student,Daily,Leisure,Auto Rickshaw,4,3,4,4,4,0,0,0,0,1
Patel Chowk,2,60+,Student,Daily,Office,Auto Rickshaw,4,3,3,4,4,0,0,0,0,0
Patel Chowk,2,36-45,IT/Tech,Daily,Education,Auto Rickshaw,4,3,3,5,4,0,0,0,0,1
Patel Chowk,2,26-35,Business,4-5x/week,Education,Auto Rickshaw,5,3,5,4,4,0,0,0,0,0
Patel Chowk,2,46-60,Service,4-5x/week,Education,Auto Rickshaw,4,3,4,4,4,1,0,0,0,1
Patel Chowk,2,46-60,Service,Daily,Office,Auto Rickshaw,4,4,4,3,4,0,0,0,0,1
Patel Chowk,2,26-35,IT/Tech,4-5x/week,Office,Auto Rickshaw,4,3,4,4,4,0,0,1,1,1
Patel Chowk,2,46-60,Service,4-5x/week,Office,Auto Rickshaw,4,4,4,3,4,0,0,0,1,1
Patel Chowk,2,36-45,Student,Daily,Other,Auto Rickshaw,4,3,4,4,4,1,0,0,0,0
Patel Chowk,2,36-45,Service,Daily,Office,Auto Rickshaw,3,4,4,4,3,0,0,1,1,0
Patel Chowk,2,18-25,Service,Daily,Shopping,Auto Rickshaw,4,4,4,4,4,0,0,0,1,1
Patel Chowk,2,26-35,Service,2-3x/week,Other,Auto Rickshaw,3,3,3,4,3,1,0,0,0,0
Patel Chowk,2,36-45,Student,Daily,Education,Auto Rickshaw,4,3,4,4,3,0,0,0,0,1
Patel Chowk,2,18-25,Service,Daily,Office,Auto Rickshaw,4,4,4,3,3,0,0,0,0,1
Patel Chowk,2,60+,Business,Daily,Office,Auto Rickshaw,4,3,3,3,4,0,0,0,1,1
Patel Chowk,2,26-35,IT/Tech,4-5x/week,Shopping,Auto Rickshaw,4,4,4,4,4,0,1,0,0,1
Patel Chowk,2,18-25,IT/Tech,2-3x/week,Leisure,Auto Rickshaw,4,3,4,4,4,0,1,0,0,0
Patel Chowk,2,36-45,IT/Tech,Daily,Other,Auto Rickshaw,4,5,3,3,3,0,0,0,0,0
Patel Chowk,2,18-25,IT/Tech,4-5x/week,Office,Auto Rickshaw,4,3,4,5,4,0,1,0,0,1
Patel Chowk,2,18-25,Service,2-3x/week,Other,Auto Rickshaw,4,2,4,4,3,1,1,1,0,0
Patel Chowk,2,36-45,IT/Tech,Weekly,Office,Auto Rickshaw,3,3,3,4,3,1,1,0,0,0
Patel Chowk,2,36-45,IT/Tech,4-5x/week,Education,Auto Rickshaw,4,3,4,4,3,0,0,1,0,1
Patel Chowk,2,18-25,IT/Tech,4-5x/week,Office,Auto Rickshaw,5,3,4,4,4,1,0,0,0,1
Patel Chowk,2,26-35,Service,Daily,Office,Auto Rickshaw,4,3,4,3,3,0,0,0,0,1
Patel Chowk,2,36-45,Student,Daily,Education,Auto Rickshaw,3,3,4,4,4,1,0,1,0,1
Patel Chowk,2,18-25,Service,Weekly,Office,Auto Rickshaw,4,3,4,4,3,1,0,1,0,1
Patel Chowk,2,36-45,Other,Daily,Other,Auto Rickshaw,4,4,5,3,4,1,0,1,0,1
Patel Chowk,2,36-45,IT/Tech,Daily,Office,Auto Rickshaw,4,3,4,4,3,0,0,0,0,1
Patel Chowk,2,18-25,Service,4-5x/week,Leisure,Auto Rickshaw,5,4,4,4,4,1,0,0,0,0
Patel Chowk,2,26-35,IT/Tech,Weekly,Office,Auto Rickshaw,4,4,4,4,4,0,0,0,1,1
Central Secretariat,2,46-60,IT/Tech,Weekly,Leisure,App Cab,3,4,4,5,3,1,0,0,0,1
Central Secretariat,2,26-35,Student,Daily,Leisure,App Cab,4,3,4,4,4,1,1,1,0,0
Central Secretariat,2,18-25,Business,4-5x/week,Education,App Cab,5,3,4,4,3,0,0,1,0,1
Central Secretariat,2,36-45,Business,Daily,Leisure,App Cab,4,3,3,4,3,0,1,0,0,1
Central Secretariat,2,18-25,Service,Daily,Shopping,App Cab,4,4,3,4,3,0,1,1,0,0
Central Secretariat,2,46-60,IT/Tech,4-5x/week,Office,App Cab,3,2,3,4,4,1,1,1,0,0
Central Secretariat,2,26-35,Service,Daily,Education,App Cab,4,3,3,4,4,0,1,0,0,1
Central Secretariat,2,18-25,IT/Tech,4-5x/week,Office,App Cab,5,4,3,4,3,0,0,1,1,0
Central Secretariat,2,18-25,Service,2-3x/week,Office,App Cab,4,4,3,4,3,0,0,1,1,1
Central Secretariat,2,18-25,Student,Daily,Leisure,App Cab,4,3,4,4,3,0,0,0,1,0
Central Secretariat,2,36-45,Student,Rarely,Education,App Cab,4,3,3,5,4,1,0,0,0,0
Central Secretariat,2,36-45,IT/Tech,2-3x/week,Office,App Cab,3,3,3,4,3,0,1,1,1,1
Central Secretariat,2,26-35,IT/Tech,2-3x/week,Shopping,App Cab,3,3,4,3,3,0,1,0,0,1
Central Secretariat,2,36-45,Business,Daily,Other,App Cab,3,3,3,4,4,1,1,0,0,1
Central Secretariat,2,36-45,Other,Weekly,Office,App Cab,3,3,3,4,3,0,1,0,1,1
Central Secretariat,2,18-25,Student,Daily,Office,App Cab,4,3,4,4,4,1,0,0,0,1
Central Secretariat,2,26-35,Student,2-3x/week,Office,App Cab,4,4,3,4,3,0,1,0,0,1
Central Secretariat,2,46-60,Student,Daily,Other,App Cab,4,3,4,4,4,0,0,1,0,1
Central Secretariat,2,36-45,IT/Tech,Daily,Education,App Cab,4,3,3,4,3,0,0,0,0,1
Central Secretariat,2,26-35,Business,Daily,Office,App Cab,4,3,4,3,2,0,0,1,1,1
Central Secretariat,2,26-35,IT/Tech,2-3x/week,Education,App Cab,4,3,3,3,4,0,1,1,0,1
Central Secretariat,2,36-45,Student,Weekly,Office,App Cab,4,3,4,4,4,1,0,0,1,1
Central Secretariat,2,46-60,IT/Tech,4-5x/week,Office,App Cab,4,3,3,3,3,0,0,1,0,1
Central Secretariat,2,18-25,Student,2-3x/week,Leisure,App Cab,3,3,3,4,4,0,1,1,0,1
Central Secretariat,2,46-60,Business,Daily,Shopping,App Cab,3,3,4,5,4,1,0,1,0,0
Central Secretariat,2,18-25,Student,Rarely,Office,App Cab,4,3,3,4,4,1,1,0,1,1
Central Secretariat,2,18-25,Service,Daily,Other,App Cab,4,3,3,4,4,0,0,0,0,1
Central Secretariat,2,36-45,Student,Weekly,Office,App Cab,4,4,3,4,4,1,0,0,1,0
Central Secretariat,2,26-35,Student,2-3x/week,Office,App Cab,4,4,4,4,3,0,1,0,1,1
Central Secretariat,2,26-35,Student,Daily,Office,App Cab,3,3,3,4,4,1,1,0,1,1
Central Secretariat,2,36-45,Service,Daily,Office,App Cab,5,4,4,4,3,0,0,0,1,1
Central Secretariat,2,26-35,Service,4-5x/week,Education,App Cab,4,4,3,4,3,0,0,0,0,1
Central Secretariat,2,26-35,Student,Weekly,Office,App Cab,4,3,4,4,4,0,0,1,1,1
Central Secretariat,2,26-35,IT/Tech,4-5x/week,Office,App Cab,4,2,4,4,4,0,0,0,0,1
Central Secretariat,2,26-35,Student,Weekly,Other,App Cab,4,3,4,4,3,1,0,1,0,1
Central Secretariat,2,26-35,IT/Tech,Rarely,Office,App Cab,3,4,3,4,3,0,0,1,1,0
Central Secretariat,2,26-35,Student,Daily,Office,App Cab,4,4,3,5,4,0,0,1,0,1
Central Secretariat,2,46-60,Service,4-5x/week,Office,App Cab,4,3,4,4,3,0,1,0,0,0
Central Secretariat,2,36-45,Business,4-5x/week,Leisure,App Cab,4,4,4,4,3,0,0,0,0,1
Central Secretariat,2,36-45,IT/Tech,Daily,Office,App Cab,5,4,5,5,5,0,0,0,0,1
Central Secretariat,2,26-35,Service,2-3x/week,Office,App Cab,4,4,3,4,3,0,1,0,0,1
Central Secretariat,2,26-35,IT/Tech,Daily,Leisure,App Cab,3,4,4,3,4,1,1,0,0,1
Central Secretariat,2,46-60,Business,2-3x/week,Office,App Cab,4,4,3,4,4,1,1,0,0,1
Central Secretariat,2,36-45,IT/Tech,4-5x/week,Leisure,App Cab,3,4,3,5,3,0,0,1,0,0
Central Secretariat,2,36-45,Service,2-3x/week,Education,App Cab,4,4,3,3,4,0,0,0,0,1
Central Secretariat,2,18-25,IT/Tech,4-5x/week,Leisure,App Cab,3,3,4,4,4,1,0,1,0,1
Central Secretariat,2,18-25,Business,4-5x/week,Office,App Cab,4,4,3,4,4,1,0,0,0,1
Central Secretariat,2,18-25,IT/Tech,Daily,Other,App Cab,4,3,4,4,5,0,0,1,0,1
Central Secretariat,2,26-35,Student,2-3x/week,Office,App Cab,4,3,4,4,3,1,0,1,0,1
Central Secretariat,2,46-60,IT/Tech,Daily,Office,App Cab,4,4,4,4,4,0,0,0,0,1
Central Secretariat,2,26-35,Service,4-5x/week,Shopping,App Cab,4,4,4,4,4,0,0,0,1,0
Central Secretariat,2,18-25,IT/Tech,2-3x/week,Office,App Cab,4,3,4,4,3,1,0,1,1,1
Central Secretariat,2,26-35,Service,4-5x/week,Office,App Cab,4,4,3,5,4,0,0,1,0,0
Central Secretariat,2,36-45,IT/Tech,Daily,Education,App Cab,3,3,3,4,3,0,0,1,0,1
Central Secretariat,2,36-45,Other,Daily,Office,App Cab,4,4,4,4,3,0,0,0,0,1
Central Secretariat,2,18-25,Service,4-5x/week,Office,App Cab,4,3,3,4,4,0,0,0,0,1
Central Secretariat,2,60+,Student,Daily,Office,App Cab,5,4,4,4,3,0,0,1,0,1
Central Secretariat,2,26-35,IT/Tech,Daily,Office,App Cab,3,3,3,3,3,1,1,1,0,1
Central Secretariat,2,46-60,IT/Tech,Daily,Education,App Cab,4,3,3,4,4,0,1,0,0,1
Central Secretariat,2,36-45,Business,4-5x/week,Shopping,App Cab,5,3,3,4,4,0,1,0,0,1
Central Secretariat,2,46-60,Business,4-5x/week,Office,App Cab,4,4,3,4,4,0,0,0,0,0
Central Secretariat,2,36-45,Student,4-5x/week,Office,App Cab,4,3,3,4,4,1,1,1,1,0
Central Secretariat,2,18-25,Business,4-5x/week,Office,App Cab,3,3,3,4,4,0,0,0,0,1
Central Secretariat,2,18-25,IT/Tech,4-5x/week,Office,App Cab,4,4,3,5,4,1,1,1,1,1
Central Secretariat,2,46-60,Other,Daily,Office,App Cab,3,3,2,4,3,0,1,1,0,1
Central Secretariat,2,46-60,Service,Weekly,Education,App Cab,4,4,3,5,3,0,0,0,0,1
Central Secretariat,2,18-25,Business,4-5x/week,Office,App Cab,4,4,4,4,3,0,1,1,0,1
Central Secretariat,2,36-45,Student,2-3x/week,Shopping,App Cab,5,4,4,3,4,0,1,1,0,1
Central Secretariat,2,18-25,IT/Tech,4-5x/week,Office,App Cab,4,3,3,4,3,0,1,0,0,1
Central Secretariat,2,26-35,Student,Daily,Office,App Cab,4,4,4,3,3,0,0,0,0,1
Central Secretariat,2,26-35,Other,2-3x/week,Office,App Cab,4,4,3,4,3,1,1,0,0,0
Central Secretariat,2,36-45,IT/Tech,Daily,Office,App Cab,4,3,3,4,4,1,0,0,0,1
Central Secretariat,2,36-45,Service,Rarely,Shopping,App Cab,4,4,3,4,3,0,1,0,0,1
Central Secretariat,2,36-45,Student,4-5x/week,Shopping,App Cab,4,3,4,5,3,1,1,0,0,1
Central Secretariat,2,18-25,Service,Daily,Other,App Cab,4,3,4,3,4,1,1,0,1,1
Central Secretariat,2,26-35,Service,Daily,Office,App Cab,3,3,4,4,3,1,1,1,0,1
Central Secretariat,2,26-35,Student,2-3x/week,Office,App Cab,4,3,4,3,4,1,0,0,1,1
Central Secretariat,2,26-35,Other,Daily,Leisure,App Cab,4,3,3,5,3,0,0,1,0,1
Central Secretariat,2,26-35,Service,Daily,Shopping,App Cab,3,3,3,4,3,0,0,1,0,1
Central Secretariat,2,36-45,Other,Weekly,Office,App Cab,4,3,4,3,4,0,0,0,0,1
Central Secretariat,2,36-45,IT/Tech,Daily,Office,App Cab,3,3,3,5,4,0,1,0,1,1
Central Secretariat,2,46-60,IT/Tech,Daily,Office,App Cab,4,3,4,4,3,1,0,1,0,1
Central Secretariat,2,26-35,IT/Tech,Daily,Office,App Cab,4,4,3,3,4,0,0,1,0,0
Central Secretariat,2,46-60,Service,4-5x/week,Education,App Cab,4,3,4,3,3,0,0,0,0,1
Central Secretariat,2,18-25,Student,4-5x/week,Office,App Cab,5,4,4,4,4,0,0,0,0,1
Central Secretariat,2,26-35,IT/Tech,4-5x/week,Other,App Cab,4,3,4,4,3,0,1,0,0,1
Central Secretariat,2,36-45,Service,Rarely,Education,App Cab,4,4,4,4,4,0,0,0,0,1
Central Secretariat,2,60+,Student,Daily,Shopping,App Cab,4,3,3,4,4,1,0,0,0,0
Central Secretariat,2,18-25,Student,Daily,Office,App Cab,3,3,3,4,3,0,0,0,0,1
Central Secretariat,2,36-45,Student,Daily,Education,App Cab,4,4,4,5,4,0,1,1,0,1
Central Secretariat,2,26-35,Student,Daily,Leisure,App Cab,3,4,4,4,4,1,1,0,0,1
Central Secretariat,2,26-35,Other,Daily,Office,App Cab,4,3,4,4,3,0,0,0,0,1
Central Secretariat,2,26-35,Student,Daily,Education,App Cab,4,3,4,4,3,1,0,0,0,0
Central Secretariat,2,26-35,Other,2-3x/week,Office,App Cab,4,3,4,4,4,1,1,0,0,1
Central Secretariat,2,36-45,Other,Daily,Office,App Cab,3,4,3,5,3,0,1,1,0,1
INA,2,46-60,Student,4-5x/week,Office,Auto Rickshaw,4,4,4,4,3,0,1,1,0,1
INA,2,18-25,Student,4-5x/week,Leisure,Auto Rickshaw,5,4,4,4,3,0,1,0,0,1
INA,2,26-35,Service,4-5x/week,Education,Auto Rickshaw,2,3,4,4,3,0,1,1,1,1
INA,2,36-45,Student,2-3x/week,Office,Auto Rickshaw,3,4,3,5,3,1,0,1,0,0
INA,2,36-45,IT/Tech,Daily,Office,Auto Rickshaw,4,4,3,4,3,0,0,0,1,1
INA,2,26-35,Service,Daily,Office,Auto Rickshaw,4,4,3,4,3,0,0,1,0,1
INA,2,26-35,Other,4-5x/week,Shopping,Auto Rickshaw,4,3,3,3,3,1,0,0,0,1
INA,2,26-35,IT/Tech,Daily,Office,Auto Rickshaw,4,5,3,5,3,0,0,0,0,1
INA,2,26-35,IT/Tech,Daily,Office,Auto Rickshaw,3,3,3,4,3,0,0,0,0,1
INA,2,18-25,Student,Weekly,Shopping,Auto Rickshaw,4,5,4,4,4,0,0,0,0,1
INA,2,26-35,IT/Tech,2-3x/week,Education,Auto Rickshaw,3,4,4,3,3,0,1,0,1,1
INA,2,36-45,Service,Daily,Office,Auto Rickshaw,4,3,4,4,4,1,0,1,0,1
INA,2,18-25,Student,2-3x/week,Office,Auto Rickshaw,4,5,4,4,3,0,0,0,0,0
INA,2,18-25,Service,Daily,Education,Auto Rickshaw,4,4,3,3,3,1,1,1,1,1
INA,2,26-35,Other,Daily,Office,Auto Rickshaw,4,3,4,4,4,1,0,0,0,1
INA,2,18-25,Business,Daily,Education,Auto Rickshaw,4,4,4,3,3,1,0,0,0,1
INA,2,26-35,Service,Daily,Office,Auto Rickshaw,3,4,3,4,3,1,0,1,0,0
INA,2,60+,Other,Daily,Other,Auto Rickshaw,4,5,4,4,3,0,1,0,0,1
INA,2,26-35,IT/Tech,4-5x/week,Education,Auto Rickshaw,3,4,3,4,3,0,1,0,0,1
INA,2,46-60,IT/Tech,Daily,Education,Auto Rickshaw,3,3,3,4,4,1,1,0,1,1
INA,2,36-45,Student,Daily,Leisure,Auto Rickshaw,4,5,4,4,2,1,0,1,0,1
INA,2,46-60,Student,Daily,Other,Auto Rickshaw,5,4,4,4,4,0,0,0,0,1
INA,2,46-60,IT/Tech,Daily,Shopping,Auto Rickshaw,3,3,4,4,4,0,0,1,0,1
INA,2,36-45,Service,4-5x/week,Education,Auto Rickshaw,5,4,4,4,4,0,0,1,0,1
INA,2,18-25,IT/Tech,Daily,Leisure,Auto Rickshaw,5,4,4,3,4,0,1,0,1,1
INA,2,26-35,IT/Tech,4-5x/week,Office,Auto Rickshaw,4,4,3,4,4,1,0,0,0,1
INA,2,36-45,Service,4-5x/week,Shopping,Auto Rickshaw,5,4,4,5,3,0,1,0,0,1
INA,2,26-35,Other,Daily,Shopping,Auto Rickshaw,4,4,4,4,4,0,0,0,0,1
INA,2,18-25,Business,2-3x/week,Education,Auto Rickshaw,4,4,3,3,3,0,0,0,1,1
INA,2,46-60,Service,4-5x/week,Leisure,Auto Rickshaw,4,4,3,5,3,0,0,0,0,1
INA,2,18-25,Service,4-5x/week,Shopping,Auto Rickshaw,4,4,4,4,4,0,0,0,0,1
INA,2,26-35,IT/Tech,Daily,Shopping,Auto Rickshaw,4,3,4,4,4,0,1,0,1,1
INA,2,46-60,Service,Daily,Leisure,Auto Rickshaw,4,4,4,4,3,0,0,0,0,1
INA,2,26-35,Student,4-5x/week,Shopping,Auto Rickshaw,4,4,3,4,3,0,0,1,0,1
INA,2,46-60,Business,Rarely,Office,Auto Rickshaw,4,4,4,3,4,0,0,0,1,0
INA,2,36-45,Service,Daily,Office,Auto Rickshaw,4,4,4,4,3,0,0,1,0,0
INA,2,26-35,Other,4-5x/week,Education,Auto Rickshaw,4,5,5,3,3,0,0,0,0,1
INA,2,26-35,Business,Daily,Office,Auto Rickshaw,4,5,4,4,4,0,0,1,1,1
INA,2,60+,IT/Tech,Weekly,Shopping,Auto Rickshaw,5,4,4,4,4,0,0,0,0,1
INA,2,26-35,Other,Daily,Leisure,Auto Rickshaw,4,4,4,4,3,0,0,0,0,1
INA,2,60+,IT/Tech,4-5x/week,Office,Auto Rickshaw,4,4,4,4,3,1,0,0,0,1
INA,2,18-25,Other,4-5x/week,Leisure,Auto Rickshaw,4,4,4,4,4,0,0,0,0,0
INA,2,26-35,Student,2-3x/week,Shopping,Auto Rickshaw,3,4,3,4,3,1,0,0,1,0
INA,2,36-45,Service,2-3x/week,Other,Auto Rickshaw,4,3,4,4,2,0,1,0,0,1
INA,2,18-25,Service,2-3x/week,Office,Auto Rickshaw,4,4,3,4,2,0,0,1,0,1
INA,2,18-25,Student,2-3x/week,Office,Auto Rickshaw,4,3,4,5,3,0,0,0,0,1
INA,2,36-45,Business,4-5x/week,Education,Auto Rickshaw,4,3,3,4,4,0,0,0,0,0
INA,2,26-35,Business,Daily,Shopping,Auto Rickshaw,4,4,4,3,3,0,0,1,0,1
INA,2,26-35,Service,Weekly,Leisure,Auto Rickshaw,4,4,4,4,4,0,0,0,1,0
INA,2,46-60,Business,Daily,Leisure,Auto Rickshaw,4,5,3,4,4,0,0,1,0,1
INA,2,18-25,Service,Daily,Office,Auto Rickshaw,4,4,4,4,4,1,1,0,0,1
INA,2,36-45,Service,Daily,Office,Auto Rickshaw,3,4,3,3,3,1,1,1,0,1
INA,2,18-25,IT/Tech,4-5x/week,Shopping,Auto Rickshaw,4,4,4,5,4,0,0,1,1,1
INA,2,36-45,Business,Daily,Office,Auto Rickshaw,4,4,3,4,3,1,0,0,1,1
INA,2,26-35,Student,4-5x/week,Other,Auto Rickshaw,5,4,4,4,3,0,1,0,0,1
INA,2,46-60,Service,4-5x/week,Shopping,Auto Rickshaw,4,4,4,3,3,0,0,0,0,1
INA,2,18-25,Student,Daily,Leisure,Auto Rickshaw,4,3,4,4,4,0,0,0,0,1
INA,2,46-60,Business,Daily,Leisure,Auto Rickshaw,4,4,4,4,3,0,1,0,1,1
INA,2,36-45,IT/Tech,Weekly,Office,Auto Rickshaw,4,4,4,3,3,0,1,1,0,1
INA,2,36-45,Service,2-3x/week,Office,Auto Rickshaw,3,4,4,4,3,1,0,0,0,1
INA,2,18-25,Service,Weekly,Shopping,Auto Rickshaw,3,3,4,4,3,0,0,1,0,1
INA,2,26-35,IT/Tech,Daily,Leisure,Auto Rickshaw,4,4,3,4,3,1,0,0,0,1
INA,2,26-35,Service,Weekly,Shopping,Auto Rickshaw,3,3,4,3,4,0,0,1,0,0
INA,2,36-45,Business,Weekly,Office,Auto Rickshaw,4,4,4,4,3,0,1,0,0,1
INA,2,26-35,IT/Tech,4-5x/week,Education,Auto Rickshaw,4,4,3,4,4,1,0,1,0,1
INA,2,26-35,Business,4-5x/week,Office,Auto Rickshaw,4,4,4,4,3,0,1,0,0,1
INA,2,18-25,Other,Daily,Office,Auto Rickshaw,4,5,4,4,3,0,0,1,0,1
INA,2,26-35,IT/Tech,4-5x/week,Other,Auto Rickshaw,4,4,3,4,4,0,0,0,0,0
INA,2,26-35,Service,2-3x/week,Office,Auto Rickshaw,4,4,3,2,3,1,0,0,0,1
INA,2,18-25,IT/Tech,4-5x/week,Office,Auto Rickshaw,4,4,4,4,4,0,0,1,0,1
INA,2,26-35,Student,Daily,Office,Auto Rickshaw,4,4,4,3,4,1,1,0,0,0
INA,2,26-35,Service,Daily,Leisure,Auto Rickshaw,3,3,4,4,3,1,0,1,0,1
INA,2,26-35,Student,2-3x/week,Office,Auto Rickshaw,5,4,4,4,3,0,0,0,0,1
INA,2,18-25,Business,4-5x/week,Office,Auto Rickshaw,5,4,3,4,4,0,0,0,1,1
INA,2,46-60,Business,4-5x/week,Office,Auto Rickshaw,4,4,3,4,4,0,0,0,0,1
INA,2,26-35,Service,Rarely,Education,Auto Rickshaw,4,4,4,4,3,0,0,1,0,1
INA,2,36-45,Business,Daily,Office,Auto Rickshaw,3,3,4,4,3,0,0,0,1,1
INA,2,26-35,Other,Daily,Leisure,Auto Rickshaw,4,4,4,4,4,1,1,0,1,1
INA,2,36-45,Student,Daily,Leisure,Auto Rickshaw,4,3,3,5,3,0,0,0,1,1
INA,2,26-35,IT/Tech,2-3x/week,Education,Auto Rickshaw,4,4,4,4,4,0,0,1,0,0
INA,2,46-60,Business,2-3x/week,Office,Auto Rickshaw,4,4,4,3,3,0,0,1,1,1
INA,2,36-45,Business,2-3x/week,Education,Auto Rickshaw,4,4,4,4,4,0,0,1,1,1
INA,2,36-45,Student,Weekly,Office,Auto Rickshaw,4,4,3,4,3,1,0,0,1,1
INA,2,26-35,Student,Daily,Office,Auto Rickshaw,4,4,4,4,3,0,0,0,1,1
INA,2,46-60,Service,Daily,Shopping,Auto Rickshaw,4,4,4,3,3,0,0,0,0,1
INA,2,26-35,Service,4-5x/week,Office,Auto Rickshaw,3,3,3,4,4,0,0,0,0,0
INA,2,18-25,Business,Daily,Office,Auto Rickshaw,4,4,4,3,3,0,1,1,1,1
INA,2,36-45,Business,4-5x/week,Office,Auto Rickshaw,5,5,4,4,4,0,1,0,0,1
INA,2,36-45,IT/Tech,Daily,Office,Auto Rickshaw,4,4,4,4,3,0,0,0,0,0
INA,2,46-60,IT/Tech,Daily,Office,Auto Rickshaw,3,3,4,4,3,0,1,0,0,1
INA,2,36-45,Service,4-5x/week,Office,Auto Rickshaw,5,4,4,4,4,1,0,1,0,1
INA,2,36-45,Service,Daily,Shopping,Auto Rickshaw,4,4,4,4,4,0,1,0,0,1
INA,2,26-35,Business,Rarely,Office,Auto Rickshaw,5,4,3,5,3,0,0,0,0,1
INA,2,18-25,IT/Tech,Daily,Office,Auto Rickshaw,5,4,4,4,4,0,0,0,0,1
INA,2,18-25,Business,Weekly,Other,Auto Rickshaw,4,4,4,4,3,0,0,0,0,0
AIIMS,2,36-45,Business,4-5x/week,Education,Auto Rickshaw,4,4,4,3,4,0,0,0,0,0
AIIMS,2,26-35,Student,Daily,Shopping,Auto Rickshaw,3,3,5,4,3,0,0,0,1,0
AIIMS,2,26-35,Service,4-5x/week,Office,Auto Rickshaw,3,4,3,4,3,0,0,0,0,1
AIIMS,2,46-60,Student,Daily,Office,Auto Rickshaw,4,4,3,4,4,0,1,0,0,1
AIIMS,2,26-35,IT/Tech,Daily,Office,Auto Rickshaw,4,3,4,4,3,0,0,1,0,1
AIIMS,2,18-25,IT/Tech,Daily,Shopping,Auto Rickshaw,3,3,4,4,4,1,1,1,0,1
AIIMS,2,46-60,Student,4-5x/week,Office,Auto Rickshaw,4,4,4,4,4,1,0,1,1,1
AIIMS,2,36-45,IT/Tech,4-5x/week,Education,Auto Rickshaw,4,3,4,4,3,0,0,1,0,1
AIIMS,2,26-35,IT/Tech,2-3x/week,Office,Auto Rickshaw,4,4,3,4,4,0,0,0,0,1
AIIMS,2,36-45,Other,4-5x/week,Other,Auto Rickshaw,4,3,4,4,4,1,0,0,0,1
AIIMS,2,18-25,Business,2-3x/week,Education,Auto Rickshaw,4,3,4,4,4,0,1,0,0,1
AIIMS,2,46-60,IT/Tech,Weekly,Office,Auto Rickshaw,4,4,4,4,4,1,0,0,0,0
AIIMS,2,18-25,Business,Daily,Leisure,Auto Rickshaw,5,4,4,3,4,0,0,0,1,1
AIIMS,2,18-25,IT/Tech,2-3x/week,Shopping,Auto Rickshaw,4,4,4,4,3,0,0,1,0,0
AIIMS,2,26-35,Business,Daily,Office,Auto Rickshaw,4,4,4,4,3,1,0,0,0,0
AIIMS,2,26-35,Service,Daily,Office,Auto Rickshaw,4,4,3,3,3,0,1,1,1,0
AIIMS,2,18-25,Service,Rarely,Office,Auto Rickshaw,4,3,4,4,4,1,0,1,0,1
AIIMS,2,36-45,Student,Daily,Office,Auto Rickshaw,4,3,3,4,4,0,1,1,0,0
AIIMS,2,18-25,IT/Tech,Weekly,Office,Auto Rickshaw,4,4,4,5,3,0,0,1,0,0
AIIMS,2,46-60,Other,2-3x/week,Office,Auto Rickshaw,4,4,4,4,3,0,0,0,0,0
AIIMS,2,26-35,IT/Tech,Weekly,Office,Auto Rickshaw,3,4,3,4,3,1,1,0,0,1
AIIMS,2,26-35,Other,4-5x/week,Office,Auto Rickshaw,4,4,4,4,3,0,1,0,0,1
AIIMS,2,18-25,IT/Tech,4-5x/week,Office,Auto Rickshaw,4,3,4,4,4,1,0,0,0,1
AIIMS,2,36-45,IT/Tech,Daily,Office,Auto Rickshaw,4,4,3,4,4,0,0,0,1,1
AIIMS,2,18-25,IT/Tech,Daily,Education,Auto Rickshaw,4,4,4,4,4,1,0,0,0,0
AIIMS,2,18-25,Service,2-3x/week,Office,Auto Rickshaw,4,4,4,4,3,1,0,0,1,1
AIIMS,2,26-35,Student,Daily,Office,Auto Rickshaw,3,4,4,3,3,1,1,0,0,0
AIIMS,2,36-45,Student,4-5x/week,Leisure,Auto Rickshaw,4,4,3,4,4,1,0,0,1,1
AIIMS,2,46-60,Business,Rarely,Education,Auto Rickshaw,4,3,4,3,5,1,0,0,1,1
AIIMS,2,36-45,Service,Daily,Leisure,Auto Rickshaw,4,3,4,4,3,1,0,0,0,1
AIIMS,2,36-45,Service,2-3x/week,Other,Auto Rickshaw,4,4,4,4,4,0,0,1,1,1
AIIMS,2,36-45,Service,Daily,Education,Auto Rickshaw,4,3,4,4,4,0,0,0,0,1
AIIMS,2,36-45,Student,Daily,Shopping,Auto Rickshaw,4,3,5,3,4,0,0,0,0,0
AIIMS,2,36-45,Other,4-5x/week,Office,Auto Rickshaw,5,4,4,4,4,0,1,0,0,1
AIIMS,2,26-35,Service,4-5x/week,Shopping,Auto Rickshaw,4,3,3,4,4,1,0,1,0,1
AIIMS,2,18-25,Service,2-3x/week,Education,Auto Rickshaw,5,4,4,5,4,0,0,1,0,1
AIIMS,2,46-60,Service,Daily,Shopping,Auto Rickshaw,4,3,5,5,3,1,0,1,0,1
AIIMS,2,46-60,IT/Tech,Daily,Office,Auto Rickshaw,3,4,4,4,4,0,0,0,0,1
AIIMS,2,36-45,Student,Weekly,Other,Auto Rickshaw,5,4,4,4,4,0,0,0,0,0
AIIMS,2,26-35,IT/Tech,4-5x/week,Office,Auto Rickshaw,4,4,4,4,4,0,0,0,1,1
AIIMS,2,36-45,Business,4-5x/week,Shopping,Auto Rickshaw,4,4,4,4,3,0,0,0,0,1
AIIMS,2,26-35,IT/Tech,Daily,Other,Auto Rickshaw,4,4,4,4,3,0,0,1,0,0
AIIMS,2,26-35,IT/Tech,Weekly,Leisure,Auto Rickshaw,5,4,3,4,4,0,1,0,0,1
AIIMS,2,18-25,IT/Tech,Weekly,Office,Auto Rickshaw,4,4,4,5,3,0,0,0,0,1
AIIMS,2,18-25,Service,4-5x/week,Office,Auto Rickshaw,4,4,4,4,3,1,0,1,0,0
AIIMS,2,26-35,Business,Daily,Education,Auto Rickshaw,4,4,4,4,4,0,0,0,0,1
AIIMS,2,36-45,Other,Rarely,Education,Auto Rickshaw,4,4,4,4,2,1,0,1,0,1
AIIMS,2,36-45,Service,Weekly,Office,Auto Rickshaw,4,3,4,4,4,0,0,0,0,0
AIIMS,2,26-35,IT/Tech,4-5x/week,Shopping,Auto Rickshaw,4,3,4,4,4,0,0,0,1,1
AIIMS,2,26-35,Student,4-5x/week,Leisure,Auto Rickshaw,5,4,4,4,4,0,1,1,0,1
AIIMS,2,36-45,Student,Daily,Office,Auto Rickshaw,2,3,4,4,3,0,0,1,0,1
AIIMS,2,46-60,Student,Daily,Office,Auto Rickshaw,4,3,4,3,4,0,0,0,1,1
AIIMS,2,46-60,Service,4-5x/week,Shopping,Auto Rickshaw,4,4,3,4,4,1,0,0,0,1
AIIMS,2,26-35,Student,4-5x/week,Education,Auto Rickshaw,4,4,4,4,4,1,0,0,0,0
AIIMS,2,18-25,IT/Tech,4-5x/week,Leisure,Auto Rickshaw,4,4,3,4,4,0,1,0,0,0
AIIMS,2,36-45,IT/Tech,2-3x/week,Shopping,Auto Rickshaw,4,4,3,4,3,1,1,1,0,1
AIIMS,2,26-35,Other,4-5x/week,Office,Auto Rickshaw,4,4,4,4,3,1,0,1,0,0
AIIMS,2,36-45,IT/Tech,Weekly,Education,Auto Rickshaw,5,5,5,4,4,0,0,1,1,1
AIIMS,2,18-25,Service,Daily,Leisure,Auto Rickshaw,3,3,3,4,4,1,1,1,0,1
AIIMS,2,36-45,IT/Tech,Rarely,Office,Auto Rickshaw,5,4,4,3,3,0,0,0,0,1
AIIMS,2,26-35,IT/Tech,Daily,Office,Auto Rickshaw,3,3,4,4,3,1,0,1,0,1
AIIMS,2,26-35,Other,Daily,Education,Auto Rickshaw,4,3,4,4,4,1,0,0,0,1
AIIMS,2,26-35,IT/Tech,4-5x/week,Office,Auto Rickshaw,5,4,5,4,4,0,0,0,1,1
AIIMS,2,18-25,Service,Daily,Other,Auto Rickshaw,4,4,4,4,3,0,0,1,0,0
AIIMS,2,26-35,Business,Daily,Office,Auto Rickshaw,4,4,4,4,4,0,1,0,0,1
AIIMS,2,18-25,IT/Tech,2-3x/week,Office,Auto Rickshaw,4,4,4,4,3,1,0,1,0,0
AIIMS,2,18-25,IT/Tech,Daily,Other,Auto Rickshaw,3,4,4,3,4,0,0,0,0,1
AIIMS,2,26-35,Service,2-3x/week,Office,Auto Rickshaw,3,3,4,4,3,0,0,1,0,1
AIIMS,2,26-35,IT/Tech,Daily,Office,Auto Rickshaw,3,4,3,4,3,0,0,1,1,0
AIIMS,2,26-35,IT/Tech,Daily,Office,Auto Rickshaw,4,4,4,4,4,0,1,0,0,1
AIIMS,2,60+,Student,Daily,Other,Auto Rickshaw,4,3,4,4,4,0,1,0,0,1
AIIMS,2,26-35,IT/Tech,4-5x/week,Other,Auto Rickshaw,3,3,4,4,4,1,0,0,1,1
AIIMS,2,36-45,Student,Daily,Office,Auto Rickshaw,4,4,4,4,3,0,0,0,0,1
AIIMS,2,18-25,Other,Daily,Shopping,Auto Rickshaw,3,4,3,4,3,0,0,1,0,1
AIIMS,2,26-35,IT/Tech,Daily,Shopping,Auto Rickshaw,4,4,4,4,3,0,0,1,1,1
AIIMS,2,46-60,IT/Tech,Daily,Office,Auto Rickshaw,4,4,5,3,3,0,0,0,0,1
AIIMS,2,36-45,IT/Tech,4-5x/week,Office,Auto Rickshaw,4,3,4,4,3,0,0,0,0,1
AIIMS,2,36-45,IT/Tech,4-5x/week,Leisure,Auto Rickshaw,4,4,3,3,3,0,0,0,0,0
AIIMS,2,26-35,Service,Daily,Office,Auto Rickshaw,4,4,3,4,4,0,1,0,0,1
AIIMS,2,26-35,Service,Daily,Education,Auto Rickshaw,4,4,4,4,3,1,0,1,1,1
AIIMS,2,26-35,IT/Tech,Weekly,Office,Auto Rickshaw,4,4,4,3,3,0,0,0,1,1
AIIMS,2,18-25,Service,Daily,Education,Auto Rickshaw,4,4,4,3,4,0,0,0,0,0
AIIMS,2,46-60,IT/Tech,Weekly,Office,Auto Rickshaw,5,5,4,4,5,0,0,0,0,1
AIIMS,2,18-25,Student,Daily,Office,Auto Rickshaw,4,4,3,3,3,0,0,0,0,1
AIIMS,2,26-35,Service,Rarely,Office,Auto Rickshaw,3,4,4,4,3,0,1,1,0,1
AIIMS,2,26-35,Student,Daily,Other,Auto Rickshaw,4,3,4,4,4,0,0,0,0,1
AIIMS,2,18-25,Service,4-5x/week,Office,Auto Rickshaw,3,4,4,4,3,1,0,0,0,1
AIIMS,2,26-35,Service,Daily,Office,Auto Rickshaw,3,4,5,3,3,0,0,1,1,0
AIIMS,2,18-25,Student,Weekly,Office,Auto Rickshaw,4,4,3,3,4,0,1,0,0,1
AIIMS,2,60+,IT/Tech,Daily,Office,Auto Rickshaw,4,4,3,4,3,0,0,1,1,1
AIIMS,2,18-25,Student,2-3x/week,Shopping,Auto Rickshaw,4,3,4,4,3,1,0,1,1,1
AIIMS,2,26-35,Service,Daily,Office,Auto Rickshaw,3,4,4,4,3,0,0,0,1,1
AIIMS,2,26-35,Service,4-5x/week,Education,Auto Rickshaw,4,4,4,4,4,0,0,0,0,1
AIIMS,2,18-25,Service,2-3x/week,Education,Auto Rickshaw,4,4,4,4,4,0,1,0,0,1
AIIMS,2,26-35,Student,4-5x/week,Leisure,Auto Rickshaw,4,4,4,4,3,0,0,0,1,1
Hauz Khas,2,18-25,IT/Tech,Daily,Office,Auto Rickshaw,3,4,4,4,4,0,0,1,0,1
Hauz Khas,2,18-25,Service,4-5x/week,Office,Auto Rickshaw,5,4,3,4,4,0,0,0,0,1
Hauz Khas,2,26-35,Other,4-5x/week,Education,Auto Rickshaw,4,4,4,3,3,1,0,1,1,1
Hauz Khas,2,36-45,Service,Daily,Shopping,Auto Rickshaw,4,4,3,4,3,0,0,0,0,1
Hauz Khas,2,36-45,IT/Tech,4-5x/week,Leisure,Auto Rickshaw,4,4,3,4,2,0,1,0,1,1
Hauz Khas,2,18-25,IT/Tech,Daily,Leisure,Auto Rickshaw,4,5,3,4,3,0,0,0,1,1
Hauz Khas,2,26-35,Service,4-5x/week,Leisure,Auto Rickshaw,4,3,4,4,3,0,0,0,0,1
Hauz Khas,2,26-35,IT/Tech,Daily,Shopping,Auto Rickshaw,5,4,4,4,3,0,0,1,0,1
Hauz Khas,2,46-60,Business,Daily,Leisure,Auto Rickshaw,5,4,4,4,4,1,0,1,0,1
Hauz Khas,2,26-35,Other,4-5x/week,Office,Auto Rickshaw,4,4,3,4,4,0,1,0,0,1
Hauz Khas,2,26-35,Other,Daily,Shopping,Auto Rickshaw,4,4,4,4,3,0,1,0,0,1
Hauz Khas,2,36-45,Service,Rarely,Office,Auto Rickshaw,3,4,3,3,3,1,0,0,1,1
Hauz Khas,2,36-45,Service,Rarely,Office,Auto Rickshaw,4,5,3,4,3,0,1,0,0,1
Hauz Khas,2,46-60,Service,Daily,Office,Auto Rickshaw,5,4,4,3,4,0,0,0,1,1
Hauz Khas,2,18-25,IT/Tech,4-5x/week,Office,Auto Rickshaw,4,4,4,4,3,0,0,0,0,0
Hauz Khas,2,60+,Student,4-5x/week,Other,Auto Rickshaw,3,4,3,4,3,0,1,0,0,1
Hauz Khas,2,26-35,IT/Tech,Daily,Office,Auto Rickshaw,4,4,3,4,4,0,1,1,0,1
Hauz Khas,2,46-60,IT/Tech,Daily,Leisure,Auto Rickshaw,4,3,3,4,4,1,0,0,0,1
Hauz Khas,2,26-35,Business,Rarely,Office,Auto Rickshaw,4,4,3,3,4,0,1,1,0,1
Hauz Khas,2,46-60,Business,Daily,Shopping,Auto Rickshaw,4,4,4,4,3,0,0,1,0,1
Hauz Khas,2,46-60,Other,4-5x/week,Office,Auto Rickshaw,4,4,4,4,3,1,1,0,0,0
Hauz Khas,2,36-45,Service,4-5x/week,Other,Auto Rickshaw,4,4,4,4,4,1,0,0,0,1
Hauz Khas,2,36-45,Business,Daily,Office,Auto Rickshaw,4,5,4,4,4,0,1,0,0,1
Hauz Khas,2,26-35,Service,4-5x/week,Shopping,Auto Rickshaw,3,3,3,4,4,0,0,0,0,0
Hauz Khas,2,18-25,IT/Tech,Weekly,Other,Auto Rickshaw,4,4,4,4,3,0,0,0,0,1
Hauz Khas,2,26-35,Service,Daily,Shopping,Auto Rickshaw,4,4,4,3,3,1,0,0,1,1
Hauz Khas,2,36-45,Service,Daily,Leisure,Auto Rickshaw,5,4,4,4,4,0,0,0,0,1
Hauz Khas,2,26-35,Service,Daily,Office,Auto Rickshaw,4,4,3,4,3,0,0,0,0,1
Hauz Khas,2,26-35,Business,2-3x/week,Office,Auto Rickshaw,5,4,4,3,3,1,0,0,0,1
Hauz Khas,2,26-35,Service,4-5x/week,Office,Auto Rickshaw,5,4,5,3,5,0,0,0,1,1
Hauz Khas,2,36-45,Other,4-5x/week,Office,Auto Rickshaw,5,5,3,4,4,0,1,0,0,1
Hauz Khas,2,18-25,IT/Tech,2-3x/week,Office,Auto Rickshaw,4,4,3,4,4,0,0,0,1,0
Hauz Khas,2,18-25,Student,Rarely,Shopping,Auto Rickshaw,3,4,3,4,3,0,0,1,1,1
Hauz Khas,2,26-35,Other,Daily,Other,Auto Rickshaw,4,4,3,4,3,0,0,0,0,1
Hauz Khas,2,26-35,Service,2-3x/week,Shopping,Auto Rickshaw,4,4,3,5,4,1,1,0,0,1
Hauz Khas,2,18-25,Business,Daily,Leisure,Auto Rickshaw,4,3,3,3,4,0,0,1,1,1
Hauz Khas,2,26-35,Student,Daily,Education,Auto Rickshaw,5,4,4,4,3,0,0,0,0,1
Hauz Khas,2,36-45,IT/Tech,Daily,Office,Auto Rickshaw,4,4,4,3,3,0,1,0,1,1
Hauz Khas,2,18-25,Student,Daily,Shopping,Auto Rickshaw,4,4,4,4,3,0,0,0,1,1
Hauz Khas,2,60+,Student,Weekly,Office,Auto Rickshaw,4,3,4,3,3,0,1,0,1,1
Hauz Khas,2,26-35,IT/Tech,4-5x/week,Office,Auto Rickshaw,5,4,4,4,3,0,1,0,0,1
Hauz Khas,2,18-25,Service,4-5x/week,Leisure,Auto Rickshaw,4,4,4,4,3,0,0,0,0,1
Hauz Khas,2,46-60,IT/Tech,Daily,Office,Auto Rickshaw,4,4,4,3,4,1,0,0,1,0
Hauz Khas,2,46-60,IT/Tech,Daily,Office,Auto Rickshaw,4,4,4,3,4,0,0,1,0,1
Hauz Khas,2,18-25,Other,Weekly,Office,Auto Rickshaw,4,4,4,3,4,0,0,0,1,0
Hauz Khas,2,26-35,Other,2-3x/week,Shopping,Auto Rickshaw,3,4,3,4,3,0,0,0,1,1
Hauz Khas,2,18-25,Student,4-5x/week,Office,Auto Rickshaw,3,4,4,4,3,1,0,0,1,1
Hauz Khas,2,18-25,Service,Daily,Education,Auto Rickshaw,4,4,3,4,4,0,1,0,0,1
Hauz Khas,2,26-35,Service,Daily,Office,Auto Rickshaw,3,3,3,3,3,0,1,1,1,1
Hauz Khas,2,26-35,IT/Tech,Rarely,Shopping,Auto Rickshaw,4,5,4,4,3,0,0,0,0,1
Hauz Khas,2,18-25,Service,Daily,Leisure,Auto Rickshaw,5,4,4,5,4,0,0,0,0,1
Hauz Khas,2,26-35,Business,Daily,Office,Auto Rickshaw,4,4,4,4,3,0,1,1,0,1
Hauz Khas,2,46-60,Service,4-5x/week,Shopping,Auto Rickshaw,4,4,4,3,3,0,0,1,0,1
Hauz Khas,2,26-35,Service,Weekly,Office,Auto Rickshaw,4,5,3,4,3,1,0,0,0,1
Hauz Khas,2,60+,IT/Tech,Daily,Office,Auto Rickshaw,4,4,4,3,3,0,0,0,0,1
Hauz Khas,2,18-25,Other,2-3x/week,Office,Auto Rickshaw,4,4,4,4,4,0,1,0,0,1
Hauz Khas,2,60+,IT/Tech,Daily,Office,Auto Rickshaw,4,4,3,3,3,0,0,1,0,1
Hauz Khas,2,36-45,Service,4-5x/week,Other,Auto Rickshaw,4,4,4,4,3,1,1,0,0,1
Hauz Khas,2,26-35,Service,Daily,Leisure,Auto Rickshaw,4,3,3,3,4,0,0,1,1,1
Hauz Khas,2,26-35,Service,Weekly,Leisure,Auto Rickshaw,4,4,3,4,4,1,0,1,0,1
Hauz Khas,2,26-35,Student,2-3x/week,Office,Auto Rickshaw,4,4,3,3,3,0,0,1,0,1
Hauz Khas,2,36-45,Student,Rarely,Shopping,Auto Rickshaw,5,4,3,4,4,0,1,1,0,1
Hauz Khas,2,26-35,Student,4-5x/week,Education,Auto Rickshaw,3,4,3,4,3,1,1,1,1,0
Hauz Khas,2,36-45,IT/Tech,Weekly,Office,Auto Rickshaw,4,4,3,4,3,0,0,0,0,1
Hauz Khas,2,46-60,Other,4-5x/week,Shopping,Auto Rickshaw,4,4,4,4,3,1,0,1,0,1
Hauz Khas,2,18-25,Student,4-5x/week,Leisure,Auto Rickshaw,4,4,4,4,4,0,1,0,0,1
Hauz Khas,2,36-45,Business,Daily,Leisure,Auto Rickshaw,4,3,3,4,4,0,0,0,0,0
Hauz Khas,2,46-60,IT/Tech,2-3x/week,Other,Auto Rickshaw,4,4,4,3,5,1,0,1,0,0
Hauz Khas,2,36-45,Other,Daily,Office,Auto Rickshaw,5,5,4,4,3,0,0,0,0,1
Hauz Khas,2,26-35,Student,4-5x/week,Leisure,Auto Rickshaw,4,4,3,3,3,0,0,1,1,0
Hauz Khas,2,26-35,Service,4-5x/week,Other,Auto Rickshaw,4,3,3,5,4,0,0,0,0,1
Hauz Khas,2,18-25,IT/Tech,2-3x/week,Shopping,Auto Rickshaw,4,4,4,4,3,0,1,0,0,0
Hauz Khas,2,26-35,IT/Tech,4-5x/week,Office,Auto Rickshaw,4,3,4,4,3,0,0,1,0,1
Hauz Khas,2,18-25,Business,4-5x/week,Office,Auto Rickshaw,4,4,4,4,3,0,0,0,1,1
Hauz Khas,2,60+,Service,4-5x/week,Office,Auto Rickshaw,3,3,4,4,3,1,1,1,1,1
Hauz Khas,2,18-25,Student,4-5x/week,Office,Auto Rickshaw,4,4,4,4,4,0,0,1,0,1
Hauz Khas,2,26-35,Student,Daily,Other,Auto Rickshaw,3,4,4,3,3,0,1,1,0,0
Hauz Khas,2,26-35,Business,2-3x/week,Other,Auto Rickshaw,4,4,4,4,4,0,0,0,0,1
Hauz Khas,2,46-60,Service,2-3x/week,Other,Auto Rickshaw,3,4,3,4,4,1,0,0,1,1
Hauz Khas,2,26-35,Other,4-5x/week,Office,Auto Rickshaw,4,4,3,4,4,0,1,0,0,1
Hauz Khas,2,26-35,IT/Tech,Daily,Education,Auto Rickshaw,4,4,4,4,3,0,0,0,0,0
Hauz Khas,2,18-25,Business,Daily,Office,Auto Rickshaw,5,5,4,3,4,0,1,0,0,0
Hauz Khas,2,18-25,Service,2-3x/week,Office,Auto Rickshaw,5,4,4,4,4,0,0,0,0,1
Hauz Khas,2,18-25,IT/Tech,Weekly,Office,Auto Rickshaw,4,4,4,3,3,0,0,0,0,1
Hauz Khas,2,18-25,Service,Daily,Other,Auto Rickshaw,3,4,3,4,3,0,1,1,0,1
Hauz Khas,2,18-25,Business,Weekly,Shopping,Auto Rickshaw,4,4,4,4,3,0,0,0,1,1
Hauz Khas,2,26-35,Student,Daily,Leisure,Auto Rickshaw,4,3,4,4,4,0,0,1,0,0
Hauz Khas,2,18-25,IT/Tech,Weekly,Office,Auto Rickshaw,3,5,3,4,3,1,0,1,0,0
Hauz Khas,2,36-45,IT/Tech,Weekly,Office,Auto Rickshaw,4,3,3,4,3,0,0,0,0,1
Hauz Khas,2,18-25,Student,4-5x/week,Education,Auto Rickshaw,4,4,3,5,3,0,0,1,0,1
Hauz Khas,2,60+,IT/Tech,Rarely,Shopping,Auto Rickshaw,4,4,4,4,3,1,1,0,0,0
Hauz Khas,2,26-35,IT/Tech,4-5x/week,Leisure,Auto Rickshaw,3,3,4,4,3,0,0,1,0,0
Hauz Khas,2,18-25,Student,Daily,Office,Auto Rickshaw,4,4,3,3,3,0,1,0,1,0
Hauz Khas,2,36-45,Service,2-3x/week,Office,Auto Rickshaw,4,4,4,4,4,0,1,0,0,1
Hauz Khas,2,18-25,IT/Tech,Daily,Leisure,Auto Rickshaw,3,3,3,4,3,1,0,0,1,1
Malviya Nagar,2,60+,Student,Daily,Office,Auto Rickshaw,4,4,3,3,3,1,0,0,1,0
Malviya Nagar,2,18-25,IT/Tech,2-3x/week,Other,Auto Rickshaw,4,4,4,5,4,0,0,0,0,1
Malviya Nagar,2,26-35,Service,Daily,Education,Auto Rickshaw,4,4,3,4,3,0,1,1,1,0
Malviya Nagar,2,26-35,IT/Tech,2-3x/week,Office,Auto Rickshaw,4,4,4,4,3,0,1,0,0,0
Malviya Nagar,2,18-25,IT/Tech,2-3x/week,Office,Auto Rickshaw,4,4,4,3,4,0,1,1,0,0
Malviya Nagar,2,46-60,Other,2-3x/week,Shopping,Auto Rickshaw,4,4,4,4,4,0,0,0,1,1
Malviya Nagar,2,46-60,Other,4-5x/week,Leisure,Auto Rickshaw,3,4,3,4,3,0,0,0,0,0
Malviya Nagar,2,46-60,IT/Tech,Daily,Office,Auto Rickshaw,4,4,2,3,3,0,1,0,0,0
Malviya Nagar,2,18-25,IT/Tech,4-5x/week,Office,Auto Rickshaw,4,4,4,4,3,0,1,0,0,0
Malviya Nagar,2,60+,IT/Tech,2-3x/week,Education,Auto Rickshaw,4,4,4,4,3,1,0,0,0,1
Malviya Nagar,2,26-35,Business,2-3x/week,Office,Auto Rickshaw,3,4,3,3,3,0,1,1,1,1
Malviya Nagar,2,26-35,Student,Weekly,Office,Auto Rickshaw,4,4,3,3,4,1,0,0,0,1
Malviya Nagar,2,26-35,Student,Rarely,Office,Auto Rickshaw,4,4,4,4,4,0,0,0,1,0
Malviya Nagar,2,36-45,Student,4-5x/week,Education,Auto Rickshaw,4,4,4,5,3,0,1,1,1,0
Malviya Nagar,2,46-60,Other,Weekly,Office,Auto Rickshaw,3,3,3,4,4,1,1,0,1,0
Malviya Nagar,2,46-60,IT/Tech,Daily,Office,Auto Rickshaw,4,4,4,4,3,0,0,1,0,0
Malviya Nagar,2,46-60,IT/Tech,Rarely,Office,Auto Rickshaw,4,4,3,3,3,0,0,1,1,1
Malviya Nagar,2,18-25,Student,Weekly,Office,Auto Rickshaw,4,4,3,4,3,0,0,0,0,1
Malviya Nagar,2,36-45,Other,Daily,Other,Auto Rickshaw,4,4,4,4,3,0,0,1,0,0
Malviya Nagar,2,26-35,Student,4-5x/week,Office,Auto Rickshaw,4,4,3,4,4,0,0,0,1,1
Malviya Nagar,2,36-45,Business,4-5x/week,Office,Auto Rickshaw,4,4,3,4,4,0,0,0,0,0
Malviya Nagar,2,36-45,Business,2-3x/week,Leisure,Auto Rickshaw,5,4,3,4,3,0,0,1,1,1
Malviya Nagar,2,18-25,IT/Tech,Daily,Other,Auto Rickshaw,4,4,3,4,4,0,0,1,1,0
Malviya Nagar,2,26-35,Student,4-5x/week,Leisure,Auto Rickshaw,4,4,4,4,3,0,0,1,0,1
Malviya Nagar,2,26-35,Business,4-5x/week,Office,Auto Rickshaw,4,3,4,4,4,0,0,0,1,0
Malviya Nagar,2,46-60,IT/Tech,Daily,Education,Auto Rickshaw,5,5,3,4,3,0,0,0,0,0
Malviya Nagar,2,18-25,Student,Rarely,Shopping,Auto Rickshaw,4,5,3,3,4,0,0,0,1,1
Malviya Nagar,2,18-25,IT/Tech,4-5x/week,Shopping,Auto Rickshaw,5,4,3,4,4,0,0,0,0,1
Malviya Nagar,2,46-60,Business,Daily,Office,Auto Rickshaw,4,4,4,4,4,1,1,1,0,0
Malviya Nagar,2,18-25,IT/Tech,Weekly,Office,Auto Rickshaw,3,4,3,4,3,0,1,1,0,0
Malviya Nagar,2,26-35,Service,Daily,Office,Auto Rickshaw,4,5,3,4,3,0,1,1,0,1
Malviya Nagar,2,36-45,Student,Daily,Shopping,Auto Rickshaw,4,4,3,4,4,0,0,0,0,0
Malviya Nagar,2,18-25,Service,Daily,Office,Auto Rickshaw,4,5,3,4,4,0,1,0,0,1
Malviya Nagar,2,18-25,IT/Tech,Weekly,Education,Auto Rickshaw,3,3,3,3,3,1,1,1,0,1
Malviya Nagar,2,36-45,IT/Tech,Weekly,Education,Auto Rickshaw,3,4,3,4,3,0,0,0,0,0
Malviya Nagar,2,18-25,Business,4-5x/week,Leisure,Auto Rickshaw,3,3,3,4,3,1,1,1,1,0
Malviya Nagar,2,26-35,Other,Daily,Other,Auto Rickshaw,3,4,3,4,3,1,1,0,0,1
Malviya Nagar,2,26-35,Student,4-5x/week,Shopping,Auto Rickshaw,4,5,5,4,3,0,0,0,0,1
Malviya Nagar,2,46-60,IT/Tech,4-5x/week,Office,Auto Rickshaw,4,4,4,4,4,0,0,0,0,1
Malviya Nagar,2,18-25,Student,4-5x/week,Leisure,Auto Rickshaw,4,4,3,3,3,1,1,0,0,0
Malviya Nagar,2,46-60,Student,Daily,Office,Auto Rickshaw,4,4,4,3,4,0,0,0,1,0
Malviya Nagar,2,36-45,Service,Daily,Office,Auto Rickshaw,5,4,4,4,3,0,0,1,0,0
Malviya Nagar,2,26-35,IT/Tech,Weekly,Office,Auto Rickshaw,4,4,3,5,3,0,1,1,0,1
Malviya Nagar,2,18-25,IT/Tech,4-5x/week,Shopping,Auto Rickshaw,4,4,3,4,3,0,0,0,0,1
Malviya Nagar,2,18-25,IT/Tech,Daily,Office,Auto Rickshaw,4,4,3,3,3,0,1,0,0,0
Malviya Nagar,2,36-45,Student,Rarely,Office,Auto Rickshaw,4,3,4,4,2,1,0,0,0,1
Malviya Nagar,2,18-25,Service,Daily,Office,Auto Rickshaw,4,4,4,3,4,0,0,0,0,1
Malviya Nagar,2,36-45,Service,2-3x/week,Education,Auto Rickshaw,4,4,4,4,3,1,0,1,0,1
Malviya Nagar,2,36-45,Service,Daily,Shopping,Auto Rickshaw,5,4,3,4,3,0,0,0,0,0
Malviya Nagar,2,26-35,Student,Weekly,Education,Auto Rickshaw,4,4,4,4,4,0,0,1,0,0
Malviya Nagar,2,46-60,Student,Daily,Office,Auto Rickshaw,3,4,3,4,3,1,0,1,0,0
Malviya Nagar,2,18-25,Service,Rarely,Leisure,Auto Rickshaw,5,4,4,4,4,1,0,1,0,1
Malviya Nagar,2,36-45,IT/Tech,2-3x/week,Office,Auto Rickshaw,4,3,3,3,3,0,1,0,1,0
Malviya Nagar,2,26-35,IT/Tech,Daily,Office,Auto Rickshaw,4,4,3,4,3,0,0,1,0,0
Malviya Nagar,2,26-35,Student,Daily,Education,Auto Rickshaw,3,4,4,4,4,1,0,0,1,1
Malviya Nagar,2,36-45,Service,2-3x/week,Shopping,Auto Rickshaw,5,4,4,4,3,0,0,0,0,0
Malviya Nagar,2,26-35,Service,Daily,Shopping,Auto Rickshaw,5,5,4,4,4,0,0,0,0,0
Malviya Nagar,2,46-60,Service,Daily,Office,Auto Rickshaw,3,4,3,4,2,1,0,0,0,1
Malviya Nagar,2,36-45,IT/Tech,4-5x/week,Leisure,Auto Rickshaw,5,5,3,4,4,0,0,0,0,0
Malviya Nagar,2,36-45,IT/Tech,Daily,Office,Auto Rickshaw,3,4,3,4,3,1,0,1,0,0
Malviya Nagar,2,18-25,Student,4-5x/week,Leisure,Auto Rickshaw,4,5,3,4,3,0,0,1,0,0
Malviya Nagar,2,46-60,Service,4-5x/week,Education,Auto Rickshaw,3,3,3,4,3,0,0,1,0,0
Malviya Nagar,2,46-60,Student,Daily,Office,Auto Rickshaw,4,5,2,3,3,0,0,0,0,0
Malviya Nagar,2,26-35,IT/Tech,Daily,Office,Auto Rickshaw,4,4,4,3,3,0,0,1,0,0
Malviya Nagar,2,18-25,Business,Daily,Office,Auto Rickshaw,4,4,3,3,4,0,0,0,0,1
Malviya Nagar,2,46-60,Service,Rarely,Office,Auto Rickshaw,5,4,4,4,4,0,1,0,1,1
Malviya Nagar,2,26-35,Student,Daily,Leisure,Auto Rickshaw,2,3,3,4,3,0,0,0,1,0
Malviya Nagar,2,26-35,Service,4-5x/week,Leisure,Auto Rickshaw,4,3,3,4,4,0,1,0,0,0
Malviya Nagar,2,60+,Service,4-5x/week,Office,Auto Rickshaw,4,4,4,4,4,0,1,0,1,0
Malviya Nagar,2,18-25,Business,2-3x/week,Leisure,Auto Rickshaw,4,4,4,4,3,0,0,0,0,0
Malviya Nagar,2,60+,IT/Tech,Daily,Leisure,Auto Rickshaw,4,5,3,4,3,0,0,1,0,0
Malviya Nagar,2,18-25,IT/Tech,Daily,Other,Auto Rickshaw,4,3,4,3,3,0,0,1,1,0
Malviya Nagar,2,18-25,IT/Tech,4-5x/week,Office,Auto Rickshaw,5,5,4,4,3,0,0,0,0,1
Malviya Nagar,2,18-25,Other,4-5x/week,Office,Auto Rickshaw,3,4,3,3,3,1,1,0,1,0
Malviya Nagar,2,18-25,Other,2-3x/week,Other,Auto Rickshaw,4,4,3,4,3,0,0,1,0,0
Malviya Nagar,2,46-60,Student,Daily,Education,Auto Rickshaw,5,4,3,4,4,0,0,0,0,0
Malviya Nagar,2,36-45,Service,2-3x/week,Office,Auto Rickshaw,4,4,3,4,4,1,0,0,1,0
Malviya Nagar,2,46-60,IT/Tech,Daily,Office,Auto Rickshaw,3,4,3,3,3,1,1,1,1,0
Malviya Nagar,2,26-35,Business,4-5x/week,Office,Auto Rickshaw,4,4,4,3,3,0,0,0,0,0
Malviya Nagar,2,60+,IT/Tech,4-5x/week,Office,Auto Rickshaw,5,3,4,4,5,0,0,0,0,0
Saket,2,46-60,IT/Tech,Rarely,Shopping,App Cab,4,3,3,4,3,1,1,1,0,0
Saket,2,36-45,Student,2-3x/week,Office,App Cab,3,4,3,4,3,0,0,0,0,1
Saket,2,36-45,IT/Tech,Rarely,Office,App Cab,4,5,3,3,4,0,1,0,0,0
Saket,2,26-35,Student,Daily,Education,App Cab,4,4,3,3,3,0,0,0,1,1
Saket,2,46-60,IT/Tech,Daily,Office,App Cab,5,4,4,4,4,0,0,0,0,1
Saket,2,26-35,IT/Tech,4-5x/week,Shopping,App Cab,5,4,4,5,3,0,0,1,0,0
Saket,2,36-45,IT/Tech,4-5x/week,Office,App Cab,4,4,4,4,3,1,0,0,0,0
Saket,2,26-35,Business,4-5x/week,Other,App Cab,4,4,3,4,4,1,0,0,0,1
Saket,2,18-25,Service,Daily,Leisure,App Cab,5,4,3,3,3,0,0,0,0,1
Saket,2,26-35,Business,2-3x/week,Education,App Cab,4,4,4,4,4,0,0,1,0,0
Saket,2,36-45,Student,4-5x/week,Leisure,App Cab,5,4,4,3,4,0,0,0,0,0
Saket,2,46-60,Business,Daily,Other,App Cab,4,5,3,4,4,1,0,1,1,1
Saket,2,26-35,Service,4-5x/week,Shopping,App Cab,4,4,3,4,4,1,0,1,1,1
Saket,2,26-35,Service,Daily,Education,App Cab,4,4,3,3,4,0,0,1,1,0
Saket,2,46-60,Student,Daily,Office,App Cab,4,4,3,5,4,0,0,1,0,1
Saket,2,26-35,IT/Tech,Rarely,Leisure,App Cab,4,3,3,3,4,0,1,0,0,0
Saket,2,36-45,Other,4-5x/week,Shopping,App Cab,4,5,4,4,4,0,1,0,0,1
Saket,2,46-60,Other,Daily,Office,App Cab,4,3,4,4,4,0,0,0,1,1
Saket,2,36-45,IT/Tech,Daily,Office,App Cab,4,4,3,4,3,0,1,0,0,0
Saket,2,26-35,Other,Daily,Office,App Cab,5,4,3,4,4,0,0,0,0,1
Saket,2,36-45,IT/Tech,Weekly,Shopping,App Cab,3,4,3,4,3,0,1,1,0,0
Saket,2,60+,Student,2-3x/week,Leisure,App Cab,4,4,4,4,4,0,0,0,0,1
Saket,2,18-25,Business,4-5x/week,Office,App Cab,4,4,3,4,4,0,0,1,0,1
Saket,2,36-45,IT/Tech,Rarely,Office,App Cab,4,4,4,3,4,0,1,0,1,0
Saket,2,26-35,IT/Tech,Daily,Other,App Cab,3,3,4,4,4,1,0,1,1,0
Saket,2,60+,Business,Weekly,Office,App Cab,4,4,3,4,3,1,1,0,0,0
Saket,2,26-35,Service,4-5x/week,Shopping,App Cab,4,4,3,3,5,0,1,0,0,1
Saket,2,26-35,Service,2-3x/week,Office,App Cab,4,3,5,4,4,0,0,0,1,0
Saket,2,26-35,Business,Weekly,Education,App Cab,3,3,4,4,3,1,1,0,0,0
Saket,2,60+,IT/Tech,4-5x/week,Office,App Cab,4,4,3,4,3,0,1,0,1,1
Saket,2,18-25,IT/Tech,Daily,Office,App Cab,4,4,4,4,4,1,1,0,0,1
Saket,2,26-35,Other,Daily,Education,App Cab,3,3,3,3,3,1,1,0,0,0
Saket,2,26-35,Student,Daily,Office,App Cab,4,4,4,4,4,1,0,0,0,0
Saket,2,46-60,Student,Daily,Shopping,App Cab,4,4,3,4,4,0,0,1,0,1
Saket,2,26-35,Service,Daily,Other,App Cab,3,4,3,4,3,0,0,0,0,0
Saket,2,36-45,Other,4-5x/week,Leisure,App Cab,3,4,3,4,3,0,1,1,1,0
Saket,2,36-45,IT/Tech,Daily,Office,App Cab,4,4,3,4,3,0,1,1,0,1
Saket,2,36-45,IT/Tech,Weekly,Office,App Cab,4,3,4,4,3,1,1,0,0,0
Saket,2,36-45,Service,Daily,Office,App Cab,4,4,3,5,4,0,1,0,0,1
Saket,2,46-60,Student,Daily,Shopping,App Cab,4,4,4,5,4,0,0,0,1,0
Saket,2,26-35,IT/Tech,Daily,Office,App Cab,4,4,3,4,4,0,0,0,0,0
Saket,2,18-25,Service,Rarely,Leisure,App Cab,3,4,3,4,3,0,0,0,0,0
Saket,2,26-35,Service,Daily,Shopping,App Cab,4,4,4,4,4,0,0,0,1,0
Saket,2,18-25,Student,Daily,Office,App Cab,4,4,4,4,3,0,0,1,1,1
Saket,2,18-25,IT/Tech,Daily,Office,App Cab,4,3,4,4,4,0,0,0,0,0
Saket,2,18-25,Student,Daily,Shopping,App Cab,4,4,3,4,3,0,1,0,0,0
Saket,2,46-60,Service,Rarely,Leisure,App Cab,4,4,3,3,4,0,1,0,0,1
Saket,2,46-60,Service,4-5x/week,Office,App Cab,3,4,4,4,3,1,0,0,1,1
Saket,2,26-35,IT/Tech,Daily,Shopping,App Cab,3,4,4,4,4,1,0,1,0,1
Saket,2,36-45,Other,Daily,Office,App Cab,5,4,4,4,4,0,0,0,0,0
Saket,2,36-45,Student,Daily,Leisure,App Cab,5,5,4,4,3,0,0,0,0,1
Saket,2,60+,IT/Tech,4-5x/week,Education,App Cab,4,4,3,4,4,0,0,0,1,1
Saket,2,26-35,Service,Daily,Shopping,App Cab,4,3,4,5,3,1,0,0,0,0
Saket,2,36-45,IT/Tech,2-3x/week,Office,App Cab,4,4,3,4,3,0,0,0,0,0
Saket,2,18-25,Service,Daily,Other,App Cab,3,3,3,4,3,1,0,1,0,1
Saket,2,26-35,Student,Daily,Shopping,App Cab,3,3,3,5,4,0,1,0,0,0
Saket,2,36-45,IT/Tech,4-5x/week,Office,App Cab,4,3,3,4,3,1,1,1,0,0
Saket,2,26-35,Other,2-3x/week,Education,App Cab,4,4,3,4,4,0,1,0,0,0
Saket,2,26-35,Service,4-5x/week,Office,App Cab,4,4,5,4,3,1,0,0,1,1
Saket,2,36-45,IT/Tech,2-3x/week,Leisure,App Cab,4,4,3,4,4,0,0,0,0,1
Saket,2,26-35,IT/Tech,2-3x/week,Shopping,App Cab,4,3,3,4,5,1,0,0,0,1
Saket,2,26-35,IT/Tech,Weekly,Office,App Cab,4,3,3,4,3,1,1,0,0,1
Saket,2,18-25,Business,Daily,Office,App Cab,4,3,4,4,4,0,1,1,0,1
Saket,2,36-45,Service,Weekly,Leisure,App Cab,3,3,4,4,3,1,0,0,0,0
Saket,2,36-45,Business,2-3x/week,Leisure,App Cab,4,4,3,3,4,0,0,0,0,0
Saket,2,60+,IT/Tech,4-5x/week,Education,App Cab,4,4,3,4,3,1,0,0,0,0
Saket,2,18-25,Service,4-5x/week,Shopping,App Cab,4,4,3,4,4,0,1,0,0,0
Saket,2,26-35,Service,Daily,Office,App Cab,4,3,3,4,3,0,1,1,0,0
Saket,2,26-35,Service,4-5x/week,Office,App Cab,4,3,3,4,5,0,1,0,0,0
Saket,2,18-25,IT/Tech,2-3x/week,Other,App Cab,4,4,3,3,3,1,1,1,0,1
Saket,2,18-25,IT/Tech,Rarely,Shopping,App Cab,3,4,3,3,4,0,1,0,1,0
Saket,2,46-60,Other,Daily,Office,App Cab,5,4,4,4,4,1,1,0,0,0
Saket,2,18-25,Student,Rarely,Office,App Cab,4,4,4,5,4,0,0,0,0,1
Saket,2,18-25,IT/Tech,Daily,Office,App Cab,4,4,3,5,4,0,0,0,0,1
Saket,2,46-60,Business,Rarely,Office,App Cab,4,4,3,4,4,1,1,0,0,0
Saket,2,36-45,Service,4-5x/week,Other,App Cab,4,3,3,4,4,1,0,1,0,1
Saket,2,36-45,Business,4-5x/week,Office,App Cab,5,3,3,3,4,0,1,0,1,0
Saket,2,18-25,Other,4-5x/week,Office,App Cab,4,3,3,4,4,0,0,1,0,1
Saket,2,26-35,IT/Tech,Rarely,Leisure,App Cab,3,4,3,4,2,1,1,0,0,0
Saket,2,18-25,Other,Daily,Office,App Cab,4,4,3,4,4,0,0,0,0,1
Saket,2,26-35,IT/Tech,Daily,Office,App Cab,4,2,3,3,5,1,1,0,1,1
Saket,2,18-25,Service,Weekly,Education,App Cab,4,4,3,5,3,0,0,0,0,0
Saket,2,46-60,Student,Daily,Office,App Cab,4,4,3,5,4,1,0,0,0,1
Saket,2,18-25,Student,4-5x/week,Office,App Cab,4,3,3,4,4,0,1,0,0,1
Saket,2,26-35,IT/Tech,4-5x/week,Education,App Cab,4,4,3,4,4,0,0,0,0,1
Saket,2,26-35,IT/Tech,2-3x/week,Other,App Cab,4,4,3,4,4,0,0,0,0,1
Saket,2,46-60,IT/Tech,Weekly,Leisure,App Cab,4,3,3,4,4,0,1,0,0,1
Saket,2,26-35,Service,Daily,Office,App Cab,4,5,4,3,3,1,1,1,1,1
Saket,2,18-25,Service,4-5x/week,Education,App Cab,4,4,3,3,4,0,0,0,1,1
Saket,2,36-45,IT/Tech,4-5x/week,Shopping,App Cab,4,4,3,3,4,0,0,0,0,0
Qutab Minar,2,46-60,Student,2-3x/week,Other,Auto Rickshaw,3,3,2,3,2,0,0,0,0,0
Qutab Minar,2,26-35,Student,2-3x/week,Leisure,Auto Rickshaw,3,3,2,4,2,0,0,1,0,0
Qutab Minar,2,46-60,IT/Tech,Rarely,Office,Auto Rickshaw,3,3,2,3,2,0,0,0,0,1
Qutab Minar,2,60+,Business,Weekly,Office,Auto Rickshaw,2,3,3,3,2,1,0,1,0,1
Qutab Minar,2,36-45,Service,4-5x/week,Office,Auto Rickshaw,3,3,3,4,2,0,0,1,1,0
Qutab Minar,2,36-45,IT/Tech,2-3x/week,Office,Auto Rickshaw,3,3,2,4,2,0,1,0,1,0
Qutab Minar,2,18-25,Service,Daily,Education,Auto Rickshaw,4,4,3,3,2,0,0,1,0,0
Qutab Minar,2,26-35,IT/Tech,4-5x/week,Office,Auto Rickshaw,3,3,3,3,3,1,0,1,1,1
Qutab Minar,2,60+,Other,Daily,Office,Auto Rickshaw,4,4,3,4,3,0,1,0,0,1
Qutab Minar,2,46-60,Student,Daily,Other,Auto Rickshaw,3,3,3,3,3,1,0,1,0,1
Qutab Minar,2,26-35,Business,Weekly,Shopping,Auto Rickshaw,3,2,3,4,3,0,0,1,0,0
Qutab Minar,2,26-35,Other,4-5x/week,Office,Auto Rickshaw,3,3,2,5,2,1,1,0,0,0
Qutab Minar,2,26-35,Student,Daily,Shopping,Auto Rickshaw,4,4,3,4,3,0,0,0,0,0
Qutab Minar,2,18-25,Business,4-5x/week,Office,Auto Rickshaw,3,3,3,4,3,0,0,0,0,0
Qutab Minar,2,46-60,Other,Daily,Education,Auto Rickshaw,3,4,3,4,3,0,0,1,0,0
Qutab Minar,2,26-35,IT/Tech,2-3x/week,Office,Auto Rickshaw,3,3,3,4,2,0,1,0,1,0
Qutab Minar,2,36-45,IT/Tech,Daily,Office,Auto Rickshaw,4,4,3,3,3,1,0,0,0,0
Qutab Minar,2,46-60,Service,4-5x/week,Office,Auto Rickshaw,3,3,2,3,2,0,1,1,0,0
Qutab Minar,2,18-25,Student,2-3x/week,Other,Auto Rickshaw,4,4,4,4,2,0,1,1,0,0
Qutab Minar,2,36-45,Business,4-5x/week,Shopping,Auto Rickshaw,4,4,3,4,2,0,1,1,0,0
Qutab Minar,2,18-25,Service,Daily,Education,Auto Rickshaw,4,3,3,3,3,0,0,1,1,1
Qutab Minar,2,26-35,Business,2-3x/week,Leisure,Auto Rickshaw,3,4,2,4,2,0,0,1,0,0
Qutab Minar,2,18-25,Student,2-3x/week,Leisure,Auto Rickshaw,3,3,2,4,2,0,0,0,0,1
Qutab Minar,2,26-35,Service,Daily,Leisure,Auto Rickshaw,4,3,4,4,2,0,0,0,1,0
Qutab Minar,2,36-45,Student,Daily,Office,Auto Rickshaw,4,4,3,3,3,0,0,1,0,0
Qutab Minar,2,26-35,Business,4-5x/week,Office,Auto Rickshaw,4,4,3,3,2,0,1,0,0,0
Qutab Minar,2,36-45,Service,Daily,Shopping,Auto Rickshaw,4,4,2,4,3,0,1,1,1,0
Qutab Minar,2,18-25,Service,Daily,Other,Auto Rickshaw,3,4,3,3,2,0,1,1,0,0
Qutab Minar,2,46-60,Student,4-5x/week,Education,Auto Rickshaw,3,3,3,3,3,0,0,0,0,0
Qutab Minar,2,36-45,Service,4-5x/week,Other,Auto Rickshaw,4,4,3,4,3,0,0,0,0,1
Qutab Minar,2,36-45,IT/Tech,2-3x/week,Shopping,Auto Rickshaw,3,3,3,4,3,0,1,0,0,0
Qutab Minar,2,26-35,Business,Rarely,Office,Auto Rickshaw,5,4,2,3,3,0,0,0,0,1
Qutab Minar,2,18-25,IT/Tech,2-3x/week,Other,Auto Rickshaw,4,3,2,3,2,0,0,1,1,0
Qutab Minar,2,36-45,IT/Tech,Daily,Leisure,Auto Rickshaw,4,4,3,4,3,0,1,0,0,0
Qutab Minar,2,36-45,Business,Daily,Education,Auto Rickshaw,3,3,2,3,3,0,0,1,1,0
Qutab Minar,2,36-45,Student,Daily,Shopping,Auto Rickshaw,3,3,2,3,2,1,1,1,0,0
Qutab Minar,2,26-35,Service,4-5x/week,Office,Auto Rickshaw,5,4,3,4,3,1,0,0,0,0
Qutab Minar,2,26-35,Service,4-5x/week,Education,Auto Rickshaw,3,3,3,3,2,0,0,1,0,0
Qutab Minar,2,26-35,IT/Tech,Rarely,Office,Auto Rickshaw,4,3,3,3,2,0,1,0,1,0
Qutab Minar,2,26-35,IT/Tech,4-5x/week,Education,Auto Rickshaw,3,3,3,3,3,1,1,0,1,1
Qutab Minar,2,36-45,Other,Daily,Education,Auto Rickshaw,3,4,3,4,2,0,0,1,0,0
Qutab Minar,2,18-25,IT/Tech,4-5x/week,Office,Auto Rickshaw,4,4,2,3,3,0,0,1,0,1
Qutab Minar,2,18-25,IT/Tech,Daily,Office,Auto Rickshaw,4,3,3,3,3,0,0,0,0,0
Qutab Minar,2,26-35,Business,Daily,Office,Auto Rickshaw,3,3,2,4,3,1,1,1,0,0
Qutab Minar,2,36-45,Business,Daily,Education,Auto Rickshaw,4,3,3,4,3,0,1,0,1,0
Qutab Minar,2,26-35,Student,Daily,Office,Auto Rickshaw,4,4,3,3,2,0,1,1,0,0
Qutab Minar,2,26-35,IT/Tech,Daily,Office,Auto Rickshaw,4,3,3,4,2,0,0,0,0,0
Qutab Minar,2,46-60,IT/Tech,4-5x/week,Office,Auto Rickshaw,3,4,2,4,2,0,1,0,0,0
Qutab Minar,2,36-45,Other,2-3x/week,Office,Auto Rickshaw,3,4,3,4,2,1,0,1,1,0
Qutab Minar,2,26-35,Student,Weekly,Shopping,Auto Rickshaw,4,3,3,3,2,0,1,1,0,0
Qutab Minar,2,26-35,Business,Daily,Shopping,Auto Rickshaw,3,2,3,4,2,1,0,0,0,0
Qutab Minar,2,18-25,Service,4-5x/week,Shopping,Auto Rickshaw,4,3,3,3,2,1,0,1,0,1
Qutab Minar,2,36-45,Business,2-3x/week,Office,Auto Rickshaw,4,4,4,4,2,0,1,1,0,1
Qutab Minar,2,26-35,Other,Rarely,Shopping,Auto Rickshaw,4,3,2,4,3,0,0,1,0,0
Qutab Minar,2,18-25,Service,2-3x/week,Office,Auto Rickshaw,4,4,3,4,3,0,0,1,0,0
Qutab Minar,2,18-25,Service,4-5x/week,Shopping,Auto Rickshaw,4,3,2,3,3,0,0,1,0,0
Qutab Minar,2,18-25,IT/Tech,Weekly,Office,Auto Rickshaw,4,4,3,4,3,0,0,1,0,0
Qutab Minar,2,36-45,Student,2-3x/week,Shopping,Auto Rickshaw,4,4,3,4,3,0,1,1,0,0
Qutab Minar,2,46-60,IT/Tech,Daily,Other,Auto Rickshaw,4,4,3,4,3,0,0,0,0,1
Qutab Minar,2,26-35,IT/Tech,Daily,Leisure,Auto Rickshaw,3,3,3,4,3,0,0,1,0,0
Qutab Minar,2,26-35,Student,Weekly,Leisure,Auto Rickshaw,4,3,3,3,2,1,1,0,0,0
Qutab Minar,2,26-35,Student,Weekly,Office,Auto Rickshaw,4,4,3,3,3,0,0,0,0,0
Qutab Minar,2,26-35,Service,4-5x/week,Education,Auto Rickshaw,3,4,3,4,2,1,1,1,1,0
Qutab Minar,2,26-35,Other,4-5x/week,Office,Auto Rickshaw,3,3,3,3,3,1,1,0,0,0
Qutab Minar,2,26-35,IT/Tech,Daily,Education,Auto Rickshaw,4,3,2,5,3,0,1,1,0,0
Qutab Minar,2,46-60,Service,4-5x/week,Shopping,Auto Rickshaw,4,4,2,4,3,0,0,1,0,1
Qutab Minar,2,46-60,Student,4-5x/week,Shopping,Auto Rickshaw,3,3,4,3,2,1,0,1,1,1
Qutab Minar,2,36-45,Student,Daily,Other,Auto Rickshaw,3,5,3,4,2,0,1,1,1,1
Qutab Minar,2,18-25,Student,Daily,Other,Auto Rickshaw,4,3,3,3,2,0,0,1,0,0
Qutab Minar,2,36-45,Student,4-5x/week,Office,Auto Rickshaw,4,3,3,3,3,0,0,0,1,0
Sikanderpur,2,26-35,Service,2-3x/week,Shopping,App Cab,3,3,3,3,2,1,0,1,1,0
Sikanderpur,2,18-25,Business,Daily,Office,App Cab,3,3,3,4,3,1,0,0,0,1
Sikanderpur,2,36-45,Student,Daily,Office,App Cab,4,3,3,3,2,1,0,1,0,0
Sikanderpur,2,26-35,Student,Daily,Shopping,App Cab,3,3,3,3,2,1,0,1,0,1
Sikanderpur,2,26-35,Student,Daily,Office,App Cab,4,3,3,3,3,0,1,0,0,1
Sikanderpur,2,18-25,Student,2-3x/week,Office,App Cab,3,3,3,4,2,1,0,1,1,0
Sikanderpur,2,46-60,Service,Daily,Shopping,App Cab,4,4,3,3,4,0,1,0,1,1
Sikanderpur,2,26-35,Business,Rarely,Shopping,App Cab,3,3,3,4,3,1,1,1,0,1
Sikanderpur,2,46-60,Service,4-5x/week,Leisure,App Cab,3,3,3,4,2,0,0,1,0,1
Sikanderpur,2,36-45,Other,Daily,Education,App Cab,4,3,3,4,3,0,1,1,0,1
Sikanderpur,2,18-25,IT/Tech,Rarely,Office,App Cab,3,4,2,3,1,0,0,0,1,0
Sikanderpur,2,26-35,Student,Daily,Education,App Cab,4,4,3,5,2,0,0,1,1,1
Sikanderpur,2,18-25,Service,2-3x/week,Leisure,App Cab,3,3,2,4,3,0,1,1,0,1
Sikanderpur,2,26-35,Service,Daily,Office,App Cab,4,4,3,3,2,1,0,1,1,1
Sikanderpur,2,26-35,Service,4-5x/week,Office,App Cab,3,3,3,5,2,1,1,0,0,1
Sikanderpur,2,46-60,IT/Tech,Daily,Shopping,App Cab,4,3,3,3,3,0,0,0,0,1
Sikanderpur,2,18-25,Student,2-3x/week,Shopping,App Cab,4,3,3,3,3,0,1,0,1,1
Sikanderpur,2,26-35,Service,Daily,Office,App Cab,4,3,4,3,3,1,1,0,0,1
Sikanderpur,2,26-35,Service,4-5x/week,Shopping,App Cab,3,3,2,3,2,0,0,0,1,1
Sikanderpur,2,26-35,Business,Weekly,Office,App Cab,4,4,3,3,2,0,0,0,0,1
Sikanderpur,2,46-60,Student,Daily,Office,App Cab,3,3,2,4,2,0,1,1,0,1
Sikanderpur,2,26-35,Business,Rarely,Shopping,App Cab,3,4,3,3,1,0,1,0,1,1
Sikanderpur,2,18-25,IT/Tech,4-5x/week,Office,App Cab,3,4,3,3,2,0,0,0,0,1
Sikanderpur,2,36-45,IT/Tech,2-3x/week,Office,App Cab,4,4,3,4,2,1,1,1,1,1
Sikanderpur,2,26-35,IT/Tech,4-5x/week,Education,App Cab,2,3,3,4,2,1,0,1,1,1
Sikanderpur,2,18-25,Business,2-3x/week,Office,App Cab,4,4,3,4,3,0,1,0,0,1
Sikanderpur,2,36-45,Business,Weekly,Leisure,App Cab,4,3,3,4,3,0,1,0,0,0
Sikanderpur,2,46-60,Business,Daily,Other,App Cab,3,4,3,4,2,0,1,0,1,1
Sikanderpur,2,36-45,Student,2-3x/week,Education,App Cab,3,4,3,3,3,1,1,0,0,1
Sikanderpur,2,26-35,IT/Tech,Rarely,Shopping,App Cab,4,4,3,4,2,1,0,1,0,1
Sikanderpur,2,26-35,Service,2-3x/week,Leisure,App Cab,3,3,3,3,2,0,0,0,0,0
Sikanderpur,2,26-35,Service,Rarely,Shopping,App Cab,4,4,3,4,3,0,1,1,1,1
Sikanderpur,2,18-25,IT/Tech,2-3x/week,Shopping,App Cab,4,3,3,3,4,0,1,0,0,1
Sikanderpur,2,46-60,Student,Daily,Office,App Cab,4,3,3,3,3,1,1,1,0,1
Sikanderpur,2,26-35,Business,2-3x/week,Leisure,App Cab,3,4,2,3,3,0,0,0,0,1
Sikanderpur,2,26-35,Service,4-5x/week,Office,App Cab,4,4,4,4,2,0,0,0,0,1
Sikanderpur,2,18-25,Student,Daily,Office,App Cab,3,3,3,3,2,0,1,1,0,0
Sikanderpur,2,26-35,Service,Daily,Education,App Cab,4,3,3,3,3,1,0,0,0,1
Sikanderpur,2,18-25,IT/Tech,Daily,Office,App Cab,4,4,3,4,3,0,0,0,0,0
Sikanderpur,2,26-35,IT/Tech,2-3x/week,Office,App Cab,4,3,4,3,3,0,0,1,1,0
Sikanderpur,2,46-60,Service,2-3x/week,Education,App Cab,4,3,4,4,3,0,0,0,1,1
Sikanderpur,2,26-35,Student,2-3x/week,Office,App Cab,4,4,4,4,2,0,0,1,0,1
Sikanderpur,2,18-25,Service,Daily,Leisure,App Cab,3,3,3,4,3,1,1,1,0,1
Sikanderpur,2,36-45,IT/Tech,Daily,Other,App Cab,4,3,3,3,2,1,0,0,0,1
Sikanderpur,2,26-35,IT/Tech,Daily,Shopping,App Cab,4,3,4,4,3,0,1,1,0,1
Sikanderpur,2,26-35,Student,4-5x/week,Office,App Cab,4,3,3,4,3,0,1,0,0,1
Sikanderpur,2,18-25,Service,2-3x/week,Education,App Cab,4,3,3,3,2,0,0,1,0,1
Sikanderpur,2,36-45,Student,Weekly,Office,App Cab,3,3,3,4,2,1,0,1,1,1
Sikanderpur,2,18-25,IT/Tech,Daily,Education,App Cab,4,3,4,3,3,0,0,0,0,1
Sikanderpur,2,18-25,Business,2-3x/week,Office,App Cab,4,3,4,4,3,0,0,1,0,1
Sikanderpur,2,18-25,Service,4-5x/week,Office,App Cab,4,3,3,3,3,0,1,0,1,1
Sikanderpur,2,18-25,IT/Tech,Weekly,Office,App Cab,4,3,4,4,3,0,0,1,0,1
Sikanderpur,2,36-45,Service,2-3x/week,Other,App Cab,3,3,3,4,3,1,0,0,0,1
Sikanderpur,2,26-35,Student,4-5x/week,Office,App Cab,3,3,3,4,3,1,1,0,0,1
Sikanderpur,2,18-25,Other,2-3x/week,Office,App Cab,4,3,3,4,3,1,1,0,0,1
Sikanderpur,2,46-60,Other,Daily,Office,App Cab,4,4,3,3,2,0,0,0,1,0
Sikanderpur,2,36-45,Service,2-3x/week,Education,App Cab,4,4,3,4,2,0,1,1,0,1
Sikanderpur,2,18-25,Student,2-3x/week,Leisure,App Cab,4,3,3,4,3,0,0,0,0,1
Sikanderpur,2,36-45,Student,Weekly,Office,App Cab,4,4,2,3,2,0,1,0,0,0
Sikanderpur,2,18-25,Service,Daily,Office,App Cab,4,3,3,4,3,0,0,0,1,1
Sikanderpur,2,18-25,IT/Tech,2-3x/week,Office,App Cab,3,3,3,4,2,0,0,1,0,0
Sikanderpur,2,26-35,Student,Daily,Education,App Cab,3,3,3,3,3,0,0,1,1,1
Sikanderpur,2,26-35,Other,2-3x/week,Education,App Cab,4,3,3,4,3,0,0,0,0,1
Sikanderpur,2,26-35,IT/Tech,Weekly,Leisure,App Cab,4,4,3,4,3,1,1,1,0,1
Sikanderpur,2,36-45,Service,Daily,Leisure,App Cab,3,3,2,3,2,0,1,1,0,1
Sikanderpur,2,18-25,IT/Tech,4-5x/week,Office,App Cab,4,3,3,3,3,0,0,1,0,1
Sikanderpur,2,46-60,Service,4-5x/week,Leisure,App Cab,3,4,3,4,2,0,0,1,1,1
Sikanderpur,2,26-35,Service,2-3x/week,Leisure,App Cab,3,3,3,4,2,1,0,1,0,0
Sikanderpur,2,26-35,Service,Daily,Education,App Cab,2,3,3,3,3,1,0,1,0,1
Sikanderpur,2,36-45,Service,Weekly,Office,App Cab,4,4,2,3,3,0,1,0,1,0
Sikanderpur,2,26-35,Business,Rarely,Shopping,App Cab,4,4,4,3,2,0,1,0,0,1
Sikanderpur,2,18-25,IT/Tech,4-5x/week,Education,App Cab,4,4,3,3,2,1,0,1,0,1
Sikanderpur,2,26-35,Business,Daily,Office,App Cab,4,3,2,3,2,0,0,1,1,1
Sikanderpur,2,26-35,Business,4-5x/week,Office,App Cab,4,3,3,4,3,0,1,1,0,0
Sikanderpur,2,18-25,Student,Daily,Education,App Cab,4,4,3,3,3,0,0,0,1,1
Sikanderpur,2,18-25,Service,2-3x/week,Education,App Cab,3,3,3,3,3,1,0,0,0,1
Sikanderpur,2,26-35,Other,Daily,Office,App Cab,3,2,3,3,3,0,0,1,1,1
Sikanderpur,2,26-35,Service,Daily,Leisure,App Cab,4,3,3,4,2,0,0,1,0,1
Sikanderpur,2,26-35,IT/Tech,Daily,Office,App Cab,3,3,3,3,3,1,0,1,0,1
Sikanderpur,2,26-35,IT/Tech,2-3x/week,Office,App Cab,3,3,3,4,2,0,1,1,1,1
Sikanderpur,2,60+,Business,4-5x/week,Office,App Cab,3,4,2,4,3,1,1,1,0,0
Sikanderpur,2,36-45,IT/Tech,4-5x/week,Shopping,App Cab,3,3,3,3,3,1,1,0,1,1
Sikanderpur,2,26-35,Service,Daily,Office,App Cab,4,4,2,3,3,0,0,1,1,0
Sikanderpur,2,18-25,Student,Daily,Shopping,App Cab,4,4,3,4,3,0,0,1,0,1
Sikanderpur,2,26-35,Student,Daily,Office,App Cab,2,3,3,4,2,1,1,1,0,1
Sikanderpur,2,26-35,Student,4-5x/week,Office,App Cab,3,3,3,4,2,0,1,0,0,1
Sikanderpur,2,46-60,Service,Daily,Office,App Cab,4,4,3,5,2,0,0,1,0,0
Sikanderpur,2,26-35,Student,4-5x/week,Office,App Cab,3,3,2,3,2,0,1,0,1,1
Sikanderpur,2,46-60,IT/Tech,Daily,Office,App Cab,4,4,3,4,3,0,0,1,0,1
Sikanderpur,2,46-60,IT/Tech,Weekly,Office,App Cab,4,3,3,3,3,0,0,1,0,0
Sikanderpur,2,36-45,IT/Tech,4-5x/week,Office,App Cab,3,4,3,4,3,1,0,1,0,1
Sikanderpur,2,18-25,Service,Daily,Education,App Cab,4,3,4,4,3,1,0,1,0,0
Sikanderpur,2,26-35,IT/Tech,Daily,Other,App Cab,4,5,4,4,2,0,1,1,0,1
Sikanderpur,2,46-60,Service,Daily,Shopping,App Cab,3,3,3,4,2,0,0,0,0,1
Sikanderpur,2,46-60,IT/Tech,Daily,Office,App Cab,4,5,3,3,3,0,1,0,1,1
Sikanderpur,2,18-25,Service,2-3x/week,Office,App Cab,3,3,4,3,2,1,0,1,0,1
Sikanderpur,2,26-35,IT/Tech,2-3x/week,Office,App Cab,3,4,3,4,2,0,1,1,1,1
Sikanderpur,2,26-35,Service,Daily,Education,App Cab,3,4,2,3,2,0,0,1,0,1
Sikanderpur,2,26-35,Business,2-3x/week,Office,App Cab,2,3,2,4,3,1,1,1,1,1
Sikanderpur,2,26-35,Service,Daily,Leisure,App Cab,3,4,2,3,2,0,1,0,0,1
Millennium City Centre,2,18-25,Service,Daily,Leisure,Shared Auto,4,3,4,4,3,0,0,0,0,1
Millennium City Centre,2,18-25,IT/Tech,Rarely,Shopping,Shared Auto,4,4,3,4,3,1,0,0,0,1
Millennium City Centre,2,18-25,Student,4-5x/week,Office,Shared Auto,4,4,4,3,3,0,0,0,1,1
Millennium City Centre,2,18-25,Service,Daily,Leisure,Shared Auto,4,5,3,3,2,0,0,0,0,1
Millennium City Centre,2,18-25,Business,2-3x/week,Shopping,Shared Auto,3,3,3,3,2,0,1,1,0,1
Millennium City Centre,2,36-45,Business,Daily,Office,Shared Auto,3,4,4,4,2,1,0,0,0,0
Millennium City Centre,2,26-35,Service,2-3x/week,Office,Shared Auto,4,4,4,3,3,0,0,1,0,1
Millennium City Centre,2,46-60,Student,Daily,Education,Shared Auto,4,3,3,3,3,0,0,0,0,1
Millennium City Centre,2,46-60,Service,Daily,Office,Shared Auto,4,3,3,4,3,0,0,0,0,1
Millennium City Centre,2,36-45,Service,Rarely,Other,Shared Auto,4,4,4,3,2,0,1,0,1,1
Millennium City Centre,2,36-45,IT/Tech,4-5x/week,Office,Shared Auto,3,3,4,4,2,0,0,0,0,0
Millennium City Centre,2,18-25,IT/Tech,Weekly,Office,Shared Auto,4,3,3,4,3,0,1,1,1,1
Millennium City Centre,2,60+,Business,Daily,Office,Shared Auto,3,4,3,4,2,0,1,1,0,1
Millennium City Centre,2,18-25,Other,4-5x/week,Education,Shared Auto,3,4,4,3,3,0,0,0,0,1
Millennium City Centre,2,18-25,Service,Daily,Shopping,Shared Auto,4,4,4,3,3,0,0,0,0,0
Millennium City Centre,2,46-60,IT/Tech,Daily,Education,Shared Auto,5,4,4,3,3,0,1,1,0,0
Millennium City Centre,2,46-60,IT/Tech,2-3x/week,Office,Shared Auto,5,4,4,3,3,0,0,0,0,1
Millennium City Centre,2,18-25,IT/Tech,Daily,Other,Shared Auto,4,4,3,5,3,1,0,0,0,1
Millennium City Centre,2,46-60,Business,4-5x/week,Office,Shared Auto,3,3,3,3,3,0,0,1,0,0
Millennium City Centre,2,36-45,Service,Daily,Office,Shared Auto,4,3,4,4,3,0,0,1,0,1
Millennium City Centre,2,18-25,Business,4-5x/week,Office,Shared Auto,5,4,4,4,3,0,0,0,0,1
Millennium City Centre,2,46-60,Service,Daily,Office,Shared Auto,4,4,3,4,2,0,0,1,1,1
Millennium City Centre,2,18-25,Student,Daily,Education,Shared Auto,4,4,3,3,3,1,1,0,0,1
Millennium City Centre,2,46-60,Student,4-5x/week,Education,Shared Auto,4,3,3,4,2,0,1,1,1,1
Millennium City Centre,2,46-60,IT/Tech,2-3x/week,Office,Shared Auto,3,3,4,3,3,0,0,0,1,1
Millennium City Centre,2,26-35,Student,Weekly,Leisure,Shared Auto,4,4,3,4,3,0,0,1,0,1
Millennium City Centre,2,46-60,Business,Daily,Office,Shared Auto,4,4,3,3,2,1,1,0,0,1
Millennium City Centre,2,26-35,IT/Tech,4-5x/week,Office,Shared Auto,4,3,4,3,3,0,0,1,1,1
Millennium City Centre,2,46-60,IT/Tech,Daily,Shopping,Shared Auto,4,4,3,3,3,0,0,1,0,1
Millennium City Centre,2,36-45,Service,4-5x/week,Education,Shared Auto,4,3,4,4,3,0,0,0,0,1
Millennium City Centre,2,36-45,Other,Daily,Other,Shared Auto,4,4,3,2,3,0,0,0,1,1
Millennium City Centre,2,46-60,Other,Daily,Office,Shared Auto,5,4,3,5,3,0,0,0,0,1
Millennium City Centre,2,18-25,IT/Tech,4-5x/week,Office,Shared Auto,4,3,3,3,3,0,0,1,1,0
Millennium City Centre,2,26-35,Business,Daily,Other,Shared Auto,4,4,3,3,3,0,0,1,0,1
Millennium City Centre,2,18-25,Business,Daily,Office,Shared Auto,3,3,3,4,2,1,1,1,0,1
Millennium City Centre,2,36-45,Business,Weekly,Shopping,Shared Auto,3,3,4,4,3,1,0,1,0,1
Millennium City Centre,2,18-25,IT/Tech,Weekly,Office,Shared Auto,3,3,3,4,3,1,0,1,1,1
Millennium City Centre,2,26-35,Other,4-5x/week,Office,Shared Auto,4,4,4,4,3,0,0,1,0,1
Millennium City Centre,2,18-25,Business,Daily,Other,Shared Auto,3,4,4,4,3,0,0,0,1,1
Millennium City Centre,2,46-60,Student,Daily,Other,Shared Auto,4,3,3,4,3,0,0,1,0,1
Millennium City Centre,2,36-45,IT/Tech,Daily,Other,Shared Auto,4,3,3,3,3,0,1,0,0,1
Millennium City Centre,2,46-60,IT/Tech,2-3x/week,Leisure,Shared Auto,3,4,3,3,3,1,0,0,0,1
Millennium City Centre,2,18-25,Service,2-3x/week,Office,Shared Auto,3,3,3,3,3,1,0,0,0,1
Millennium City Centre,2,46-60,Business,Daily,Education,Shared Auto,4,4,3,4,3,0,0,0,0,1
Millennium City Centre,2,36-45,Business,Daily,Office,Shared Auto,4,3,3,4,3,0,1,1,1,1
Millennium City Centre,2,18-25,Other,Daily,Shopping,Shared Auto,4,4,5,4,2,0,0,0,0,1
Millennium City Centre,2,18-25,Service,2-3x/week,Shopping,Shared Auto,4,4,3,2,3,1,0,1,0,1
Millennium City Centre,2,60+,Other,Daily,Shopping,Shared Auto,4,4,4,2,2,0,0,0,0,1
Millennium City Centre,2,60+,Business,2-3x/week,Office,Shared Auto,3,4,3,3,1,0,0,0,1,1
Millennium City Centre,2,18-25,IT/Tech,2-3x/week,Office,Shared Auto,3,4,2,3,3,0,0,0,1,1
Millennium City Centre,2,46-60,IT/Tech,Daily,Leisure,Shared Auto,4,4,3,4,3,0,0,0,0,0
Millennium City Centre,2,46-60,Business,Weekly,Other,Shared Auto,4,3,4,4,3,1,0,1,0,1
Millennium City Centre,2,26-35,Student,2-3x/week,Office,Shared Auto,4,5,4,4,3,1,0,1,0,1
Millennium City Centre,2,18-25,IT/Tech,4-5x/week,Office,Shared Auto,4,4,4,4,3,1,0,1,1,0
Millennium City Centre,2,36-45,Business,Daily,Leisure,Shared Auto,4,4,3,3,3,0,1,1,1,1
Millennium City Centre,2,26-35,Service,Daily,Shopping,Shared Auto,4,3,3,3,3,0,0,1,1,1
Millennium City Centre,2,36-45,Student,Daily,Shopping,Shared Auto,4,4,4,4,2,0,0,0,0,1
Millennium City Centre,2,26-35,Other,4-5x/week,Other,Shared Auto,5,4,3,4,3,0,1,0,0,1
Millennium City Centre,2,18-25,IT/Tech,Daily,Shopping,Shared Auto,4,4,3,3,3,1,1,0,1,1
Millennium City Centre,2,18-25,IT/Tech,2-3x/week,Education,Shared Auto,4,4,4,4,3,1,0,0,0,1
Millennium City Centre,2,36-45,Student,Daily,Shopping,Shared Auto,4,3,3,3,3,1,0,0,1,1
Millennium City Centre,2,26-35,Student,4-5x/week,Office,Shared Auto,4,4,4,2,2,1,1,0,1,1
Millennium City Centre,2,18-25,Service,Weekly,Office,Shared Auto,3,3,4,3,2,0,0,1,0,1
Millennium City Centre,2,26-35,Service,4-5x/week,Office,Shared Auto,4,5,3,4,2,0,0,0,0,1
Millennium City Centre,2,26-35,Service,Daily,Shopping,Shared Auto,3,3,3,4,4,1,0,0,0,1
Millennium City Centre,2,46-60,Business,Rarely,Office,Shared Auto,4,5,3,3,3,0,0,0,0,1
Millennium City Centre,2,26-35,Student,4-5x/week,Other,Shared Auto,4,4,4,3,3,0,0,0,0,1
Millennium City Centre,2,26-35,IT/Tech,4-5x/week,Office,Shared Auto,3,3,3,4,2,1,1,0,0,1
Millennium City Centre,2,26-35,IT/Tech,Daily,Education,Shared Auto,5,4,4,3,4,0,0,0,1,1
Millennium City Centre,2,18-25,Service,4-5x/week,Office,Shared Auto,4,4,3,4,2,1,0,1,0,1
Millennium City Centre,2,26-35,IT/Tech,2-3x/week,Office,Shared Auto,3,3,3,4,2,1,0,1,0,1
Millennium City Centre,2,18-25,IT/Tech,4-5x/week,Office,Shared Auto,3,4,3,4,3,0,1,1,1,1
Millennium City Centre,2,36-45,Business,Daily,Shopping,Shared Auto,3,4,4,3,2,0,1,0,1,0
Millennium City Centre,2,26-35,Business,Weekly,Office,Shared Auto,4,4,3,4,3,1,0,1,0,1
Millennium City Centre,2,26-35,IT/Tech,4-5x/week,Office,Shared Auto,4,4,3,4,2,0,0,0,0,1
Millennium City Centre,2,18-25,Business,2-3x/week,Leisure,Shared Auto,4,4,4,4,3,1,0,0,1,1
Millennium City Centre,2,46-60,Student,Daily,Shopping,Shared Auto,4,4,4,3,3,0,0,0,1,1
Millennium City Centre,2,26-35,Student,4-5x/week,Shopping,Shared Auto,4,3,4,3,3,1,0,0,0,1
Millennium City Centre,2,36-45,Business,Weekly,Shopping,Shared Auto,4,4,4,3,2,1,0,0,0,1
Millennium City Centre,2,60+,Service,4-5x/week,Shopping,Shared Auto,4,3,3,3,2,0,1,1,0,0
Millennium City Centre,2,26-35,Student,Daily,Office,Shared Auto,4,3,3,3,3,1,1,0,0,1
Millennium City Centre,2,26-35,Service,2-3x/week,Office,Shared Auto,4,4,3,3,2,1,0,1,0,0
Millennium City Centre,2,36-45,Other,Daily,Office,Shared Auto,3,3,3,3,2,0,1,1,1,1
Millennium City Centre,2,46-60,Service,Daily,Office,Shared Auto,4,4,4,2,3,0,0,0,1,1
Millennium City Centre,2,26-35,Student,Daily,Education,Shared Auto,3,3,3,3,3,0,1,0,1,1
Millennium City Centre,2,36-45,IT/Tech,Daily,Leisure,Shared Auto,4,4,4,4,3,1,1,0,0,1
Millennium City Centre,2,36-45,Service,Daily,Education,Shared Auto,3,3,3,3,3,1,1,1,0,1
Millennium City Centre,2,18-25,Service,4-5x/week,Office,Shared Auto,3,2,3,3,3,1,0,0,0,1
Millennium City Centre,2,36-45,Student,2-3x/week,Leisure,Shared Auto,4,3,4,4,3,1,0,0,0,1
Millennium City Centre,2,18-25,IT/Tech,Daily,Office,Shared Auto,4,3,3,4,3,0,0,0,0,0
Millennium City Centre,2,46-60,Service,4-5x/week,Office,Shared Auto,4,4,4,5,3,0,0,0,0,0
Millennium City Centre,2,18-25,IT/Tech,4-5x/week,Office,Shared Auto,4,4,4,4,3,0,1,0,1,1
Millennium City Centre,2,18-25,Service,Rarely,Leisure,Shared Auto,3,3,3,3,3,0,0,1,0,1
Millennium City Centre,2,36-45,IT/Tech,2-3x/week,Education,Shared Auto,4,3,4,3,3,1,1,1,0,0
Millennium City Centre,2,26-35,Service,Weekly,Education,Shared Auto,3,3,3,4,2,0,0,0,0,1
Dwarka Sector 21,3,18-25,Student,4-5x/week,Education,App Cab,4,4,3,4,3,0,0,1,0,0
Dwarka Sector 21,3,46-60,IT/Tech,Weekly,Office,App Cab,4,3,3,3,3,1,0,0,0,0
Dwarka Sector 21,3,18-25,Service,Weekly,Education,App Cab,4,4,3,3,2,0,0,1,0,0
Dwarka Sector 21,3,18-25,Other,Daily,Shopping,App Cab,3,3,4,3,2,0,0,1,0,0
Dwarka Sector 21,3,46-60,Business,2-3x/week,Shopping,App Cab,3,3,4,3,3,1,0,0,0,1
Dwarka Sector 21,3,18-25,Student,Daily,Other,App Cab,3,3,4,5,3,0,0,1,0,1
Dwarka Sector 21,3,36-45,Student,2-3x/week,Other,App Cab,4,4,4,3,3,0,0,1,0,1
Dwarka Sector 21,3,46-60,IT/Tech,Daily,Education,App Cab,5,4,3,3,3,0,0,1,0,0
Dwarka Sector 21,3,18-25,Service,Daily,Leisure,App Cab,4,3,3,3,3,1,0,0,1,0
Dwarka Sector 21,3,46-60,Service,4-5x/week,Shopping,App Cab,4,3,3,3,3,0,1,0,1,1
Dwarka Sector 21,3,26-35,Service,Daily,Education,App Cab,3,4,3,4,2,0,0,1,1,0
Dwarka Sector 21,3,46-60,Other,Daily,Office,App Cab,3,4,3,4,2,0,0,1,0,1
Dwarka Sector 21,3,26-35,Business,Daily,Other,App Cab,4,3,3,4,2,1,0,0,0,0
Dwarka Sector 21,3,26-35,Student,Rarely,Other,App Cab,4,4,3,3,3,0,0,1,0,1
Dwarka Sector 21,3,36-45,Student,4-5x/week,Education,App Cab,4,3,3,4,3,0,1,1,0,0
Dwarka Sector 21,3,46-60,Student,4-5x/week,Office,App Cab,3,3,4,4,3,0,1,0,1,1
Dwarka Sector 21,3,36-45,Service,Daily,Office,App Cab,4,3,3,4,3,1,1,0,0,0
Dwarka Sector 21,3,36-45,Business,Rarely,Office,App Cab,4,3,4,5,3,0,0,0,0,1
Dwarka Sector 21,3,60+,Student,4-5x/week,Leisure,App Cab,4,4,4,4,2,0,0,0,1,0
Dwarka Sector 21,3,18-25,Student,Daily,Office,App Cab,4,3,3,4,3,0,0,0,0,1
Dwarka Sector 21,3,46-60,IT/Tech,4-5x/week,Education,App Cab,3,4,4,3,3,1,1,0,0,0
Dwarka Sector 21,3,26-35,Service,Daily,Office,App Cab,4,3,4,4,3,0,0,1,0,1
Dwarka Sector 21,3,26-35,Service,Daily,Education,App Cab,4,4,4,3,3,1,0,0,0,1
Dwarka Sector 21,3,26-35,IT/Tech,Daily,Shopping,App Cab,3,2,4,4,3,1,1,0,0,0
Dwarka Sector 21,3,46-60,Student,4-5x/week,Leisure,App Cab,3,3,3,4,3,0,1,1,1,1
Dwarka Sector 21,3,26-35,Other,Daily,Office,App Cab,4,4,4,4,3,1,0,1,0,1
Dwarka Sector 21,3,18-25,Student,2-3x/week,Office,App Cab,3,4,3,4,2,0,1,1,0,1
Dwarka Sector 21,3,26-35,IT/Tech,Daily,Office,App Cab,4,3,3,4,2,0,0,1,0,0
Dwarka Sector 21,3,26-35,IT/Tech,Daily,Leisure,App Cab,4,3,4,4,2,0,0,1,1,0
Dwarka Sector 21,3,18-25,Service,Daily,Leisure,App Cab,4,4,4,3,2,0,1,1,1,1
Dwarka Sector 21,3,26-35,IT/Tech,Daily,Office,App Cab,4,4,4,4,4,0,0,0,1,1
Dwarka Sector 21,3,46-60,IT/Tech,Daily,Office,App Cab,5,4,4,4,2,0,0,0,0,0
Dwarka Sector 21,3,46-60,IT/Tech,Daily,Shopping,App Cab,3,3,3,4,2,0,0,1,0,0
Dwarka Sector 21,3,36-45,Service,Daily,Shopping,App Cab,5,3,4,5,3,1,0,1,0,1
Dwarka Sector 21,3,18-25,IT/Tech,Rarely,Shopping,App Cab,4,2,4,4,2,1,0,0,0,1
Dwarka Sector 21,3,46-60,IT/Tech,Daily,Office,App Cab,3,3,3,3,3,0,0,0,0,0
Dwarka Sector 21,3,18-25,Business,Daily,Other,App Cab,4,3,3,4,3,1,0,1,0,1
Dwarka Sector 21,3,26-35,Other,4-5x/week,Education,App Cab,4,4,4,4,3,0,1,0,0,1
Dwarka Sector 21,3,26-35,Business,4-5x/week,Education,App Cab,3,3,3,4,3,0,0,1,0,1
Dwarka Sector 21,3,18-25,IT/Tech,Daily,Office,App Cab,3,3,3,4,3,1,1,1,0,0
Dwarka Sector 21,3,18-25,IT/Tech,Weekly,Office,App Cab,4,4,3,3,2,1,0,1,0,0
Dwarka Sector 21,3,18-25,Student,4-5x/week,Office,App Cab,3,3,3,4,3,1,0,0,0,1
Dwarka Sector 21,3,46-60,Business,4-5x/week,Office,App Cab,3,3,3,4,3,1,0,0,0,1
Dwarka Sector 21,3,36-45,Student,4-5x/week,Other,App Cab,4,3,4,4,4,1,1,0,0,1
Dwarka Sector 21,3,26-35,Business,2-3x/week,Shopping,App Cab,3,3,2,4,2,1,0,1,1,1
Dwarka Sector 21,3,18-25,Service,Daily,Other,App Cab,3,4,4,4,2,0,0,1,1,0
Dwarka Sector 21,3,36-45,Other,Weekly,Shopping,App Cab,5,3,4,3,3,1,1,0,0,1
Dwarka Sector 21,3,26-35,Business,Daily,Office,App Cab,4,4,3,4,3,1,1,1,0,0
Dwarka Sector 21,3,26-35,IT/Tech,4-5x/week,Shopping,App Cab,4,4,3,3,2,0,0,0,0,0
Dwarka Sector 21,3,36-45,Service,Daily,Education,App Cab,3,4,3,4,2,0,1,0,0,1
Dwarka Sector 21,3,18-25,Student,4-5x/week,Leisure,App Cab,3,3,3,4,3,1,1,1,0,1
Dwarka Sector 21,3,26-35,IT/Tech,2-3x/week,Education,App Cab,4,3,4,4,3,0,0,0,0,1
Dwarka Sector 21,3,18-25,Service,4-5x/week,Office,App Cab,5,3,4,4,3,0,0,1,0,0
Dwarka Sector 21,3,18-25,Student,Daily,Shopping,App Cab,4,3,3,4,3,0,0,1,0,1
Dwarka Sector 21,3,26-35,Service,2-3x/week,Shopping,App Cab,4,3,3,4,3,0,0,1,0,0
Dwarka Sector 21,3,36-45,Business,Weekly,Education,App Cab,4,3,4,3,3,0,0,0,0,1
Dwarka Sector 21,3,18-25,IT/Tech,Daily,Office,App Cab,3,4,3,3,3,0,0,1,0,1
Dwarka Sector 21,3,26-35,Other,Daily,Office,App Cab,4,3,3,3,3,0,0,1,0,1
Dwarka Sector 21,3,46-60,Service,4-5x/week,Leisure,App Cab,3,3,4,3,3,0,0,1,0,1
Dwarka Sector 21,3,18-25,Other,2-3x/week,Office,App Cab,4,4,3,5,2,1,0,0,0,0
Dwarka Sector 21,3,60+,IT/Tech,Daily,Shopping,App Cab,3,3,4,3,3,0,1,1,1,0
Dwarka Sector 21,3,26-35,Service,Daily,Office,App Cab,4,4,5,4,3,0,0,0,0,0
Dwarka Sector 21,3,18-25,Other,4-5x/week,Office,App Cab,4,4,4,3,3,1,0,0,0,1
Dwarka Sector 21,3,36-45,IT/Tech,2-3x/week,Office,App Cab,3,3,4,3,3,1,1,0,0,1
Dwarka Sector 21,3,46-60,Business,Daily,Office,App Cab,4,4,4,3,2,0,1,1,0,0
Dwarka Sector 21,3,36-45,Service,4-5x/week,Office,App Cab,3,4,4,3,2,0,0,1,1,1
Dwarka Sector 21,3,36-45,Service,2-3x/week,Shopping,App Cab,4,3,4,4,3,0,0,1,0,0
Dwarka Sector 21,3,36-45,Student,Daily,Office,App Cab,4,3,4,4,2,0,1,0,0,0
Dwarka Sector 21,3,26-35,IT/Tech,Daily,Office,App Cab,4,3,4,4,3,1,0,0,0,1
Dwarka Sector 21,3,36-45,Student,Daily,Shopping,App Cab,4,3,4,5,3,0,1,1,0,0
Dwarka Sector 21,3,18-25,IT/Tech,2-3x/week,Education,App Cab,3,3,3,4,2,0,0,1,1,1
Dwarka Sector 21,3,26-35,Student,4-5x/week,Office,App Cab,4,3,3,4,2,1,0,1,1,0
Dwarka Sector 21,3,26-35,Student,2-3x/week,Shopping,App Cab,3,3,4,3,3,1,0,1,0,1
Dwarka Sector 21,3,26-35,IT/Tech,4-5x/week,Office,App Cab,3,3,3,3,3,0,1,1,1,0
Dwarka Sector 21,3,26-35,IT/Tech,Daily,Education,App Cab,3,3,4,4,2,0,1,0,1,0
Dwarka Sector 21,3,26-35,Student,Daily,Office,App Cab,4,3,4,4,3,0,0,1,1,1
Dwarka Sector 21,3,26-35,IT/Tech,Daily,Office,App Cab,3,4,3,4,2,0,0,1,1,0
Dwarka Sector 21,3,36-45,Student,4-5x/week,Office,App Cab,4,3,4,4,3,0,0,0,1,1
Dwarka Sector 21,3,18-25,Other,Rarely,Leisure,App Cab,4,3,4,3,3,1,1,0,0,0
Dwarka Sector 21,3,26-35,IT/Tech,4-5x/week,Office,App Cab,4,4,4,4,4,1,0,0,0,0
Dwarka,3,60+,Service,4-5x/week,Office,E-Rickshaw,5,4,3,3,4,0,1,0,0,1
Dwarka,3,46-60,Business,Daily,Shopping,E-Rickshaw,5,4,4,4,3,0,0,1,1,1
Dwarka,3,26-35,Student,4-5x/week,Office,E-Rickshaw,4,4,2,4,3,0,0,1,0,0
Dwarka,3,26-35,Service,Rarely,Shopping,E-Rickshaw,5,4,4,3,4,0,0,0,0,0
Dwarka,3,36-45,Business,2-3x/week,Other,E-Rickshaw,3,3,3,3,3,0,0,1,1,1
Dwarka,3,26-35,Business,Daily,Office,E-Rickshaw,4,3,4,3,3,1,0,1,1,0
Dwarka,3,26-35,Service,Daily,Education,E-Rickshaw,3,3,3,4,3,0,1,0,0,0
Dwarka,3,18-25,IT/Tech,4-5x/week,Office,E-Rickshaw,5,4,3,4,4,0,1,0,0,1
Dwarka,3,18-25,IT/Tech,Daily,Leisure,E-Rickshaw,3,3,3,4,3,0,0,1,1,1
Dwarka,3,18-25,Student,Daily,Office,E-Rickshaw,4,4,3,4,3,0,0,0,1,0
Dwarka,3,26-35,Other,Weekly,Office,E-Rickshaw,4,4,2,3,4,0,1,0,0,0
Dwarka,3,26-35,IT/Tech,4-5x/week,Leisure,E-Rickshaw,4,4,4,3,3,0,0,0,1,1
Dwarka,3,26-35,Service,2-3x/week,Office,E-Rickshaw,4,3,4,3,4,1,1,0,1,1
Dwarka,3,36-45,IT/Tech,4-5x/week,Office,E-Rickshaw,4,4,3,4,4,1,0,0,0,1
Dwarka,3,18-25,Service,Daily,Education,E-Rickshaw,4,3,3,3,3,0,0,0,0,1
Dwarka,3,18-25,Business,Daily,Education,E-Rickshaw,4,3,4,4,3,0,0,1,0,0
Dwarka,3,60+,Business,2-3x/week,Office,E-Rickshaw,4,4,3,4,3,0,1,0,0,1
Dwarka,3,46-60,Other,Daily,Office,E-Rickshaw,5,4,3,3,4,0,1,0,0,0
Dwarka,3,26-35,Service,4-5x/week,Office,E-Rickshaw,4,3,4,4,3,1,1,1,0,1
Dwarka,3,36-45,Student,Daily,Office,E-Rickshaw,4,3,4,4,3,0,0,1,0,0
Dwarka,3,26-35,Business,Daily,Other,E-Rickshaw,4,3,3,4,3,1,0,0,0,0
Dwarka,3,36-45,Student,Daily,Shopping,E-Rickshaw,4,4,4,3,3,0,1,0,0,1
Dwarka,3,26-35,Other,Daily,Education,E-Rickshaw,4,5,3,4,3,0,1,1,0,0
Dwarka,3,26-35,IT/Tech,Weekly,Office,E-Rickshaw,4,4,3,4,3,0,1,0,0,0
Dwarka,3,46-60,IT/Tech,2-3x/week,Leisure,E-Rickshaw,4,3,4,3,3,0,0,0,1,0
Dwarka,3,18-25,IT/Tech,Weekly,Office,E-Rickshaw,4,4,3,5,3,0,0,1,0,1
Dwarka,3,26-35,Business,Weekly,Other,E-Rickshaw,4,4,3,4,3,0,0,0,0,0
Dwarka,3,46-60,IT/Tech,4-5x/week,Other,E-Rickshaw,2,4,3,4,3,1,1,0,0,0
Dwarka,3,26-35,Business,Daily,Other,E-Rickshaw,4,4,4,4,3,1,0,1,0,1
Dwarka,3,26-35,Service,4-5x/week,Office,E-Rickshaw,4,4,4,4,2,0,0,0,1,0
Dwarka,3,18-25,Student,Daily,Office,E-Rickshaw,3,4,3,4,3,0,1,0,0,0
Dwarka,3,36-45,Student,2-3x/week,Education,E-Rickshaw,4,3,3,4,4,1,1,0,0,1
Dwarka,3,36-45,Service,2-3x/week,Office,E-Rickshaw,4,4,3,3,3,1,1,0,0,1
Dwarka,3,18-25,IT/Tech,4-5x/week,Office,E-Rickshaw,4,4,4,4,3,0,0,0,0,0
Dwarka,3,18-25,Student,Daily,Education,E-Rickshaw,3,4,4,4,3,0,0,0,0,0
Dwarka,3,18-25,Other,Daily,Shopping,E-Rickshaw,3,4,3,3,3,1,1,1,1,1
Dwarka,3,18-25,IT/Tech,Daily,Office,E-Rickshaw,4,3,3,3,3,1,0,1,0,1
Dwarka,3,26-35,IT/Tech,Daily,Office,E-Rickshaw,5,4,4,4,4,1,0,1,1,1
Dwarka,3,26-35,Business,Weekly,Education,E-Rickshaw,3,3,4,3,3,1,0,1,1,1
Dwarka,3,36-45,IT/Tech,Daily,Office,E-Rickshaw,4,3,3,5,3,0,0,0,0,0
Dwarka,3,36-45,IT/Tech,Rarely,Shopping,E-Rickshaw,3,4,4,4,3,0,1,0,0,1
Dwarka,3,18-25,Business,4-5x/week,Shopping,E-Rickshaw,4,4,3,4,3,0,0,1,0,0
Dwarka,3,26-35,Business,Daily,Leisure,E-Rickshaw,3,3,3,4,2,1,1,0,0,1
Dwarka,3,36-45,IT/Tech,Daily,Shopping,E-Rickshaw,5,3,4,4,3,0,0,0,0,0
Dwarka,3,26-35,Other,Daily,Education,E-Rickshaw,4,3,4,4,3,0,0,0,1,1
Dwarka,3,18-25,Student,4-5x/week,Leisure,E-Rickshaw,5,4,4,3,4,0,0,0,0,0
Dwarka,3,18-25,IT/Tech,4-5x/week,Office,E-Rickshaw,4,4,3,4,3,0,1,1,0,0
Dwarka,3,18-25,Service,Daily,Shopping,E-Rickshaw,3,3,3,4,2,0,1,1,0,0
Dwarka,3,26-35,Business,Daily,Office,E-Rickshaw,4,4,4,3,3,0,0,1,0,1
Dwarka,3,46-60,Student,Daily,Shopping,E-Rickshaw,4,4,2,3,4,0,0,0,1,0
Dwarka,3,26-35,Student,Daily,Office,E-Rickshaw,4,5,3,3,3,0,0,0,0,1
Dwarka,3,26-35,Service,2-3x/week,Office,E-Rickshaw,4,4,4,4,3,1,1,0,0,1
Dwarka,3,18-25,IT/Tech,4-5x/week,Office,E-Rickshaw,4,4,4,4,4,0,0,0,0,0
Dwarka,3,36-45,Student,Daily,Office,E-Rickshaw,3,4,2,4,4,0,1,0,0,1
Dwarka,3,36-45,IT/Tech,2-3x/week,Office,E-Rickshaw,4,4,3,4,4,0,1,0,0,1
Dwarka,3,18-25,Business,Daily,Shopping,E-Rickshaw,4,4,3,3,4,0,1,0,0,0
Dwarka,3,18-25,IT/Tech,2-3x/week,Education,E-Rickshaw,4,4,4,5,3,0,0,1,0,1
Dwarka,3,18-25,IT/Tech,4-5x/week,Shopping,E-Rickshaw,4,3,4,3,3,0,1,1,0,0
Dwarka,3,26-35,IT/Tech,2-3x/week,Shopping,E-Rickshaw,4,4,3,3,3,0,1,0,1,0
Dwarka,3,26-35,Business,Daily,Office,E-Rickshaw,4,4,4,4,3,0,1,0,0,1
Dwarka,3,18-25,Service,2-3x/week,Other,E-Rickshaw,4,4,3,3,3,0,0,0,1,1
Dwarka,3,18-25,Service,2-3x/week,Office,E-Rickshaw,4,4,3,4,3,0,0,0,0,1
Dwarka,3,36-45,Service,Daily,Office,E-Rickshaw,4,4,4,4,3,0,0,0,0,0
Dwarka,3,60+,Student,Daily,Office,E-Rickshaw,3,4,3,4,3,0,0,0,1,0
Dwarka,3,18-25,Business,2-3x/week,Shopping,E-Rickshaw,4,4,4,3,3,0,1,0,1,1
Dwarka,3,36-45,Service,Daily,Office,E-Rickshaw,3,3,3,3,3,1,1,1,1,0
Dwarka,3,60+,IT/Tech,4-5x/week,Office,E-Rickshaw,5,4,4,3,3,0,0,1,0,1
Dwarka,3,26-35,Business,Daily,Education,E-Rickshaw,4,3,4,3,3,0,0,0,0,0
Dwarka,3,18-25,Service,Daily,Leisure,E-Rickshaw,4,4,3,4,3,1,0,1,0,1
Dwarka,3,36-45,Student,2-3x/week,Leisure,E-Rickshaw,5,3,4,3,3,1,0,0,0,1
Dwarka,3,18-25,IT/Tech,Daily,Office,E-Rickshaw,4,4,4,3,4,0,1,0,1,1
Dwarka,3,46-60,Business,Daily,Office,E-Rickshaw,4,3,3,3,4,0,0,0,0,0
Dwarka,3,18-25,Other,Daily,Shopping,E-Rickshaw,4,3,4,4,3,1,0,1,0,1
Dwarka,3,46-60,Service,2-3x/week,Leisure,E-Rickshaw,5,4,4,4,3,1,0,1,0,1
Dwarka,3,26-35,IT/Tech,Daily,Office,E-Rickshaw,4,4,3,3,4,0,0,0,0,0
Dwarka,3,36-45,IT/Tech,4-5x/week,Shopping,E-Rickshaw,4,3,4,3,3,0,0,0,1,1
Dwarka,3,26-35,Service,4-5x/week,Office,E-Rickshaw,4,4,3,4,3,0,0,1,0,1
Dwarka,3,26-35,Service,Daily,Office,E-Rickshaw,5,4,4,4,4,0,0,0,0,1
Dwarka,3,26-35,Service,Daily,Office,E-Rickshaw,3,4,2,4,4,0,1,0,0,0
Dwarka,3,18-25,Student,Daily,Shopping,E-Rickshaw,4,4,4,4,4,0,0,0,0,1
Dwarka,3,26-35,IT/Tech,Daily,Shopping,E-Rickshaw,4,3,3,3,3,1,0,1,0,0
Dwarka,3,26-35,IT/Tech,Weekly,Office,E-Rickshaw,4,3,3,4,3,0,0,0,0,1
Dwarka,3,36-45,Other,2-3x/week,Shopping,E-Rickshaw,4,4,3,3,3,0,0,0,0,0
Dwarka,3,18-25,IT/Tech,2-3x/week,Office,E-Rickshaw,3,4,4,3,3,0,0,0,0,1
Dwarka,3,18-25,Other,2-3x/week,Office,E-Rickshaw,4,4,3,4,4,0,0,0,0,0
Janakpuri West,3,26-35,IT/Tech,Daily,Shopping,E-Rickshaw,4,4,4,4,3,0,0,0,1,0
Janakpuri West,3,26-35,IT/Tech,2-3x/week,Education,E-Rickshaw,4,4,4,3,4,0,0,0,0,0
Janakpuri West,3,46-60,Service,Daily,Office,E-Rickshaw,4,4,4,4,3,0,0,0,0,1
Janakpuri West,3,26-35,Student,4-5x/week,Office,E-Rickshaw,4,4,3,4,4,0,1,0,0,1
Janakpuri West,3,18-25,Service,2-3x/week,Shopping,E-Rickshaw,4,4,4,4,3,0,0,1,0,0
Janakpuri West,3,36-45,Service,4-5x/week,Office,E-Rickshaw,3,3,5,4,3,1,1,1,0,1
Janakpuri West,3,18-25,Service,Daily,Office,E-Rickshaw,5,4,4,4,4,0,0,0,0,1
Janakpuri West,3,26-35,Service,Daily,Office,E-Rickshaw,4,4,4,4,3,0,0,0,1,1
Janakpuri West,3,46-60,IT/Tech,Rarely,Other,E-Rickshaw,3,4,4,3,3,1,0,0,1,1
Janakpuri West,3,36-45,Student,Weekly,Shopping,E-Rickshaw,4,3,3,3,4,0,0,1,1,1
Janakpuri West,3,46-60,Business,2-3x/week,Shopping,E-Rickshaw,4,4,4,3,3,0,0,0,1,1
Janakpuri West,3,36-45,Business,Daily,Office,E-Rickshaw,4,5,3,4,3,0,1,0,1,0
Janakpuri West,3,36-45,IT/Tech,Daily,Leisure,E-Rickshaw,4,4,3,3,3,1,0,0,0,1
Janakpuri West,3,18-25,Service,2-3x/week,Office,E-Rickshaw,4,4,3,3,2,0,0,1,0,1
Janakpuri West,3,26-35,Service,Daily,Other,E-Rickshaw,4,4,4,3,3,0,1,0,1,1
Janakpuri West,3,46-60,Business,Rarely,Education,E-Rickshaw,4,4,3,4,3,0,1,0,0,1
Janakpuri West,3,46-60,IT/Tech,Rarely,Education,E-Rickshaw,4,4,4,4,3,1,0,0,0,0
Janakpuri West,3,36-45,IT/Tech,Daily,Leisure,E-Rickshaw,3,4,3,3,3,0,0,0,1,1
Janakpuri West,3,46-60,Other,Daily,Other,E-Rickshaw,4,4,3,3,3,0,0,1,1,0
Janakpuri West,3,26-35,IT/Tech,Daily,Office,E-Rickshaw,3,3,4,3,3,0,0,0,1,1
Janakpuri West,3,26-35,Other,4-5x/week,Office,E-Rickshaw,3,4,3,3,4,0,0,0,0,0
Janakpuri West,3,26-35,Student,Daily,Education,E-Rickshaw,4,4,4,4,4,0,1,1,0,1
Janakpuri West,3,36-45,Service,4-5x/week,Office,E-Rickshaw,5,4,4,4,4,0,0,0,0,0
Janakpuri West,3,18-25,IT/Tech,4-5x/week,Office,E-Rickshaw,5,4,3,4,3,0,0,1,0,1
Janakpuri West,3,26-35,Business,Daily,Office,E-Rickshaw,4,4,3,4,4,0,0,0,0,0
Janakpuri West,3,18-25,IT/Tech,Daily,Education,E-Rickshaw,4,3,4,3,4,0,1,0,1,1
Janakpuri West,3,26-35,Service,Daily,Education,E-Rickshaw,4,4,4,3,3,0,0,1,0,1
Janakpuri West,3,18-25,IT/Tech,4-5x/week,Office,E-Rickshaw,4,4,4,3,3,0,0,0,0,1
Janakpuri West,3,26-35,IT/Tech,Weekly,Education,E-Rickshaw,5,4,4,3,3,0,0,0,0,0
Janakpuri West,3,26-35,Student,Daily,Office,E-Rickshaw,5,4,3,3,3,0,1,1,0,1
Janakpuri West,3,18-25,IT/Tech,2-3x/week,Other,E-Rickshaw,4,3,4,4,4,0,1,0,0,1
Janakpuri West,3,26-35,Student,Daily,Office,E-Rickshaw,5,4,4,4,4,0,0,0,0,1
Janakpuri West,3,18-25,Student,2-3x/week,Leisure,E-Rickshaw,4,4,3,4,4,1,0,0,0,1
Janakpuri West,3,18-25,Service,Daily,Other,E-Rickshaw,4,4,3,4,4,1,1,1,0,0
Janakpuri West,3,46-60,Student,Daily,Education,E-Rickshaw,4,4,3,4,4,0,0,0,0,1
Janakpuri West,3,26-35,IT/Tech,Daily,Shopping,E-Rickshaw,5,4,4,3,4,0,0,0,0,1
Janakpuri West,3,26-35,Business,2-3x/week,Office,E-Rickshaw,4,4,3,4,4,1,0,0,0,0
Janakpuri West,3,36-45,IT/Tech,Daily,Office,E-Rickshaw,5,5,3,3,4,0,1,0,0,1
Janakpuri West,3,26-35,Student,Daily,Office,E-Rickshaw,4,4,4,2,3,0,0,0,0,1
Janakpuri West,3,18-25,Business,4-5x/week,Education,E-Rickshaw,5,4,4,4,4,0,0,0,0,1
Janakpuri West,3,36-45,Business,4-5x/week,Other,E-Rickshaw,4,4,4,4,3,0,0,1,1,0
Janakpuri West,3,26-35,IT/Tech,Daily,Office,E-Rickshaw,5,4,4,4,4,0,0,0,0,1
Janakpuri West,3,60+,Service,Daily,Office,E-Rickshaw,4,4,4,4,3,1,0,1,0,0
Janakpuri West,3,18-25,Business,2-3x/week,Shopping,E-Rickshaw,4,4,4,4,3,0,0,0,0,0
Janakpuri West,3,36-45,Business,Daily,Office,E-Rickshaw,4,4,3,4,4,0,0,0,0,1
Janakpuri West,3,46-60,Student,Daily,Education,E-Rickshaw,4,4,4,3,4,0,0,0,0,1
Janakpuri West,3,46-60,IT/Tech,Daily,Office,E-Rickshaw,3,4,4,4,3,1,0,1,0,1
Janakpuri West,3,26-35,Service,4-5x/week,Education,E-Rickshaw,4,4,4,4,4,1,0,0,0,1
Janakpuri West,3,18-25,Other,Rarely,Office,E-Rickshaw,4,4,3,4,4,0,1,0,1,1
Janakpuri West,3,18-25,IT/Tech,2-3x/week,Education,E-Rickshaw,4,4,3,4,3,0,0,0,0,1
Janakpuri West,3,18-25,Business,2-3x/week,Education,E-Rickshaw,4,4,3,4,4,0,0,1,0,1
Janakpuri West,3,36-45,Service,4-5x/week,Office,E-Rickshaw,4,5,4,3,3,0,0,0,1,1
Janakpuri West,3,18-25,Student,Daily,Education,E-Rickshaw,4,4,4,4,3,1,0,0,0,1
Janakpuri West,3,18-25,IT/Tech,Rarely,Office,E-Rickshaw,3,4,3,4,4,0,0,0,0,0
Janakpuri West,3,36-45,IT/Tech,Daily,Education,E-Rickshaw,4,4,4,4,4,0,0,0,0,0
Janakpuri West,3,26-35,Service,2-3x/week,Education,E-Rickshaw,4,4,3,4,4,0,0,0,1,1
Janakpuri West,3,36-45,Business,Daily,Office,E-Rickshaw,5,4,4,4,3,0,0,0,0,0
Janakpuri West,3,26-35,Student,4-5x/week,Shopping,E-Rickshaw,3,4,4,3,3,1,0,1,1,0
Janakpuri West,3,36-45,Student,Rarely,Office,E-Rickshaw,4,4,4,4,4,1,0,0,0,1
Janakpuri West,3,26-35,Other,2-3x/week,Office,E-Rickshaw,4,3,4,3,3,1,0,1,0,1
Janakpuri West,3,36-45,Service,2-3x/week,Office,E-Rickshaw,4,4,4,4,3,0,0,0,0,1
Janakpuri West,3,26-35,Business,2-3x/week,Office,E-Rickshaw,3,4,4,4,3,0,0,0,0,0
Janakpuri West,3,36-45,IT/Tech,4-5x/week,Shopping,E-Rickshaw,3,4,4,4,3,0,1,1,0,0
Janakpuri West,3,18-25,IT/Tech,Daily,Shopping,E-Rickshaw,4,4,3,4,3,1,0,0,0,1
Janakpuri West,3,18-25,Service,4-5x/week,Office,E-Rickshaw,4,4,3,4,4,1,1,1,0,1
Janakpuri West,3,36-45,Other,Daily,Office,E-Rickshaw,4,3,3,4,3,0,1,1,0,0
Janakpuri West,3,46-60,Student,4-5x/week,Office,E-Rickshaw,4,5,4,3,4,0,0,0,0,1
Janakpuri West,3,26-35,IT/Tech,Daily,Shopping,E-Rickshaw,5,4,3,4,4,0,0,0,0,1
Janakpuri West,3,36-45,Other,Weekly,Other,E-Rickshaw,5,4,4,4,4,0,0,0,0,1
Janakpuri West,3,18-25,Business,2-3x/week,Education,E-Rickshaw,3,3,3,4,3,0,0,0,0,0
Janakpuri West,3,36-45,Student,Daily,Office,E-Rickshaw,4,4,4,4,4,0,0,1,0,1
Janakpuri West,3,46-60,Service,4-5x/week,Office,E-Rickshaw,4,3,4,4,3,1,1,0,0,1
Janakpuri West,3,36-45,Service,2-3x/week,Office,E-Rickshaw,4,4,3,3,4,0,1,0,0,1
Janakpuri West,3,26-35,IT/Tech,Weekly,Education,E-Rickshaw,4,4,4,3,3,0,0,0,1,1
Janakpuri West,3,18-25,Student,Daily,Leisure,E-Rickshaw,4,4,4,4,3,1,0,0,0,0
Janakpuri West,3,18-25,IT/Tech,4-5x/week,Education,E-Rickshaw,4,3,3,4,4,0,0,0,0,1
Janakpuri West,3,26-35,Student,Daily,Other,E-Rickshaw,3,3,3,5,3,1,1,1,0,1
Janakpuri West,3,36-45,Service,2-3x/week,Office,E-Rickshaw,4,4,4,3,3,0,0,0,1,0
Janakpuri West,3,36-45,Student,Weekly,Office,E-Rickshaw,3,4,3,3,2,1,0,0,0,0
Janakpuri West,3,36-45,Business,Daily,Education,E-Rickshaw,5,4,3,4,5,0,0,0,0,1
Janakpuri West,3,26-35,Service,Daily,Office,E-Rickshaw,4,4,4,3,3,0,0,0,0,0
Janakpuri West,3,36-45,Service,Daily,Office,E-Rickshaw,5,3,4,3,3,0,0,0,0,1
Janakpuri West,3,18-25,IT/Tech,Daily,Office,E-Rickshaw,4,4,3,4,4,1,1,1,0,1
Janakpuri West,3,26-35,IT/Tech,Daily,Education,E-Rickshaw,3,4,3,4,3,1,1,0,0,1
Janakpuri West,3,18-25,IT/Tech,2-3x/week,Office,E-Rickshaw,3,4,4,4,3,0,0,1,0,1
Janakpuri West,3,18-25,IT/Tech,Daily,Other,E-Rickshaw,4,4,3,3,2,0,0,0,0,1
Janakpuri West,3,18-25,Service,4-5x/week,Leisure,E-Rickshaw,4,4,3,4,4,0,1,0,0,1
Janakpuri West,3,46-60,Service,2-3x/week,Shopping,E-Rickshaw,4,4,3,3,3,0,0,0,0,0
Janakpuri West,3,26-35,Other,2-3x/week,Office,E-Rickshaw,5,5,4,4,4,0,0,1,0,1
Janakpuri West,3,18-25,IT/Tech,Daily,Office,E-Rickshaw,4,4,3,4,3,0,0,1,0,1
Rajouri Garden,3,46-60,Service,Rarely,Leisure,E-Rickshaw,4,3,4,3,3,0,0,0,0,1
Rajouri Garden,3,18-25,Other,Weekly,Education,E-Rickshaw,3,3,4,4,3,1,1,0,1,1
Rajouri Garden,3,26-35,Business,Daily,Office,E-Rickshaw,4,4,3,3,3,0,1,1,0,1
Rajouri Garden,3,18-25,Other,2-3x/week,Shopping,E-Rickshaw,4,4,4,3,3,0,0,1,0,1
Rajouri Garden,3,26-35,Student,Daily,Office,E-Rickshaw,3,3,4,4,2,0,0,1,0,0
Rajouri Garden,3,36-45,Other,2-3x/week,Office,E-Rickshaw,4,4,3,4,2,1,0,1,0,0
Rajouri Garden,3,26-35,IT/Tech,2-3x/week,Education,E-Rickshaw,3,4,4,4,3,0,0,0,0,1
Rajouri Garden,3,60+,Service,Daily,Office,E-Rickshaw,4,4,4,3,3,0,1,0,0,1
Rajouri Garden,3,26-35,Student,Daily,Office,E-Rickshaw,3,3,3,3,3,0,0,1,0,1
Rajouri Garden,3,18-25,Service,4-5x/week,Shopping,E-Rickshaw,3,3,3,4,3,1,0,1,0,1
Rajouri Garden,3,18-25,IT/Tech,Daily,Leisure,E-Rickshaw,3,4,4,4,2,0,0,0,1,0
Rajouri Garden,3,26-35,Student,4-5x/week,Office,E-Rickshaw,4,4,2,4,2,1,1,1,0,1
Rajouri Garden,3,26-35,Other,Weekly,Office,E-Rickshaw,3,3,4,4,2,0,0,1,0,1
Rajouri Garden,3,26-35,Service,Daily,Shopping,E-Rickshaw,5,3,4,3,3,0,0,0,1,1
Rajouri Garden,3,26-35,IT/Tech,Daily,Leisure,E-Rickshaw,3,3,4,3,3,0,1,1,0,0
Rajouri Garden,3,36-45,IT/Tech,4-5x/week,Office,E-Rickshaw,5,4,4,3,3,0,1,1,0,1
Rajouri Garden,3,46-60,IT/Tech,4-5x/week,Leisure,E-Rickshaw,4,4,4,4,3,0,1,0,0,0
Rajouri Garden,3,18-25,Business,4-5x/week,Other,E-Rickshaw,3,3,3,3,3,1,0,1,0,0
Rajouri Garden,3,18-25,Service,Daily,Office,E-Rickshaw,4,4,4,4,3,0,0,1,0,1
Rajouri Garden,3,36-45,IT/Tech,4-5x/week,Office,E-Rickshaw,3,3,4,3,2,1,0,1,1,1
Rajouri Garden,3,26-35,Business,Daily,Shopping,E-Rickshaw,4,4,4,4,3,0,0,1,1,1
Rajouri Garden,3,18-25,Service,Daily,Office,E-Rickshaw,4,4,4,3,3,0,0,0,1,1
Rajouri Garden,3,60+,Business,Daily,Office,E-Rickshaw,4,4,3,3,3,1,0,0,0,1
Rajouri Garden,3,26-35,Business,2-3x/week,Leisure,E-Rickshaw,3,3,3,3,3,0,0,0,0,0
Rajouri Garden,3,26-35,Student,Weekly,Shopping,E-Rickshaw,3,3,3,4,3,0,1,1,0,1
Rajouri Garden,3,26-35,Other,2-3x/week,Education,E-Rickshaw,4,4,4,3,2,0,1,0,0,1
Rajouri Garden,3,18-25,Business,2-3x/week,Education,E-Rickshaw,4,4,3,3,3,0,1,1,0,1
Rajouri Garden,3,46-60,IT/Tech,Daily,Office,E-Rickshaw,3,3,3,4,4,1,0,1,1,1
Rajouri Garden,3,18-25,Service,2-3x/week,Shopping,E-Rickshaw,4,4,3,5,3,0,0,1,1,1
Rajouri Garden,3,26-35,Other,2-3x/week,Leisure,E-Rickshaw,4,3,4,3,3,0,0,0,0,1
Rajouri Garden,3,26-35,Student,2-3x/week,Shopping,E-Rickshaw,4,3,4,4,3,1,0,1,0,1
Rajouri Garden,3,46-60,Service,2-3x/week,Office,E-Rickshaw,4,4,4,2,3,0,1,0,0,1
Rajouri Garden,3,18-25,Business,Daily,Shopping,E-Rickshaw,4,4,4,3,2,0,0,0,0,1
Rajouri Garden,3,26-35,Student,Daily,Shopping,E-Rickshaw,4,3,4,4,3,1,1,1,0,1
Rajouri Garden,3,26-35,Service,2-3x/week,Office,E-Rickshaw,4,3,4,3,2,0,0,0,0,1
Rajouri Garden,3,26-35,IT/Tech,Daily,Office,E-Rickshaw,4,3,4,3,3,0,0,1,0,1
Rajouri Garden,3,60+,Business,Daily,Office,E-Rickshaw,3,3,4,3,3,0,0,1,0,1
Rajouri Garden,3,18-25,Business,Rarely,Office,E-Rickshaw,4,4,3,4,2,0,0,1,0,1
Rajouri Garden,3,26-35,Other,Rarely,Office,E-Rickshaw,4,4,3,4,3,0,0,0,0,0
Rajouri Garden,3,46-60,Business,Daily,Office,E-Rickshaw,4,4,4,4,3,0,0,1,0,1
Rajouri Garden,3,60+,IT/Tech,Daily,Office,E-Rickshaw,4,4,4,3,4,0,0,0,1,1
Rajouri Garden,3,26-35,Service,Daily,Office,E-Rickshaw,4,4,4,3,3,0,0,1,0,1
Rajouri Garden,3,26-35,Service,Daily,Education,E-Rickshaw,3,3,3,3,3,0,0,0,1,1
Rajouri Garden,3,60+,IT/Tech,Daily,Shopping,E-Rickshaw,3,4,4,3,3,0,1,1,0,1
Rajouri Garden,3,26-35,Business,Daily,Education,E-Rickshaw,3,3,3,3,3,1,0,1,0,0
Rajouri Garden,3,26-35,IT/Tech,2-3x/week,Shopping,E-Rickshaw,3,4,4,3,3,0,0,1,1,1
Rajouri Garden,3,18-25,Service,Daily,Office,E-Rickshaw,4,4,4,3,3,0,1,0,0,1
Rajouri Garden,3,36-45,Business,Daily,Shopping,E-Rickshaw,3,4,4,4,2,0,0,1,0,1
Rajouri Garden,3,18-25,Business,4-5x/week,Shopping,E-Rickshaw,4,4,5,4,3,0,1,0,1,1
Rajouri Garden,3,26-35,IT/Tech,Daily,Shopping,E-Rickshaw,4,3,4,3,3,1,0,1,0,1
Rajouri Garden,3,36-45,IT/Tech,Weekly,Shopping,E-Rickshaw,5,4,4,3,3,0,0,1,1,1
Rajouri Garden,3,46-60,Service,Daily,Office,E-Rickshaw,3,3,3,3,3,0,1,1,0,1
Rajouri Garden,3,26-35,Student,Daily,Education,E-Rickshaw,3,4,3,3,3,1,0,0,0,1
Rajouri Garden,3,26-35,Business,Daily,Shopping,E-Rickshaw,3,3,4,4,3,1,1,1,1,1
Rajouri Garden,3,36-45,Service,Daily,Office,E-Rickshaw,3,3,3,4,3,0,0,1,1,1
Rajouri Garden,3,26-35,IT/Tech,Daily,Office,E-Rickshaw,4,5,4,3,2,0,1,1,1,1
Rajouri Garden,3,36-45,Student,Weekly,Office,E-Rickshaw,5,4,3,4,3,0,0,0,0,1
Rajouri Garden,3,26-35,Service,Weekly,Office,E-Rickshaw,4,4,3,3,3,1,0,1,1,1
Rajouri Garden,3,36-45,Business,Weekly,Leisure,E-Rickshaw,4,3,4,3,3,1,0,1,0,1
Rajouri Garden,3,26-35,IT/Tech,4-5x/week,Shopping,E-Rickshaw,4,3,3,3,2,0,0,0,0,1
Rajouri Garden,3,26-35,Service,Daily,Office,E-Rickshaw,3,4,3,4,3,0,1,0,0,1
Rajouri Garden,3,26-35,Service,Rarely,Office,E-Rickshaw,4,4,4,4,3,0,0,1,0,1
Rajouri Garden,3,26-35,Student,2-3x/week,Shopping,E-Rickshaw,3,3,4,3,2,1,0,0,0,1
Rajouri Garden,3,18-25,Service,Daily,Shopping,E-Rickshaw,4,3,3,3,3,0,0,0,0,1
Rajouri Garden,3,18-25,Service,2-3x/week,Education,E-Rickshaw,4,3,4,3,3,0,0,0,0,1
Rajouri Garden,3,46-60,Student,4-5x/week,Office,E-Rickshaw,5,4,4,3,3,0,0,0,0,1
Rajouri Garden,3,36-45,IT/Tech,4-5x/week,Leisure,E-Rickshaw,4,4,4,3,3,0,0,0,0,0
Rajouri Garden,3,18-25,IT/Tech,2-3x/week,Office,E-Rickshaw,4,3,4,4,3,0,0,1,1,1
Rajouri Garden,3,36-45,IT/Tech,Weekly,Office,E-Rickshaw,3,3,4,4,3,0,1,0,1,0
Rajouri Garden,3,26-35,IT/Tech,2-3x/week,Office,E-Rickshaw,3,3,4,3,3,0,1,0,1,1
Rajouri Garden,3,36-45,Service,Weekly,Shopping,E-Rickshaw,3,3,4,4,3,1,0,0,0,1
Rajouri Garden,3,18-25,IT/Tech,4-5x/week,Education,E-Rickshaw,4,4,3,3,3,0,0,0,0,1
Rajouri Garden,3,26-35,IT/Tech,Daily,Office,E-Rickshaw,3,4,4,4,2,0,1,1,0,1
Rajouri Garden,3,36-45,Other,4-5x/week,Education,E-Rickshaw,5,4,4,3,3,0,0,1,0,1
Rajouri Garden,3,60+,Service,4-5x/week,Other,E-Rickshaw,4,3,3,3,4,0,0,0,0,0
Rajouri Garden,3,26-35,Business,Daily,Office,E-Rickshaw,4,3,4,4,3,1,0,1,0,1
Rajouri Garden,3,36-45,Student,4-5x/week,Office,E-Rickshaw,4,4,4,3,3,0,0,0,1,1
Rajouri Garden,3,18-25,IT/Tech,Daily,Office,E-Rickshaw,4,4,3,4,3,0,1,0,0,1
Rajouri Garden,3,18-25,Service,Daily,Office,E-Rickshaw,3,4,4,3,3,0,1,0,1,1
Rajouri Garden,3,26-35,Student,2-3x/week,Leisure,E-Rickshaw,3,3,3,2,3,0,1,0,1,1
Rajouri Garden,3,26-35,IT/Tech,Weekly,Office,E-Rickshaw,4,4,3,3,2,1,1,1,1,1
Rajouri Garden,3,26-35,IT/Tech,Daily,Office,E-Rickshaw,4,3,4,3,3,1,0,1,1,1
Rajouri Garden,3,36-45,IT/Tech,2-3x/week,Office,E-Rickshaw,4,3,4,4,3,0,0,0,0,1
Rajouri Garden,3,26-35,IT/Tech,Daily,Office,E-Rickshaw,3,4,3,4,3,0,1,1,0,1
Rajouri Garden,3,18-25,IT/Tech,4-5x/week,Office,E-Rickshaw,4,4,4,4,3,1,0,0,1,1
Rajouri Garden,3,26-35,IT/Tech,2-3x/week,Leisure,E-Rickshaw,4,4,4,3,3,0,0,1,1,1
Rajouri Garden,3,26-35,Service,Weekly,Office,E-Rickshaw,4,4,3,4,3,0,1,0,0,1
Rajouri Garden,3,18-25,IT/Tech,Daily,Office,E-Rickshaw,5,4,3,4,3,0,1,1,0,1
Rajouri Garden,3,18-25,Business,2-3x/week,Office,E-Rickshaw,4,4,4,3,3,0,0,0,1,1
Rajouri Garden,3,18-25,IT/Tech,Weekly,Leisure,E-Rickshaw,4,4,3,4,4,0,0,1,0,1
Rajouri Garden,3,36-45,Student,Daily,Other,E-Rickshaw,4,4,4,4,3,0,0,1,1,1
Rajouri Garden,3,36-45,Business,Daily,Other,E-Rickshaw,4,4,4,3,3,1,0,1,1,1
Rajouri Garden,3,26-35,Service,2-3x/week,Office,E-Rickshaw,4,4,4,3,4,0,0,1,0,1
Rajouri Garden,3,26-35,Service,Daily,Shopping,E-Rickshaw,4,4,4,3,3,0,0,0,0,1
Rajouri Garden,3,26-35,Service,4-5x/week,Education,E-Rickshaw,4,3,5,4,3,0,0,0,0,1
Rajouri Garden,3,18-25,Service,Daily,Office,E-Rickshaw,4,4,3,4,3,1,0,0,1,1
Rajouri Garden,3,26-35,IT/Tech,4-5x/week,Shopping,E-Rickshaw,4,3,4,4,3,1,1,1,0,1
Rajouri Garden,3,18-25,Student,Daily,Shopping,E-Rickshaw,4,4,4,3,3,1,1,0,1,1
Rajouri Garden,3,26-35,Student,Daily,Shopping,E-Rickshaw,4,5,4,3,3,0,1,1,0,0
Rajouri Garden,3,18-25,Service,Daily,Office,E-Rickshaw,3,4,4,3,2,0,1,0,0,0
Kirti Nagar,3,18-25,Student,4-5x/week,Office,E-Rickshaw,3,3,3,3,2,0,0,1,0,0
Kirti Nagar,3,26-35,Service,Daily,Office,E-Rickshaw,5,3,4,2,4,1,0,0,0,0
Kirti Nagar,3,46-60,IT/Tech,Daily,Office,E-Rickshaw,3,3,4,4,2,1,0,1,1,1
Kirti Nagar,3,36-45,Service,Daily,Office,E-Rickshaw,4,3,3,4,4,0,0,0,0,0
Kirti Nagar,3,60+,Service,2-3x/week,Office,E-Rickshaw,3,3,3,4,3,0,0,0,0,1
Kirti Nagar,3,18-25,IT/Tech,4-5x/week,Office,E-Rickshaw,4,3,4,3,3,0,1,0,1,1
Kirti Nagar,3,18-25,Student,Daily,Office,E-Rickshaw,3,3,4,4,2,1,0,1,0,1
Kirti Nagar,3,26-35,Service,Daily,Leisure,E-Rickshaw,3,3,3,4,3,0,1,0,0,1
Kirti Nagar,3,26-35,IT/Tech,Daily,Office,E-Rickshaw,5,4,3,4,3,0,0,1,0,1
Kirti Nagar,3,36-45,IT/Tech,4-5x/week,Leisure,E-Rickshaw,4,3,4,4,3,1,0,0,0,1
Kirti Nagar,3,60+,IT/Tech,Daily,Leisure,E-Rickshaw,3,3,4,4,3,0,1,0,0,0
Kirti Nagar,3,18-25,IT/Tech,2-3x/week,Leisure,E-Rickshaw,3,4,4,3,3,0,1,0,0,0
Kirti Nagar,3,26-35,Service,4-5x/week,Office,E-Rickshaw,4,4,4,3,3,0,0,1,1,1
Kirti Nagar,3,18-25,IT/Tech,Daily,Office,E-Rickshaw,4,4,3,4,4,0,1,0,0,0
Kirti Nagar,3,26-35,Service,Daily,Office,E-Rickshaw,4,4,4,2,3,0,1,1,0,1
Kirti Nagar,3,60+,IT/Tech,4-5x/week,Office,E-Rickshaw,3,3,4,3,3,0,1,0,0,1
Kirti Nagar,3,26-35,Other,Weekly,Office,E-Rickshaw,4,3,4,4,2,0,0,1,0,1
Kirti Nagar,3,26-35,Student,Daily,Office,E-Rickshaw,4,4,3,4,2,0,0,1,0,1
Kirti Nagar,3,18-25,Business,Daily,Education,E-Rickshaw,4,3,3,4,3,0,0,1,0,1
Kirti Nagar,3,18-25,Service,4-5x/week,Shopping,E-Rickshaw,3,3,3,3,3,1,0,0,0,1
Kirti Nagar,3,36-45,IT/Tech,Daily,Office,E-Rickshaw,4,3,4,3,3,0,0,1,1,1
Kirti Nagar,3,18-25,Service,Daily,Office,E-Rickshaw,4,3,4,4,3,0,0,0,0,1
Kirti Nagar,3,46-60,Service,Daily,Education,E-Rickshaw,4,4,3,4,2,0,0,1,1,1
Kirti Nagar,3,18-25,Student,Daily,Shopping,E-Rickshaw,5,4,4,4,3,0,0,0,0,1
Kirti Nagar,3,26-35,Other,4-5x/week,Shopping,E-Rickshaw,4,3,3,3,4,1,1,0,1,1
Kirti Nagar,3,26-35,IT/Tech,Weekly,Leisure,E-Rickshaw,3,3,3,3,2,1,0,1,0,1
Kirti Nagar,3,18-25,IT/Tech,Weekly,Education,E-Rickshaw,4,4,4,4,3,1,0,0,1,1
Kirti Nagar,3,18-25,Student,4-5x/week,Office,E-Rickshaw,3,3,4,3,2,0,0,1,0,0
Kirti Nagar,3,18-25,IT/Tech,Daily,Office,E-Rickshaw,4,4,4,3,3,1,0,0,0,0
Kirti Nagar,3,26-35,Business,Daily,Office,E-Rickshaw,4,4,3,4,3,0,1,1,0,1
Kirti Nagar,3,26-35,Student,Daily,Office,E-Rickshaw,4,4,4,3,3,0,0,1,1,1
Kirti Nagar,3,26-35,Business,4-5x/week,Leisure,E-Rickshaw,3,3,3,4,3,1,1,0,0,0
Kirti Nagar,3,36-45,IT/Tech,Daily,Education,E-Rickshaw,3,3,5,3,2,1,0,1,1,1
Kirti Nagar,3,36-45,IT/Tech,Daily,Education,E-Rickshaw,3,3,3,3,3,0,0,1,0,1
Kirti Nagar,3,26-35,Service,Daily,Office,E-Rickshaw,4,4,4,4,3,0,1,1,0,1
Kirti Nagar,3,18-25,Service,Daily,Education,E-Rickshaw,3,4,4,4,2,0,1,0,0,1
Kirti Nagar,3,46-60,Business,4-5x/week,Office,E-Rickshaw,4,4,4,3,3,0,0,0,1,1
Kirti Nagar,3,26-35,Service,Rarely,Office,E-Rickshaw,4,3,4,4,3,0,1,0,1,0
Kirti Nagar,3,26-35,Service,4-5x/week,Education,E-Rickshaw,4,4,3,3,3,0,0,0,0,1
Kirti Nagar,3,18-25,IT/Tech,Daily,Office,E-Rickshaw,4,3,4,4,3,0,0,0,0,1
Kirti Nagar,3,26-35,Student,Daily,Office,E-Rickshaw,3,3,4,4,3,0,1,0,0,1
Kirti Nagar,3,26-35,Service,4-5x/week,Office,E-Rickshaw,3,3,4,3,2,0,1,1,0,1
Kirti Nagar,3,60+,Service,Weekly,Office,E-Rickshaw,4,3,4,3,3,1,0,0,0,1
Kirti Nagar,3,36-45,IT/Tech,2-3x/week,Office,E-Rickshaw,4,3,4,3,3,0,1,0,0,1
Kirti Nagar,3,36-45,Student,Daily,Shopping,E-Rickshaw,5,4,4,4,4,0,0,1,0,1
Kirti Nagar,3,46-60,Business,4-5x/week,Office,E-Rickshaw,4,3,3,3,3,0,1,0,0,0
Kirti Nagar,3,26-35,IT/Tech,Daily,Office,E-Rickshaw,5,3,4,4,3,0,0,0,0,0
Kirti Nagar,3,46-60,IT/Tech,Daily,Office,E-Rickshaw,3,4,3,3,3,0,0,1,1,0
Kirti Nagar,3,60+,Student,Rarely,Office,E-Rickshaw,4,3,3,3,3,1,0,0,1,1
Kirti Nagar,3,18-25,Student,Weekly,Shopping,E-Rickshaw,4,3,4,3,3,1,0,0,1,0
Kirti Nagar,3,46-60,IT/Tech,Daily,Leisure,E-Rickshaw,4,4,3,3,3,0,0,0,0,1
Kirti Nagar,3,46-60,IT/Tech,2-3x/week,Shopping,E-Rickshaw,3,3,4,3,3,0,1,0,0,1
Kirti Nagar,3,26-35,Student,Daily,Education,E-Rickshaw,4,3,4,3,3,0,0,1,0,0
Kirti Nagar,3,26-35,Student,Daily,Shopping,E-Rickshaw,4,4,4,4,3,0,0,0,0,1
Kirti Nagar,3,36-45,Service,2-3x/week,Office,E-Rickshaw,3,3,4,3,3,1,0,1,1,1
Kirti Nagar,3,18-25,IT/Tech,2-3x/week,Education,E-Rickshaw,3,3,3,3,3,0,1,1,1,1
Kirti Nagar,3,18-25,Student,Daily,Office,E-Rickshaw,3,2,3,4,3,0,0,0,1,1
Kirti Nagar,3,26-35,IT/Tech,2-3x/week,Office,E-Rickshaw,3,3,4,3,3,0,1,0,0,1
Kirti Nagar,3,26-35,Student,Daily,Shopping,E-Rickshaw,4,4,3,4,3,0,0,0,0,1
Kirti Nagar,3,26-35,Student,4-5x/week,Shopping,E-Rickshaw,3,4,3,4,3,0,0,0,1,1
Kirti Nagar,3,18-25,Service,Rarely,Office,E-Rickshaw,3,3,3,3,3,0,0,0,1,1
Kirti Nagar,3,26-35,IT/Tech,2-3x/week,Other,E-Rickshaw,3,4,4,3,3,1,0,0,0,1
Kirti Nagar,3,26-35,IT/Tech,4-5x/week,Education,E-Rickshaw,3,4,4,3,3,1,0,0,1,1
Kirti Nagar,3,60+,Student,Daily,Office,E-Rickshaw,3,3,4,3,2,0,0,1,1,1
Kirti Nagar,3,18-25,Business,2-3x/week,Office,E-Rickshaw,4,4,4,3,3,0,0,0,0,1
Kirti Nagar,3,46-60,Other,Rarely,Shopping,E-Rickshaw,3,4,3,3,3,0,1,0,1,0
Kirti Nagar,3,26-35,Business,Daily,Other,E-Rickshaw,4,3,3,3,3,1,0,0,0,0
Kirti Nagar,3,18-25,Student,Daily,Shopping,E-Rickshaw,3,4,3,4,3,0,0,1,0,1
Kirti Nagar,3,36-45,Business,Daily,Office,E-Rickshaw,4,3,4,3,3,0,1,0,0,1
Kirti Nagar,3,60+,Service,4-5x/week,Education,E-Rickshaw,3,3,3,3,3,0,1,1,0,0
Kirti Nagar,3,36-45,Business,Daily,Office,E-Rickshaw,3,4,4,3,2,0,0,1,1,0
Kirti Nagar,3,46-60,Service,4-5x/week,Shopping,E-Rickshaw,4,4,3,3,3,1,1,0,0,0
Kirti Nagar,3,26-35,Student,Daily,Other,E-Rickshaw,3,4,3,3,3,0,1,0,0,0
Kirti Nagar,3,26-35,IT/Tech,Rarely,Leisure,E-Rickshaw,3,2,4,4,2,1,0,0,0,1
Kirti Nagar,3,46-60,Service,Daily,Office,E-Rickshaw,4,4,4,3,3,0,0,0,0,1
Kirti Nagar,3,18-25,Service,2-3x/week,Office,E-Rickshaw,2,3,4,3,2,0,0,0,1,1
Kirti Nagar,3,26-35,Service,Rarely,Office,E-Rickshaw,4,4,3,3,3,0,1,0,0,1
Kirti Nagar,3,26-35,Student,4-5x/week,Office,E-Rickshaw,3,3,4,3,3,0,1,1,0,0
Kirti Nagar,3,36-45,Business,Daily,Other,E-Rickshaw,4,4,4,3,4,1,1,0,0,1
Kirti Nagar,3,26-35,Business,Weekly,Office,E-Rickshaw,4,3,3,3,3,0,1,1,1,0
Kirti Nagar,3,18-25,Service,Daily,Leisure,E-Rickshaw,4,4,4,3,3,0,0,0,0,1
Kirti Nagar,3,26-35,Student,4-5x/week,Office,E-Rickshaw,4,3,4,3,3,1,0,1,0,1
Kirti Nagar,3,26-35,Service,Daily,Shopping,E-Rickshaw,3,3,3,3,3,0,0,1,1,0
Kirti Nagar,3,18-25,Service,Daily,Other,E-Rickshaw,3,4,3,3,2,0,1,0,0,1
Kirti Nagar,3,26-35,Other,4-5x/week,Education,E-Rickshaw,4,4,3,3,3,0,1,0,0,1
Kirti Nagar,3,36-45,IT/Tech,4-5x/week,Education,E-Rickshaw,4,4,4,4,3,0,0,0,0,0
Kirti Nagar,3,26-35,Business,Rarely,Office,E-Rickshaw,4,4,4,4,3,0,0,0,1,1
Kirti Nagar,3,36-45,IT/Tech,4-5x/week,Office,E-Rickshaw,3,4,4,3,2,0,1,1,1,1
Kirti Nagar,3,18-25,Business,Daily,Education,E-Rickshaw,3,4,3,4,3,1,0,0,0,1
Kirti Nagar,3,26-35,Student,4-5x/week,Office,E-Rickshaw,3,4,4,3,3,0,0,1,0,1
Karol Bagh,3,46-60,IT/Tech,Daily,Education,E-Rickshaw,3,4,4,4,2,1,0,0,1,1
Karol Bagh,3,26-35,Service,2-3x/week,Office,E-Rickshaw,4,4,4,3,4,0,0,1,1,1
Karol Bagh,3,26-35,Other,Rarely,Office,E-Rickshaw,3,4,4,4,2,0,1,0,0,1
Karol Bagh,3,18-25,Student,4-5x/week,Office,E-Rickshaw,3,3,3,4,3,1,0,1,0,0
Karol Bagh,3,36-45,Student,Daily,Office,E-Rickshaw,4,3,4,3,3,0,0,0,0,0
Karol Bagh,3,18-25,Business,Daily,Leisure,E-Rickshaw,4,4,5,4,2,1,0,1,0,1
Karol Bagh,3,26-35,IT/Tech,Daily,Office,E-Rickshaw,2,3,3,4,2,0,1,1,1,0
Karol Bagh,3,36-45,Student,Rarely,Office,E-Rickshaw,3,3,3,4,3,0,0,0,0,1
Karol Bagh,3,18-25,Student,Daily,Education,E-Rickshaw,4,4,3,3,3,0,1,0,0,1
Karol Bagh,3,18-25,Service,Daily,Education,E-Rickshaw,5,4,4,2,3,0,0,0,1,1
Karol Bagh,3,18-25,Service,4-5x/week,Office,E-Rickshaw,3,4,4,3,3,0,0,0,0,1
Karol Bagh,3,36-45,Student,Daily,Office,E-Rickshaw,5,4,4,3,3,1,0,0,0,1
Karol Bagh,3,26-35,Business,Daily,Office,E-Rickshaw,4,4,4,2,3,0,1,0,1,1
Karol Bagh,3,26-35,Service,Daily,Leisure,E-Rickshaw,4,4,4,3,3,1,0,0,0,1
Karol Bagh,3,36-45,Student,4-5x/week,Office,E-Rickshaw,4,5,4,2,3,1,0,1,1,1
Karol Bagh,3,26-35,Student,Daily,Office,E-Rickshaw,3,4,4,4,2,0,0,0,1,1
Karol Bagh,3,26-35,Other,Daily,Other,E-Rickshaw,4,4,4,4,2,0,0,1,0,1
Karol Bagh,3,18-25,Business,4-5x/week,Office,E-Rickshaw,3,3,4,3,2,1,1,1,0,1
Karol Bagh,3,36-45,IT/Tech,2-3x/week,Leisure,E-Rickshaw,3,3,4,3,2,1,1,0,1,1
Karol Bagh,3,36-45,Student,4-5x/week,Shopping,E-Rickshaw,3,3,4,3,2,0,0,0,0,1
Karol Bagh,3,46-60,Other,4-5x/week,Office,E-Rickshaw,4,3,5,4,3,1,0,0,0,0
Karol Bagh,3,26-35,Service,4-5x/week,Other,E-Rickshaw,3,3,3,3,2,1,1,0,0,1
Karol Bagh,3,26-35,Business,2-3x/week,Office,E-Rickshaw,4,4,4,4,3,0,0,1,1,1
Karol Bagh,3,60+,Service,Daily,Leisure,E-Rickshaw,4,4,3,3,3,0,0,0,0,1
Karol Bagh,3,26-35,Service,Daily,Office,E-Rickshaw,3,3,4,3,3,1,0,1,0,1
Karol Bagh,3,46-60,Student,4-5x/week,Office,E-Rickshaw,4,3,4,4,2,0,0,1,0,1
Karol Bagh,3,26-35,Service,Daily,Office,E-Rickshaw,3,4,4,3,2,0,1,1,1,1
Karol Bagh,3,18-25,Service,Daily,Office,E-Rickshaw,4,4,3,3,2,0,1,0,0,1
Karol Bagh,3,36-45,Business,Daily,Office,E-Rickshaw,4,4,4,3,3,0,1,0,1,1
Karol Bagh,3,18-25,Service,Weekly,Office,E-Rickshaw,4,3,3,4,4,1,1,0,0,1
Karol Bagh,3,18-25,Other,2-3x/week,Office,E-Rickshaw,4,4,3,3,3,1,0,1,1,1
Karol Bagh,3,26-35,IT/Tech,Daily,Office,E-Rickshaw,4,4,4,3,3,0,1,1,0,1
Karol Bagh,3,26-35,Business,Daily,Office,E-Rickshaw,3,3,4,4,2,1,0,1,0,1
Karol Bagh,3,18-25,IT/Tech,Daily,Shopping,E-Rickshaw,4,3,4,3,3,0,0,1,0,1
Karol Bagh,3,46-60,Business,Daily,Education,E-Rickshaw,3,4,5,4,3,1,1,0,1,1
Karol Bagh,3,18-25,Business,Daily,Shopping,E-Rickshaw,4,4,3,4,3,0,1,1,0,1
Karol Bagh,3,18-25,Business,Daily,Shopping,E-Rickshaw,3,3,3,4,3,1,1,1,1,1
Karol Bagh,3,60+,Student,2-3x/week,Office,E-Rickshaw,4,3,3,3,3,1,0,0,0,1
Karol Bagh,3,18-25,IT/Tech,Rarely,Office,E-Rickshaw,4,4,3,3,3,0,0,0,0,1
Karol Bagh,3,18-25,Other,Daily,Shopping,E-Rickshaw,4,5,4,2,3,0,0,0,0,0
Karol Bagh,3,26-35,Service,Daily,Office,E-Rickshaw,4,3,4,3,3,1,1,1,0,1
Karol Bagh,3,36-45,IT/Tech,4-5x/week,Education,E-Rickshaw,4,4,3,3,3,0,0,0,1,1
Karol Bagh,3,26-35,IT/Tech,Daily,Office,E-Rickshaw,4,4,5,3,3,1,0,1,0,1
Karol Bagh,3,26-35,Student,Daily,Office,E-Rickshaw,4,4,4,3,3,0,0,0,1,1
Karol Bagh,3,26-35,Business,Daily,Office,E-Rickshaw,3,3,4,4,3,1,0,0,1,1
Karol Bagh,3,26-35,Business,4-5x/week,Shopping,E-Rickshaw,3,4,3,3,3,1,1,1,0,1
Karol Bagh,3,18-25,Student,Daily,Leisure,E-Rickshaw,3,4,4,4,2,0,0,1,0,1
Karol Bagh,3,26-35,Student,Daily,Education,E-Rickshaw,4,4,4,3,2,1,0,1,1,1
Karol Bagh,3,18-25,Other,2-3x/week,Shopping,E-Rickshaw,4,4,4,3,3,0,1,1,0,1
Karol Bagh,3,18-25,Student,Daily,Education,E-Rickshaw,4,4,4,3,3,0,0,1,1,0
Karol Bagh,3,26-35,Service,Weekly,Leisure,E-Rickshaw,4,4,3,3,3,1,0,1,1,0
Karol Bagh,3,26-35,Other,4-5x/week,Leisure,E-Rickshaw,3,3,4,4,2,0,0,1,0,0
Karol Bagh,3,26-35,Other,Daily,Office,E-Rickshaw,3,3,4,3,3,0,0,1,1,1
Karol Bagh,3,36-45,Student,Daily,Office,E-Rickshaw,4,4,3,3,4,0,0,0,1,1
Karol Bagh,3,36-45,Student,Weekly,Leisure,E-Rickshaw,4,4,4,4,2,1,0,1,1,1
Karol Bagh,3,26-35,Other,Daily,Education,E-Rickshaw,4,4,4,3,2,0,1,1,0,1
Karol Bagh,3,26-35,Business,Daily,Office,E-Rickshaw,4,4,4,3,3,0,0,0,1,1
Karol Bagh,3,26-35,IT/Tech,Daily,Shopping,E-Rickshaw,4,3,4,4,3,0,0,1,0,1
Karol Bagh,3,46-60,Other,Rarely,Office,E-Rickshaw,4,5,4,3,3,0,0,1,0,0
Karol Bagh,3,46-60,Student,Rarely,Leisure,E-Rickshaw,4,4,3,3,3,0,0,0,0,1
Karol Bagh,3,18-25,Student,4-5x/week,Education,E-Rickshaw,3,3,3,3,3,1,0,1,1,1
Karol Bagh,3,46-60,Service,Daily,Leisure,E-Rickshaw,3,3,4,3,2,0,1,1,0,1
Karol Bagh,3,26-35,IT/Tech,Daily,Education,E-Rickshaw,3,3,3,3,2,0,0,0,0,1
Karol Bagh,3,36-45,IT/Tech,Daily,Office,E-Rickshaw,4,4,4,3,3,0,0,1,0,1
Karol Bagh,3,36-45,Service,Daily,Other,E-Rickshaw,4,3,3,3,3,0,1,0,1,1
Karol Bagh,3,18-25,Service,Weekly,Office,E-Rickshaw,3,3,4,3,3,0,0,0,1,1
Karol Bagh,3,36-45,Student,4-5x/week,Shopping,E-Rickshaw,4,3,4,4,3,0,0,0,1,1
Karol Bagh,3,18-25,Service,Daily,Office,E-Rickshaw,4,3,3,3,3,0,0,0,0,1
Karol Bagh,3,46-60,Service,2-3x/week,Office,E-Rickshaw,3,4,3,3,2,0,1,1,1,1
Karol Bagh,3,26-35,IT/Tech,Daily,Shopping,E-Rickshaw,3,3,4,4,2,1,0,1,0,1
Karol Bagh,3,26-35,Business,4-5x/week,Shopping,E-Rickshaw,3,3,4,3,3,0,1,1,1,0
Karol Bagh,3,18-25,Business,Daily,Other,E-Rickshaw,5,4,3,3,3,0,0,0,0,1
Karol Bagh,3,26-35,Service,4-5x/week,Shopping,E-Rickshaw,4,3,3,4,3,0,0,0,0,1
Karol Bagh,3,26-35,IT/Tech,Daily,Office,E-Rickshaw,4,4,4,3,3,1,0,0,1,1
Karol Bagh,3,26-35,IT/Tech,Daily,Leisure,E-Rickshaw,4,3,4,3,3,0,0,1,0,0
Karol Bagh,3,18-25,Student,Weekly,Other,E-Rickshaw,3,4,4,3,2,1,0,0,0,1
Karol Bagh,3,36-45,Business,Weekly,Other,E-Rickshaw,4,4,3,4,3,0,1,1,0,0
Karol Bagh,3,18-25,Business,4-5x/week,Leisure,E-Rickshaw,3,4,4,3,2,0,1,0,1,1
Karol Bagh,3,18-25,Business,2-3x/week,Shopping,E-Rickshaw,3,4,4,3,3,1,0,1,1,1
Karol Bagh,3,26-35,Business,Daily,Shopping,E-Rickshaw,3,4,2,3,2,0,0,0,1,1
Karol Bagh,3,18-25,Service,Daily,Education,E-Rickshaw,3,3,4,3,3,0,1,0,0,1
Karol Bagh,3,26-35,IT/Tech,Daily,Office,E-Rickshaw,4,4,4,4,3,0,0,0,0,1
Karol Bagh,3,26-35,Service,Daily,Leisure,E-Rickshaw,4,4,4,3,3,0,1,0,0,1
Karol Bagh,3,18-25,IT/Tech,Daily,Office,E-Rickshaw,4,3,4,3,3,0,0,0,0,1
Karol Bagh,3,26-35,IT/Tech,2-3x/week,Office,E-Rickshaw,3,3,4,3,3,0,0,0,1,1
Karol Bagh,3,26-35,IT/Tech,2-3x/week,Office,E-Rickshaw,4,4,4,3,4,0,0,0,0,1
Karol Bagh,3,46-60,IT/Tech,Daily,Office,E-Rickshaw,5,4,4,2,3,0,0,1,0,1
Karol Bagh,3,36-45,IT/Tech,4-5x/week,Shopping,E-Rickshaw,4,3,3,3,3,0,1,0,0,1
Karol Bagh,3,60+,Business,4-5x/week,Office,E-Rickshaw,4,3,4,3,2,0,0,0,0,1
Karol Bagh,3,36-45,Service,Weekly,Education,E-Rickshaw,4,3,3,4,3,1,0,1,1,1
Karol Bagh,3,26-35,Service,Daily,Office,E-Rickshaw,3,4,3,3,3,0,1,1,1,1
Karol Bagh,3,36-45,IT/Tech,Daily,Shopping,E-Rickshaw,4,3,4,3,3,1,0,1,0,1
Karol Bagh,3,46-60,Student,Weekly,Office,E-Rickshaw,3,3,4,4,2,1,0,1,0,1
Karol Bagh,3,46-60,Other,4-5x/week,Office,E-Rickshaw,4,3,3,2,3,0,0,0,0,1
Karol Bagh,3,18-25,Service,2-3x/week,Office,E-Rickshaw,4,4,3,3,3,0,0,0,1,1
Karol Bagh,3,26-35,Business,4-5x/week,Other,E-Rickshaw,3,4,3,3,3,0,0,1,1,0
Karol Bagh,3,36-45,Other,Weekly,Office,E-Rickshaw,4,3,3,4,3,0,1,0,1,1
Karol Bagh,3,26-35,Business,Weekly,Other,E-Rickshaw,3,4,3,2,3,0,0,1,0,1
Karol Bagh,3,26-35,Student,4-5x/week,Office,E-Rickshaw,4,4,4,3,2,1,0,0,0,1
Karol Bagh,3,26-35,Service,Daily,Office,E-Rickshaw,3,4,3,3,3,0,0,0,1,1
Rajiv Chowk 3,3,60+,Service,Rarely,Office,BEST Bus,4,4,4,3,4,0,1,1,0,1
Rajiv Chowk 3,3,46-60,Student,Weekly,Office,BEST Bus,4,4,4,3,4,0,0,0,0,1
Rajiv Chowk 3,3,46-60,Student,Rarely,Office,BEST Bus,3,3,4,3,4,1,0,1,0,1
Rajiv Chowk 3,3,18-25,Service,Daily,Leisure,BEST Bus,5,4,4,4,3,1,0,1,0,1
Rajiv Chowk 3,3,46-60,IT/Tech,4-5x/week,Office,BEST Bus,5,4,5,4,4,0,0,0,0,1
Rajiv Chowk 3,3,18-25,IT/Tech,2-3x/week,Education,BEST Bus,5,4,4,3,5,1,0,0,0,1
Rajiv Chowk 3,3,26-35,Service,Weekly,Other,BEST Bus,4,3,4,4,4,1,0,0,1,1
Rajiv Chowk 3,3,18-25,Student,Daily,Office,BEST Bus,5,4,4,4,4,0,0,0,0,1
Rajiv Chowk 3,3,18-25,Service,Rarely,Office,BEST Bus,4,3,5,4,4,1,0,0,0,1
Rajiv Chowk 3,3,26-35,Service,Daily,Other,BEST Bus,4,3,5,4,3,0,0,0,0,1
Rajiv Chowk 3,3,26-35,Service,2-3x/week,Shopping,BEST Bus,4,3,4,4,4,1,0,0,0,1
Rajiv Chowk 3,3,18-25,Service,4-5x/week,Office,BEST Bus,4,3,4,4,4,1,0,0,0,1
Rajiv Chowk 3,3,18-25,Student,Daily,Office,BEST Bus,4,3,4,3,3,0,0,1,0,1
Rajiv Chowk 3,3,26-35,Student,Daily,Education,BEST Bus,4,3,4,4,4,0,1,1,0,1
Rajiv Chowk 3,3,26-35,Business,Daily,Shopping,BEST Bus,3,3,3,4,4,1,1,1,0,1
Rajiv Chowk 3,3,36-45,IT/Tech,4-5x/week,Office,BEST Bus,4,4,4,4,4,1,0,0,0,1
Rajiv Chowk 3,3,18-25,Student,4-5x/week,Leisure,BEST Bus,4,3,5,4,3,0,0,0,1,1
Rajiv Chowk 3,3,26-35,Service,Daily,Office,BEST Bus,4,3,4,3,4,0,0,1,0,1
Rajiv Chowk 3,3,46-60,IT/Tech,4-5x/week,Office,BEST Bus,4,5,4,4,4,0,0,1,1,1
Rajiv Chowk 3,3,18-25,Student,4-5x/week,Office,BEST Bus,4,3,5,4,4,1,1,0,1,1
Rajiv Chowk 3,3,26-35,IT/Tech,Daily,Education,BEST Bus,4,3,4,3,3,0,1,0,0,1
Rajiv Chowk 3,3,26-35,IT/Tech,Daily,Leisure,BEST Bus,5,4,4,3,4,0,0,0,0,1
Rajiv Chowk 3,3,26-35,IT/Tech,Daily,Office,BEST Bus,4,3,4,4,4,0,0,0,0,1
Rajiv Chowk 3,3,26-35,Student,Daily,Education,BEST Bus,4,3,4,4,4,0,0,0,0,1
Rajiv Chowk 3,3,46-60,IT/Tech,Weekly,Office,BEST Bus,4,4,4,4,3,0,0,0,0,1
Rajiv Chowk 3,3,46-60,Business,Weekly,Office,BEST Bus,4,3,5,3,4,1,0,1,1,1
Rajiv Chowk 3,3,18-25,Service,4-5x/week,Office,BEST Bus,4,3,4,4,4,1,0,0,1,1
Rajiv Chowk 3,3,26-35,Service,Daily,Education,BEST Bus,5,4,4,4,4,1,0,0,1,1
Rajiv Chowk 3,3,26-35,Service,2-3x/week,Other,BEST Bus,4,3,4,3,4,1,0,0,0,1
Rajiv Chowk 3,3,36-45,Business,Daily,Office,BEST Bus,5,4,4,4,4,0,0,0,0,1
Rajiv Chowk 3,3,46-60,Student,4-5x/week,Office,BEST Bus,4,3,4,4,4,0,0,1,0,1
Rajiv Chowk 3,3,18-25,IT/Tech,Rarely,Office,BEST Bus,4,3,5,4,3,0,0,0,0,1
Rajiv Chowk 3,3,46-60,Business,Weekly,Education,BEST Bus,4,3,4,4,4,0,1,0,0,1
Rajiv Chowk 3,3,26-35,Service,Weekly,Office,BEST Bus,3,3,4,4,4,1,0,0,0,0
Rajiv Chowk 3,3,36-45,Other,Daily,Other,BEST Bus,4,3,4,4,4,1,0,1,0,1
Rajiv Chowk 3,3,26-35,Service,4-5x/week,Shopping,BEST Bus,4,3,5,5,4,0,0,0,0,1
Rajiv Chowk 3,3,18-25,IT/Tech,2-3x/week,Education,BEST Bus,4,4,4,4,3,0,1,1,0,1
Rajiv Chowk 3,3,36-45,Business,Daily,Office,BEST Bus,4,4,4,4,4,0,0,1,0,1
Rajiv Chowk 3,3,36-45,IT/Tech,2-3x/week,Office,BEST Bus,4,2,5,3,4,0,0,0,0,1
Rajiv Chowk 3,3,36-45,Student,Daily,Leisure,BEST Bus,5,4,5,3,4,0,0,0,0,1
Rajiv Chowk 3,3,26-35,Service,Weekly,Education,BEST Bus,4,4,4,5,3,1,0,0,0,1
Rajiv Chowk 3,3,26-35,IT/Tech,Daily,Shopping,BEST Bus,3,4,4,4,3,1,0,1,0,1
Rajiv Chowk 3,3,36-45,IT/Tech,Daily,Shopping,BEST Bus,4,3,4,4,4,1,0,0,0,1
Rajiv Chowk 3,3,18-25,IT/Tech,Weekly,Other,BEST Bus,4,3,3,4,5,0,0,1,0,1
Rajiv Chowk 3,3,60+,IT/Tech,2-3x/week,Office,BEST Bus,4,3,4,4,4,0,1,0,0,1
Rajiv Chowk 3,3,36-45,Service,4-5x/week,Leisure,BEST Bus,4,4,3,3,4,0,0,0,0,1
Rajiv Chowk 3,3,18-25,Student,Rarely,Office,BEST Bus,3,3,4,4,3,0,0,1,0,1
Rajiv Chowk 3,3,18-25,IT/Tech,4-5x/week,Education,BEST Bus,3,3,4,4,4,1,1,1,1,1
Rajiv Chowk 3,3,36-45,IT/Tech,4-5x/week,Education,BEST Bus,3,3,3,4,3,1,0,1,0,1
Rajiv Chowk 3,3,26-35,Business,Daily,Office,BEST Bus,4,3,4,4,4,1,0,0,0,1
Rajiv Chowk 3,3,18-25,IT/Tech,2-3x/week,Office,BEST Bus,5,4,5,5,4,0,0,0,0,1
Rajiv Chowk 3,3,26-35,Business,4-5x/week,Office,BEST Bus,3,4,4,4,3,0,0,0,0,1
Rajiv Chowk 3,3,26-35,IT/Tech,4-5x/week,Office,BEST Bus,4,4,4,3,5,0,0,0,1,1
Rajiv Chowk 3,3,46-60,Business,Weekly,Office,BEST Bus,4,3,5,3,4,1,0,0,0,1
Rajiv Chowk 3,3,18-25,Student,Daily,Office,BEST Bus,4,4,5,4,4,0,1,0,1,1
Rajiv Chowk 3,3,46-60,IT/Tech,2-3x/week,Office,BEST Bus,4,4,4,4,4,1,0,1,0,1
Rajiv Chowk 3,3,46-60,Service,2-3x/week,Office,BEST Bus,4,3,4,4,4,0,1,0,0,1
Rajiv Chowk 3,3,36-45,Service,Daily,Office,BEST Bus,4,4,4,4,3,1,0,0,1,1
Rajiv Chowk 3,3,36-45,IT/Tech,2-3x/week,Education,BEST Bus,4,4,4,4,4,1,0,1,0,1
Rajiv Chowk 3,3,26-35,Service,2-3x/week,Office,BEST Bus,4,3,4,4,3,0,0,0,0,1
Rajiv Chowk 3,3,26-35,Student,4-5x/week,Education,BEST Bus,4,3,4,4,4,0,0,0,0,1
Rajiv Chowk 3,3,36-45,Student,Daily,Leisure,BEST Bus,5,4,5,3,5,0,0,0,0,1
Rajiv Chowk 3,3,26-35,IT/Tech,Daily,Leisure,BEST Bus,4,3,4,4,3,1,0,0,0,1
Rajiv Chowk 3,3,18-25,Student,Daily,Education,BEST Bus,3,3,4,3,3,1,1,1,0,1
Rajiv Chowk 3,3,46-60,IT/Tech,Daily,Office,BEST Bus,4,4,4,4,5,0,0,1,1,1
Rajiv Chowk 3,3,36-45,IT/Tech,4-5x/week,Education,BEST Bus,4,3,5,4,4,0,0,0,0,1
Rajiv Chowk 3,3,26-35,IT/Tech,4-5x/week,Office,BEST Bus,3,3,4,5,3,0,1,1,0,1
Rajiv Chowk 3,3,36-45,Service,4-5x/week,Office,BEST Bus,4,3,4,5,4,1,1,0,1,1
Rajiv Chowk 3,3,36-45,IT/Tech,Daily,Office,BEST Bus,3,4,4,4,4,0,0,0,0,1
Rajiv Chowk 3,3,46-60,IT/Tech,4-5x/week,Leisure,BEST Bus,3,3,4,3,3,1,1,1,0,1
Rajiv Chowk 3,3,36-45,Service,Weekly,Office,BEST Bus,3,3,5,3,3,1,0,0,0,1
Rajiv Chowk 3,3,26-35,Other,2-3x/week,Office,BEST Bus,5,4,5,4,5,0,0,0,0,1
Rajiv Chowk 3,3,36-45,Student,2-3x/week,Office,BEST Bus,4,3,4,4,4,1,1,0,0,1
Rajiv Chowk 3,3,36-45,Other,Daily,Office,BEST Bus,4,3,5,3,4,1,0,0,0,1
Rajiv Chowk 3,3,18-25,IT/Tech,Weekly,Office,BEST Bus,4,4,5,4,3,0,0,1,0,1
Rajiv Chowk 3,3,36-45,Business,Weekly,Office,BEST Bus,4,3,4,4,4,0,1,0,1,1
Rajiv Chowk 3,3,18-25,IT/Tech,Weekly,Education,BEST Bus,3,3,4,4,4,1,0,1,0,1
Rajiv Chowk 3,3,46-60,IT/Tech,4-5x/week,Leisure,BEST Bus,5,4,4,4,4,0,0,0,1,1
Rajiv Chowk 3,3,46-60,IT/Tech,Daily,Shopping,BEST Bus,4,3,4,4,4,0,0,0,0,1
Rajiv Chowk 3,3,26-35,Service,4-5x/week,Leisure,BEST Bus,4,4,4,4,3,0,0,0,0,1
Rajiv Chowk 3,3,18-25,IT/Tech,Daily,Education,BEST Bus,4,3,4,4,4,0,0,0,0,1
Rajiv Chowk 3,3,26-35,Student,Daily,Office,BEST Bus,3,4,4,4,4,1,0,0,0,1
Rajiv Chowk 3,3,26-35,Business,Daily,Leisure,BEST Bus,4,3,5,3,4,0,0,0,0,1
Rajiv Chowk 3,3,26-35,IT/Tech,Weekly,Office,BEST Bus,4,3,3,4,4,1,1,0,1,0
Rajiv Chowk 3,3,18-25,Business,4-5x/week,Shopping,BEST Bus,4,3,5,4,4,1,1,0,0,1
Rajiv Chowk 3,3,26-35,IT/Tech,Daily,Office,BEST Bus,3,3,5,3,3,1,0,0,0,1
Rajiv Chowk 3,3,36-45,IT/Tech,4-5x/week,Office,BEST Bus,4,3,4,4,3,0,0,0,0,1
Rajiv Chowk 3,3,26-35,IT/Tech,Daily,Office,BEST Bus,4,3,4,4,4,1,0,0,0,0
Rajiv Chowk 3,3,26-35,IT/Tech,Daily,Office,BEST Bus,5,4,5,4,4,0,0,0,0,1
Rajiv Chowk 3,3,26-35,IT/Tech,2-3x/week,Shopping,BEST Bus,4,3,4,4,4,1,0,0,0,1
Rajiv Chowk 3,3,26-35,IT/Tech,Daily,Leisure,BEST Bus,5,2,5,3,4,1,0,0,0,1
Rajiv Chowk 3,3,26-35,Service,Daily,Leisure,BEST Bus,5,3,5,3,4,0,0,0,0,1
Rajiv Chowk 3,3,46-60,Business,4-5x/week,Leisure,BEST Bus,4,4,4,3,3,1,0,0,0,1
Rajiv Chowk 3,3,18-25,Business,Daily,Leisure,BEST Bus,4,3,4,4,4,0,0,0,1,1
Rajiv Chowk 3,3,46-60,Other,Daily,Leisure,BEST Bus,4,3,4,4,4,1,1,1,0,1
Rajiv Chowk 3,3,26-35,IT/Tech,4-5x/week,Shopping,BEST Bus,4,3,3,4,4,0,1,0,0,1
Rajiv Chowk 3,3,26-35,IT/Tech,Rarely,Shopping,BEST Bus,4,4,5,4,3,1,0,1,0,1
Rajiv Chowk 3,3,46-60,Student,Daily,Office,BEST Bus,4,3,4,4,3,1,0,0,0,1
Rajiv Chowk 3,3,18-25,Student,4-5x/week,Other,BEST Bus,4,3,4,3,4,0,0,0,0,1
Rajiv Chowk 3,3,26-35,IT/Tech,4-5x/week,Education,BEST Bus,5,4,5,4,5,0,0,0,0,1
Rajiv Chowk 3,3,26-35,Business,2-3x/week,Office,BEST Bus,4,4,4,4,4,1,1,0,0,1
Rajiv Chowk 3,3,46-60,Other,4-5x/week,Office,BEST Bus,4,4,4,4,3,1,1,0,0,1
Rajiv Chowk 3,3,26-35,Service,2-3x/week,Leisure,BEST Bus,4,3,4,4,5,1,0,0,1,1
Rajiv Chowk 3,3,18-25,Other,Weekly,Shopping,BEST Bus,4,3,4,4,4,0,0,1,0,1
Rajiv Chowk 3,3,46-60,IT/Tech,Daily,Office,BEST Bus,4,4,4,4,3,0,0,0,0,1
Rajiv Chowk 3,3,36-45,Service,2-3x/week,Office,BEST Bus,4,4,5,4,4,1,0,0,0,1
Rajiv Chowk 3,3,36-45,IT/Tech,Daily,Shopping,BEST Bus,4,4,4,4,4,1,1,0,0,1
Rajiv Chowk 3,3,18-25,Student,2-3x/week,Shopping,BEST Bus,4,3,5,4,4,1,0,0,0,1
Rajiv Chowk 3,3,36-45,IT/Tech,4-5x/week,Office,BEST Bus,4,4,5,4,3,0,1,1,1,1
Rajiv Chowk 3,3,18-25,Service,4-5x/week,Shopping,BEST Bus,4,4,5,4,4,0,0,1,0,1
Rajiv Chowk 3,3,26-35,IT/Tech,4-5x/week,Shopping,BEST Bus,4,3,3,4,4,1,1,0,0,1
Rajiv Chowk 3,3,18-25,Service,4-5x/week,Office,BEST Bus,4,4,4,3,4,0,0,0,0,1
Rajiv Chowk 3,3,46-60,Student,Daily,Office,BEST Bus,4,3,4,3,4,0,0,0,1,1
Rajiv Chowk 3,3,26-35,Service,4-5x/week,Office,BEST Bus,4,4,5,4,4,0,0,1,1,1
Rajiv Chowk 3,3,18-25,Service,4-5x/week,Shopping,BEST Bus,4,4,4,4,4,0,0,1,1,1
Mandi House,3,36-45,Service,Weekly,Office,Auto Rickshaw,4,3,5,3,3,1,0,0,0,1
Mandi House,3,18-25,Service,Daily,Office,Auto Rickshaw,4,4,4,3,3,0,1,0,1,1
Mandi House,3,46-60,IT/Tech,Daily,Office,Auto Rickshaw,5,3,5,4,4,0,0,0,0,1
Mandi House,3,36-45,IT/Tech,Weekly,Office,Auto Rickshaw,4,4,4,4,3,1,0,0,0,1
Mandi House,3,18-25,Service,Daily,Office,Auto Rickshaw,5,4,4,4,4,0,0,0,0,1
Mandi House,3,18-25,Business,2-3x/week,Office,Auto Rickshaw,4,4,4,4,4,0,0,1,0,0
Mandi House,3,60+,Student,Daily,Office,Auto Rickshaw,4,4,3,4,4,0,1,0,1,1
Mandi House,3,18-25,Other,Daily,Office,Auto Rickshaw,4,4,5,3,4,0,0,0,0,0
Mandi House,3,26-35,Service,4-5x/week,Leisure,Auto Rickshaw,3,4,4,4,4,0,1,0,0,1
Mandi House,3,26-35,Business,Daily,Education,Auto Rickshaw,4,3,4,4,4,1,0,0,1,1
Mandi House,3,46-60,Student,2-3x/week,Shopping,Auto Rickshaw,5,4,4,4,4,0,0,0,0,1
Mandi House,3,26-35,Other,Rarely,Office,Auto Rickshaw,5,4,4,4,3,0,0,0,0,1
Mandi House,3,46-60,IT/Tech,4-5x/week,Education,Auto Rickshaw,4,3,4,3,3,1,0,1,1,0
Mandi House,3,18-25,Business,4-5x/week,Shopping,Auto Rickshaw,4,3,3,4,4,0,0,1,1,1
Mandi House,3,18-25,Service,4-5x/week,Office,Auto Rickshaw,5,4,4,4,5,0,0,0,0,0
Mandi House,3,18-25,Service,2-3x/week,Leisure,Auto Rickshaw,4,4,4,4,3,0,0,1,0,1
Mandi House,3,18-25,Service,Daily,Shopping,Auto Rickshaw,3,4,4,4,3,0,0,0,0,1
Mandi House,3,26-35,Service,Daily,Office,Auto Rickshaw,4,3,4,3,3,1,1,1,1,1
Mandi House,3,36-45,Business,4-5x/week,Office,Auto Rickshaw,4,4,5,4,3,0,0,1,0,1
Mandi House,3,36-45,Other,Daily,Office,Auto Rickshaw,4,4,3,3,3,1,0,0,0,1
Mandi House,3,18-25,Student,2-3x/week,Education,Auto Rickshaw,4,4,5,4,4,0,0,1,0,1
Mandi House,3,18-25,IT/Tech,Weekly,Leisure,Auto Rickshaw,4,3,4,3,3,1,0,0,1,1
Mandi House,3,36-45,Service,2-3x/week,Education,Auto Rickshaw,3,3,3,4,3,1,0,1,0,1
Mandi House,3,18-25,Service,4-5x/week,Office,Auto Rickshaw,5,4,4,3,3,1,1,0,0,0
Mandi House,3,46-60,Student,2-3x/week,Office,Auto Rickshaw,3,3,4,4,3,1,1,1,0,1
Mandi House,3,26-35,IT/Tech,Daily,Shopping,Auto Rickshaw,4,3,4,3,3,0,0,0,0,1
Mandi House,3,46-60,Student,Daily,Education,Auto Rickshaw,4,3,4,4,4,0,0,0,1,1
Mandi House,3,18-25,Service,4-5x/week,Education,Auto Rickshaw,4,3,4,4,4,0,0,0,0,0
Mandi House,3,18-25,IT/Tech,Daily,Education,Auto Rickshaw,4,4,4,4,3,0,1,1,0,1
Mandi House,3,18-25,IT/Tech,Weekly,Shopping,Auto Rickshaw,4,4,4,4,4,1,0,0,1,1
Mandi House,3,18-25,IT/Tech,2-3x/week,Education,Auto Rickshaw,4,4,4,4,3,0,1,0,0,1
Mandi House,3,26-35,Business,Daily,Shopping,Auto Rickshaw,4,3,4,4,4,1,0,0,0,0
Mandi House,3,18-25,Student,Daily,Shopping,Auto Rickshaw,4,4,4,4,3,1,0,0,0,1
Mandi House,3,18-25,Service,Daily,Other,Auto Rickshaw,4,4,5,3,4,0,0,0,0,0
Mandi House,3,26-35,IT/Tech,Daily,Shopping,Auto Rickshaw,5,4,4,4,3,0,0,0,0,1
Mandi House,3,26-35,Business,4-5x/week,Education,Auto Rickshaw,4,3,4,4,3,0,0,0,0,0
Mandi House,3,46-60,IT/Tech,Weekly,Leisure,Auto Rickshaw,3,3,4,4,4,0,0,0,0,1
Mandi House,3,46-60,Service,Daily,Leisure,Auto Rickshaw,4,4,4,3,4,0,1,1,0,1
Mandi House,3,18-25,Student,2-3x/week,Office,Auto Rickshaw,3,4,3,4,3,1,0,1,0,0
Mandi House,3,26-35,IT/Tech,2-3x/week,Leisure,Auto Rickshaw,3,4,4,4,3,0,0,0,0,1
Mandi House,3,18-25,Business,Daily,Other,Auto Rickshaw,4,4,4,3,3,0,0,0,0,1
Mandi House,3,46-60,Business,Daily,Office,Auto Rickshaw,5,5,4,5,3,0,0,1,0,0
Mandi House,3,36-45,Service,Daily,Office,Auto Rickshaw,4,4,3,3,3,0,1,1,0,1
Mandi House,3,36-45,Service,4-5x/week,Office,Auto Rickshaw,3,3,3,4,3,0,0,0,1,0
Mandi House,3,36-45,IT/Tech,2-3x/week,Education,Auto Rickshaw,4,4,5,4,3,0,1,0,0,1
Mandi House,3,36-45,Student,4-5x/week,Other,Auto Rickshaw,3,4,4,4,3,1,1,1,0,1
Mandi House,3,26-35,Service,2-3x/week,Office,Auto Rickshaw,3,3,3,4,3,1,1,1,1,1
Mandi House,3,26-35,Business,4-5x/week,Shopping,Auto Rickshaw,4,3,4,3,3,0,1,0,0,0
Mandi House,3,46-60,Student,Daily,Shopping,Auto Rickshaw,5,4,4,3,4,0,0,0,0,1
Mandi House,3,26-35,Service,Daily,Shopping,Auto Rickshaw,4,4,4,4,4,0,1,1,0,1
Mandi House,3,26-35,IT/Tech,2-3x/week,Education,Auto Rickshaw,4,4,4,3,3,0,0,0,0,1
Mandi House,3,46-60,Service,4-5x/week,Education,Auto Rickshaw,4,4,5,4,4,1,1,0,1,1
Mandi House,3,36-45,Service,Weekly,Office,Auto Rickshaw,5,4,5,4,5,0,0,0,0,1
Mandi House,3,26-35,Other,Daily,Office,Auto Rickshaw,4,4,4,4,4,0,0,1,0,1
Mandi House,3,18-25,Student,Daily,Office,Auto Rickshaw,4,4,4,4,4,0,1,1,0,1
Mandi House,3,26-35,Student,4-5x/week,Office,Auto Rickshaw,4,3,4,5,4,0,0,1,0,1
Mandi House,3,26-35,IT/Tech,4-5x/week,Shopping,Auto Rickshaw,4,4,3,4,4,0,1,0,0,1
Mandi House,3,26-35,Service,4-5x/week,Leisure,Auto Rickshaw,4,4,4,3,3,0,0,1,0,0
Mandi House,3,36-45,Service,Daily,Office,Auto Rickshaw,4,4,4,5,2,0,0,0,0,0
Mandi House,3,26-35,Other,Daily,Shopping,Auto Rickshaw,3,4,3,2,2,0,0,0,0,0
Mandi House,3,46-60,Student,4-5x/week,Office,Auto Rickshaw,4,4,4,4,3,0,0,0,0,0
Mandi House,3,26-35,IT/Tech,4-5x/week,Office,Auto Rickshaw,3,3,4,4,4,1,0,1,0,0
Mandi House,3,26-35,Other,Daily,Office,Auto Rickshaw,3,4,3,4,4,1,0,0,0,1
Mandi House,3,26-35,IT/Tech,Daily,Office,Auto Rickshaw,4,4,4,4,3,0,0,1,0,1
Mandi House,3,36-45,Student,4-5x/week,Leisure,Auto Rickshaw,4,4,4,4,4,0,0,0,0,1
Mandi House,3,60+,Business,4-5x/week,Office,Auto Rickshaw,4,4,4,4,4,0,0,0,1,1
Mandi House,3,26-35,Student,Daily,Office,Auto Rickshaw,4,3,5,3,3,0,1,0,0,0
Mandi House,3,18-25,Other,Weekly,Office,Auto Rickshaw,5,3,4,4,4,0,0,0,0,1
Mandi House,3,26-35,Business,Daily,Leisure,Auto Rickshaw,4,3,3,4,4,0,0,0,0,0
Mandi House,3,26-35,IT/Tech,Daily,Office,Auto Rickshaw,4,4,3,4,4,1,1,0,1,1
Mandi House,3,26-35,Student,Daily,Other,Auto Rickshaw,4,3,5,4,3,1,0,0,0,1
Mandi House,3,26-35,Student,Daily,Education,Auto Rickshaw,4,4,4,4,4,0,1,1,0,1
Mandi House,3,46-60,Service,4-5x/week,Education,Auto Rickshaw,4,4,3,5,3,0,1,1,0,1
Mandi House,3,36-45,Other,Daily,Office,Auto Rickshaw,4,3,5,3,4,1,0,1,0,0
Mandi House,3,46-60,Business,Daily,Shopping,Auto Rickshaw,4,4,3,3,3,0,0,1,0,1
Mandi House,3,46-60,Service,Daily,Leisure,Auto Rickshaw,4,4,4,3,4,0,0,1,0,1
Mandi House,3,36-45,IT/Tech,Daily,Office,Auto Rickshaw,4,4,3,4,4,0,0,1,0,1
Mandi House,3,26-35,IT/Tech,Daily,Office,Auto Rickshaw,4,3,5,4,4,0,0,0,0,1
Mandi House,3,26-35,IT/Tech,Daily,Office,Auto Rickshaw,3,3,3,3,4,1,0,0,0,0
Mandi House,3,26-35,Student,Daily,Leisure,Auto Rickshaw,4,3,4,3,3,0,0,0,0,1
Mandi House,3,26-35,Student,2-3x/week,Shopping,Auto Rickshaw,4,4,4,3,3,0,1,0,1,0
Mandi House,3,26-35,IT/Tech,Daily,Office,Auto Rickshaw,4,4,4,3,4,0,0,0,0,1
Mandi House,3,26-35,Service,Daily,Office,Auto Rickshaw,4,4,4,3,3,1,1,1,0,1
Mandi House,3,36-45,IT/Tech,4-5x/week,Office,Auto Rickshaw,5,4,4,3,4,1,0,0,1,1
Mandi House,3,18-25,Other,Daily,Other,Auto Rickshaw,4,3,4,3,3,0,0,0,1,1
Yamuna Bank,3,26-35,Student,2-3x/week,Leisure,E-Rickshaw,3,3,3,3,2,0,1,1,1,0
Yamuna Bank,3,36-45,Business,Weekly,Education,E-Rickshaw,4,3,3,3,3,1,1,0,0,0
Yamuna Bank,3,60+,Other,2-3x/week,Shopping,E-Rickshaw,3,3,3,3,3,0,1,1,0,0
Yamuna Bank,3,60+,Service,4-5x/week,Shopping,E-Rickshaw,4,3,3,3,3,0,0,0,1,1
Yamuna Bank,3,18-25,Student,Daily,Office,E-Rickshaw,4,3,3,4,3,0,0,1,0,0
Yamuna Bank,3,36-45,Service,2-3x/week,Shopping,E-Rickshaw,4,3,3,3,2,0,1,1,0,1
Yamuna Bank,3,60+,Business,2-3x/week,Office,E-Rickshaw,3,3,4,2,2,0,1,0,1,1
Yamuna Bank,3,18-25,Student,Daily,Leisure,E-Rickshaw,3,3,4,3,2,0,1,1,0,0
Yamuna Bank,3,26-35,Other,2-3x/week,Office,E-Rickshaw,3,3,3,3,2,0,0,0,1,1
Yamuna Bank,3,26-35,Business,2-3x/week,Education,E-Rickshaw,4,3,4,4,3,0,0,1,1,1
Yamuna Bank,3,26-35,IT/Tech,Weekly,Office,E-Rickshaw,4,2,4,3,3,0,0,0,0,1
Yamuna Bank,3,46-60,Student,2-3x/week,Office,E-Rickshaw,3,4,3,3,2,0,1,0,0,1
Yamuna Bank,3,26-35,IT/Tech,2-3x/week,Shopping,E-Rickshaw,4,4,4,3,2,0,1,1,0,1
Yamuna Bank,3,26-35,Service,Weekly,Shopping,E-Rickshaw,3,2,3,3,3,1,0,1,1,0
Yamuna Bank,3,36-45,IT/Tech,Daily,Other,E-Rickshaw,4,4,3,3,2,1,1,1,1,1
Yamuna Bank,3,46-60,Service,4-5x/week,Education,E-Rickshaw,2,3,3,3,2,1,0,1,0,0
Yamuna Bank,3,26-35,Business,Weekly,Office,E-Rickshaw,4,3,4,2,2,1,0,1,1,0
Yamuna Bank,3,36-45,IT/Tech,4-5x/week,Office,E-Rickshaw,4,3,3,3,3,1,0,0,1,0
Yamuna Bank,3,18-25,IT/Tech,Weekly,Office,E-Rickshaw,3,3,3,3,3,0,1,1,0,1
Yamuna Bank,3,26-35,Service,Daily,Office,E-Rickshaw,5,4,3,3,3,0,1,0,0,1
Yamuna Bank,3,18-25,IT/Tech,Daily,Office,E-Rickshaw,4,3,3,3,3,1,1,0,1,0
Yamuna Bank,3,36-45,IT/Tech,Daily,Office,E-Rickshaw,4,4,3,3,2,0,0,0,1,0
Yamuna Bank,3,26-35,Student,Daily,Other,E-Rickshaw,4,4,4,3,2,0,0,0,0,0
Yamuna Bank,3,26-35,Student,4-5x/week,Office,E-Rickshaw,3,3,4,3,2,1,0,0,0,0
Yamuna Bank,3,46-60,Service,Daily,Shopping,E-Rickshaw,4,4,4,2,2,1,0,1,1,0
Yamuna Bank,3,60+,IT/Tech,Daily,Education,E-Rickshaw,4,4,5,3,2,0,0,1,0,1
Yamuna Bank,3,18-25,Service,2-3x/week,Education,E-Rickshaw,3,3,3,3,3,0,1,0,1,1
Yamuna Bank,3,26-35,Other,4-5x/week,Education,E-Rickshaw,3,4,4,2,2,0,0,1,1,1
Yamuna Bank,3,26-35,Service,Daily,Leisure,E-Rickshaw,4,4,3,2,2,0,0,1,0,0
Yamuna Bank,3,26-35,Service,Daily,Shopping,E-Rickshaw,3,3,3,3,2,0,1,0,0,1
Yamuna Bank,3,26-35,Service,2-3x/week,Office,E-Rickshaw,4,4,3,3,3,0,0,0,0,1
Yamuna Bank,3,36-45,IT/Tech,Daily,Office,E-Rickshaw,4,3,3,3,2,0,0,1,1,1
Yamuna Bank,3,26-35,IT/Tech,2-3x/week,Leisure,E-Rickshaw,4,4,3,3,2,0,0,1,0,1
Yamuna Bank,3,26-35,Student,4-5x/week,Office,E-Rickshaw,3,3,3,3,2,0,1,1,1,1
Yamuna Bank,3,36-45,IT/Tech,2-3x/week,Shopping,E-Rickshaw,4,3,3,4,3,0,0,1,1,0
Yamuna Bank,3,26-35,Student,Daily,Office,E-Rickshaw,4,3,4,3,2,0,1,0,0,0
Yamuna Bank,3,26-35,Service,2-3x/week,Shopping,E-Rickshaw,4,3,4,3,3,1,0,1,0,1
Yamuna Bank,3,18-25,Service,Daily,Office,E-Rickshaw,4,3,4,3,3,0,0,0,0,1
Yamuna Bank,3,26-35,Service,Weekly,Office,E-Rickshaw,3,3,3,2,2,1,1,1,0,1
Yamuna Bank,3,36-45,IT/Tech,Daily,Other,E-Rickshaw,3,4,3,3,2,1,1,1,0,1
Yamuna Bank,3,26-35,Service,Daily,Office,E-Rickshaw,4,3,3,3,2,0,0,1,0,0
Yamuna Bank,3,26-35,Service,4-5x/week,Office,E-Rickshaw,4,3,4,3,2,1,1,1,1,0
Yamuna Bank,3,18-25,Student,Daily,Education,E-Rickshaw,4,4,3,4,2,0,0,0,0,1
Yamuna Bank,3,36-45,Business,Daily,Office,E-Rickshaw,3,3,3,2,3,1,0,1,1,0
Yamuna Bank,3,26-35,Business,Daily,Office,E-Rickshaw,4,3,3,3,2,0,1,1,0,0
Yamuna Bank,3,46-60,Service,2-3x/week,Education,E-Rickshaw,3,3,2,3,2,1,0,0,1,1
Yamuna Bank,3,46-60,IT/Tech,4-5x/week,Office,E-Rickshaw,4,3,4,3,2,0,0,1,0,0
Yamuna Bank,3,18-25,IT/Tech,Daily,Office,E-Rickshaw,4,3,4,4,3,0,0,1,0,1
Yamuna Bank,3,26-35,IT/Tech,Daily,Education,E-Rickshaw,4,4,3,3,2,0,0,1,1,1
Yamuna Bank,3,26-35,IT/Tech,4-5x/week,Office,E-Rickshaw,3,3,3,4,2,1,1,1,0,1
Yamuna Bank,3,46-60,IT/Tech,4-5x/week,Office,E-Rickshaw,4,3,3,3,3,1,0,1,0,1
Yamuna Bank,3,26-35,Student,Daily,Shopping,E-Rickshaw,3,4,4,4,2,1,1,1,0,1
Yamuna Bank,3,26-35,Service,Daily,Other,E-Rickshaw,3,3,3,2,2,1,1,1,1,1
Yamuna Bank,3,26-35,IT/Tech,4-5x/week,Office,E-Rickshaw,3,3,3,3,2,0,0,1,0,1
Yamuna Bank,3,26-35,Student,Daily,Office,E-Rickshaw,2,3,3,3,2,0,0,1,1,0
Yamuna Bank,3,26-35,Business,Rarely,Other,E-Rickshaw,3,2,2,2,3,1,0,0,1,1
Yamuna Bank,3,26-35,IT/Tech,Daily,Leisure,E-Rickshaw,4,4,4,3,3,1,1,1,1,1
Yamuna Bank,3,36-45,IT/Tech,Daily,Other,E-Rickshaw,4,3,3,2,2,0,0,1,1,1
Yamuna Bank,3,26-35,Service,Daily,Office,E-Rickshaw,4,4,3,3,2,0,0,0,1,1
Yamuna Bank,3,36-45,IT/Tech,4-5x/week,Other,E-Rickshaw,4,3,4,3,2,0,0,0,1,0
Yamuna Bank,3,18-25,IT/Tech,Daily,Leisure,E-Rickshaw,3,4,3,3,2,0,0,1,1,1
Yamuna Bank,3,26-35,Student,Daily,Office,E-Rickshaw,4,4,3,3,2,0,1,0,0,0
Yamuna Bank,3,46-60,Student,Daily,Education,E-Rickshaw,3,3,4,3,2,1,1,0,0,1
Yamuna Bank,3,36-45,Business,Daily,Office,E-Rickshaw,4,3,3,4,2,0,1,0,0,0
Yamuna Bank,3,36-45,IT/Tech,Daily,Office,E-Rickshaw,3,3,3,3,2,0,1,1,1,1
Yamuna Bank,3,26-35,Business,Daily,Education,E-Rickshaw,4,4,3,3,3,0,1,0,0,0
Yamuna Bank,3,36-45,IT/Tech,4-5x/week,Office,E-Rickshaw,4,3,4,3,2,0,1,0,0,1
Yamuna Bank,3,36-45,Service,Daily,Other,E-Rickshaw,4,3,4,3,3,0,0,1,1,0
Yamuna Bank,3,60+,IT/Tech,Daily,Other,E-Rickshaw,3,3,3,2,3,0,0,0,1,0
Yamuna Bank,3,36-45,IT/Tech,Rarely,Leisure,E-Rickshaw,3,3,2,3,3,0,1,1,1,1
Yamuna Bank,3,18-25,Business,4-5x/week,Office,E-Rickshaw,4,3,4,4,3,0,0,0,0,1
Yamuna Bank,3,46-60,IT/Tech,Rarely,Shopping,E-Rickshaw,4,3,3,4,3,0,0,1,0,1
Yamuna Bank,3,26-35,IT/Tech,Daily,Leisure,E-Rickshaw,4,4,4,3,3,0,0,0,0,1
Yamuna Bank,3,18-25,Student,Daily,Office,E-Rickshaw,3,3,3,3,2,1,1,1,1,1
Yamuna Bank,3,36-45,IT/Tech,Daily,Education,E-Rickshaw,5,4,4,3,2,0,0,0,0,1
Yamuna Bank,3,18-25,Student,Weekly,Office,E-Rickshaw,3,3,3,4,3,1,0,0,0,1
Yamuna Bank,3,26-35,Business,Weekly,Shopping,E-Rickshaw,4,4,3,3,3,0,1,1,0,1
Yamuna Bank,3,26-35,IT/Tech,4-5x/week,Education,E-Rickshaw,4,4,3,2,3,0,1,1,0,1
Yamuna Bank,3,26-35,IT/Tech,Daily,Leisure,E-Rickshaw,4,3,4,4,3,1,1,0,0,1
Yamuna Bank,3,46-60,Service,4-5x/week,Office,E-Rickshaw,4,4,3,3,3,1,0,0,1,1
Akshardham,3,18-25,Service,Daily,Office,Auto Rickshaw,4,3,3,4,4,1,0,0,0,1
Akshardham,3,26-35,Business,4-5x/week,Other,Auto Rickshaw,4,3,4,4,4,0,0,0,1,1
Akshardham,3,46-60,Service,Daily,Other,Auto Rickshaw,4,3,4,4,3,0,1,1,0,0
Akshardham,3,36-45,Business,2-3x/week,Office,Auto Rickshaw,4,3,4,3,3,0,0,1,0,1
Akshardham,3,60+,Business,Daily,Office,Auto Rickshaw,4,3,4,3,3,0,1,0,0,1
Akshardham,3,26-35,Student,2-3x/week,Education,Auto Rickshaw,3,2,4,3,3,1,1,1,1,0
Akshardham,3,26-35,IT/Tech,Daily,Office,Auto Rickshaw,3,3,4,3,3,1,1,1,0,0
Akshardham,3,26-35,Service,4-5x/week,Shopping,Auto Rickshaw,4,3,3,5,3,0,1,0,0,1
Akshardham,3,26-35,IT/Tech,Daily,Education,Auto Rickshaw,3,3,3,4,3,0,0,1,1,0
Akshardham,3,46-60,IT/Tech,Daily,Shopping,Auto Rickshaw,3,3,3,4,3,0,1,0,0,1
Akshardham,3,18-25,Student,4-5x/week,Office,Auto Rickshaw,4,3,4,4,2,0,0,1,0,0
Akshardham,3,60+,Service,4-5x/week,Education,Auto Rickshaw,3,3,3,4,3,1,0,0,1,1
Akshardham,3,46-60,IT/Tech,4-5x/week,Shopping,Auto Rickshaw,4,3,4,3,4,1,0,0,0,0
Akshardham,3,18-25,Student,2-3x/week,Education,Auto Rickshaw,4,3,3,3,3,1,0,1,0,1
Akshardham,3,18-25,IT/Tech,Daily,Shopping,Auto Rickshaw,4,4,3,4,3,1,1,0,0,0
Akshardham,3,26-35,Other,4-5x/week,Leisure,Auto Rickshaw,3,3,3,3,3,0,1,1,1,0
Akshardham,3,36-45,Student,Daily,Office,Auto Rickshaw,4,3,3,3,3,1,1,1,1,1
Akshardham,3,18-25,IT/Tech,Daily,Office,Auto Rickshaw,4,3,3,3,3,0,0,0,0,0
Akshardham,3,26-35,Business,Weekly,Office,Auto Rickshaw,3,3,3,4,2,0,0,1,1,0
Akshardham,3,46-60,IT/Tech,Rarely,Shopping,Auto Rickshaw,3,3,3,4,2,0,1,0,0,0
Akshardham,3,36-45,IT/Tech,Daily,Office,Auto Rickshaw,3,3,3,3,2,0,0,0,0,0
Akshardham,3,46-60,Service,Daily,Education,Auto Rickshaw,4,3,4,3,3,1,0,1,0,1
Akshardham,3,26-35,IT/Tech,2-3x/week,Office,Auto Rickshaw,2,3,3,3,3,1,0,1,0,0
Akshardham,3,36-45,Business,Rarely,Other,Auto Rickshaw,4,3,4,3,3,0,0,0,1,0
Akshardham,3,36-45,Other,Daily,Education,Auto Rickshaw,4,3,4,4,3,1,1,1,0,1
Akshardham,3,26-35,Business,2-3x/week,Office,Auto Rickshaw,4,4,3,3,3,0,0,1,0,1
Akshardham,3,26-35,Service,Daily,Office,Auto Rickshaw,4,4,4,3,2,1,0,0,0,0
Akshardham,3,26-35,IT/Tech,Daily,Office,Auto Rickshaw,4,4,3,3,3,0,0,0,0,0
Akshardham,3,26-35,Service,Daily,Leisure,Auto Rickshaw,3,3,3,4,2,1,1,1,1,1
Akshardham,3,36-45,IT/Tech,4-5x/week,Leisure,Auto Rickshaw,4,3,3,4,3,0,0,1,0,1
Akshardham,3,46-60,Other,4-5x/week,Shopping,Auto Rickshaw,4,3,3,4,3,0,0,0,0,0
Akshardham,3,60+,IT/Tech,4-5x/week,Office,Auto Rickshaw,4,3,3,4,3,1,1,0,0,0
Akshardham,3,26-35,IT/Tech,Daily,Other,Auto Rickshaw,5,4,4,4,3,0,0,0,1,0
Akshardham,3,36-45,Student,Daily,Office,Auto Rickshaw,3,4,3,4,3,0,1,0,1,0
Akshardham,3,26-35,Student,4-5x/week,Shopping,Auto Rickshaw,4,3,3,3,3,0,0,0,0,1
Akshardham,3,26-35,Other,4-5x/week,Education,Auto Rickshaw,3,4,3,4,3,0,1,1,0,0
Akshardham,3,46-60,Other,Daily,Office,Auto Rickshaw,3,4,3,3,2,0,0,0,1,0
Akshardham,3,46-60,Service,4-5x/week,Office,Auto Rickshaw,3,3,3,4,3,1,1,0,0,0
Akshardham,3,60+,Other,Daily,Office,Auto Rickshaw,5,4,4,2,2,1,0,0,1,0
Akshardham,3,18-25,Other,Weekly,Leisure,Auto Rickshaw,3,4,4,3,2,0,0,0,0,0
Akshardham,3,36-45,Business,2-3x/week,Shopping,Auto Rickshaw,4,3,4,3,2,0,0,1,0,1
Akshardham,3,18-25,Other,Daily,Other,Auto Rickshaw,2,3,3,3,2,1,0,1,1,1
Akshardham,3,36-45,Student,Weekly,Shopping,Auto Rickshaw,4,4,3,3,3,1,1,0,1,1
Akshardham,3,26-35,IT/Tech,4-5x/week,Office,Auto Rickshaw,3,3,3,4,3,0,1,1,1,0
Akshardham,3,26-35,Business,4-5x/week,Office,Auto Rickshaw,4,4,3,4,3,0,0,0,0,0
Akshardham,3,60+,Service,2-3x/week,Shopping,Auto Rickshaw,4,4,3,3,3,1,1,0,0,0
Akshardham,3,26-35,Other,Rarely,Office,Auto Rickshaw,4,4,3,3,3,0,1,1,0,1
Akshardham,3,46-60,Service,Daily,Office,Auto Rickshaw,3,3,3,4,3,1,1,1,1,1
Akshardham,3,26-35,Service,Daily,Office,Auto Rickshaw,3,3,4,3,3,0,1,1,0,1
Akshardham,3,46-60,Business,2-3x/week,Shopping,Auto Rickshaw,3,3,3,4,3,0,0,0,0,0
Akshardham,3,46-60,Service,Daily,Education,Auto Rickshaw,4,3,3,3,3,0,0,0,0,1
Akshardham,3,26-35,IT/Tech,Weekly,Office,Auto Rickshaw,4,4,4,4,3,1,0,1,0,0
Akshardham,3,18-25,Business,Daily,Leisure,Auto Rickshaw,4,4,3,4,3,1,1,1,1,1
Akshardham,3,36-45,IT/Tech,Rarely,Other,Auto Rickshaw,4,4,3,3,4,0,1,0,0,1
Akshardham,3,26-35,Business,Daily,Shopping,Auto Rickshaw,4,3,4,4,3,0,0,0,1,1
Akshardham,3,26-35,Other,Rarely,Office,Auto Rickshaw,4,3,3,3,3,1,0,0,0,1
Akshardham,3,26-35,Service,2-3x/week,Shopping,Auto Rickshaw,3,3,3,3,2,0,0,0,1,0
Akshardham,3,26-35,Student,Rarely,Education,Auto Rickshaw,4,3,3,4,3,0,0,1,1,1
Akshardham,3,26-35,IT/Tech,Daily,Office,Auto Rickshaw,4,4,4,4,3,0,0,1,1,0
Akshardham,3,26-35,Business,Daily,Shopping,Auto Rickshaw,3,3,3,3,2,0,0,1,0,1
Akshardham,3,26-35,Service,Daily,Other,Auto Rickshaw,4,3,4,4,3,0,1,0,0,0
Akshardham,3,60+,IT/Tech,2-3x/week,Office,Auto Rickshaw,4,4,3,4,3,0,1,0,0,1
Akshardham,3,26-35,Business,Daily,Office,Auto Rickshaw,3,3,3,4,3,0,0,0,0,0
Akshardham,3,26-35,Service,4-5x/week,Office,Auto Rickshaw,3,3,3,3,2,1,1,0,0,0
Akshardham,3,36-45,Business,Daily,Education,Auto Rickshaw,4,3,3,3,3,0,0,1,0,0
Akshardham,3,36-45,Service,2-3x/week,Shopping,Auto Rickshaw,5,4,3,4,3,1,0,0,0,0
Akshardham,3,18-25,Other,2-3x/week,Office,Auto Rickshaw,4,3,4,4,3,0,0,0,0,0
Akshardham,3,18-25,Student,Daily,Office,Auto Rickshaw,4,2,3,3,3,1,0,1,1,0
Akshardham,3,26-35,Student,4-5x/week,Other,Auto Rickshaw,4,3,3,4,3,0,0,1,0,0
Akshardham,3,60+,IT/Tech,Daily,Leisure,Auto Rickshaw,3,3,3,4,2,1,0,0,0,0
Akshardham,3,46-60,Student,Rarely,Leisure,Auto Rickshaw,4,4,2,4,3,0,1,1,0,0
Akshardham,3,26-35,Service,Weekly,Office,Auto Rickshaw,3,4,4,4,2,0,0,0,0,0
Akshardham,3,18-25,Student,Daily,Other,Auto Rickshaw,3,2,3,3,4,1,0,1,1,0
Akshardham,3,36-45,Business,Daily,Office,Auto Rickshaw,3,3,3,3,3,0,1,1,1,1
Akshardham,3,46-60,Student,4-5x/week,Education,Auto Rickshaw,3,3,3,3,3,1,0,0,0,0
Akshardham,3,26-35,Service,2-3x/week,Office,Auto Rickshaw,3,3,4,3,3,1,1,1,0,1
Akshardham,3,60+,Business,Weekly,Other,Auto Rickshaw,3,3,3,3,3,1,0,1,0,1
Akshardham,3,46-60,Student,Daily,Office,Auto Rickshaw,4,3,4,3,3,0,0,1,0,0
Akshardham,3,18-25,Business,4-5x/week,Other,Auto Rickshaw,4,3,3,3,3,1,1,1,0,1
Akshardham,3,18-25,Other,Daily,Other,Auto Rickshaw,4,3,3,4,4,0,0,0,1,1
Mayur Vihar-I,3,46-60,IT/Tech,Daily,Office,E-Rickshaw,4,3,5,4,4,0,0,0,1,0
Mayur Vihar-I,3,26-35,Student,Weekly,Leisure,E-Rickshaw,3,4,3,5,3,0,1,0,0,1
Mayur Vihar-I,3,18-25,IT/Tech,Daily,Office,E-Rickshaw,4,3,4,4,3,1,0,0,0,0
Mayur Vihar-I,3,26-35,Service,4-5x/week,Office,E-Rickshaw,4,4,4,4,4,0,0,0,0,1
Mayur Vihar-I,3,60+,Service,Weekly,Education,E-Rickshaw,4,4,3,3,3,0,1,0,1,1
Mayur Vihar-I,3,18-25,Student,Daily,Office,E-Rickshaw,5,5,3,3,3,0,0,0,0,1
Mayur Vihar-I,3,46-60,Student,Rarely,Office,E-Rickshaw,4,3,4,5,4,0,0,0,0,1
Mayur Vihar-I,3,18-25,Student,Daily,Office,E-Rickshaw,4,4,4,3,2,0,0,0,1,0
Mayur Vihar-I,3,26-35,Student,4-5x/week,Shopping,E-Rickshaw,3,3,3,4,3,0,0,0,1,0
Mayur Vihar-I,3,26-35,Business,Daily,Other,E-Rickshaw,4,3,3,4,3,0,0,1,1,0
Mayur Vihar-I,3,18-25,Student,4-5x/week,Education,E-Rickshaw,4,4,4,4,2,0,0,1,0,1
Mayur Vihar-I,3,46-60,Student,Daily,Shopping,E-Rickshaw,3,3,3,3,3,0,0,0,1,1
Mayur Vihar-I,3,36-45,Service,4-5x/week,Leisure,E-Rickshaw,3,3,3,3,3,0,0,0,0,1
Mayur Vihar-I,3,26-35,Other,4-5x/week,Leisure,E-Rickshaw,4,4,3,3,4,0,0,0,0,0
Mayur Vihar-I,3,18-25,Business,Daily,Office,E-Rickshaw,4,3,4,5,4,1,0,1,0,0
Mayur Vihar-I,3,18-25,Student,Weekly,Office,E-Rickshaw,3,4,3,4,3,1,1,1,1,0
Mayur Vihar-I,3,36-45,Service,Weekly,Education,E-Rickshaw,4,4,3,4,2,0,1,1,1,1
Mayur Vihar-I,3,36-45,IT/Tech,2-3x/week,Other,E-Rickshaw,4,3,4,3,3,0,0,0,1,0
Mayur Vihar-I,3,18-25,Other,2-3x/week,Leisure,E-Rickshaw,4,4,4,4,3,0,1,0,0,0
Mayur Vihar-I,3,46-60,IT/Tech,Daily,Office,E-Rickshaw,4,4,4,3,4,1,0,0,1,1
Mayur Vihar-I,3,36-45,Service,Daily,Leisure,E-Rickshaw,4,4,4,4,3,0,0,1,0,1
Mayur Vihar-I,3,26-35,Service,Daily,Office,E-Rickshaw,3,3,3,5,3,1,1,1,0,1
Mayur Vihar-I,3,18-25,Service,Daily,Education,E-Rickshaw,4,3,4,3,4,1,1,0,1,1
Mayur Vihar-I,3,46-60,Service,Daily,Leisure,E-Rickshaw,4,4,4,3,4,0,0,0,1,1
Mayur Vihar-I,3,26-35,Student,Daily,Office,E-Rickshaw,4,4,3,4,4,0,0,0,0,0
Mayur Vihar-I,3,26-35,IT/Tech,4-5x/week,Shopping,E-Rickshaw,4,4,4,4,3,0,0,1,0,1
Mayur Vihar-I,3,36-45,IT/Tech,Daily,Office,E-Rickshaw,4,5,4,4,3,0,1,0,1,0
Mayur Vihar-I,3,18-25,Student,Daily,Other,E-Rickshaw,4,4,4,3,3,0,1,0,0,1
Mayur Vihar-I,3,26-35,Student,2-3x/week,Office,E-Rickshaw,4,4,4,4,3,0,1,1,0,1
Mayur Vihar-I,3,46-60,Student,Daily,Education,E-Rickshaw,4,4,4,4,4,0,0,0,1,0
Mayur Vihar-I,3,26-35,Other,4-5x/week,Office,E-Rickshaw,3,3,3,3,3,0,0,1,1,1
Mayur Vihar-I,3,36-45,IT/Tech,2-3x/week,Office,E-Rickshaw,4,4,4,3,4,0,0,0,1,1
Mayur Vihar-I,3,26-35,Service,Daily,Office,E-Rickshaw,4,4,4,3,3,1,1,1,0,0
Mayur Vihar-I,3,36-45,Service,Daily,Office,E-Rickshaw,4,4,3,2,3,0,1,1,0,1
Mayur Vihar-I,3,36-45,IT/Tech,2-3x/week,Office,E-Rickshaw,4,4,3,3,3,1,0,1,0,1
Mayur Vihar-I,3,26-35,Business,2-3x/week,Office,E-Rickshaw,3,3,4,3,3,1,1,1,0,1
Mayur Vihar-I,3,46-60,IT/Tech,4-5x/week,Leisure,E-Rickshaw,3,3,4,3,3,0,1,1,1,0
Mayur Vihar-I,3,36-45,Service,4-5x/week,Office,E-Rickshaw,4,4,4,4,3,0,0,0,0,0
Mayur Vihar-I,3,46-60,IT/Tech,2-3x/week,Education,E-Rickshaw,4,3,4,3,2,0,0,1,0,1
Mayur Vihar-I,3,26-35,Service,Daily,Shopping,E-Rickshaw,4,4,4,4,3,0,0,1,1,1
Mayur Vihar-I,3,36-45,Business,Daily,Leisure,E-Rickshaw,4,3,4,3,3,0,0,0,1,0
Mayur Vihar-I,3,60+,Student,4-5x/week,Office,E-Rickshaw,5,4,4,3,4,0,0,1,0,0
Mayur Vihar-I,3,36-45,Student,Daily,Office,E-Rickshaw,4,3,4,4,3,1,0,1,0,1
Mayur Vihar-I,3,46-60,IT/Tech,4-5x/week,Office,E-Rickshaw,4,4,3,3,3,1,0,1,0,0
Mayur Vihar-I,3,18-25,IT/Tech,Weekly,Office,E-Rickshaw,3,3,3,4,4,1,1,0,0,1
Mayur Vihar-I,3,36-45,Student,4-5x/week,Education,E-Rickshaw,4,4,3,5,3,0,0,0,0,1
Mayur Vihar-I,3,18-25,IT/Tech,Daily,Education,E-Rickshaw,3,3,3,3,4,1,1,1,0,0
Mayur Vihar-I,3,26-35,Service,4-5x/week,Shopping,E-Rickshaw,4,4,4,3,3,0,0,0,0,1
Mayur Vihar-I,3,36-45,Business,Weekly,Leisure,E-Rickshaw,3,4,3,3,3,0,1,1,0,1
Mayur Vihar-I,3,18-25,Service,Daily,Leisure,E-Rickshaw,4,4,3,4,4,0,1,0,0,1
Mayur Vihar-I,3,60+,Service,4-5x/week,Office,E-Rickshaw,4,3,4,4,4,1,0,0,0,1
Mayur Vihar-I,3,36-45,Other,Daily,Shopping,E-Rickshaw,3,3,4,4,3,1,0,1,1,0
Mayur Vihar-I,3,46-60,Other,2-3x/week,Office,E-Rickshaw,4,3,4,4,3,1,1,1,0,0
Mayur Vihar-I,3,36-45,IT/Tech,Daily,Leisure,E-Rickshaw,3,3,4,3,2,1,1,0,0,1
Mayur Vihar-I,3,46-60,Business,4-5x/week,Education,E-Rickshaw,4,3,5,4,3,1,0,0,0,0
Mayur Vihar-I,3,18-25,Service,4-5x/week,Education,E-Rickshaw,3,3,4,3,3,1,0,0,0,0
Mayur Vihar-I,3,36-45,Business,Daily,Education,E-Rickshaw,4,3,4,4,3,0,0,0,0,1
Mayur Vihar-I,3,26-35,Service,Weekly,Education,E-Rickshaw,3,4,4,3,2,0,1,1,0,1
Mayur Vihar-I,3,18-25,Other,Weekly,Education,E-Rickshaw,4,4,4,3,2,0,0,0,1,0
Mayur Vihar-I,3,26-35,Business,Daily,Other,E-Rickshaw,5,4,5,3,3,0,0,1,0,1
Mayur Vihar-I,3,36-45,Service,Daily,Office,E-Rickshaw,3,3,4,4,4,1,1,1,0,0
Mayur Vihar-I,3,18-25,Service,4-5x/week,Shopping,E-Rickshaw,4,3,4,3,4,0,1,0,0,0
Mayur Vihar-I,3,60+,IT/Tech,Daily,Office,E-Rickshaw,4,4,4,3,2,0,0,0,0,1
Mayur Vihar-I,3,46-60,IT/Tech,Daily,Office,E-Rickshaw,4,4,4,3,3,0,0,1,0,0
Mayur Vihar-I,3,36-45,Service,Daily,Office,E-Rickshaw,4,3,4,3,4,0,0,1,0,1
Mayur Vihar-I,3,26-35,Service,Daily,Office,E-Rickshaw,3,3,3,3,3,1,1,1,1,0
Mayur Vihar-I,3,36-45,Student,4-5x/week,Office,E-Rickshaw,4,4,4,2,3,0,0,0,0,1
Mayur Vihar-I,3,36-45,Student,Daily,Office,E-Rickshaw,4,4,4,4,3,1,0,0,0,1
Mayur Vihar-I,3,18-25,IT/Tech,Daily,Shopping,E-Rickshaw,4,3,3,4,3,0,0,0,0,0
Mayur Vihar-I,3,18-25,IT/Tech,Weekly,Education,E-Rickshaw,4,4,4,2,3,0,0,0,1,1
Mayur Vihar-I,3,46-60,IT/Tech,Daily,Office,E-Rickshaw,4,3,4,4,4,0,1,0,0,0
Mayur Vihar-I,3,26-35,Service,Daily,Education,E-Rickshaw,4,4,4,4,3,0,0,1,0,1
Mayur Vihar-I,3,18-25,Service,4-5x/week,Other,E-Rickshaw,4,4,3,3,3,0,0,0,0,0
Mayur Vihar-I,3,46-60,IT/Tech,2-3x/week,Office,E-Rickshaw,2,3,3,4,3,1,1,1,1,0
Mayur Vihar-I,3,18-25,IT/Tech,Weekly,Office,E-Rickshaw,3,4,4,4,3,0,0,1,0,1
Mayur Vihar-I,3,46-60,IT/Tech,Daily,Leisure,E-Rickshaw,4,4,3,4,3,0,1,1,0,0
Mayur Vihar-I,3,18-25,Service,2-3x/week,Office,E-Rickshaw,3,4,3,4,3,0,0,0,1,1
Mayur Vihar-I,3,18-25,Other,4-5x/week,Other,E-Rickshaw,3,4,4,4,3,1,1,1,1,0
Mayur Vihar-I,3,60+,Other,4-5x/week,Other,E-Rickshaw,4,4,4,3,4,0,0,0,0,0
Mayur Vihar-I,3,26-35,Service,Daily,Office,E-Rickshaw,5,3,4,4,3,0,0,0,0,0
Mayur Vihar-I,3,26-35,Service,Daily,Office,E-Rickshaw,3,3,4,4,3,0,1,0,0,0
Mayur Vihar-I,3,26-35,Student,2-3x/week,Other,E-Rickshaw,5,4,4,4,4,0,1,1,0,0
Mayur Vihar-I,3,60+,Service,4-5x/week,Office,E-Rickshaw,3,4,3,3,3,0,0,1,1,0
Mayur Vihar-I,3,26-35,Business,Daily,Office,E-Rickshaw,3,3,4,3,2,0,0,0,1,0
Mayur Vihar-I,3,26-35,IT/Tech,4-5x/week,Office,E-Rickshaw,3,4,3,3,3,0,0,1,1,0
Botanical Garden,3,60+,Student,Rarely,Office,Auto Rickshaw,4,3,3,3,2,0,1,0,0,0
Botanical Garden,3,18-25,Other,Daily,Office,Auto Rickshaw,3,3,3,4,3,1,1,1,0,1
Botanical Garden,3,18-25,Other,4-5x/week,Office,Auto Rickshaw,3,4,3,4,2,0,0,0,0,1
Botanical Garden,3,46-60,IT/Tech,4-5x/week,Shopping,Auto Rickshaw,3,3,3,4,2,0,1,1,0,1
Botanical Garden,3,36-45,Service,Daily,Office,Auto Rickshaw,4,4,3,3,2,1,1,1,0,0
Botanical Garden,3,26-35,Student,4-5x/week,Shopping,Auto Rickshaw,4,3,3,4,3,1,0,0,0,1
Botanical Garden,3,26-35,Student,2-3x/week,Office,Auto Rickshaw,4,3,3,4,3,1,1,1,1,1
Botanical Garden,3,18-25,Service,Daily,Education,Auto Rickshaw,4,4,4,4,3,1,1,1,0,1
Botanical Garden,3,26-35,Other,Daily,Shopping,Auto Rickshaw,3,3,3,3,3,1,1,1,0,1
Botanical Garden,3,18-25,Service,2-3x/week,Leisure,Auto Rickshaw,4,3,4,3,3,0,0,1,1,1
Botanical Garden,3,26-35,IT/Tech,Daily,Shopping,Auto Rickshaw,3,3,3,4,2,0,0,1,0,0
Botanical Garden,3,26-35,Business,Daily,Leisure,Auto Rickshaw,3,4,3,3,3,1,0,1,0,0
Botanical Garden,3,46-60,Student,Daily,Office,Auto Rickshaw,4,4,4,4,3,0,0,1,1,1
Botanical Garden,3,26-35,Other,4-5x/week,Education,Auto Rickshaw,4,4,3,3,3,0,1,0,1,1
Botanical Garden,3,46-60,IT/Tech,Rarely,Office,Auto Rickshaw,4,4,4,3,4,0,0,1,0,1
Botanical Garden,3,18-25,IT/Tech,Daily,Other,Auto Rickshaw,3,4,3,4,3,0,0,0,0,0
Botanical Garden,3,46-60,Other,4-5x/week,Education,Auto Rickshaw,3,3,3,3,3,1,1,0,0,1
Botanical Garden,3,36-45,Service,Daily,Shopping,Auto Rickshaw,4,4,3,3,3,0,1,0,0,1
Botanical Garden,3,18-25,IT/Tech,Weekly,Other,Auto Rickshaw,3,3,3,4,3,1,1,1,0,1
Botanical Garden,3,26-35,Student,Weekly,Office,Auto Rickshaw,3,3,3,4,3,0,0,0,0,0
Botanical Garden,3,46-60,Other,Daily,Office,Auto Rickshaw,4,4,4,4,3,0,0,1,0,0
Botanical Garden,3,36-45,Other,Daily,Office,Auto Rickshaw,4,4,3,3,2,0,1,0,1,1
Botanical Garden,3,26-35,Other,4-5x/week,Office,Auto Rickshaw,4,3,3,4,3,0,1,1,1,1
Botanical Garden,3,46-60,IT/Tech,4-5x/week,Education,Auto Rickshaw,4,4,4,4,3,1,0,1,0,1
Botanical Garden,3,18-25,Business,4-5x/week,Office,Auto Rickshaw,4,3,3,3,3,0,1,1,1,1
Botanical Garden,3,26-35,IT/Tech,Daily,Office,Auto Rickshaw,3,4,2,4,2,1,1,0,0,1
Botanical Garden,3,26-35,Service,Daily,Office,Auto Rickshaw,4,4,3,3,3,0,0,1,1,0
Botanical Garden,3,46-60,IT/Tech,Daily,Office,Auto Rickshaw,4,5,3,3,3,0,0,1,1,1
Botanical Garden,3,18-25,Service,2-3x/week,Office,Auto Rickshaw,4,3,3,4,2,0,1,1,0,1
Botanical Garden,3,36-45,IT/Tech,4-5x/week,Education,Auto Rickshaw,4,3,3,4,3,0,0,0,1,1
Botanical Garden,3,18-25,Business,Daily,Office,Auto Rickshaw,4,3,3,4,3,1,1,0,1,1
Botanical Garden,3,26-35,Other,Weekly,Leisure,Auto Rickshaw,3,3,3,4,3,0,1,0,0,1
Botanical Garden,3,26-35,IT/Tech,Weekly,Office,Auto Rickshaw,3,4,2,4,3,1,0,0,1,0
Botanical Garden,3,46-60,IT/Tech,2-3x/week,Office,Auto Rickshaw,3,3,3,4,2,0,0,0,0,1
Botanical Garden,3,26-35,IT/Tech,4-5x/week,Office,Auto Rickshaw,4,4,4,4,3,0,0,1,0,0
Botanical Garden,3,46-60,Student,4-5x/week,Office,Auto Rickshaw,3,3,3,4,3,1,1,0,1,1
Botanical Garden,3,26-35,Business,4-5x/week,Other,Auto Rickshaw,3,3,3,4,2,0,1,1,1,1
Botanical Garden,3,60+,Student,Daily,Shopping,Auto Rickshaw,4,4,4,4,3,0,0,0,1,1
Botanical Garden,3,26-35,Service,2-3x/week,Office,Auto Rickshaw,4,4,3,3,4,0,0,0,0,1
Botanical Garden,3,18-25,Other,4-5x/week,Other,Auto Rickshaw,3,4,3,4,3,0,1,0,0,1
Botanical Garden,3,26-35,Service,4-5x/week,Education,Auto Rickshaw,4,4,4,4,2,1,0,0,0,0
Botanical Garden,3,26-35,Business,4-5x/week,Shopping,Auto Rickshaw,4,3,3,3,3,0,0,0,0,1
Botanical Garden,3,46-60,Service,Daily,Office,Auto Rickshaw,3,4,3,4,1,0,1,1,0,0
Botanical Garden,3,26-35,Student,4-5x/week,Office,Auto Rickshaw,4,3,2,3,3,0,0,1,0,1
Botanical Garden,3,46-60,Service,Daily,Office,Auto Rickshaw,4,3,4,4,3,1,0,0,0,1
Botanical Garden,3,18-25,IT/Tech,Weekly,Office,Auto Rickshaw,4,4,3,4,3,0,1,1,0,1
Botanical Garden,3,36-45,Student,Rarely,Other,Auto Rickshaw,4,3,4,4,3,0,0,0,0,1
Botanical Garden,3,18-25,IT/Tech,4-5x/week,Office,Auto Rickshaw,4,4,4,5,3,0,0,1,0,1
Botanical Garden,3,60+,Service,Daily,Office,Auto Rickshaw,3,4,3,3,3,0,0,1,1,1
Botanical Garden,3,46-60,Student,Daily,Education,Auto Rickshaw,2,3,3,3,3,0,1,1,0,0
Botanical Garden,3,46-60,Service,Weekly,Education,Auto Rickshaw,4,3,3,4,3,0,0,0,0,1
Botanical Garden,3,26-35,IT/Tech,Daily,Education,Auto Rickshaw,4,4,4,3,3,0,0,0,0,1
Botanical Garden,3,26-35,Business,2-3x/week,Office,Auto Rickshaw,3,4,3,4,3,1,1,0,0,0
Botanical Garden,3,46-60,IT/Tech,Daily,Office,Auto Rickshaw,3,3,3,3,3,0,1,0,1,1
Botanical Garden,3,36-45,IT/Tech,Weekly,Office,Auto Rickshaw,3,3,3,4,3,0,0,1,0,1
Botanical Garden,3,18-25,Service,Daily,Shopping,Auto Rickshaw,4,4,4,3,3,0,1,0,0,1
Botanical Garden,3,18-25,IT/Tech,4-5x/week,Office,Auto Rickshaw,4,4,3,3,3,0,0,1,1,0
Botanical Garden,3,18-25,Service,Daily,Leisure,Auto Rickshaw,4,4,3,3,3,0,0,0,0,1
Botanical Garden,3,18-25,Business,Rarely,Office,Auto Rickshaw,4,4,3,3,3,1,0,0,0,0
Botanical Garden,3,18-25,Business,4-5x/week,Leisure,Auto Rickshaw,4,4,3,3,4,0,0,0,0,0
Botanical Garden,3,18-25,Service,4-5x/week,Other,Auto Rickshaw,3,4,4,2,3,1,1,1,0,1
Botanical Garden,3,26-35,IT/Tech,Daily,Education,Auto Rickshaw,3,3,3,3,2,0,1,0,0,1
Botanical Garden,3,18-25,Other,4-5x/week,Shopping,Auto Rickshaw,4,4,3,3,3,0,0,1,0,1
Botanical Garden,3,26-35,Business,Daily,Office,Auto Rickshaw,2,4,2,4,2,1,1,1,0,1
Botanical Garden,3,26-35,IT/Tech,Daily,Office,Auto Rickshaw,4,3,3,3,3,1,0,0,1,1
Botanical Garden,3,36-45,Student,4-5x/week,Shopping,Auto Rickshaw,3,4,3,4,3,1,0,1,1,1
Botanical Garden,3,60+,Other,4-5x/week,Office,Auto Rickshaw,4,4,3,4,3,0,0,0,0,0
Botanical Garden,3,26-35,Other,2-3x/week,Shopping,Auto Rickshaw,4,3,3,3,3,0,0,0,0,1
Botanical Garden,3,46-60,Service,Daily,Office,Auto Rickshaw,4,4,3,3,3,0,1,1,0,1
Botanical Garden,3,36-45,Student,Weekly,Office,Auto Rickshaw,4,4,3,4,4,0,0,0,0,1
Botanical Garden,3,60+,Student,Daily,Office,Auto Rickshaw,4,4,3,4,3,1,1,0,1,1
Botanical Garden,3,18-25,Student,4-5x/week,Other,Auto Rickshaw,5,5,4,4,4,0,0,0,1,0
Botanical Garden,3,36-45,Other,4-5x/week,Shopping,Auto Rickshaw,4,4,3,3,4,0,1,0,1,1
Botanical Garden,3,18-25,Service,Rarely,Shopping,Auto Rickshaw,4,4,3,4,3,0,0,0,0,0
Botanical Garden,3,60+,IT/Tech,Daily,Shopping,Auto Rickshaw,4,4,4,3,3,1,0,1,0,1
Botanical Garden,3,26-35,Student,4-5x/week,Leisure,Auto Rickshaw,4,4,3,4,3,0,0,0,0,0
Botanical Garden,3,26-35,Other,2-3x/week,Office,Auto Rickshaw,4,3,3,4,3,0,0,1,1,1
Botanical Garden,3,46-60,Business,2-3x/week,Other,Auto Rickshaw,4,3,3,3,3,0,0,1,0,0
Botanical Garden,3,26-35,IT/Tech,Weekly,Office,Auto Rickshaw,2,3,3,4,3,1,1,1,1,0
Botanical Garden,3,46-60,Business,Daily,Education,Auto Rickshaw,4,4,3,3,3,0,0,1,0,1
Botanical Garden,3,26-35,IT/Tech,2-3x/week,Leisure,Auto Rickshaw,3,4,2,4,3,1,1,0,1,1
Botanical Garden,3,26-35,Other,Rarely,Leisure,Auto Rickshaw,5,4,3,3,3,0,0,0,1,1
Botanical Garden,3,26-35,Student,4-5x/week,Education,Auto Rickshaw,3,4,4,4,2,1,1,1,1,1
Botanical Garden,3,36-45,IT/Tech,4-5x/week,Education,Auto Rickshaw,3,5,3,4,2,0,0,0,1,1
Botanical Garden,3,18-25,IT/Tech,Daily,Office,Auto Rickshaw,4,4,3,4,3,0,0,0,0,1
Botanical Garden,3,46-60,IT/Tech,Daily,Office,Auto Rickshaw,4,3,4,4,3,0,0,0,0,1
Botanical Garden,3,36-45,IT/Tech,Daily,Education,Auto Rickshaw,4,4,4,4,3,0,0,1,0,1
Botanical Garden,3,18-25,IT/Tech,Daily,Shopping,Auto Rickshaw,4,3,3,4,3,0,0,1,0,0
Botanical Garden,3,18-25,Business,4-5x/week,Office,Auto Rickshaw,4,4,3,3,3,1,0,1,0,1
Botanical Garden,3,18-25,IT/Tech,Weekly,Office,Auto Rickshaw,3,3,3,3,4,0,0,1,1,0
Noida City Centre,3,18-25,Service,Daily,Office,Auto Rickshaw,4,4,3,4,3,0,0,0,1,0
Noida City Centre,3,18-25,Student,4-5x/week,Shopping,Auto Rickshaw,4,3,3,4,4,0,0,0,0,1
Noida City Centre,3,18-25,IT/Tech,Daily,Shopping,Auto Rickshaw,4,4,3,4,4,1,1,1,0,0
Noida City Centre,3,46-60,Service,Daily,Office,Auto Rickshaw,4,4,3,4,4,0,0,1,0,1
Noida City Centre,3,26-35,Student,Daily,Office,Auto Rickshaw,4,4,3,4,2,1,1,0,0,0
Noida City Centre,3,26-35,Service,Daily,Shopping,Auto Rickshaw,4,4,3,4,3,0,0,1,0,1
Noida City Centre,3,36-45,Other,Daily,Shopping,Auto Rickshaw,3,3,3,4,3,0,0,0,0,1
Noida City Centre,3,26-35,Other,Daily,Office,Auto Rickshaw,4,4,3,3,3,0,0,1,1,0
Noida City Centre,3,26-35,Service,Weekly,Office,Auto Rickshaw,4,4,3,4,3,0,1,1,0,1
Noida City Centre,3,26-35,IT/Tech,2-3x/week,Shopping,Auto Rickshaw,3,3,3,4,2,0,1,1,0,0
Noida City Centre,3,26-35,IT/Tech,4-5x/week,Education,Auto Rickshaw,4,5,4,4,3,0,0,0,1,1
Noida City Centre,3,26-35,Service,2-3x/week,Shopping,Auto Rickshaw,4,4,3,4,3,0,1,1,1,1
Noida City Centre,3,26-35,Other,Daily,Leisure,Auto Rickshaw,3,3,3,4,2,0,0,1,0,1
Noida City Centre,3,60+,IT/Tech,2-3x/week,Shopping,Auto Rickshaw,4,4,4,4,4,0,0,0,0,1
Noida City Centre,3,36-45,Service,4-5x/week,Education,Auto Rickshaw,4,4,3,4,3,0,0,1,1,0
Noida City Centre,3,26-35,Student,Daily,Education,Auto Rickshaw,4,4,4,4,2,0,0,1,0,1
Noida City Centre,3,26-35,Student,4-5x/week,Education,Auto Rickshaw,3,4,3,3,3,0,0,1,1,0
Noida City Centre,3,60+,Student,Rarely,Other,Auto Rickshaw,2,4,3,4,3,1,1,0,1,1
Noida City Centre,3,36-45,Student,Daily,Office,Auto Rickshaw,4,5,3,4,4,0,0,0,0,0
Noida City Centre,3,36-45,Business,Daily,Education,Auto Rickshaw,4,3,3,3,3,1,1,0,1,0
Noida City Centre,3,18-25,Service,2-3x/week,Office,Auto Rickshaw,4,3,4,4,3,0,0,0,0,0
Noida City Centre,3,26-35,IT/Tech,Daily,Shopping,Auto Rickshaw,4,3,3,4,3,0,0,0,0,0
Noida City Centre,3,26-35,Student,Daily,Shopping,Auto Rickshaw,4,4,4,4,3,0,1,0,0,1
Noida City Centre,3,18-25,Student,Daily,Office,Auto Rickshaw,5,4,4,4,3,0,0,0,0,1
Noida City Centre,3,18-25,IT/Tech,Daily,Shopping,Auto Rickshaw,3,4,4,4,3,1,0,0,0,0
Noida City Centre,3,60+,Business,2-3x/week,Education,Auto Rickshaw,4,4,3,4,4,0,0,1,0,0
Noida City Centre,3,26-35,Student,Rarely,Other,Auto Rickshaw,4,4,4,4,3,0,0,0,0,0
Noida City Centre,3,26-35,Service,4-5x/week,Leisure,Auto Rickshaw,4,4,3,3,3,0,1,0,0,0
Noida City Centre,3,46-60,Other,2-3x/week,Shopping,Auto Rickshaw,3,4,3,3,3,0,1,1,0,0
Noida City Centre,3,46-60,Student,Daily,Office,Auto Rickshaw,4,4,4,4,3,0,0,1,0,0
Noida City Centre,3,26-35,Other,Daily,Other,Auto Rickshaw,4,4,4,3,4,0,1,0,0,0
Noida City Centre,3,26-35,Student,Daily,Shopping,Auto Rickshaw,4,4,4,3,3,1,0,0,1,0
Noida City Centre,3,18-25,Student,Daily,Leisure,Auto Rickshaw,4,4,3,3,4,0,0,0,0,1
Noida City Centre,3,26-35,IT/Tech,4-5x/week,Shopping,Auto Rickshaw,4,4,3,4,3,1,0,0,0,0
Noida City Centre,3,46-60,Service,Rarely,Leisure,Auto Rickshaw,4,4,3,3,3,0,0,1,0,0
Noida City Centre,3,26-35,Student,Daily,Education,Auto Rickshaw,4,4,3,3,3,0,0,1,1,0
Noida City Centre,3,26-35,Business,Weekly,Office,Auto Rickshaw,5,4,3,4,3,0,0,0,0,1
Noida City Centre,3,18-25,Other,4-5x/week,Office,Auto Rickshaw,4,4,4,3,3,0,0,1,1,1
Noida City Centre,3,36-45,IT/Tech,Daily,Office,Auto Rickshaw,3,3,3,4,3,1,1,0,0,0
Noida City Centre,3,60+,Student,4-5x/week,Office,Auto Rickshaw,4,3,3,3,3,0,0,1,0,0
Noida City Centre,3,36-45,IT/Tech,4-5x/week,Office,Auto Rickshaw,4,4,3,4,3,0,1,1,0,0
Noida City Centre,3,26-35,Student,2-3x/week,Education,Auto Rickshaw,4,4,3,3,3,0,1,1,0,1
Noida City Centre,3,36-45,Service,2-3x/week,Shopping,Auto Rickshaw,4,4,4,3,3,0,0,1,1,1
Noida City Centre,3,26-35,Student,4-5x/week,Leisure,Auto Rickshaw,4,3,4,3,3,0,0,0,0,0
Noida City Centre,3,26-35,Service,4-5x/week,Leisure,Auto Rickshaw,3,4,4,3,4,0,0,1,0,0
Noida City Centre,3,26-35,Business,4-5x/week,Office,Auto Rickshaw,5,5,3,3,3,0,0,0,1,1
Noida City Centre,3,26-35,Student,Daily,Shopping,Auto Rickshaw,4,4,3,4,3,1,0,0,0,1
Noida City Centre,3,18-25,IT/Tech,Weekly,Other,Auto Rickshaw,4,4,4,3,2,0,0,0,0,0
Noida City Centre,3,36-45,Student,Daily,Shopping,Auto Rickshaw,4,3,4,3,3,0,0,0,0,1
Noida City Centre,3,26-35,Student,4-5x/week,Office,Auto Rickshaw,4,4,4,3,3,1,0,1,0,1
Noida City Centre,3,18-25,Service,2-3x/week,Other,Auto Rickshaw,3,3,4,4,3,1,0,0,1,0
Noida City Centre,3,26-35,IT/Tech,Daily,Office,Auto Rickshaw,4,4,3,3,2,0,0,0,1,0
Noida City Centre,3,18-25,Other,4-5x/week,Education,Auto Rickshaw,4,4,4,4,3,0,0,0,0,1
Noida City Centre,3,18-25,IT/Tech,Daily,Office,Auto Rickshaw,4,4,4,5,3,1,0,0,0,0
Noida City Centre,3,26-35,IT/Tech,Daily,Leisure,Auto Rickshaw,4,4,3,4,3,0,0,0,0,0
Noida City Centre,3,46-60,Student,4-5x/week,Leisure,Auto Rickshaw,4,4,3,4,2,1,0,1,0,0
Noida City Centre,3,18-25,Service,Weekly,Leisure,Auto Rickshaw,5,4,5,3,4,0,0,0,0,1
Noida City Centre,3,60+,Service,Daily,Office,Auto Rickshaw,5,4,3,4,3,1,0,0,0,0
Noida City Centre,3,60+,IT/Tech,2-3x/week,Office,Auto Rickshaw,3,3,4,4,3,1,0,1,0,1
Noida City Centre,3,26-35,Service,4-5x/week,Other,Auto Rickshaw,4,4,3,4,3,0,0,1,0,1
Noida City Centre,3,46-60,Service,2-3x/week,Leisure,Auto Rickshaw,4,4,3,4,4,1,0,0,0,0
Noida City Centre,3,36-45,Student,2-3x/week,Leisure,Auto Rickshaw,4,3,3,4,3,0,0,0,0,1
Noida City Centre,3,18-25,IT/Tech,4-5x/week,Shopping,Auto Rickshaw,3,3,3,3,3,1,1,1,0,1
Noida City Centre,3,46-60,Service,Daily,Office,Auto Rickshaw,4,4,4,4,3,0,1,1,1,1
Noida City Centre,3,18-25,Student,4-5x/week,Education,Auto Rickshaw,4,3,4,4,2,1,0,0,0,1
Noida City Centre,3,18-25,Student,4-5x/week,Office,Auto Rickshaw,4,3,4,4,4,0,0,1,0,0
Noida City Centre,3,18-25,IT/Tech,Weekly,Office,Auto Rickshaw,3,4,3,4,3,1,0,0,0,0
Noida City Centre,3,46-60,Service,4-5x/week,Office,Auto Rickshaw,4,4,3,4,3,1,0,0,1,1
Noida City Centre,3,46-60,Service,Weekly,Office,Auto Rickshaw,4,3,3,5,3,0,0,0,0,0
Noida City Centre,3,26-35,IT/Tech,Daily,Shopping,Auto Rickshaw,3,3,3,4,3,0,0,1,1,0
Noida City Centre,3,18-25,Service,2-3x/week,Leisure,Auto Rickshaw,3,3,4,3,3,1,0,1,0,0
Noida City Centre,3,26-35,Student,4-5x/week,Office,Auto Rickshaw,3,3,3,3,4,0,1,1,1,0
Noida City Centre,3,46-60,Other,Daily,Leisure,Auto Rickshaw,5,3,3,4,3,0,1,1,0,1
Noida City Centre,3,26-35,IT/Tech,4-5x/week,Office,Auto Rickshaw,4,4,4,3,3,0,1,0,0,0
Noida City Centre,3,26-35,Service,2-3x/week,Other,Auto Rickshaw,3,3,3,3,3,0,1,1,0,1
Noida City Centre,3,36-45,Other,4-5x/week,Office,Auto Rickshaw,4,4,3,3,3,0,0,0,0,0
Noida City Centre,3,36-45,Service,4-5x/week,Office,Auto Rickshaw,3,4,3,3,3,0,0,0,0,1
Noida City Centre,3,18-25,Business,2-3x/week,Shopping,Auto Rickshaw,4,4,3,3,3,0,0,1,0,0
Noida City Centre,3,36-45,Student,Weekly,Office,Auto Rickshaw,4,4,3,4,3,0,1,0,0,0
Noida City Centre,3,36-45,Business,Daily,Education,Auto Rickshaw,3,3,4,3,3,1,0,1,1,1
Noida City Centre,3,26-35,Business,Daily,Shopping,Auto Rickshaw,4,4,3,3,3,0,0,1,0,0
Noida City Centre,3,26-35,IT/Tech,Rarely,Office,Auto Rickshaw,3,4,2,4,2,0,1,1,1,1
Noida City Centre,3,18-25,Business,Daily,Shopping,Auto Rickshaw,4,4,4,4,3,0,1,1,0,1
Noida City Centre,3,36-45,IT/Tech,2-3x/week,Education,Auto Rickshaw,4,4,4,4,3,0,0,0,0,0
Noida City Centre,3,36-45,Student,4-5x/week,Office,Auto Rickshaw,3,3,3,4,3,0,1,1,1,1
Noida Electronic City,3,26-35,IT/Tech,Daily,Leisure,Shared Auto,3,4,2,4,2,0,1,1,0,0
Noida Electronic City,3,26-35,Service,4-5x/week,Leisure,Shared Auto,3,3,3,4,3,1,1,0,0,1
Noida Electronic City,3,18-25,IT/Tech,Daily,Office,Shared Auto,5,3,5,3,3,0,0,0,0,1
Noida Electronic City,3,46-60,Student,Daily,Office,Shared Auto,4,4,3,3,2,0,1,1,0,1
Noida Electronic City,3,36-45,IT/Tech,Daily,Leisure,Shared Auto,3,3,3,4,3,0,0,1,0,1
Noida Electronic City,3,26-35,Business,4-5x/week,Shopping,Shared Auto,3,4,3,4,3,0,1,1,0,1
Noida Electronic City,3,18-25,IT/Tech,Daily,Office,Shared Auto,4,4,3,4,3,0,1,0,1,1
Noida Electronic City,3,36-45,Student,4-5x/week,Leisure,Shared Auto,5,3,3,4,3,0,0,1,0,0
Noida Electronic City,3,36-45,IT/Tech,2-3x/week,Leisure,Shared Auto,5,4,2,4,3,1,1,1,0,1
Noida Electronic City,3,18-25,Business,Rarely,Office,Shared Auto,3,4,3,3,3,0,1,0,1,1
Noida Electronic City,3,26-35,IT/Tech,Daily,Leisure,Shared Auto,4,3,3,4,2,1,0,1,0,0
Noida Electronic City,3,60+,IT/Tech,2-3x/week,Shopping,Shared Auto,4,3,3,3,3,0,1,1,0,0
Noida Electronic City,3,26-35,Service,4-5x/week,Leisure,Shared Auto,3,4,3,2,3,1,0,1,0,1
Noida Electronic City,3,60+,Business,Daily,Office,Shared Auto,3,3,3,3,3,1,1,0,0,0
Noida Electronic City,3,26-35,IT/Tech,Daily,Office,Shared Auto,3,4,2,3,3,1,0,0,0,1
Noida Electronic City,3,18-25,Student,4-5x/week,Education,Shared Auto,4,4,4,4,3,0,0,0,0,0
Noida Electronic City,3,26-35,IT/Tech,Weekly,Office,Shared Auto,4,4,4,3,3,1,0,1,0,0
Noida Electronic City,3,46-60,Other,Weekly,Education,Shared Auto,4,3,3,4,3,0,1,1,1,1
Noida Electronic City,3,18-25,IT/Tech,4-5x/week,Education,Shared Auto,4,4,3,4,3,0,1,0,1,1
Noida Electronic City,3,46-60,IT/Tech,2-3x/week,Office,Shared Auto,4,4,3,4,3,1,0,0,0,1
Noida Electronic City,3,46-60,Student,Daily,Leisure,Shared Auto,3,3,3,3,3,0,1,1,0,1
Noida Electronic City,3,26-35,IT/Tech,2-3x/week,Office,Shared Auto,4,4,3,4,2,1,0,0,1,1
Noida Electronic City,3,26-35,Service,Daily,Leisure,Shared Auto,4,4,4,3,3,0,0,0,0,0
Noida Electronic City,3,46-60,Business,Daily,Education,Shared Auto,4,4,3,3,3,1,0,1,1,1
Noida Electronic City,3,18-25,Business,2-3x/week,Office,Shared Auto,3,3,2,3,3,1,1,1,0,1
Noida Electronic City,3,46-60,IT/Tech,Daily,Leisure,Shared Auto,3,3,2,4,2,0,0,0,0,0
Noida Electronic City,3,36-45,IT/Tech,Daily,Office,Shared Auto,4,3,4,3,3,1,0,0,1,1
Noida Electronic City,3,36-45,IT/Tech,Rarely,Office,Shared Auto,3,3,3,4,3,0,0,1,0,1
Noida Electronic City,3,18-25,Service,Daily,Office,Shared Auto,5,4,4,4,3,0,0,0,0,1
Noida Electronic City,3,36-45,Student,Daily,Shopping,Shared Auto,3,4,2,3,2,0,1,1,1,0
Noida Electronic City,3,46-60,Service,Daily,Leisure,Shared Auto,4,3,3,3,3,1,0,1,1,0
Noida Electronic City,3,36-45,Business,4-5x/week,Education,Shared Auto,4,4,2,3,3,1,1,1,0,1
Noida Electronic City,3,46-60,Student,Daily,Office,Shared Auto,3,4,3,3,2,0,1,1,0,1
Noida Electronic City,3,26-35,Student,Weekly,Other,Shared Auto,3,3,3,3,2,1,1,0,0,0
Noida Electronic City,3,36-45,Service,Daily,Education,Shared Auto,3,3,3,2,3,1,0,0,1,0
Noida Electronic City,3,18-25,Service,4-5x/week,Education,Shared Auto,4,3,3,3,3,1,1,0,1,1
Noida Electronic City,3,26-35,Service,Daily,Shopping,Shared Auto,4,4,4,4,3,0,1,0,0,1
Noida Electronic City,3,36-45,IT/Tech,Daily,Office,Shared Auto,4,4,3,3,3,0,0,0,0,1
Noida Electronic City,3,36-45,IT/Tech,Daily,Shopping,Shared Auto,4,4,4,4,3,1,0,0,0,1
Noida Electronic City,3,60+,Business,Daily,Office,Shared Auto,3,3,3,3,3,1,1,0,0,1
Noida Electronic City,3,36-45,Business,4-5x/week,Office,Shared Auto,4,3,3,4,3,0,0,1,0,1
Noida Electronic City,3,26-35,IT/Tech,2-3x/week,Office,Shared Auto,5,4,3,3,2,0,0,1,1,1
Noida Electronic City,3,60+,IT/Tech,Weekly,Leisure,Shared Auto,4,3,3,4,3,0,1,0,0,1
Noida Electronic City,3,26-35,Business,4-5x/week,Leisure,Shared Auto,4,3,3,3,3,0,1,0,1,1
Noida Electronic City,3,36-45,Student,Daily,Office,Shared Auto,4,3,4,4,3,0,0,1,0,1
Noida Electronic City,3,18-25,IT/Tech,Daily,Office,Shared Auto,5,4,4,4,3,1,0,0,0,1
Noida Electronic City,3,18-25,Business,Daily,Office,Shared Auto,4,4,2,4,4,0,1,0,0,1
Noida Electronic City,3,18-25,Business,4-5x/week,Office,Shared Auto,5,4,3,3,4,0,1,1,0,1
Noida Electronic City,3,36-45,IT/Tech,4-5x/week,Education,Shared Auto,4,3,4,3,3,0,0,1,0,0
Noida Electronic City,3,46-60,Student,4-5x/week,Shopping,Shared Auto,5,4,3,3,3,0,0,0,0,0
Noida Electronic City,3,46-60,Business,2-3x/week,Office,Shared Auto,4,3,3,4,4,0,0,0,1,0
Noida Electronic City,3,60+,Student,Daily,Office,Shared Auto,3,3,3,4,3,0,0,1,0,0
Noida Electronic City,3,26-35,Student,Daily,Education,Shared Auto,4,3,4,3,3,0,0,0,1,1
Noida Electronic City,3,26-35,IT/Tech,Rarely,Office,Shared Auto,3,4,3,4,2,0,0,0,0,0
Noida Electronic City,3,26-35,Student,Daily,Shopping,Shared Auto,4,3,3,4,3,1,1,1,0,0
Noida Electronic City,3,60+,Business,Rarely,Education,Shared Auto,4,4,3,4,2,0,0,1,0,1
Noida Electronic City,3,26-35,Service,Daily,Shopping,Shared Auto,3,3,3,3,3,1,1,1,0,1
Noida Electronic City,3,36-45,Service,Daily,Shopping,Shared Auto,3,3,3,5,3,1,0,0,0,1
Noida Electronic City,3,60+,Student,4-5x/week,Leisure,Shared Auto,4,4,3,4,3,1,0,0,0,0
Noida Electronic City,3,18-25,Student,Daily,Shopping,Shared Auto,5,4,3,4,3,0,0,0,1,1
Noida Electronic City,3,26-35,Business,Weekly,Shopping,Shared Auto,3,4,3,4,2,0,0,0,0,1
Noida Electronic City,3,26-35,Business,Daily,Education,Shared Auto,4,3,3,4,3,0,0,1,0,0
Noida Electronic City,3,36-45,Student,Daily,Office,Shared Auto,4,3,3,3,3,0,0,0,0,0
Noida Electronic City,3,18-25,Other,Daily,Office,Shared Auto,4,4,3,3,2,0,0,0,0,0
Noida Electronic City,3,18-25,Service,Daily,Office,Shared Auto,2,2,3,3,2,0,1,1,1,1
Noida Electronic City,3,26-35,Service,4-5x/week,Shopping,Shared Auto,3,3,3,3,2,0,1,0,1,1
Noida Electronic City,3,46-60,Service,Daily,Education,Shared Auto,4,4,3,3,3,0,1,0,0,0
Noida Electronic City,3,46-60,IT/Tech,4-5x/week,Office,Shared Auto,3,3,2,3,3,0,0,0,1,0
Noida Electronic City,3,36-45,IT/Tech,Daily,Office,Shared Auto,3,4,3,3,2,0,0,0,0,1
Noida Electronic City,3,18-25,Service,Weekly,Office,Shared Auto,2,3,3,3,2,1,1,1,1,0
Noida Electronic City,3,18-25,Service,4-5x/week,Office,Shared Auto,4,4,3,4,4,0,0,0,0,1
Noida Electronic City,3,26-35,Other,Weekly,Shopping,Shared Auto,4,4,3,4,3,0,1,1,0,1
Noida Electronic City,3,46-60,Business,Daily,Office,Shared Auto,3,4,3,3,2,1,1,1,0,1
Noida Electronic City,3,18-25,Business,2-3x/week,Office,Shared Auto,3,3,4,4,2,0,0,1,0,0
Noida Electronic City,3,26-35,IT/Tech,4-5x/week,Education,Shared Auto,4,3,4,4,3,0,0,0,0,1
Noida Electronic City,3,36-45,IT/Tech,Daily,Other,Shared Auto,3,3,3,4,3,0,0,1,1,1
Noida Electronic City,3,60+,IT/Tech,Daily,Other,Shared Auto,4,3,3,3,3,0,0,0,0,1
Noida Electronic City,3,26-35,Service,2-3x/week,Office,Shared Auto,4,4,3,3,4,0,1,0,0,0
Noida Electronic City,3,36-45,IT/Tech,Daily,Office,Shared Auto,4,4,2,4,2,0,1,1,0,0
Noida Electronic City,3,60+,IT/Tech,Daily,Other,Shared Auto,4,3,3,3,3,0,1,0,0,0
Noida Electronic City,3,26-35,IT/Tech,4-5x/week,Leisure,Shared Auto,4,4,3,3,3,0,0,1,1,1
Noida Electronic City,3,46-60,Student,Daily,Shopping,Shared Auto,3,3,2,3,3,0,0,0,0,0
Noida Electronic City,3,18-25,Other,Daily,Education,Shared Auto,4,4,3,4,2,1,0,0,0,0
Noida Electronic City,3,36-45,IT/Tech,Daily,Shopping,Shared Auto,4,4,3,4,3,0,0,0,0,1
Noida Electronic City,3,26-35,IT/Tech,Daily,Shopping,Shared Auto,4,4,3,4,3,1,1,0,0,1
Karkarduma,4,18-25,Service,4-5x/week,Office,E-Rickshaw,4,4,3,4,4,1,1,0,0,0
Karkarduma,4,18-25,Student,Daily,Shopping,E-Rickshaw,4,4,3,3,3,1,0,0,0,0
Karkarduma,4,18-25,Service,Daily,Leisure,E-Rickshaw,4,4,3,3,3,0,1,0,1,1
Karkarduma,4,26-35,Other,4-5x/week,Shopping,E-Rickshaw,4,4,4,3,3,0,1,1,1,1
Karkarduma,4,36-45,Service,Daily,Education,E-Rickshaw,4,4,3,3,3,0,0,0,1,0
Karkarduma,4,36-45,IT/Tech,Daily,Office,E-Rickshaw,4,4,3,3,3,0,0,0,0,1
Karkarduma,4,46-60,Other,Daily,Shopping,E-Rickshaw,4,3,3,3,3,0,1,1,0,0
Karkarduma,4,18-25,IT/Tech,4-5x/week,Leisure,E-Rickshaw,4,4,3,3,3,0,1,1,0,0
Karkarduma,4,26-35,Other,4-5x/week,Office,E-Rickshaw,4,4,3,3,3,0,1,0,0,1
Karkarduma,4,26-35,Business,4-5x/week,Leisure,E-Rickshaw,4,4,3,3,2,1,0,0,0,1
Karkarduma,4,18-25,Business,Weekly,Office,E-Rickshaw,3,3,4,3,2,0,0,1,0,0
Karkarduma,4,26-35,IT/Tech,Daily,Education,E-Rickshaw,5,3,4,3,4,0,0,0,0,1
Karkarduma,4,46-60,IT/Tech,Weekly,Leisure,E-Rickshaw,4,4,3,4,4,0,1,0,0,1
Karkarduma,4,18-25,IT/Tech,4-5x/week,Leisure,E-Rickshaw,4,4,4,3,2,0,0,0,0,1
Karkarduma,4,36-45,Service,4-5x/week,Office,E-Rickshaw,4,4,3,3,3,1,0,0,1,0
Karkarduma,4,18-25,Business,4-5x/week,Office,E-Rickshaw,4,4,4,4,3,0,1,0,0,0
Karkarduma,4,26-35,Service,Daily,Other,E-Rickshaw,4,4,4,3,3,0,1,0,0,1
Karkarduma,4,36-45,IT/Tech,Daily,Office,E-Rickshaw,4,3,3,5,3,0,0,0,1,0
Karkarduma,4,18-25,IT/Tech,4-5x/week,Office,E-Rickshaw,3,4,3,4,3,0,0,0,1,0
Karkarduma,4,18-25,Service,Daily,Office,E-Rickshaw,3,3,3,3,2,0,0,0,0,0
Karkarduma,4,36-45,IT/Tech,Daily,Education,E-Rickshaw,4,4,5,3,3,0,1,0,1,1
Karkarduma,4,26-35,Business,4-5x/week,Shopping,E-Rickshaw,5,4,5,4,3,0,0,1,0,1
Karkarduma,4,36-45,IT/Tech,2-3x/week,Office,E-Rickshaw,5,4,4,3,3,0,0,0,1,0
Karkarduma,4,36-45,Service,4-5x/week,Education,E-Rickshaw,3,4,3,3,3,0,0,1,0,1
Karkarduma,4,60+,Business,2-3x/week,Education,E-Rickshaw,4,3,4,4,3,0,0,0,0,0
Karkarduma,4,36-45,Service,2-3x/week,Shopping,E-Rickshaw,4,4,4,3,3,0,1,0,1,0
Karkarduma,4,26-35,Business,4-5x/week,Office,E-Rickshaw,4,4,3,3,4,0,0,0,0,1
Karkarduma,4,36-45,Business,4-5x/week,Shopping,E-Rickshaw,4,4,2,3,3,0,0,0,1,1
Karkarduma,4,36-45,IT/Tech,Daily,Shopping,E-Rickshaw,4,4,3,2,4,0,0,0,0,1
Karkarduma,4,26-35,IT/Tech,Daily,Office,E-Rickshaw,3,3,4,4,2,0,0,1,0,0
Karkarduma,4,36-45,Business,4-5x/week,Shopping,E-Rickshaw,3,3,4,3,3,0,0,0,0,1
Karkarduma,4,18-25,Student,4-5x/week,Education,E-Rickshaw,4,4,4,4,2,0,0,0,0,0
Karkarduma,4,36-45,Other,Daily,Office,E-Rickshaw,4,4,4,3,3,0,0,1,0,0
Karkarduma,4,26-35,IT/Tech,4-5x/week,Shopping,E-Rickshaw,3,4,3,3,3,0,0,0,1,0
Karkarduma,4,26-35,Other,Daily,Office,E-Rickshaw,4,4,3,3,3,0,0,1,1,1
Karkarduma,4,18-25,Other,2-3x/week,Office,E-Rickshaw,4,3,4,4,3,0,0,1,1,0
Karkarduma,4,26-35,IT/Tech,Daily,Leisure,E-Rickshaw,4,4,4,3,2,1,0,0,1,0
Karkarduma,4,60+,IT/Tech,4-5x/week,Office,E-Rickshaw,3,3,4,3,3,1,0,1,0,0
Karkarduma,4,36-45,Service,Rarely,Other,E-Rickshaw,4,3,3,3,2,0,0,1,1,0
Karkarduma,4,26-35,Service,4-5x/week,Education,E-Rickshaw,5,4,4,3,4,0,0,0,0,1
Karkarduma,4,18-25,IT/Tech,4-5x/week,Office,E-Rickshaw,4,3,4,3,2,0,0,1,1,1
Karkarduma,4,46-60,IT/Tech,Daily,Office,E-Rickshaw,3,3,3,3,3,0,1,0,0,1
Karkarduma,4,18-25,Business,Daily,Office,E-Rickshaw,3,3,3,3,4,0,0,1,1,0
Karkarduma,4,18-25,IT/Tech,Weekly,Shopping,E-Rickshaw,4,4,3,4,3,0,0,0,0,0
Karkarduma,4,18-25,Business,Weekly,Office,E-Rickshaw,3,4,4,3,3,1,0,1,1,1
Karkarduma,4,26-35,IT/Tech,2-3x/week,Education,E-Rickshaw,4,4,3,3,3,0,1,1,0,1
Karkarduma,4,18-25,Business,Rarely,Leisure,E-Rickshaw,4,4,4,3,3,0,0,1,1,0
Karkarduma,4,26-35,IT/Tech,Daily,Leisure,E-Rickshaw,4,4,3,3,3,0,0,1,0,1
Karkarduma,4,36-45,IT/Tech,2-3x/week,Leisure,E-Rickshaw,4,4,3,3,3,0,1,0,1,0
Karkarduma,4,26-35,Business,Daily,Education,E-Rickshaw,4,4,3,3,4,0,1,1,0,0
Karkarduma,4,18-25,IT/Tech,4-5x/week,Office,E-Rickshaw,3,4,4,4,2,1,0,1,0,0
Karkarduma,4,46-60,Service,2-3x/week,Office,E-Rickshaw,3,4,4,4,3,0,0,1,0,0
Karkarduma,4,18-25,Service,4-5x/week,Office,E-Rickshaw,3,4,3,3,3,0,0,1,1,0
Karkarduma,4,26-35,Student,Daily,Other,E-Rickshaw,4,4,3,3,3,0,1,0,1,1
Karkarduma,4,18-25,Student,Weekly,Leisure,E-Rickshaw,4,3,3,3,3,1,1,0,0,0
Karkarduma,4,26-35,IT/Tech,4-5x/week,Office,E-Rickshaw,3,4,3,3,3,0,1,0,0,0
Karkarduma,4,36-45,Other,Weekly,Office,E-Rickshaw,5,4,4,3,3,0,0,0,0,0
Karkarduma,4,36-45,IT/Tech,Daily,Office,E-Rickshaw,4,3,3,3,4,0,1,1,1,0
Karkarduma,4,26-35,Business,Daily,Office,E-Rickshaw,3,4,4,3,2,0,0,1,0,0
Karkarduma,4,18-25,Student,Weekly,Office,E-Rickshaw,4,4,3,3,3,0,0,1,0,1
Karkarduma,4,18-25,IT/Tech,2-3x/week,Leisure,E-Rickshaw,3,3,3,3,3,0,1,1,0,0
Karkarduma,4,46-60,Student,Daily,Education,E-Rickshaw,4,3,3,2,3,1,0,1,1,0
Karkarduma,4,26-35,Service,Daily,Education,E-Rickshaw,4,3,4,3,3,1,0,1,0,1
Karkarduma,4,18-25,Student,Daily,Office,E-Rickshaw,4,3,3,3,3,0,1,0,1,0
Karkarduma,4,46-60,Student,Weekly,Office,E-Rickshaw,4,3,4,3,3,0,0,1,1,1
Karkarduma,4,26-35,Service,4-5x/week,Office,E-Rickshaw,4,3,3,3,3,0,0,1,1,0
Karkarduma,4,36-45,Student,Daily,Office,E-Rickshaw,4,4,4,3,3,0,1,0,0,1
Karkarduma,4,36-45,IT/Tech,Daily,Office,E-Rickshaw,4,4,3,3,3,0,0,0,0,1
Karkarduma,4,26-35,Student,Daily,Education,E-Rickshaw,3,4,3,3,2,1,0,1,0,0
Karkarduma,4,60+,Service,Daily,Education,E-Rickshaw,3,3,4,4,2,1,0,1,0,1
Karkarduma,4,36-45,Other,Rarely,Education,E-Rickshaw,4,4,3,3,3,0,0,1,1,1
Karkarduma,4,18-25,Business,Rarely,Leisure,E-Rickshaw,3,4,4,3,3,0,0,0,0,1
Karkarduma,4,18-25,IT/Tech,4-5x/week,Other,E-Rickshaw,3,2,3,3,2,1,0,1,0,1
Karkarduma,4,18-25,Business,Weekly,Leisure,E-Rickshaw,4,4,3,3,2,0,0,0,0,1
Karkarduma,4,26-35,Student,2-3x/week,Office,E-Rickshaw,4,4,4,3,4,1,1,0,0,1
Karkarduma,4,46-60,Student,2-3x/week,Office,E-Rickshaw,4,4,3,3,4,0,0,0,0,0
Karkarduma,4,18-25,IT/Tech,Daily,Shopping,E-Rickshaw,3,3,3,3,4,0,0,1,0,0
Karkarduma,4,18-25,Business,2-3x/week,Leisure,E-Rickshaw,4,4,3,3,3,1,0,0,0,0
Karkarduma,4,46-60,IT/Tech,Rarely,Leisure,E-Rickshaw,5,4,4,4,3,0,0,0,0,1
Karkarduma,4,18-25,Business,2-3x/week,Shopping,E-Rickshaw,4,4,4,4,3,0,0,0,0,1
Karkarduma,4,26-35,Service,4-5x/week,Leisure,E-Rickshaw,2,3,3,2,2,1,0,0,1,0
Karkarduma,4,26-35,IT/Tech,Daily,Office,E-Rickshaw,4,4,4,3,2,0,1,1,1,1
Karkarduma,4,46-60,Student,Daily,Office,E-Rickshaw,4,4,4,3,3,0,0,1,0,1
Karkarduma,4,18-25,Service,4-5x/week,Office,E-Rickshaw,4,4,3,3,3,0,0,0,0,0
Karkarduma,4,18-25,IT/Tech,Daily,Office,E-Rickshaw,4,3,3,3,3,0,0,1,0,1
Anand Vihar,4,26-35,IT/Tech,2-3x/week,Office,BEST Bus,4,3,5,3,3,0,0,1,0,1
Anand Vihar,4,36-45,Other,Weekly,Office,BEST Bus,5,4,4,3,3,0,0,1,0,1
Anand Vihar,4,26-35,Student,Daily,Office,BEST Bus,3,4,5,3,2,0,0,0,1,1
Anand Vihar,4,26-35,Business,2-3x/week,Office,BEST Bus,3,3,4,3,2,1,1,0,0,1
Anand Vihar,4,26-35,Service,4-5x/week,Office,BEST Bus,4,3,4,3,3,0,0,1,1,1
Anand Vihar,4,60+,Service,4-5x/week,Other,BEST Bus,3,3,4,3,3,0,1,1,0,1
Anand Vihar,4,26-35,Student,Daily,Office,BEST Bus,3,3,5,3,2,1,1,1,0,1
Anand Vihar,4,18-25,Service,Daily,Office,BEST Bus,4,3,4,3,3,0,0,1,0,1
Anand Vihar,4,26-35,Student,4-5x/week,Leisure,BEST Bus,4,4,4,3,2,1,0,0,1,1
Anand Vihar,4,36-45,IT/Tech,Daily,Shopping,BEST Bus,3,3,5,3,2,1,0,1,1,0
Anand Vihar,4,26-35,Business,Weekly,Other,BEST Bus,4,3,4,3,2,0,0,0,0,1
Anand Vihar,4,26-35,IT/Tech,4-5x/week,Office,BEST Bus,4,3,4,3,3,1,0,1,0,1
Anand Vihar,4,18-25,Student,Daily,Office,BEST Bus,4,4,4,2,3,1,0,1,1,1
Anand Vihar,4,36-45,Business,Daily,Shopping,BEST Bus,3,4,4,3,3,0,0,1,0,1
Anand Vihar,4,18-25,Student,Daily,Leisure,BEST Bus,4,4,4,3,3,0,0,1,1,1
Anand Vihar,4,18-25,Service,Daily,Office,BEST Bus,3,4,3,3,2,0,0,0,1,1
Anand Vihar,4,60+,Service,Daily,Other,BEST Bus,3,3,4,3,3,1,0,1,0,1
Anand Vihar,4,26-35,Service,4-5x/week,Shopping,BEST Bus,2,3,4,3,2,1,1,1,1,0
Anand Vihar,4,18-25,IT/Tech,2-3x/week,Office,BEST Bus,3,3,4,3,2,0,0,0,1,1
Anand Vihar,4,26-35,Business,Weekly,Shopping,BEST Bus,4,3,5,3,2,0,1,0,1,1
Anand Vihar,4,18-25,Other,4-5x/week,Office,BEST Bus,3,3,4,4,2,1,1,1,0,1
Anand Vihar,4,18-25,Student,4-5x/week,Office,BEST Bus,4,3,4,3,2,1,0,1,0,1
Anand Vihar,4,36-45,Business,Daily,Office,BEST Bus,3,3,3,3,3,0,0,0,0,1
Anand Vihar,4,18-25,Business,Weekly,Office,BEST Bus,4,3,4,3,3,1,0,0,0,1
Anand Vihar,4,26-35,Service,Daily,Office,BEST Bus,4,4,5,3,2,0,0,1,0,1
Anand Vihar,4,60+,Service,4-5x/week,Shopping,BEST Bus,3,4,4,2,2,0,1,0,1,0
Anand Vihar,4,26-35,Service,2-3x/week,Leisure,BEST Bus,3,4,4,3,3,0,0,0,0,1
Anand Vihar,4,26-35,IT/Tech,Daily,Office,BEST Bus,4,4,4,3,2,0,1,0,1,1
Anand Vihar,4,46-60,IT/Tech,4-5x/week,Office,BEST Bus,3,3,4,3,3,0,1,0,1,0
Anand Vihar,4,36-45,IT/Tech,Weekly,Education,BEST Bus,4,4,4,3,3,0,0,0,1,1
Anand Vihar,4,46-60,Service,4-5x/week,Office,BEST Bus,4,3,5,3,2,0,0,1,1,1
Anand Vihar,4,26-35,Service,4-5x/week,Office,BEST Bus,2,3,4,3,2,0,1,0,1,1
Anand Vihar,4,26-35,IT/Tech,Daily,Office,BEST Bus,3,3,4,3,3,1,0,1,1,1
Anand Vihar,4,18-25,IT/Tech,Daily,Education,BEST Bus,4,4,4,2,2,0,0,0,0,1
Anand Vihar,4,26-35,Student,Daily,Leisure,BEST Bus,4,4,4,3,2,0,0,1,0,1
Anand Vihar,4,36-45,Service,Weekly,Office,BEST Bus,3,3,4,3,3,1,0,1,1,1
Anand Vihar,4,26-35,Business,Daily,Shopping,BEST Bus,3,4,4,3,2,0,0,1,0,1
Anand Vihar,4,26-35,IT/Tech,Daily,Shopping,BEST Bus,4,3,4,2,3,0,0,1,1,1
Anand Vihar,4,18-25,Student,Daily,Other,BEST Bus,3,4,5,3,2,0,0,1,1,1
Anand Vihar,4,26-35,IT/Tech,Daily,Education,BEST Bus,3,3,4,3,3,0,0,0,0,1
Anand Vihar,4,26-35,Other,Daily,Office,BEST Bus,3,4,4,3,2,0,0,0,1,1
Anand Vihar,4,26-35,Other,Daily,Office,BEST Bus,4,3,4,3,3,0,0,0,1,1
Anand Vihar,4,26-35,Service,Daily,Office,BEST Bus,4,3,5,2,3,0,0,0,1,1
Anand Vihar,4,18-25,IT/Tech,Weekly,Office,BEST Bus,4,2,4,3,3,1,0,1,0,1
Anand Vihar,4,18-25,IT/Tech,Daily,Education,BEST Bus,4,4,4,3,3,1,1,0,0,1
Anand Vihar,4,18-25,IT/Tech,Daily,Office,BEST Bus,4,4,4,3,3,0,0,1,0,1
Anand Vihar,4,18-25,Student,2-3x/week,Education,BEST Bus,3,4,4,3,2,1,1,1,1,1
Anand Vihar,4,26-35,IT/Tech,Daily,Office,BEST Bus,4,4,4,3,3,0,1,0,1,1
Anand Vihar,4,26-35,IT/Tech,2-3x/week,Leisure,BEST Bus,3,3,3,4,3,0,1,0,0,1
Anand Vihar,4,46-60,Service,4-5x/week,Office,BEST Bus,4,3,4,3,3,1,0,1,0,1
Anand Vihar,4,26-35,Business,4-5x/week,Shopping,BEST Bus,5,3,4,3,2,1,0,1,0,1
Anand Vihar,4,46-60,IT/Tech,Daily,Shopping,BEST Bus,4,3,4,3,3,0,0,1,1,1
Anand Vihar,4,26-35,IT/Tech,Daily,Education,BEST Bus,3,3,4,3,2,1,1,1,1,1
Anand Vihar,4,36-45,IT/Tech,2-3x/week,Office,BEST Bus,3,3,4,3,3,1,0,1,1,1
Anand Vihar,4,36-45,IT/Tech,Daily,Education,BEST Bus,4,3,4,3,3,1,0,1,0,1
Anand Vihar,4,18-25,IT/Tech,Daily,Other,BEST Bus,3,3,3,3,2,1,0,1,0,1
Anand Vihar,4,18-25,Business,4-5x/week,Leisure,BEST Bus,5,4,4,2,3,0,0,0,1,1
Anand Vihar,4,46-60,Other,Daily,Office,BEST Bus,3,3,4,3,2,0,0,0,0,1
Anand Vihar,4,36-45,IT/Tech,4-5x/week,Office,BEST Bus,3,3,4,2,3,1,1,0,1,1
Anand Vihar,4,36-45,IT/Tech,4-5x/week,Shopping,BEST Bus,4,4,4,3,3,0,0,0,1,1
Anand Vihar,4,46-60,IT/Tech,Weekly,Office,BEST Bus,3,4,4,2,2,0,0,1,1,1
Anand Vihar,4,26-35,IT/Tech,Daily,Shopping,BEST Bus,3,3,4,3,2,1,0,1,0,1
Anand Vihar,4,36-45,Business,Daily,Other,BEST Bus,4,4,5,3,3,0,0,0,0,1
Anand Vihar,4,60+,Service,Daily,Office,BEST Bus,5,4,4,3,2,0,0,0,0,1
Anand Vihar,4,60+,Service,Daily,Office,BEST Bus,4,3,4,3,3,0,0,0,0,1
Anand Vihar,4,26-35,IT/Tech,Weekly,Office,BEST Bus,4,4,4,3,3,0,0,0,0,1
Anand Vihar,4,36-45,IT/Tech,4-5x/week,Office,BEST Bus,4,3,4,3,3,0,0,0,0,1
Anand Vihar,4,26-35,IT/Tech,Daily,Education,BEST Bus,5,3,4,3,3,0,0,0,1,1
Anand Vihar,4,36-45,Student,Daily,Office,BEST Bus,4,4,4,3,2,0,0,1,1,1
Anand Vihar,4,36-45,Student,4-5x/week,Education,BEST Bus,3,4,3,3,2,1,0,1,0,1
Anand Vihar,4,18-25,IT/Tech,Daily,Office,BEST Bus,4,4,4,2,2,1,0,0,0,1
Anand Vihar,4,26-35,IT/Tech,Daily,Office,BEST Bus,4,4,4,3,2,0,0,1,1,1
Anand Vihar,4,26-35,Business,4-5x/week,Office,BEST Bus,4,4,5,4,3,1,0,0,0,1
Anand Vihar,4,26-35,Service,4-5x/week,Office,BEST Bus,4,3,4,3,2,0,0,1,0,1
Anand Vihar,4,26-35,IT/Tech,Daily,Other,BEST Bus,3,3,4,3,2,1,0,1,0,1
Anand Vihar,4,26-35,Student,4-5x/week,Office,BEST Bus,3,3,4,3,3,0,0,0,1,1
Anand Vihar,4,18-25,Business,4-5x/week,Office,BEST Bus,4,4,4,3,2,1,0,0,0,1
Anand Vihar,4,18-25,Service,4-5x/week,Shopping,BEST Bus,4,4,4,3,2,0,0,0,0,1
Anand Vihar,4,18-25,Business,Daily,Office,BEST Bus,4,4,3,3,3,0,1,0,1,1
Anand Vihar,4,36-45,Business,2-3x/week,Other,BEST Bus,4,4,4,3,3,0,0,0,1,1
Anand Vihar,4,26-35,Service,4-5x/week,Office,BEST Bus,4,3,4,2,3,0,1,0,0,1
Anand Vihar,4,46-60,Other,Daily,Office,BEST Bus,3,4,5,3,2,0,0,1,1,1
Anand Vihar,4,18-25,Service,Daily,Office,BEST Bus,3,4,4,2,2,1,0,1,0,1
Anand Vihar,4,26-35,IT/Tech,4-5x/week,Shopping,BEST Bus,3,4,4,3,2,1,1,0,0,1
Anand Vihar,4,26-35,Business,2-3x/week,Education,BEST Bus,4,4,4,3,3,0,1,0,1,1
Anand Vihar,4,36-45,IT/Tech,4-5x/week,Office,BEST Bus,4,4,5,3,2,0,0,1,1,1
Anand Vihar,4,18-25,IT/Tech,Daily,Education,BEST Bus,4,4,3,3,2,0,0,0,1,1
Anand Vihar,4,26-35,Student,Daily,Shopping,BEST Bus,4,3,5,3,3,1,0,0,0,1
Anand Vihar,4,46-60,Service,Daily,Other,BEST Bus,3,3,4,3,3,1,0,1,0,1
Anand Vihar,4,18-25,IT/Tech,Daily,Office,BEST Bus,3,3,4,3,2,0,0,0,1,1
Anand Vihar,4,36-45,Business,4-5x/week,Office,BEST Bus,4,4,4,4,3,0,0,1,1,1
Anand Vihar,4,26-35,IT/Tech,4-5x/week,Education,BEST Bus,5,4,5,4,3,0,0,0,0,1
Anand Vihar,4,18-25,IT/Tech,Daily,Office,BEST Bus,4,3,5,3,1,0,0,1,1,1
Anand Vihar,4,26-35,Student,Weekly,Shopping,BEST Bus,3,4,4,2,3,0,1,0,1,1
Anand Vihar,4,26-35,Business,Rarely,Shopping,BEST Bus,3,3,4,3,2,0,0,0,0,1
Anand Vihar,4,46-60,Service,4-5x/week,Office,BEST Bus,4,3,5,4,1,1,0,0,0,1
Anand Vihar,4,26-35,Service,4-5x/week,Office,BEST Bus,4,4,4,3,3,1,0,0,0,1
Anand Vihar,4,26-35,Other,Daily,Office,BEST Bus,3,3,4,3,3,1,0,1,1,1
Anand Vihar,4,18-25,Service,Weekly,Shopping,BEST Bus,3,4,4,3,2,0,1,0,0,1
Anand Vihar,4,36-45,Service,Daily,Education,BEST Bus,4,3,5,3,3,1,0,0,0,1
Anand Vihar,4,26-35,Student,4-5x/week,Other,BEST Bus,4,4,5,3,3,0,0,1,1,1
Anand Vihar,4,26-35,Other,4-5x/week,Office,BEST Bus,3,3,5,3,3,1,1,1,0,1
Anand Vihar,4,26-35,Business,Daily,Shopping,BEST Bus,3,3,4,3,2,0,0,0,1,1
Anand Vihar,4,46-60,IT/Tech,Daily,Education,BEST Bus,4,4,4,3,2,1,0,0,1,1
Anand Vihar,4,36-45,Business,4-5x/week,Education,BEST Bus,3,3,4,3,2,0,0,1,0,1
Anand Vihar,4,36-45,Student,Daily,Office,BEST Bus,5,4,5,3,2,0,0,0,1,1
Anand Vihar,4,36-45,Business,Daily,Office,BEST Bus,4,4,5,3,2,0,0,1,0,1
Anand Vihar,4,46-60,IT/Tech,Weekly,Office,BEST Bus,3,3,5,3,2,0,0,0,0,1
Anand Vihar,4,26-35,Other,4-5x/week,Shopping,BEST Bus,4,3,5,2,3,0,0,1,0,1
Anand Vihar,4,36-45,Business,4-5x/week,Shopping,BEST Bus,3,3,4,4,3,1,0,0,1,1
Vaishali,4,26-35,Service,Daily,Office,E-Rickshaw,5,4,3,3,3,0,0,1,1,1
Vaishali,4,18-25,Other,4-5x/week,Office,E-Rickshaw,4,4,3,3,3,0,0,0,1,1
Vaishali,4,46-60,IT/Tech,2-3x/week,Education,E-Rickshaw,4,4,3,3,3,1,0,0,0,1
Vaishali,4,36-45,Student,Daily,Shopping,E-Rickshaw,3,3,3,3,3,0,0,0,0,0
Vaishali,4,18-25,Other,Daily,Shopping,E-Rickshaw,4,3,4,3,4,0,0,0,0,1
Vaishali,4,36-45,Student,2-3x/week,Shopping,E-Rickshaw,4,4,3,3,4,0,0,1,1,0
Vaishali,4,36-45,Business,2-3x/week,Office,E-Rickshaw,3,3,3,3,2,1,0,0,1,1
Vaishali,4,46-60,Business,4-5x/week,Office,E-Rickshaw,4,3,4,4,2,0,1,1,0,0
Vaishali,4,36-45,Business,4-5x/week,Shopping,E-Rickshaw,4,4,3,4,3,0,0,0,0,1
Vaishali,4,18-25,Student,Daily,Office,E-Rickshaw,3,4,3,4,3,1,0,1,1,1
Vaishali,4,26-35,IT/Tech,Daily,Education,E-Rickshaw,4,3,4,3,4,1,0,0,0,0
Vaishali,4,18-25,Service,2-3x/week,Office,E-Rickshaw,4,4,3,4,3,0,0,0,1,0
Vaishali,4,18-25,Business,Daily,Education,E-Rickshaw,4,3,4,4,3,1,0,1,0,0
Vaishali,4,18-25,IT/Tech,Rarely,Shopping,E-Rickshaw,3,3,4,4,2,0,0,1,1,0
Vaishali,4,36-45,Service,Rarely,Office,E-Rickshaw,3,3,3,3,3,0,0,1,0,0
Vaishali,4,26-35,Service,Daily,Other,E-Rickshaw,3,3,3,4,3,0,1,0,0,0
Vaishali,4,36-45,Service,Daily,Office,E-Rickshaw,3,4,3,3,3,0,0,1,1,1
Vaishali,4,18-25,Business,2-3x/week,Office,E-Rickshaw,3,2,3,3,3,1,1,0,0,1
Vaishali,4,36-45,Other,2-3x/week,Shopping,E-Rickshaw,4,3,4,3,3,1,0,0,0,1
Vaishali,4,26-35,IT/Tech,Daily,Leisure,E-Rickshaw,4,3,2,3,3,0,1,1,0,0
Vaishali,4,36-45,IT/Tech,4-5x/week,Office,E-Rickshaw,3,4,3,4,3,0,1,1,0,1
Vaishali,4,18-25,Business,Daily,Office,E-Rickshaw,4,3,2,3,3,0,1,1,0,1
Vaishali,4,18-25,IT/Tech,Daily,Office,E-Rickshaw,3,3,3,4,2,0,1,1,1,1
Vaishali,4,26-35,IT/Tech,Daily,Office,E-Rickshaw,3,3,3,3,2,0,0,0,1,0
Vaishali,4,46-60,Service,Daily,Education,E-Rickshaw,4,4,4,3,3,1,0,0,1,1
Vaishali,4,26-35,Service,Daily,Leisure,E-Rickshaw,4,3,3,4,4,1,1,0,1,0
Vaishali,4,26-35,Student,4-5x/week,Office,E-Rickshaw,4,3,4,3,3,0,1,1,0,1
Vaishali,4,46-60,IT/Tech,Daily,Office,E-Rickshaw,3,3,3,4,3,0,0,1,1,1
Vaishali,4,36-45,Student,Daily,Shopping,E-Rickshaw,4,3,4,3,4,0,1,1,0,0
Vaishali,4,46-60,Student,2-3x/week,Education,E-Rickshaw,3,4,4,3,3,0,0,0,0,1
Vaishali,4,60+,IT/Tech,2-3x/week,Education,E-Rickshaw,4,3,3,2,3,0,0,1,1,1
Vaishali,4,26-35,Service,4-5x/week,Shopping,E-Rickshaw,5,4,3,3,3,0,0,0,1,0
Vaishali,4,36-45,IT/Tech,4-5x/week,Leisure,E-Rickshaw,3,3,3,4,3,0,1,1,0,1
Vaishali,4,26-35,Business,Daily,Office,E-Rickshaw,4,3,4,3,2,0,0,1,0,1
Vaishali,4,46-60,IT/Tech,Weekly,Leisure,E-Rickshaw,3,3,3,3,3,0,0,0,0,1
Vaishali,4,36-45,Business,Daily,Education,E-Rickshaw,4,3,3,3,2,1,1,1,0,1
Vaishali,4,46-60,Business,Daily,Leisure,E-Rickshaw,4,4,3,3,3,0,0,0,0,1
Vaishali,4,18-25,Service,Daily,Education,E-Rickshaw,4,3,4,3,3,0,0,0,0,1
Vaishali,4,36-45,Other,Daily,Leisure,E-Rickshaw,3,3,3,3,3,0,0,0,0,1
Vaishali,4,46-60,Service,4-5x/week,Leisure,E-Rickshaw,4,4,3,4,2,1,0,1,0,0
Vaishali,4,26-35,Service,Rarely,Office,E-Rickshaw,4,3,3,2,3,0,0,0,1,1
Vaishali,4,26-35,IT/Tech,4-5x/week,Education,E-Rickshaw,3,4,3,4,3,1,0,0,1,1
Vaishali,4,46-60,Student,Daily,Education,E-Rickshaw,3,3,4,3,4,0,0,0,1,0
Vaishali,4,60+,Service,2-3x/week,Education,E-Rickshaw,4,3,3,3,4,0,0,0,1,0
Vaishali,4,36-45,Other,Daily,Office,E-Rickshaw,3,3,3,3,3,0,1,0,1,1
Vaishali,4,18-25,Business,4-5x/week,Office,E-Rickshaw,4,3,4,3,4,0,0,0,1,1
Vaishali,4,26-35,Service,Daily,Office,E-Rickshaw,4,3,3,4,3,1,0,0,0,1
Vaishali,4,36-45,Service,4-5x/week,Office,E-Rickshaw,3,3,4,3,3,0,0,1,1,0
Vaishali,4,46-60,IT/Tech,Daily,Education,E-Rickshaw,3,3,4,3,3,1,0,1,0,0
Vaishali,4,26-35,IT/Tech,Weekly,Education,E-Rickshaw,4,3,3,4,3,1,1,1,0,0
Vaishali,4,26-35,IT/Tech,Daily,Office,E-Rickshaw,3,3,3,3,3,0,0,1,1,1
Vaishali,4,26-35,Service,4-5x/week,Leisure,E-Rickshaw,4,3,3,3,2,1,0,1,0,1
Vaishali,4,26-35,IT/Tech,Daily,Shopping,E-Rickshaw,4,3,2,4,2,1,0,0,0,1
Vaishali,4,18-25,Business,4-5x/week,Leisure,E-Rickshaw,4,4,3,3,3,0,1,1,1,0
Vaishali,4,26-35,Other,2-3x/week,Leisure,E-Rickshaw,3,3,3,3,3,1,1,1,0,1
Vaishali,4,18-25,IT/Tech,4-5x/week,Leisure,E-Rickshaw,4,4,4,3,3,0,0,1,0,1
Vaishali,4,26-35,Student,Daily,Shopping,E-Rickshaw,4,4,3,3,3,0,0,0,0,1
Vaishali,4,46-60,Service,4-5x/week,Office,E-Rickshaw,4,3,4,3,3,1,0,1,0,0
Vaishali,4,36-45,Service,2-3x/week,Education,E-Rickshaw,4,4,3,3,3,1,1,0,0,1
Vaishali,4,36-45,Business,Daily,Office,E-Rickshaw,4,4,3,3,3,0,1,0,0,1
Vaishali,4,46-60,Student,Daily,Other,E-Rickshaw,3,3,4,3,3,1,0,0,0,1
Vaishali,4,26-35,Student,4-5x/week,Education,E-Rickshaw,4,3,4,2,2,0,0,1,1,0
Vaishali,4,60+,IT/Tech,Daily,Education,E-Rickshaw,4,3,3,4,3,1,1,0,0,0
Vaishali,4,26-35,IT/Tech,Daily,Education,E-Rickshaw,4,4,4,3,3,1,0,0,0,1
Vaishali,4,18-25,Business,4-5x/week,Shopping,E-Rickshaw,4,4,4,4,3,1,0,0,1,0
Vaishali,4,26-35,Other,4-5x/week,Shopping,E-Rickshaw,3,3,2,3,3,1,1,1,1,0
Vaishali,4,46-60,Service,Daily,Office,E-Rickshaw,3,3,3,3,3,1,1,0,0,1
Vaishali,4,18-25,IT/Tech,Daily,Office,E-Rickshaw,4,3,4,3,3,0,1,0,0,1
Vaishali,4,26-35,Service,Daily,Other,E-Rickshaw,4,3,3,3,3,0,0,0,1,1
Vaishali,4,18-25,Service,Daily,Shopping,E-Rickshaw,5,3,4,4,4,0,0,1,0,0
Vaishali,4,60+,Student,Weekly,Office,E-Rickshaw,3,4,4,3,2,1,1,0,0,0
Vaishali,4,26-35,Service,Daily,Office,E-Rickshaw,4,4,4,3,3,1,0,0,0,1
Vaishali,4,26-35,Business,Daily,Office,E-Rickshaw,4,3,4,4,3,0,0,0,0,1
Vaishali,4,26-35,Other,2-3x/week,Other,E-Rickshaw,3,3,3,3,2,1,0,0,0,0
Vaishali,4,26-35,Other,4-5x/week,Other,E-Rickshaw,4,4,3,3,3,0,0,1,0,0
Vaishali,4,46-60,Other,2-3x/week,Office,E-Rickshaw,4,3,4,3,3,0,0,1,1,1
Vaishali,4,18-25,IT/Tech,4-5x/week,Office,E-Rickshaw,4,3,3,4,3,0,0,1,1,1
Vaishali,4,26-35,IT/Tech,Weekly,Office,E-Rickshaw,3,3,4,3,3,1,1,1,1,1
Vaishali,4,46-60,Business,Daily,Office,E-Rickshaw,4,3,3,3,3,1,1,0,1,1
Vaishali,4,46-60,Service,4-5x/week,Office,E-Rickshaw,3,4,3,3,3,1,0,0,0,0
Vaishali,4,60+,Other,Daily,Education,E-Rickshaw,3,4,3,3,3,0,1,1,1,0
Vaishali,4,26-35,IT/Tech,4-5x/week,Leisure,E-Rickshaw,4,3,4,3,4,1,0,0,0,1
Vaishali,4,18-25,Service,Daily,Office,E-Rickshaw,4,3,4,4,2,1,0,1,0,0
Vaishali,4,46-60,Student,4-5x/week,Office,E-Rickshaw,4,4,3,3,3,0,0,0,1,1
Vaishali,4,26-35,Service,4-5x/week,Education,E-Rickshaw,5,3,3,3,4,1,0,1,0,0
